Information: Checking 'out_of_table_range'.
  load 0.000000 at pin 'O' of cell 'C_313__IOBUF' is out of load range (0.002527, 2.145310) of lib_cell 'CLKBUFX8AL9'
  load 0.001643 at pin 'O' of cell 'PLACE_FE_OFC637_N_57__IOBUF' is out of load range (0.002527, 0.134082) of lib_cell 'INVX05AL9'
  load 0.000000 at pin 'O' of cell 'C_404__IOBUF' is out of load range (0.002527, 2.145310) of lib_cell 'CLKBUFX8AL9'
  load 0.000000 at pin 'O' of cell 'C_154__IOBUF' is out of load range (0.002527, 2.145310) of lib_cell 'CLKBUFX8AL9'
  load 0.000000 at pin 'O' of cell 'C_260__IOBUF' is out of load range (0.002527, 2.145310) of lib_cell 'CLKBUFX8AL9'
  load 0.000000 at pin 'O' of cell 'C_401__IOBUF' is out of load range (0.002527, 2.145310) of lib_cell 'CLKBUFX8AL9'
  load 0.000000 at pin 'O' of cell 'C_151__IOBUF' is out of load range (0.002527, 2.145310) of lib_cell 'CLKBUFX8AL9'
  load 0.000000 at pin 'O' of cell 'C_88__IOBUF' is out of load range (0.002527, 2.145310) of lib_cell 'CLKBUFX8AL9'
  load 0.000000 at pin 'O' of cell 'C_136__IOBUF' is out of load range (0.002527, 2.145310) of lib_cell 'CLKBUFX8AL9'
  load 0.000000 at pin 'O' of cell 'C_242__IOBUF' is out of load range (0.002527, 2.145310) of lib_cell 'CLKBUFX8AL9'
  load 0.000000 at pin 'O' of cell 'C_85__IOBUF' is out of load range (0.002527, 2.145310) of lib_cell 'CLKBUFX8AL9'
  load 0.000000 at pin 'O' of cell 'C_227__IOBUF' is out of load range (0.002527, 2.145310) of lib_cell 'CLKBUFX8AL9'
  load 0.000000 at pin 'O' of cell 'C_333__IOBUF' is out of load range (0.002527, 2.145310) of lib_cell 'CLKBUFX8AL9'
  load 0.000000 at pin 'O' of cell 'C_318__IOBUF' is out of load range (0.002527, 2.145310) of lib_cell 'CLKBUFX8AL9'
  load 0.000000 at pin 'O' of cell 'C_424__IOBUF' is out of load range (0.002527, 2.145310) of lib_cell 'CLKBUFX8AL9'
  load 0.000000 at pin 'O' of cell 'C_174__IOBUF' is out of load range (0.002527, 2.145310) of lib_cell 'CLKBUFX8AL9'
  load 0.000000 at pin 'O' of cell 'C_409__IOBUF' is out of load range (0.002527, 2.145310) of lib_cell 'CLKBUFX8AL9'
  load 0.000000 at pin 'O' of cell 'C_159__IOBUF' is out of load range (0.002527, 2.145310) of lib_cell 'CLKBUFX8AL9'
  load 0.001643 at pin 'O' of cell 'PLACE_FE_OFC494_N_351__IOBUF' is out of load range (0.002527, 0.268164) of lib_cell 'CLKINVX1AL9'
  load 0.000000 at pin 'O' of cell 'C_280__IOBUF' is out of load range (0.002527, 2.145310) of lib_cell 'CLKBUFX8AL9'
  load 0.000000 at pin 'O' of cell 'C_515__IOBUF' is out of load range (0.002527, 2.145310) of lib_cell 'CLKBUFX8AL9'
  load 0.000000 at pin 'O' of cell 'C_265__IOBUF' is out of load range (0.002527, 2.145310) of lib_cell 'CLKBUFX8AL9'
  load 0.000000 at pin 'O' of cell 'C_406__IOBUF' is out of load range (0.002527, 2.145310) of lib_cell 'CLKBUFX8AL9'
  load 0.000000 at pin 'O' of cell 'C_156__IOBUF' is out of load range (0.002527, 2.145310) of lib_cell 'CLKBUFX8AL9'
  load 0.000000 at pin 'O' of cell 'C_512__IOBUF' is out of load range (0.002527, 2.145310) of lib_cell 'CLKBUFX8AL9'
  load 0.000000 at pin 'O' of cell 'C_262__IOBUF' is out of load range (0.002527, 2.145310) of lib_cell 'CLKBUFX8AL9'
  load 0.000000 at pin 'O' of cell 'C_247__IOBUF' is out of load range (0.002527, 2.145310) of lib_cell 'CLKBUFX8AL9'
  load 0.000000 at pin 'O' of cell 'C_353__IOBUF' is out of load range (0.002527, 2.145310) of lib_cell 'CLKBUFX8AL9'
  load 0.000000 at pin 'O' of cell 'C_338__IOBUF' is out of load range (0.002527, 2.145310) of lib_cell 'CLKBUFX8AL9'
  load 0.000000 at pin 'O' of cell 'C_444__IOBUF' is out of load range (0.002527, 2.145310) of lib_cell 'CLKBUFX8AL9'
  load 0.000000 at pin 'O' of cell 'C_194__IOBUF' is out of load range (0.002527, 2.145310) of lib_cell 'CLKBUFX8AL9'
  load 0.000000 at pin 'O' of cell 'C_429__IOBUF' is out of load range (0.002527, 2.145310) of lib_cell 'CLKBUFX8AL9'
  load 0.000000 at pin 'O' of cell 'C_179__IOBUF' is out of load range (0.002527, 2.145310) of lib_cell 'CLKBUFX8AL9'
  load 0.000000 at pin 'O' of cell 'C_285__IOBUF' is out of load range (0.002527, 2.145310) of lib_cell 'CLKBUFX8AL9'
  load 0.001628 at pin 'O' of cell 'C_4__IOBUF' is out of load range (0.002527, 2.145310) of lib_cell 'CLKBUFX8AL9'
  ramp 0.000000 at pin 'I' of cell 'C_4__IOBUF' is out of ramp range (0.006078, 1.176400) of lib_cell 'CLKBUFX8AL9'
  load 0.000000 at pin 'O' of cell 'C_391__IOBUF' is out of load range (0.002527, 2.145310) of lib_cell 'CLKBUFX8AL9'
  load 0.000000 at pin 'O' of cell 'C_282__IOBUF' is out of load range (0.002527, 2.145310) of lib_cell 'CLKBUFX8AL9'
  load 0.000000 at pin 'O' of cell 'C_517__IOBUF' is out of load range (0.002527, 2.145310) of lib_cell 'CLKBUFX8AL9'
  load 0.000000 at pin 'O' of cell 'C_267__IOBUF' is out of load range (0.002527, 2.145310) of lib_cell 'CLKBUFX8AL9'
  load 0.000000 at pin 'O' of cell 'C_373__IOBUF' is out of load range (0.002527, 2.145310) of lib_cell 'CLKBUFX8AL9'
  load 0.000000 at pin 'O' of cell 'C_358__IOBUF' is out of load range (0.002527, 2.145310) of lib_cell 'CLKBUFX8AL9'
  load 0.000000 at pin 'O' of cell 'C_464__IOBUF' is out of load range (0.002527, 2.145310) of lib_cell 'CLKBUFX8AL9'
  ramp 0.000000 at pin 'I' of cell 'C_14__IOBUF' is out of ramp range (0.006078, 1.176400) of lib_cell 'CLKBUFX8AL9'
  load 0.000000 at pin 'O' of cell 'C_449__IOBUF' is out of load range (0.002527, 2.145310) of lib_cell 'CLKBUFX8AL9'
  load 0.000000 at pin 'O' of cell 'C_199__IOBUF' is out of load range (0.002527, 2.145310) of lib_cell 'CLKBUFX8AL9'
  ramp 0.000000 at pin 'I' of cell 'C_9__IOBUF' is out of ramp range (0.006078, 1.176400) of lib_cell 'CLKBUFX8AL9'
  load 0.000000 at pin 'O' of cell 'C_396__IOBUF' is out of load range (0.002527, 2.145310) of lib_cell 'CLKBUFX8AL9'
  load 0.000000 at pin 'O' of cell 'C_100__IOBUF' is out of load range (0.002527, 2.145310) of lib_cell 'CLKBUFX8AL9'
  load 0.000000 at pin 'O' of cell 'C_393__IOBUF' is out of load range (0.002527, 2.145310) of lib_cell 'CLKBUFX8AL9'
  load 0.000000 at pin 'O' of cell 'C_378__IOBUF' is out of load range (0.002527, 2.145310) of lib_cell 'CLKBUFX8AL9'
  load 0.000000 at pin 'O' of cell 'C_484__IOBUF' is out of load range (0.002527, 2.145310) of lib_cell 'CLKBUFX8AL9'
  load 0.001628 at pin 'O' of cell 'C_34__IOBUF' is out of load range (0.002527, 2.145310) of lib_cell 'CLKBUFX8AL9'
  ramp 0.000000 at pin 'I' of cell 'C_34__IOBUF' is out of ramp range (0.006078, 1.176400) of lib_cell 'CLKBUFX8AL9'
  load 0.000000 at pin 'O' of cell 'C_469__IOBUF' is out of load range (0.002527, 2.145310) of lib_cell 'CLKBUFX8AL9'
  load 0.001628 at pin 'O' of cell 'C_19__IOBUF' is out of load range (0.002527, 2.145310) of lib_cell 'CLKBUFX8AL9'
  ramp 0.000000 at pin 'I' of cell 'C_19__IOBUF' is out of ramp range (0.006078, 1.176400) of lib_cell 'CLKBUFX8AL9'
  load 0.001643 at pin 'O' of cell 'PLACE_FE_OFC147_N_452__IOBUF' is out of load range (0.002527, 0.268164) of lib_cell 'CLKINVX1AL9'
  load 0.000000 at pin 'O' of cell 'C_72__IOBUF' is out of load range (0.002527, 2.145310) of lib_cell 'CLKBUFX8AL9'
  load 0.000000 at pin 'O' of cell 'C_120__IOBUF' is out of load range (0.002527, 2.145310) of lib_cell 'CLKBUFX8AL9'
  load 0.000000 at pin 'O' of cell 'C_105__IOBUF' is out of load range (0.002527, 2.145310) of lib_cell 'CLKBUFX8AL9'
  load 0.000000 at pin 'O' of cell 'C_398__IOBUF' is out of load range (0.002527, 2.145310) of lib_cell 'CLKBUFX8AL9'
  load 0.000000 at pin 'O' of cell 'C_211__IOBUF' is out of load range (0.002527, 2.145310) of lib_cell 'CLKBUFX8AL9'
  load 0.000000 at pin 'O' of cell 'C_54__IOBUF' is out of load range (0.002527, 2.145310) of lib_cell 'CLKBUFX8AL9'
  load 0.000000 at pin 'O' of cell 'C_489__IOBUF' is out of load range (0.002527, 2.145310) of lib_cell 'CLKBUFX8AL9'
  load 0.001628 at pin 'O' of cell 'C_39__IOBUF' is out of load range (0.002527, 2.145310) of lib_cell 'CLKBUFX8AL9'
  ramp 0.000000 at pin 'I' of cell 'C_39__IOBUF' is out of ramp range (0.006078, 1.176400) of lib_cell 'CLKBUFX8AL9'
  load 0.000000 at pin 'O' of cell 'C_302__IOBUF' is out of load range (0.002527, 2.145310) of lib_cell 'CLKBUFX8AL9'
  load 0.000000 at pin 'O' of cell 'C_143__IOBUF' is out of load range (0.002527, 2.145310) of lib_cell 'CLKBUFX8AL9'
  load 0.000000 at pin 'O' of cell 'C_92__IOBUF' is out of load range (0.002527, 2.145310) of lib_cell 'CLKBUFX8AL9'
  load 0.000000 at pin 'O' of cell 'C_140__IOBUF' is out of load range (0.002527, 2.145310) of lib_cell 'CLKBUFX8AL9'
  load 0.000000 at pin 'O' of cell 'C_77__IOBUF' is out of load range (0.002527, 2.145310) of lib_cell 'CLKBUFX8AL9'
  load 0.000000 at pin 'O' of cell 'C_125__IOBUF' is out of load range (0.002527, 2.145310) of lib_cell 'CLKBUFX8AL9'
  load 0.001643 at pin 'O' of cell 'PLACE_FE_OFC536_N_318__IOBUF' is out of load range (0.002527, 0.268164) of lib_cell 'CLKINVX1AL9'
  load 0.000000 at pin 'O' of cell 'C_231__IOBUF' is out of load range (0.002527, 2.145310) of lib_cell 'CLKBUFX8AL9'
  load 0.000000 at pin 'O' of cell 'C_74__IOBUF' is out of load range (0.002527, 2.145310) of lib_cell 'CLKBUFX8AL9'
  load 0.000000 at pin 'O' of cell 'C_216__IOBUF' is out of load range (0.002527, 2.145310) of lib_cell 'CLKBUFX8AL9'
  load 0.000000 at pin 'O' of cell 'C_59__IOBUF' is out of load range (0.002527, 2.145310) of lib_cell 'CLKBUFX8AL9'
  load 0.000000 at pin 'O' of cell 'C_322__IOBUF' is out of load range (0.002527, 2.145310) of lib_cell 'CLKBUFX8AL9'
  load 0.000000 at pin 'O' of cell 'C_307__IOBUF' is out of load range (0.002527, 2.145310) of lib_cell 'CLKBUFX8AL9'
  load 0.000000 at pin 'O' of cell 'C_413__IOBUF' is out of load range (0.002527, 2.145310) of lib_cell 'CLKBUFX8AL9'
  load 0.000000 at pin 'O' of cell 'C_163__IOBUF' is out of load range (0.002527, 2.145310) of lib_cell 'CLKBUFX8AL9'
  load 0.000000 at pin 'O' of cell 'C_148__IOBUF' is out of load range (0.002527, 2.145310) of lib_cell 'CLKBUFX8AL9'
  load 0.000000 at pin 'O' of cell 'C_504__IOBUF' is out of load range (0.002527, 2.145310) of lib_cell 'CLKBUFX8AL9'
  load 0.000000 at pin 'O' of cell 'C_254__IOBUF' is out of load range (0.002527, 2.145310) of lib_cell 'CLKBUFX8AL9'
  load 0.000000 at pin 'O' of cell 'C_97__IOBUF' is out of load range (0.002527, 2.145310) of lib_cell 'CLKBUFX8AL9'
  load 0.000000 at pin 'O' of cell 'C_145__IOBUF' is out of load range (0.002527, 2.145310) of lib_cell 'CLKBUFX8AL9'
  load 0.000000 at pin 'O' of cell 'C_501__IOBUF' is out of load range (0.002527, 2.145310) of lib_cell 'CLKBUFX8AL9'
  load 0.000000 at pin 'O' of cell 'C_251__IOBUF' is out of load range (0.002527, 2.145310) of lib_cell 'CLKBUFX8AL9'
  load 0.000000 at pin 'O' of cell 'C_236__IOBUF' is out of load range (0.002527, 2.145310) of lib_cell 'CLKBUFX8AL9'
  load 0.000000 at pin 'O' of cell 'C_79__IOBUF' is out of load range (0.002527, 2.145310) of lib_cell 'CLKBUFX8AL9'
  load 0.000000 at pin 'O' of cell 'C_342__IOBUF' is out of load range (0.002527, 2.145310) of lib_cell 'CLKBUFX8AL9'
  load 0.000000 at pin 'O' of cell 'C_327__IOBUF' is out of load range (0.002527, 2.145310) of lib_cell 'CLKBUFX8AL9'
  load 0.000000 at pin 'O' of cell 'C_433__IOBUF' is out of load range (0.002527, 2.145310) of lib_cell 'CLKBUFX8AL9'
  load 0.000000 at pin 'O' of cell 'C_183__IOBUF' is out of load range (0.002527, 2.145310) of lib_cell 'CLKBUFX8AL9'
  load 0.000000 at pin 'O' of cell 'C_418__IOBUF' is out of load range (0.002527, 2.145310) of lib_cell 'CLKBUFX8AL9'
  load 0.000000 at pin 'O' of cell 'C_168__IOBUF' is out of load range (0.002527, 2.145310) of lib_cell 'CLKBUFX8AL9'
  load 0.000000 at pin 'O' of cell 'C_524__IOBUF' is out of load range (0.002527, 2.145310) of lib_cell 'CLKBUFX8AL9'
  load 0.000000 at pin 'O' of cell 'C_274__IOBUF' is out of load range (0.002527, 2.145310) of lib_cell 'CLKBUFX8AL9'
  load 0.000000 at pin 'O' of cell 'C_509__IOBUF' is out of load range (0.002527, 2.145310) of lib_cell 'CLKBUFX8AL9'
  load 0.000000 at pin 'O' of cell 'C_259__IOBUF' is out of load range (0.002527, 2.145310) of lib_cell 'CLKBUFX8AL9'
  load 0.000000 at pin 'O' of cell 'C_521__IOBUF' is out of load range (0.002527, 2.145310) of lib_cell 'CLKBUFX8AL9'
  load 0.000000 at pin 'O' of cell 'C_380__IOBUF' is out of load range (0.002527, 2.145310) of lib_cell 'CLKBUFX8AL9'
  load 0.000000 at pin 'O' of cell 'C_271__IOBUF' is out of load range (0.002527, 2.145310) of lib_cell 'CLKBUFX8AL9'
  load 0.000000 at pin 'O' of cell 'C_506__IOBUF' is out of load range (0.002527, 2.145310) of lib_cell 'CLKBUFX8AL9'
  load 0.000000 at pin 'O' of cell 'C_256__IOBUF' is out of load range (0.002527, 2.145310) of lib_cell 'CLKBUFX8AL9'
  load 0.000000 at pin 'O' of cell 'C_362__IOBUF' is out of load range (0.002527, 2.145310) of lib_cell 'CLKBUFX8AL9'
  load 0.000000 at pin 'O' of cell 'C_347__IOBUF' is out of load range (0.002527, 2.145310) of lib_cell 'CLKBUFX8AL9'
  load 0.000000 at pin 'O' of cell 'C_453__IOBUF' is out of load range (0.002527, 2.145310) of lib_cell 'CLKBUFX8AL9'
  load 0.000000 at pin 'O' of cell 'C_438__IOBUF' is out of load range (0.002527, 2.145310) of lib_cell 'CLKBUFX8AL9'
  load 0.000000 at pin 'O' of cell 'C_188__IOBUF' is out of load range (0.002527, 2.145310) of lib_cell 'CLKBUFX8AL9'
  load 0.000000 at pin 'O' of cell 'C_294__IOBUF' is out of load range (0.002527, 2.145310) of lib_cell 'CLKBUFX8AL9'
  load 0.000000 at pin 'O' of cell 'C_279__IOBUF' is out of load range (0.002527, 2.145310) of lib_cell 'CLKBUFX8AL9'
  load 0.000000 at pin 'O' of cell 'C_385__IOBUF' is out of load range (0.002527, 2.145310) of lib_cell 'CLKBUFX8AL9'
  load 0.000000 at pin 'O' of cell 'C_526__IOBUF' is out of load range (0.002527, 2.145310) of lib_cell 'CLKBUFX8AL9'
  load 0.000000 at pin 'O' of cell 'C_491__IOBUF' is out of load range (0.002527, 2.145310) of lib_cell 'CLKBUFX8AL9'
  load 0.000000 at pin 'O' of cell 'C_382__IOBUF' is out of load range (0.002527, 2.145310) of lib_cell 'CLKBUFX8AL9'
  load 0.000000 at pin 'O' of cell 'C_367__IOBUF' is out of load range (0.002527, 2.145310) of lib_cell 'CLKBUFX8AL9'
  load 0.000000 at pin 'O' of cell 'C_473__IOBUF' is out of load range (0.002527, 2.145310) of lib_cell 'CLKBUFX8AL9'
  load 0.001628 at pin 'O' of cell 'C_23__IOBUF' is out of load range (0.002527, 2.145310) of lib_cell 'CLKBUFX8AL9'
  ramp 0.000000 at pin 'I' of cell 'C_23__IOBUF' is out of ramp range (0.006078, 1.176400) of lib_cell 'CLKBUFX8AL9'
  load 0.001643 at pin 'O' of cell 'PLACE_FE_OFC68_N_499__IOBUF' is out of load range (0.002527, 0.134082) of lib_cell 'INVX05AL9'
  load 0.000000 at pin 'O' of cell 'C_458__IOBUF' is out of load range (0.002527, 2.145310) of lib_cell 'CLKBUFX8AL9'
  load 0.000000 at pin 'O' of cell 'C_299__IOBUF' is out of load range (0.002527, 2.145310) of lib_cell 'CLKBUFX8AL9'
  load 0.001643 at pin 'O' of cell 'PLACE_FE_OFC486_N_355__IOBUF' is out of load range (0.002527, 0.268164) of lib_cell 'CLKINVX1AL9'
  load 0.000000 at pin 'O' of cell 'C_61__IOBUF' is out of load range (0.002527, 2.145310) of lib_cell 'CLKBUFX8AL9'
  load 0.000000 at pin 'O' of cell 'C_496__IOBUF' is out of load range (0.002527, 2.145310) of lib_cell 'CLKBUFX8AL9'
  load 0.000000 at pin 'O' of cell 'C_387__IOBUF' is out of load range (0.002527, 2.145310) of lib_cell 'CLKBUFX8AL9'
  load 0.000000 at pin 'O' of cell 'C_200__IOBUF' is out of load range (0.002527, 2.145310) of lib_cell 'CLKBUFX8AL9'
  load 0.000000 at pin 'O' of cell 'C_493__IOBUF' is out of load range (0.002527, 2.145310) of lib_cell 'CLKBUFX8AL9'
  load 0.001628 at pin 'O' of cell 'C_43__IOBUF' is out of load range (0.002527, 2.145310) of lib_cell 'CLKBUFX8AL9'
  ramp 0.000000 at pin 'I' of cell 'C_43__IOBUF' is out of ramp range (0.006078, 1.176400) of lib_cell 'CLKBUFX8AL9'
  load 0.000000 at pin 'O' of cell 'C_478__IOBUF' is out of load range (0.002527, 2.145310) of lib_cell 'CLKBUFX8AL9'
  load 0.001628 at pin 'O' of cell 'C_28__IOBUF' is out of load range (0.002527, 2.145310) of lib_cell 'CLKBUFX8AL9'
  ramp 0.000000 at pin 'I' of cell 'C_28__IOBUF' is out of ramp range (0.006078, 1.176400) of lib_cell 'CLKBUFX8AL9'
  load 0.001643 at pin 'O' of cell 'PLACE_FE_OFC153_N_384__IOBUF' is out of load range (0.002527, 0.080449) of lib_cell 'INVX03AL9'
  load 0.000000 at pin 'O' of cell 'C_132__IOBUF' is out of load range (0.002527, 2.145310) of lib_cell 'CLKBUFX8AL9'
  load 0.000000 at pin 'O' of cell 'C_117__IOBUF' is out of load range (0.002527, 2.145310) of lib_cell 'CLKBUFX8AL9'
  load 0.000000 at pin 'O' of cell 'C_81__IOBUF' is out of load range (0.002527, 2.145310) of lib_cell 'CLKBUFX8AL9'
  load 0.000000 at pin 'O' of cell 'C_66__IOBUF' is out of load range (0.002527, 2.145310) of lib_cell 'CLKBUFX8AL9'
  load 0.000000 at pin 'O' of cell 'C_114__IOBUF' is out of load range (0.002527, 2.145310) of lib_cell 'CLKBUFX8AL9'
  load 0.000000 at pin 'O' of cell 'C_220__IOBUF' is out of load range (0.002527, 2.145310) of lib_cell 'CLKBUFX8AL9'
  load 0.000000 at pin 'O' of cell 'C_63__IOBUF' is out of load range (0.002527, 2.145310) of lib_cell 'CLKBUFX8AL9'
  load 0.000000 at pin 'O' of cell 'C_205__IOBUF' is out of load range (0.002527, 2.145310) of lib_cell 'CLKBUFX8AL9'
  load 0.000000 at pin 'O' of cell 'C_498__IOBUF' is out of load range (0.002527, 2.145310) of lib_cell 'CLKBUFX8AL9'
  load 0.001628 at pin 'O' of cell 'C_48__IOBUF' is out of load range (0.002527, 2.145310) of lib_cell 'CLKBUFX8AL9'
  ramp 0.000000 at pin 'I' of cell 'C_48__IOBUF' is out of ramp range (0.006078, 1.176400) of lib_cell 'CLKBUFX8AL9'
  load 0.000000 at pin 'O' of cell 'C_311__IOBUF' is out of load range (0.002527, 2.145310) of lib_cell 'CLKBUFX8AL9'
  load 0.000000 at pin 'O' of cell 'C_402__IOBUF' is out of load range (0.002527, 2.145310) of lib_cell 'CLKBUFX8AL9'
  load 0.000000 at pin 'O' of cell 'C_152__IOBUF' is out of load range (0.002527, 2.145310) of lib_cell 'CLKBUFX8AL9'
  load 0.000000 at pin 'O' of cell 'C_137__IOBUF' is out of load range (0.002527, 2.145310) of lib_cell 'CLKBUFX8AL9'
  load 0.000000 at pin 'O' of cell 'C_243__IOBUF' is out of load range (0.002527, 2.145310) of lib_cell 'CLKBUFX8AL9'
  load 0.000000 at pin 'O' of cell 'C_86__IOBUF' is out of load range (0.002527, 2.145310) of lib_cell 'CLKBUFX8AL9'
  load 0.000000 at pin 'O' of cell 'C_134__IOBUF' is out of load range (0.002527, 2.145310) of lib_cell 'CLKBUFX8AL9'
  load 0.000000 at pin 'O' of cell 'C_119__IOBUF' is out of load range (0.002527, 2.145310) of lib_cell 'CLKBUFX8AL9'
  load 0.000000 at pin 'O' of cell 'C_240__IOBUF' is out of load range (0.002527, 2.145310) of lib_cell 'CLKBUFX8AL9'
  load 0.000000 at pin 'O' of cell 'C_225__IOBUF' is out of load range (0.002527, 2.145310) of lib_cell 'CLKBUFX8AL9'
  load 0.000000 at pin 'O' of cell 'C_68__IOBUF' is out of load range (0.002527, 2.145310) of lib_cell 'CLKBUFX8AL9'
  load 0.000000 at pin 'O' of cell 'C_331__IOBUF' is out of load range (0.002527, 2.145310) of lib_cell 'CLKBUFX8AL9'
  load 0.000000 at pin 'O' of cell 'C_316__IOBUF' is out of load range (0.002527, 2.145310) of lib_cell 'CLKBUFX8AL9'
  load 0.000000 at pin 'O' of cell 'C_422__IOBUF' is out of load range (0.002527, 2.145310) of lib_cell 'CLKBUFX8AL9'
  load 0.001643 at pin 'O' of cell 'PLACE_FE_OFC496_N_350__IOBUF' is out of load range (0.002527, 0.268164) of lib_cell 'CLKINVX1AL9'
  load 0.000000 at pin 'O' of cell 'C_172__IOBUF' is out of load range (0.002527, 2.145310) of lib_cell 'CLKBUFX8AL9'
  load 0.000000 at pin 'O' of cell 'C_407__IOBUF' is out of load range (0.002527, 2.145310) of lib_cell 'CLKBUFX8AL9'
  load 0.000000 at pin 'O' of cell 'C_157__IOBUF' is out of load range (0.002527, 2.145310) of lib_cell 'CLKBUFX8AL9'
  load 0.000000 at pin 'O' of cell 'C_513__IOBUF' is out of load range (0.002527, 2.145310) of lib_cell 'CLKBUFX8AL9'
  load 0.000000 at pin 'O' of cell 'C_263__IOBUF' is out of load range (0.002527, 2.145310) of lib_cell 'CLKBUFX8AL9'
  load 0.000000 at pin 'O' of cell 'C_248__IOBUF' is out of load range (0.002527, 2.145310) of lib_cell 'CLKBUFX8AL9'
  load 0.000000 at pin 'O' of cell 'C_139__IOBUF' is out of load range (0.002527, 2.145310) of lib_cell 'CLKBUFX8AL9'
  load 0.000000 at pin 'O' of cell 'C_510__IOBUF' is out of load range (0.002527, 2.145310) of lib_cell 'CLKBUFX8AL9'
  load 0.000000 at pin 'O' of cell 'C_354__IOBUF' is out of load range (0.002527, 2.145310) of lib_cell 'CLKBUFX8AL9'
  load 0.000000 at pin 'O' of cell 'C_245__IOBUF' is out of load range (0.002527, 2.145310) of lib_cell 'CLKBUFX8AL9'
  load 0.000000 at pin 'O' of cell 'C_351__IOBUF' is out of load range (0.002527, 2.145310) of lib_cell 'CLKBUFX8AL9'
  load 0.000000 at pin 'O' of cell 'C_336__IOBUF' is out of load range (0.002527, 2.145310) of lib_cell 'CLKBUFX8AL9'
  load 0.000000 at pin 'O' of cell 'C_442__IOBUF' is out of load range (0.002527, 2.145310) of lib_cell 'CLKBUFX8AL9'
  load 0.000000 at pin 'O' of cell 'C_192__IOBUF' is out of load range (0.002527, 2.145310) of lib_cell 'CLKBUFX8AL9'
  load 0.000000 at pin 'O' of cell 'C_427__IOBUF' is out of load range (0.002527, 2.145310) of lib_cell 'CLKBUFX8AL9'
  load 0.000000 at pin 'O' of cell 'C_177__IOBUF' is out of load range (0.002527, 2.145310) of lib_cell 'CLKBUFX8AL9'
  load 0.000000 at pin 'O' of cell 'C_283__IOBUF' is out of load range (0.002527, 2.145310) of lib_cell 'CLKBUFX8AL9'
  load 0.000000 at pin 'O' of cell 'C_518__IOBUF' is out of load range (0.002527, 2.145310) of lib_cell 'CLKBUFX8AL9'
  ramp 0.000000 at pin 'I' of cell 'C_2__IOBUF' is out of ramp range (0.006078, 1.176400) of lib_cell 'CLKBUFX8AL9'
  load 0.000000 at pin 'O' of cell 'C_268__IOBUF' is out of load range (0.002527, 2.145310) of lib_cell 'CLKBUFX8AL9'
  load 0.000000 at pin 'O' of cell 'C_374__IOBUF' is out of load range (0.002527, 2.145310) of lib_cell 'CLKBUFX8AL9'
  load 0.000000 at pin 'O' of cell 'C_359__IOBUF' is out of load range (0.002527, 2.145310) of lib_cell 'CLKBUFX8AL9'
  load 0.000000 at pin 'O' of cell 'C_480__IOBUF' is out of load range (0.002527, 2.145310) of lib_cell 'CLKBUFX8AL9'
  load 0.001643 at pin 'O' of cell 'PLACE_FE_OFC71_N_498__IOBUF' is out of load range (0.002527, 0.134082) of lib_cell 'INVX05AL9'
  load 0.000000 at pin 'O' of cell 'C_371__IOBUF' is out of load range (0.002527, 2.145310) of lib_cell 'CLKBUFX8AL9'
  load 0.000000 at pin 'O' of cell 'C_356__IOBUF' is out of load range (0.002527, 2.145310) of lib_cell 'CLKBUFX8AL9'
  load 0.000000 at pin 'O' of cell 'C_462__IOBUF' is out of load range (0.002527, 2.145310) of lib_cell 'CLKBUFX8AL9'
  ramp 0.000000 at pin 'I' of cell 'C_12__IOBUF' is out of ramp range (0.006078, 1.176400) of lib_cell 'CLKBUFX8AL9'
  load 0.000000 at pin 'O' of cell 'C_447__IOBUF' is out of load range (0.002527, 2.145310) of lib_cell 'CLKBUFX8AL9'
  load 0.000000 at pin 'O' of cell 'C_197__IOBUF' is out of load range (0.002527, 2.145310) of lib_cell 'CLKBUFX8AL9'
  load 0.000000 at pin 'O' of cell 'C_288__IOBUF' is out of load range (0.002527, 2.145310) of lib_cell 'CLKBUFX8AL9'
  ramp 0.000000 at pin 'I' of cell 'C_7__IOBUF' is out of ramp range (0.006078, 1.176400) of lib_cell 'CLKBUFX8AL9'
  load 0.000000 at pin 'O' of cell 'C_394__IOBUF' is out of load range (0.002527, 2.145310) of lib_cell 'CLKBUFX8AL9'
  load 0.000000 at pin 'O' of cell 'C_379__IOBUF' is out of load range (0.002527, 2.145310) of lib_cell 'CLKBUFX8AL9'
  load 0.001628 at pin 'O' of cell 'C_50__IOBUF' is out of load range (0.002527, 2.145310) of lib_cell 'CLKBUFX8AL9'
  ramp 0.000000 at pin 'I' of cell 'C_50__IOBUF' is out of ramp range (0.006078, 1.176400) of lib_cell 'CLKBUFX8AL9'
  load 0.000000 at pin 'O' of cell 'C_485__IOBUF' is out of load range (0.002527, 2.145310) of lib_cell 'CLKBUFX8AL9'
  load 0.000000 at pin 'O' of cell 'C_376__IOBUF' is out of load range (0.002527, 2.145310) of lib_cell 'CLKBUFX8AL9'
  load 0.000000 at pin 'O' of cell 'C_482__IOBUF' is out of load range (0.002527, 2.145310) of lib_cell 'CLKBUFX8AL9'
  load 0.001628 at pin 'O' of cell 'C_32__IOBUF' is out of load range (0.002527, 2.145310) of lib_cell 'CLKBUFX8AL9'
  ramp 0.000000 at pin 'I' of cell 'C_32__IOBUF' is out of ramp range (0.006078, 1.176400) of lib_cell 'CLKBUFX8AL9'
  load 0.000000 at pin 'O' of cell 'C_467__IOBUF' is out of load range (0.002527, 2.145310) of lib_cell 'CLKBUFX8AL9'
  load 0.001628 at pin 'O' of cell 'C_17__IOBUF' is out of load range (0.002527, 2.145310) of lib_cell 'CLKBUFX8AL9'
  ramp 0.000000 at pin 'I' of cell 'C_17__IOBUF' is out of ramp range (0.006078, 1.176400) of lib_cell 'CLKBUFX8AL9'
  load 0.000000 at pin 'O' of cell 'C_121__IOBUF' is out of load range (0.002527, 2.145310) of lib_cell 'CLKBUFX8AL9'
  load 0.000000 at pin 'O' of cell 'C_106__IOBUF' is out of load range (0.002527, 2.145310) of lib_cell 'CLKBUFX8AL9'
  load 0.000000 at pin 'O' of cell 'C_399__IOBUF' is out of load range (0.002527, 2.145310) of lib_cell 'CLKBUFX8AL9'
  load 0.000000 at pin 'O' of cell 'C_70__IOBUF' is out of load range (0.002527, 2.145310) of lib_cell 'CLKBUFX8AL9'
  load 0.000000 at pin 'O' of cell 'C_55__IOBUF' is out of load range (0.002527, 2.145310) of lib_cell 'CLKBUFX8AL9'
  load 0.000000 at pin 'O' of cell 'C_103__IOBUF' is out of load range (0.002527, 2.145310) of lib_cell 'CLKBUFX8AL9'
  load 0.000000 at pin 'O' of cell 'C_52__IOBUF' is out of load range (0.002527, 2.145310) of lib_cell 'CLKBUFX8AL9'
  load 0.000000 at pin 'O' of cell 'C_487__IOBUF' is out of load range (0.002527, 2.145310) of lib_cell 'CLKBUFX8AL9'
  load 0.001628 at pin 'O' of cell 'C_37__IOBUF' is out of load range (0.002527, 2.145310) of lib_cell 'CLKBUFX8AL9'
  ramp 0.000000 at pin 'I' of cell 'C_37__IOBUF' is out of ramp range (0.006078, 1.176400) of lib_cell 'CLKBUFX8AL9'
  load 0.000000 at pin 'O' of cell 'C_300__IOBUF' is out of load range (0.002527, 2.145310) of lib_cell 'CLKBUFX8AL9'
  load 0.000000 at pin 'O' of cell 'C_141__IOBUF' is out of load range (0.002527, 2.145310) of lib_cell 'CLKBUFX8AL9'
  load 0.000000 at pin 'O' of cell 'C_126__IOBUF' is out of load range (0.002527, 2.145310) of lib_cell 'CLKBUFX8AL9'
  load 0.000000 at pin 'O' of cell 'C_90__IOBUF' is out of load range (0.002527, 2.145310) of lib_cell 'CLKBUFX8AL9'
  load 0.000000 at pin 'O' of cell 'C_232__IOBUF' is out of load range (0.002527, 2.145310) of lib_cell 'CLKBUFX8AL9'
  load 0.000000 at pin 'O' of cell 'C_75__IOBUF' is out of load range (0.002527, 2.145310) of lib_cell 'CLKBUFX8AL9'
  load 0.000000 at pin 'O' of cell 'C_123__IOBUF' is out of load range (0.002527, 2.145310) of lib_cell 'CLKBUFX8AL9'
  load 0.000000 at pin 'O' of cell 'C_108__IOBUF' is out of load range (0.002527, 2.145310) of lib_cell 'CLKBUFX8AL9'
  load 0.000000 at pin 'O' of cell 'C_214__IOBUF' is out of load range (0.002527, 2.145310) of lib_cell 'CLKBUFX8AL9'
  load 0.000000 at pin 'O' of cell 'C_57__IOBUF' is out of load range (0.002527, 2.145310) of lib_cell 'CLKBUFX8AL9'
  load 0.000000 at pin 'O' of cell 'C_320__IOBUF' is out of load range (0.002527, 2.145310) of lib_cell 'CLKBUFX8AL9'
  load 0.000000 at pin 'O' of cell 'C_305__IOBUF' is out of load range (0.002527, 2.145310) of lib_cell 'CLKBUFX8AL9'
  load 0.000000 at pin 'O' of cell 'C_411__IOBUF' is out of load range (0.002527, 2.145310) of lib_cell 'CLKBUFX8AL9'
  load 0.000000 at pin 'O' of cell 'C_161__IOBUF' is out of load range (0.002527, 2.145310) of lib_cell 'CLKBUFX8AL9'
  load 0.000000 at pin 'O' of cell 'C_146__IOBUF' is out of load range (0.002527, 2.145310) of lib_cell 'CLKBUFX8AL9'
  load 0.000000 at pin 'O' of cell 'C_502__IOBUF' is out of load range (0.002527, 2.145310) of lib_cell 'CLKBUFX8AL9'
  load 0.000000 at pin 'O' of cell 'C_252__IOBUF' is out of load range (0.002527, 2.145310) of lib_cell 'CLKBUFX8AL9'
  load 0.000000 at pin 'O' of cell 'C_95__IOBUF' is out of load range (0.002527, 2.145310) of lib_cell 'CLKBUFX8AL9'
  load 0.000000 at pin 'O' of cell 'C_237__IOBUF' is out of load range (0.002527, 2.145310) of lib_cell 'CLKBUFX8AL9'
  load 0.000000 at pin 'O' of cell 'C_128__IOBUF' is out of load range (0.002527, 2.145310) of lib_cell 'CLKBUFX8AL9'
  load 0.000000 at pin 'O' of cell 'C_343__IOBUF' is out of load range (0.002527, 2.145310) of lib_cell 'CLKBUFX8AL9'
  load 0.000000 at pin 'O' of cell 'C_234__IOBUF' is out of load range (0.002527, 2.145310) of lib_cell 'CLKBUFX8AL9'
  load 0.000000 at pin 'O' of cell 'C_219__IOBUF' is out of load range (0.002527, 2.145310) of lib_cell 'CLKBUFX8AL9'
  load 0.000000 at pin 'O' of cell 'C_340__IOBUF' is out of load range (0.002527, 2.145310) of lib_cell 'CLKBUFX8AL9'
  load 0.000000 at pin 'O' of cell 'C_325__IOBUF' is out of load range (0.002527, 2.145310) of lib_cell 'CLKBUFX8AL9'
  load 0.000000 at pin 'O' of cell 'C_431__IOBUF' is out of load range (0.002527, 2.145310) of lib_cell 'CLKBUFX8AL9'
  load 0.000000 at pin 'O' of cell 'C_181__IOBUF' is out of load range (0.002527, 2.145310) of lib_cell 'CLKBUFX8AL9'
  load 0.000000 at pin 'O' of cell 'C_416__IOBUF' is out of load range (0.002527, 2.145310) of lib_cell 'CLKBUFX8AL9'
  load 0.000000 at pin 'O' of cell 'C_166__IOBUF' is out of load range (0.002527, 2.145310) of lib_cell 'CLKBUFX8AL9'
  load 0.000000 at pin 'O' of cell 'C_522__IOBUF' is out of load range (0.002527, 2.145310) of lib_cell 'CLKBUFX8AL9'
  load 0.000000 at pin 'O' of cell 'C_272__IOBUF' is out of load range (0.002527, 2.145310) of lib_cell 'CLKBUFX8AL9'
  load 0.000000 at pin 'O' of cell 'C_507__IOBUF' is out of load range (0.002527, 2.145310) of lib_cell 'CLKBUFX8AL9'
  load 0.000000 at pin 'O' of cell 'C_257__IOBUF' is out of load range (0.002527, 2.145310) of lib_cell 'CLKBUFX8AL9'
  load 0.000000 at pin 'O' of cell 'C_363__IOBUF' is out of load range (0.002527, 2.145310) of lib_cell 'CLKBUFX8AL9'
  load 0.000000 at pin 'O' of cell 'C_348__IOBUF' is out of load range (0.002527, 2.145310) of lib_cell 'CLKBUFX8AL9'
  load 0.000000 at pin 'O' of cell 'C_239__IOBUF' is out of load range (0.002527, 2.145310) of lib_cell 'CLKBUFX8AL9'
  load 0.000000 at pin 'O' of cell 'C_360__IOBUF' is out of load range (0.002527, 2.145310) of lib_cell 'CLKBUFX8AL9'
  load 0.000000 at pin 'O' of cell 'C_345__IOBUF' is out of load range (0.002527, 2.145310) of lib_cell 'CLKBUFX8AL9'
  load 0.000000 at pin 'O' of cell 'C_451__IOBUF' is out of load range (0.002527, 2.145310) of lib_cell 'CLKBUFX8AL9'
  load 0.000000 at pin 'O' of cell 'C_436__IOBUF' is out of load range (0.002527, 2.145310) of lib_cell 'CLKBUFX8AL9'
  load 0.000000 at pin 'O' of cell 'C_186__IOBUF' is out of load range (0.002527, 2.145310) of lib_cell 'CLKBUFX8AL9'
  load 0.000000 at pin 'O' of cell 'C_292__IOBUF' is out of load range (0.002527, 2.145310) of lib_cell 'CLKBUFX8AL9'
  load 0.000000 at pin 'O' of cell 'C_527__IOBUF' is out of load range (0.002527, 2.145310) of lib_cell 'CLKBUFX8AL9'
  load 0.000000 at pin 'O' of cell 'C_277__IOBUF' is out of load range (0.002527, 2.145310) of lib_cell 'CLKBUFX8AL9'
  load 0.000000 at pin 'O' of cell 'C_383__IOBUF' is out of load range (0.002527, 2.145310) of lib_cell 'CLKBUFX8AL9'
  load 0.000000 at pin 'O' of cell 'C_368__IOBUF' is out of load range (0.002527, 2.145310) of lib_cell 'CLKBUFX8AL9'
  load 0.000000 at pin 'O' of cell 'C_474__IOBUF' is out of load range (0.002527, 2.145310) of lib_cell 'CLKBUFX8AL9'
  load 0.000000 at pin 'O' of cell 'C_365__IOBUF' is out of load range (0.002527, 2.145310) of lib_cell 'CLKBUFX8AL9'
  load 0.000000 at pin 'O' of cell 'C_471__IOBUF' is out of load range (0.002527, 2.145310) of lib_cell 'CLKBUFX8AL9'
  load 0.001628 at pin 'O' of cell 'C_21__IOBUF' is out of load range (0.002527, 2.145310) of lib_cell 'CLKBUFX8AL9'
  ramp 0.000000 at pin 'I' of cell 'C_21__IOBUF' is out of ramp range (0.006078, 1.176400) of lib_cell 'CLKBUFX8AL9'
  load 0.000000 at pin 'O' of cell 'C_456__IOBUF' is out of load range (0.002527, 2.145310) of lib_cell 'CLKBUFX8AL9'
  load 0.000000 at pin 'O' of cell 'C_297__IOBUF' is out of load range (0.002527, 2.145310) of lib_cell 'CLKBUFX8AL9'
  load 0.000000 at pin 'O' of cell 'C_110__IOBUF' is out of load range (0.002527, 2.145310) of lib_cell 'CLKBUFX8AL9'
  load 0.000000 at pin 'O' of cell 'C_388__IOBUF' is out of load range (0.002527, 2.145310) of lib_cell 'CLKBUFX8AL9'
  load 0.000000 at pin 'O' of cell 'C_494__IOBUF' is out of load range (0.002527, 2.145310) of lib_cell 'CLKBUFX8AL9'
  load 0.001628 at pin 'O' of cell 'C_44__IOBUF' is out of load range (0.002527, 2.145310) of lib_cell 'CLKBUFX8AL9'
  ramp 0.000000 at pin 'I' of cell 'C_44__IOBUF' is out of ramp range (0.006078, 1.176400) of lib_cell 'CLKBUFX8AL9'
  load 0.000000 at pin 'O' of cell 'C_479__IOBUF' is out of load range (0.002527, 2.145310) of lib_cell 'CLKBUFX8AL9'
  load 0.001628 at pin 'O' of cell 'C_41__IOBUF' is out of load range (0.002527, 2.145310) of lib_cell 'CLKBUFX8AL9'
  ramp 0.000000 at pin 'I' of cell 'C_41__IOBUF' is out of ramp range (0.006078, 1.176400) of lib_cell 'CLKBUFX8AL9'
  load 0.000000 at pin 'O' of cell 'C_476__IOBUF' is out of load range (0.002527, 2.145310) of lib_cell 'CLKBUFX8AL9'
  load 0.001628 at pin 'O' of cell 'C_26__IOBUF' is out of load range (0.002527, 2.145310) of lib_cell 'CLKBUFX8AL9'
  ramp 0.000000 at pin 'I' of cell 'C_26__IOBUF' is out of ramp range (0.006078, 1.176400) of lib_cell 'CLKBUFX8AL9'
  load 0.000000 at pin 'O' of cell 'C_130__IOBUF' is out of load range (0.002527, 2.145310) of lib_cell 'CLKBUFX8AL9'
  load 0.000000 at pin 'O' of cell 'C_115__IOBUF' is out of load range (0.002527, 2.145310) of lib_cell 'CLKBUFX8AL9'
  load 0.000000 at pin 'O' of cell 'C_221__IOBUF' is out of load range (0.002527, 2.145310) of lib_cell 'CLKBUFX8AL9'
  load 0.000000 at pin 'O' of cell 'C_64__IOBUF' is out of load range (0.002527, 2.145310) of lib_cell 'CLKBUFX8AL9'
  load 0.000000 at pin 'O' of cell 'C_112__IOBUF' is out of load range (0.002527, 2.145310) of lib_cell 'CLKBUFX8AL9'
  load 0.000000 at pin 'O' of cell 'C_499__IOBUF' is out of load range (0.002527, 2.145310) of lib_cell 'CLKBUFX8AL9'
  load 0.001628 at pin 'O' of cell 'C_49__IOBUF' is out of load range (0.002527, 2.145310) of lib_cell 'CLKBUFX8AL9'
  ramp 0.000000 at pin 'I' of cell 'C_49__IOBUF' is out of ramp range (0.006078, 1.176400) of lib_cell 'CLKBUFX8AL9'
  load 0.000000 at pin 'O' of cell 'C_203__IOBUF' is out of load range (0.002527, 2.145310) of lib_cell 'CLKBUFX8AL9'
  load 0.001628 at pin 'O' of cell 'C_46__IOBUF' is out of load range (0.002527, 2.145310) of lib_cell 'CLKBUFX8AL9'
  ramp 0.000000 at pin 'I' of cell 'C_46__IOBUF' is out of ramp range (0.006078, 1.176400) of lib_cell 'CLKBUFX8AL9'
  load 0.000000 at pin 'O' of cell 'C_400__IOBUF' is out of load range (0.002527, 2.145310) of lib_cell 'CLKBUFX8AL9'
  load 0.000000 at pin 'O' of cell 'C_150__IOBUF' is out of load range (0.002527, 2.145310) of lib_cell 'CLKBUFX8AL9'
  load 0.000000 at pin 'O' of cell 'C_135__IOBUF' is out of load range (0.002527, 2.145310) of lib_cell 'CLKBUFX8AL9'
  load 0.000000 at pin 'O' of cell 'C_241__IOBUF' is out of load range (0.002527, 2.145310) of lib_cell 'CLKBUFX8AL9'
  load 0.000000 at pin 'O' of cell 'C_84__IOBUF' is out of load range (0.002527, 2.145310) of lib_cell 'CLKBUFX8AL9'
  load 0.000000 at pin 'O' of cell 'C_226__IOBUF' is out of load range (0.002527, 2.145310) of lib_cell 'CLKBUFX8AL9'
  load 0.001643 at pin 'O' of cell 'PLACE_FE_OFC635_N_58__IOBUF' is out of load range (0.002527, 0.268164) of lib_cell 'CLKINVX1AL9'
  load 0.000000 at pin 'O' of cell 'C_69__IOBUF' is out of load range (0.002527, 2.145310) of lib_cell 'CLKBUFX8AL9'
  load 0.000000 at pin 'O' of cell 'C_332__IOBUF' is out of load range (0.002527, 2.145310) of lib_cell 'CLKBUFX8AL9'
  load 0.000000 at pin 'O' of cell 'C_223__IOBUF' is out of load range (0.002527, 2.145310) of lib_cell 'CLKBUFX8AL9'
  load 0.000000 at pin 'O' of cell 'C_208__IOBUF' is out of load range (0.002527, 2.145310) of lib_cell 'CLKBUFX8AL9'
  load 0.000000 at pin 'O' of cell 'C_314__IOBUF' is out of load range (0.002527, 2.145310) of lib_cell 'CLKBUFX8AL9'
  load 0.000000 at pin 'O' of cell 'C_420__IOBUF' is out of load range (0.002527, 2.145310) of lib_cell 'CLKBUFX8AL9'
  load 0.000000 at pin 'O' of cell 'C_170__IOBUF' is out of load range (0.002527, 2.145310) of lib_cell 'CLKBUFX8AL9'
  load 0.000000 at pin 'O' of cell 'C_405__IOBUF' is out of load range (0.002527, 2.145310) of lib_cell 'CLKBUFX8AL9'
  load 0.000000 at pin 'O' of cell 'C_155__IOBUF' is out of load range (0.002527, 2.145310) of lib_cell 'CLKBUFX8AL9'
  load 0.000000 at pin 'O' of cell 'C_511__IOBUF' is out of load range (0.002527, 2.145310) of lib_cell 'CLKBUFX8AL9'
  load 0.000000 at pin 'O' of cell 'C_261__IOBUF' is out of load range (0.002527, 2.145310) of lib_cell 'CLKBUFX8AL9'
  load 0.000000 at pin 'O' of cell 'C_246__IOBUF' is out of load range (0.002527, 2.145310) of lib_cell 'CLKBUFX8AL9'
  load 0.000000 at pin 'O' of cell 'C_89__IOBUF' is out of load range (0.002527, 2.145310) of lib_cell 'CLKBUFX8AL9'
  load 0.000000 at pin 'O' of cell 'C_352__IOBUF' is out of load range (0.002527, 2.145310) of lib_cell 'CLKBUFX8AL9'
  load 0.000000 at pin 'O' of cell 'C_337__IOBUF' is out of load range (0.002527, 2.145310) of lib_cell 'CLKBUFX8AL9'
  load 0.000000 at pin 'O' of cell 'C_228__IOBUF' is out of load range (0.002527, 2.145310) of lib_cell 'CLKBUFX8AL9'
  load 0.001643 at pin 'O' of cell 'PLACE_FE_OFC421_N_335__IOBUF' is out of load range (0.002527, 0.268164) of lib_cell 'CLKINVX1AL9'
  load 0.000000 at pin 'O' of cell 'C_193__IOBUF' is out of load range (0.002527, 2.145310) of lib_cell 'CLKBUFX8AL9'
  load 0.000000 at pin 'O' of cell 'C_334__IOBUF' is out of load range (0.002527, 2.145310) of lib_cell 'CLKBUFX8AL9'
  load 0.000000 at pin 'O' of cell 'C_319__IOBUF' is out of load range (0.002527, 2.145310) of lib_cell 'CLKBUFX8AL9'
  load 0.000000 at pin 'O' of cell 'C_440__IOBUF' is out of load range (0.002527, 2.145310) of lib_cell 'CLKBUFX8AL9'
  load 0.000000 at pin 'O' of cell 'C_190__IOBUF' is out of load range (0.002527, 2.145310) of lib_cell 'CLKBUFX8AL9'
  load 0.000000 at pin 'O' of cell 'C_425__IOBUF' is out of load range (0.002527, 2.145310) of lib_cell 'CLKBUFX8AL9'
  load 0.000000 at pin 'O' of cell 'C_175__IOBUF' is out of load range (0.002527, 2.145310) of lib_cell 'CLKBUFX8AL9'
  load 0.000000 at pin 'O' of cell 'C_281__IOBUF' is out of load range (0.002527, 2.145310) of lib_cell 'CLKBUFX8AL9'
  load 0.000000 at pin 'O' of cell 'C_516__IOBUF' is out of load range (0.002527, 2.145310) of lib_cell 'CLKBUFX8AL9'
  ramp 0.000000 at pin 'I' of cell 'C_0__IOBUF' is out of ramp range (0.006078, 1.176400) of lib_cell 'CLKBUFX8AL9'
  load 0.000000 at pin 'O' of cell 'C_266__IOBUF' is out of load range (0.002527, 2.145310) of lib_cell 'CLKBUFX8AL9'
  load 0.000000 at pin 'O' of cell 'C_372__IOBUF' is out of load range (0.002527, 2.145310) of lib_cell 'CLKBUFX8AL9'
  load 0.000000 at pin 'O' of cell 'C_357__IOBUF' is out of load range (0.002527, 2.145310) of lib_cell 'CLKBUFX8AL9'
  load 0.000000 at pin 'O' of cell 'C_463__IOBUF' is out of load range (0.002527, 2.145310) of lib_cell 'CLKBUFX8AL9'
  load 0.000000 at pin 'O' of cell 'C_448__IOBUF' is out of load range (0.002527, 2.145310) of lib_cell 'CLKBUFX8AL9'
  load 0.000000 at pin 'O' of cell 'C_198__IOBUF' is out of load range (0.002527, 2.145310) of lib_cell 'CLKBUFX8AL9'
  load 0.000000 at pin 'O' of cell 'C_339__IOBUF' is out of load range (0.002527, 2.145310) of lib_cell 'CLKBUFX8AL9'
  load 0.000000 at pin 'O' of cell 'C_460__IOBUF' is out of load range (0.002527, 2.145310) of lib_cell 'CLKBUFX8AL9'
  ramp 0.000000 at pin 'I' of cell 'C_10__IOBUF' is out of ramp range (0.006078, 1.176400) of lib_cell 'CLKBUFX8AL9'
  load 0.000000 at pin 'O' of cell 'C_445__IOBUF' is out of load range (0.002527, 2.145310) of lib_cell 'CLKBUFX8AL9'
  load 0.000000 at pin 'O' of cell 'C_195__IOBUF' is out of load range (0.002527, 2.145310) of lib_cell 'CLKBUFX8AL9'
  load 0.000000 at pin 'O' of cell 'C_286__IOBUF' is out of load range (0.002527, 2.145310) of lib_cell 'CLKBUFX8AL9'
  ramp 0.000000 at pin 'I' of cell 'C_5__IOBUF' is out of ramp range (0.006078, 1.176400) of lib_cell 'CLKBUFX8AL9'
  load 0.000000 at pin 'O' of cell 'C_392__IOBUF' is out of load range (0.002527, 2.145310) of lib_cell 'CLKBUFX8AL9'
  load 0.000000 at pin 'O' of cell 'C_377__IOBUF' is out of load range (0.002527, 2.145310) of lib_cell 'CLKBUFX8AL9'
  load 0.000000 at pin 'O' of cell 'C_483__IOBUF' is out of load range (0.002527, 2.145310) of lib_cell 'CLKBUFX8AL9'
  load 0.001628 at pin 'O' of cell 'C_33__IOBUF' is out of load range (0.002527, 2.145310) of lib_cell 'CLKBUFX8AL9'
  ramp 0.000000 at pin 'I' of cell 'C_33__IOBUF' is out of ramp range (0.006078, 1.176400) of lib_cell 'CLKBUFX8AL9'
  load 0.000000 at pin 'O' of cell 'C_468__IOBUF' is out of load range (0.002527, 2.145310) of lib_cell 'CLKBUFX8AL9'
  load 0.001628 at pin 'O' of cell 'C_18__IOBUF' is out of load range (0.002527, 2.145310) of lib_cell 'CLKBUFX8AL9'
  ramp 0.000000 at pin 'I' of cell 'C_18__IOBUF' is out of ramp range (0.006078, 1.176400) of lib_cell 'CLKBUFX8AL9'
  load 0.001628 at pin 'O' of cell 'C_30__IOBUF' is out of load range (0.002527, 2.145310) of lib_cell 'CLKBUFX8AL9'
  ramp 0.000000 at pin 'I' of cell 'C_30__IOBUF' is out of ramp range (0.006078, 1.176400) of lib_cell 'CLKBUFX8AL9'
  load 0.000000 at pin 'O' of cell 'C_465__IOBUF' is out of load range (0.002527, 2.145310) of lib_cell 'CLKBUFX8AL9'
  load 0.001637 at pin 'O' of cell 'C_15__IOBUF' is out of load range (0.002527, 2.145310) of lib_cell 'CLKBUFX8AL9'
  ramp 0.000000 at pin 'I' of cell 'C_15__IOBUF' is out of ramp range (0.006078, 1.176400) of lib_cell 'CLKBUFX8AL9'
  load 0.000000 at pin 'O' of cell 'C_104__IOBUF' is out of load range (0.002527, 2.145310) of lib_cell 'CLKBUFX8AL9'
  load 0.000000 at pin 'O' of cell 'C_397__IOBUF' is out of load range (0.002527, 2.145310) of lib_cell 'CLKBUFX8AL9'
  load 0.000000 at pin 'O' of cell 'C_210__IOBUF' is out of load range (0.002527, 2.145310) of lib_cell 'CLKBUFX8AL9'
  load 0.000000 at pin 'O' of cell 'C_53__IOBUF' is out of load range (0.002527, 2.145310) of lib_cell 'CLKBUFX8AL9'
  load 0.000000 at pin 'O' of cell 'C_101__IOBUF' is out of load range (0.002527, 2.145310) of lib_cell 'CLKBUFX8AL9'
  load 0.000000 at pin 'O' of cell 'C_488__IOBUF' is out of load range (0.002527, 2.145310) of lib_cell 'CLKBUFX8AL9'
  load 0.001628 at pin 'O' of cell 'C_38__IOBUF' is out of load range (0.002527, 2.145310) of lib_cell 'CLKBUFX8AL9'
  ramp 0.000000 at pin 'I' of cell 'C_38__IOBUF' is out of ramp range (0.006078, 1.176400) of lib_cell 'CLKBUFX8AL9'
  load 0.001628 at pin 'O' of cell 'C_35__IOBUF' is out of load range (0.002527, 2.145310) of lib_cell 'CLKBUFX8AL9'
  ramp 0.000000 at pin 'I' of cell 'C_35__IOBUF' is out of ramp range (0.006078, 1.176400) of lib_cell 'CLKBUFX8AL9'
  load 0.000000 at pin 'O' of cell 'C_124__IOBUF' is out of load range (0.002527, 2.145310) of lib_cell 'CLKBUFX8AL9'
  load 0.000000 at pin 'O' of cell 'C_109__IOBUF' is out of load range (0.002527, 2.145310) of lib_cell 'CLKBUFX8AL9'
  load 0.000000 at pin 'O' of cell 'C_230__IOBUF' is out of load range (0.002527, 2.145310) of lib_cell 'CLKBUFX8AL9'
  load 0.000000 at pin 'O' of cell 'C_73__IOBUF' is out of load range (0.002527, 2.145310) of lib_cell 'CLKBUFX8AL9'
  load 0.000000 at pin 'O' of cell 'C_215__IOBUF' is out of load range (0.002527, 2.145310) of lib_cell 'CLKBUFX8AL9'
  load 0.000000 at pin 'O' of cell 'C_58__IOBUF' is out of load range (0.002527, 2.145310) of lib_cell 'CLKBUFX8AL9'
  load 0.000000 at pin 'O' of cell 'C_321__IOBUF' is out of load range (0.002527, 2.145310) of lib_cell 'CLKBUFX8AL9'
  load 0.000000 at pin 'O' of cell 'C_212__IOBUF' is out of load range (0.002527, 2.145310) of lib_cell 'CLKBUFX8AL9'
  load 0.000000 at pin 'O' of cell 'C_303__IOBUF' is out of load range (0.002527, 2.145310) of lib_cell 'CLKBUFX8AL9'
  load 0.001643 at pin 'O' of cell 'PLACE_FE_OFC103_N_478__IOBUF' is out of load range (0.002527, 0.134082) of lib_cell 'INVX05AL9'
  load 0.000000 at pin 'O' of cell 'C_144__IOBUF' is out of load range (0.002527, 2.145310) of lib_cell 'CLKBUFX8AL9'
  load 0.000000 at pin 'O' of cell 'C_129__IOBUF' is out of load range (0.002527, 2.145310) of lib_cell 'CLKBUFX8AL9'
  load 0.000000 at pin 'O' of cell 'C_500__IOBUF' is out of load range (0.002527, 2.145310) of lib_cell 'CLKBUFX8AL9'
  load 0.000000 at pin 'O' of cell 'C_250__IOBUF' is out of load range (0.002527, 2.145310) of lib_cell 'CLKBUFX8AL9'
  load 0.000000 at pin 'O' of cell 'C_93__IOBUF' is out of load range (0.002527, 2.145310) of lib_cell 'CLKBUFX8AL9'
  load 0.000000 at pin 'O' of cell 'C_235__IOBUF' is out of load range (0.002527, 2.145310) of lib_cell 'CLKBUFX8AL9'
  load 0.000000 at pin 'O' of cell 'C_78__IOBUF' is out of load range (0.002527, 2.145310) of lib_cell 'CLKBUFX8AL9'
  load 0.000000 at pin 'O' of cell 'C_341__IOBUF' is out of load range (0.002527, 2.145310) of lib_cell 'CLKBUFX8AL9'
  load 0.000000 at pin 'O' of cell 'C_326__IOBUF' is out of load range (0.002527, 2.145310) of lib_cell 'CLKBUFX8AL9'
  load 0.000000 at pin 'O' of cell 'C_217__IOBUF' is out of load range (0.002527, 2.145310) of lib_cell 'CLKBUFX8AL9'
  load 0.000000 at pin 'O' of cell 'C_182__IOBUF' is out of load range (0.002527, 2.145310) of lib_cell 'CLKBUFX8AL9'
  load 0.000000 at pin 'O' of cell 'C_323__IOBUF' is out of load range (0.002527, 2.145310) of lib_cell 'CLKBUFX8AL9'
  load 0.000000 at pin 'O' of cell 'C_308__IOBUF' is out of load range (0.002527, 2.145310) of lib_cell 'CLKBUFX8AL9'
  load 0.000000 at pin 'O' of cell 'C_414__IOBUF' is out of load range (0.002527, 2.145310) of lib_cell 'CLKBUFX8AL9'
  load 0.000000 at pin 'O' of cell 'C_164__IOBUF' is out of load range (0.002527, 2.145310) of lib_cell 'CLKBUFX8AL9'
  load 0.000000 at pin 'O' of cell 'C_149__IOBUF' is out of load range (0.002527, 2.145310) of lib_cell 'CLKBUFX8AL9'
  load 0.000000 at pin 'O' of cell 'C_520__IOBUF' is out of load range (0.002527, 2.145310) of lib_cell 'CLKBUFX8AL9'
  load 0.000000 at pin 'O' of cell 'C_270__IOBUF' is out of load range (0.002527, 2.145310) of lib_cell 'CLKBUFX8AL9'
  load 0.000000 at pin 'O' of cell 'C_505__IOBUF' is out of load range (0.002527, 2.145310) of lib_cell 'CLKBUFX8AL9'
  load 0.000000 at pin 'O' of cell 'C_255__IOBUF' is out of load range (0.002527, 2.145310) of lib_cell 'CLKBUFX8AL9'
  load 0.000000 at pin 'O' of cell 'C_98__IOBUF' is out of load range (0.002527, 2.145310) of lib_cell 'CLKBUFX8AL9'
  load 0.000000 at pin 'O' of cell 'C_361__IOBUF' is out of load range (0.002527, 2.145310) of lib_cell 'CLKBUFX8AL9'
  load 0.000000 at pin 'O' of cell 'C_346__IOBUF' is out of load range (0.002527, 2.145310) of lib_cell 'CLKBUFX8AL9'
  load 0.000000 at pin 'O' of cell 'C_452__IOBUF' is out of load range (0.002527, 2.145310) of lib_cell 'CLKBUFX8AL9'
  load 0.000000 at pin 'O' of cell 'C_437__IOBUF' is out of load range (0.002527, 2.145310) of lib_cell 'CLKBUFX8AL9'
  load 0.000000 at pin 'O' of cell 'C_187__IOBUF' is out of load range (0.002527, 2.145310) of lib_cell 'CLKBUFX8AL9'
  load 0.000000 at pin 'O' of cell 'C_328__IOBUF' is out of load range (0.002527, 2.145310) of lib_cell 'CLKBUFX8AL9'
  load 0.000000 at pin 'O' of cell 'C_434__IOBUF' is out of load range (0.002527, 2.145310) of lib_cell 'CLKBUFX8AL9'
  load 0.000000 at pin 'O' of cell 'C_184__IOBUF' is out of load range (0.002527, 2.145310) of lib_cell 'CLKBUFX8AL9'
  load 0.000000 at pin 'O' of cell 'C_419__IOBUF' is out of load range (0.002527, 2.145310) of lib_cell 'CLKBUFX8AL9'
  load 0.000000 at pin 'O' of cell 'C_169__IOBUF' is out of load range (0.002527, 2.145310) of lib_cell 'CLKBUFX8AL9'
  load 0.000000 at pin 'O' of cell 'C_290__IOBUF' is out of load range (0.002527, 2.145310) of lib_cell 'CLKBUFX8AL9'
  load 0.000000 at pin 'O' of cell 'C_525__IOBUF' is out of load range (0.002527, 2.145310) of lib_cell 'CLKBUFX8AL9'
  load 0.000000 at pin 'O' of cell 'C_275__IOBUF' is out of load range (0.002527, 2.145310) of lib_cell 'CLKBUFX8AL9'
  load 0.000000 at pin 'O' of cell 'C_381__IOBUF' is out of load range (0.002527, 2.145310) of lib_cell 'CLKBUFX8AL9'
  load 0.000000 at pin 'O' of cell 'C_366__IOBUF' is out of load range (0.002527, 2.145310) of lib_cell 'CLKBUFX8AL9'
  load 0.001643 at pin 'O' of cell 'PLACE_FE_OFC415_N_338__IOBUF' is out of load range (0.002527, 0.268164) of lib_cell 'CLKINVX1AL9'
  load 0.000000 at pin 'O' of cell 'C_472__IOBUF' is out of load range (0.002527, 2.145310) of lib_cell 'CLKBUFX8AL9'
  load 0.001628 at pin 'O' of cell 'C_22__IOBUF' is out of load range (0.002527, 2.145310) of lib_cell 'CLKBUFX8AL9'
  ramp 0.000000 at pin 'I' of cell 'C_22__IOBUF' is out of ramp range (0.006078, 1.176400) of lib_cell 'CLKBUFX8AL9'
  load 0.000000 at pin 'O' of cell 'C_457__IOBUF' is out of load range (0.002527, 2.145310) of lib_cell 'CLKBUFX8AL9'
  load 0.000000 at pin 'O' of cell 'C_454__IOBUF' is out of load range (0.002527, 2.145310) of lib_cell 'CLKBUFX8AL9'
  load 0.000000 at pin 'O' of cell 'C_439__IOBUF' is out of load range (0.002527, 2.145310) of lib_cell 'CLKBUFX8AL9'
  load 0.000000 at pin 'O' of cell 'C_189__IOBUF' is out of load range (0.002527, 2.145310) of lib_cell 'CLKBUFX8AL9'
  load 0.000000 at pin 'O' of cell 'C_295__IOBUF' is out of load range (0.002527, 2.145310) of lib_cell 'CLKBUFX8AL9'
  load 0.000000 at pin 'O' of cell 'C_386__IOBUF' is out of load range (0.002527, 2.145310) of lib_cell 'CLKBUFX8AL9'
  load 0.000000 at pin 'O' of cell 'C_492__IOBUF' is out of load range (0.002527, 2.145310) of lib_cell 'CLKBUFX8AL9'
  load 0.001628 at pin 'O' of cell 'C_42__IOBUF' is out of load range (0.002527, 2.145310) of lib_cell 'CLKBUFX8AL9'
  ramp 0.000000 at pin 'I' of cell 'C_42__IOBUF' is out of ramp range (0.006078, 1.176400) of lib_cell 'CLKBUFX8AL9'
  load 0.000000 at pin 'O' of cell 'C_477__IOBUF' is out of load range (0.002527, 2.145310) of lib_cell 'CLKBUFX8AL9'
  load 0.001628 at pin 'O' of cell 'C_27__IOBUF' is out of load range (0.002527, 2.145310) of lib_cell 'CLKBUFX8AL9'
  ramp 0.000000 at pin 'I' of cell 'C_27__IOBUF' is out of ramp range (0.006078, 1.176400) of lib_cell 'CLKBUFX8AL9'
  load 0.001628 at pin 'O' of cell 'C_24__IOBUF' is out of load range (0.002527, 2.145310) of lib_cell 'CLKBUFX8AL9'
  ramp 0.000000 at pin 'I' of cell 'C_24__IOBUF' is out of ramp range (0.006078, 1.176400) of lib_cell 'CLKBUFX8AL9'
  load 0.000000 at pin 'O' of cell 'C_459__IOBUF' is out of load range (0.002527, 2.145310) of lib_cell 'CLKBUFX8AL9'
  load 0.000000 at pin 'O' of cell 'C_113__IOBUF' is out of load range (0.002527, 2.145310) of lib_cell 'CLKBUFX8AL9'
  load 0.000000 at pin 'O' of cell 'C_62__IOBUF' is out of load range (0.002527, 2.145310) of lib_cell 'CLKBUFX8AL9'
  load 0.000000 at pin 'O' of cell 'C_204__IOBUF' is out of load range (0.002527, 2.145310) of lib_cell 'CLKBUFX8AL9'
  load 0.000000 at pin 'O' of cell 'C_497__IOBUF' is out of load range (0.002527, 2.145310) of lib_cell 'CLKBUFX8AL9'
  load 0.001628 at pin 'O' of cell 'C_47__IOBUF' is out of load range (0.002527, 2.145310) of lib_cell 'CLKBUFX8AL9'
  ramp 0.000000 at pin 'I' of cell 'C_47__IOBUF' is out of ramp range (0.006078, 1.176400) of lib_cell 'CLKBUFX8AL9'
  load 0.000000 at pin 'O' of cell 'C_310__IOBUF' is out of load range (0.002527, 2.145310) of lib_cell 'CLKBUFX8AL9'
  load 0.000000 at pin 'O' of cell 'C_201__IOBUF' is out of load range (0.002527, 2.145310) of lib_cell 'CLKBUFX8AL9'
  load 0.001628 at pin 'O' of cell 'C_29__IOBUF' is out of load range (0.002527, 2.145310) of lib_cell 'CLKBUFX8AL9'
  ramp 0.000000 at pin 'I' of cell 'C_29__IOBUF' is out of ramp range (0.006078, 1.176400) of lib_cell 'CLKBUFX8AL9'
  load 0.000000 at pin 'O' of cell 'C_133__IOBUF' is out of load range (0.002527, 2.145310) of lib_cell 'CLKBUFX8AL9'
  load 0.001643 at pin 'O' of cell 'PLACE_FE_OFC425_N_333__IOBUF' is out of load range (0.002527, 0.268164) of lib_cell 'CLKINVX1AL9'
  load 0.000000 at pin 'O' of cell 'C_118__IOBUF' is out of load range (0.002527, 2.145310) of lib_cell 'CLKBUFX8AL9'
  load 0.000000 at pin 'O' of cell 'C_82__IOBUF' is out of load range (0.002527, 2.145310) of lib_cell 'CLKBUFX8AL9'
  load 0.000000 at pin 'O' of cell 'C_224__IOBUF' is out of load range (0.002527, 2.145310) of lib_cell 'CLKBUFX8AL9'
  load 0.000000 at pin 'O' of cell 'C_67__IOBUF' is out of load range (0.002527, 2.145310) of lib_cell 'CLKBUFX8AL9'
  load 0.000000 at pin 'O' of cell 'C_209__IOBUF' is out of load range (0.002527, 2.145310) of lib_cell 'CLKBUFX8AL9'
  load 0.000000 at pin 'O' of cell 'C_330__IOBUF' is out of load range (0.002527, 2.145310) of lib_cell 'CLKBUFX8AL9'
  load 0.001643 at pin 'O' of cell 'PLACE_FE_OFC629_N_384__IOBUF' is out of load range (0.002527, 0.080449) of lib_cell 'INVX03AL9'
  load 0.000000 at pin 'O' of cell 'C_315__IOBUF' is out of load range (0.002527, 2.145310) of lib_cell 'CLKBUFX8AL9'
  load 0.000000 at pin 'O' of cell 'C_206__IOBUF' is out of load range (0.002527, 2.145310) of lib_cell 'CLKBUFX8AL9'
  load 0.000000 at pin 'O' of cell 'C_421__IOBUF' is out of load range (0.002527, 2.145310) of lib_cell 'CLKBUFX8AL9'
  load 0.000000 at pin 'O' of cell 'C_171__IOBUF' is out of load range (0.002527, 2.145310) of lib_cell 'CLKBUFX8AL9'
  load 0.000000 at pin 'O' of cell 'C_312__IOBUF' is out of load range (0.002527, 2.145310) of lib_cell 'CLKBUFX8AL9'
  load 0.000000 at pin 'O' of cell 'C_403__IOBUF' is out of load range (0.002527, 2.145310) of lib_cell 'CLKBUFX8AL9'
  load 0.000000 at pin 'O' of cell 'C_153__IOBUF' is out of load range (0.002527, 2.145310) of lib_cell 'CLKBUFX8AL9'
  load 0.000000 at pin 'O' of cell 'C_138__IOBUF' is out of load range (0.002527, 2.145310) of lib_cell 'CLKBUFX8AL9'
  load 0.000000 at pin 'O' of cell 'C_244__IOBUF' is out of load range (0.002527, 2.145310) of lib_cell 'CLKBUFX8AL9'
  load 0.000000 at pin 'O' of cell 'C_87__IOBUF' is out of load range (0.002527, 2.145310) of lib_cell 'CLKBUFX8AL9'
  load 0.000000 at pin 'O' of cell 'C_229__IOBUF' is out of load range (0.002527, 2.145310) of lib_cell 'CLKBUFX8AL9'
  load 0.000000 at pin 'O' of cell 'C_350__IOBUF' is out of load range (0.002527, 2.145310) of lib_cell 'CLKBUFX8AL9'
  load 0.000000 at pin 'O' of cell 'C_335__IOBUF' is out of load range (0.002527, 2.145310) of lib_cell 'CLKBUFX8AL9'
  load 0.000000 at pin 'O' of cell 'C_441__IOBUF' is out of load range (0.002527, 2.145310) of lib_cell 'CLKBUFX8AL9'
  load 0.000000 at pin 'O' of cell 'C_191__IOBUF' is out of load range (0.002527, 2.145310) of lib_cell 'CLKBUFX8AL9'
  load 0.000000 at pin 'O' of cell 'C_426__IOBUF' is out of load range (0.002527, 2.145310) of lib_cell 'CLKBUFX8AL9'
  load 0.000000 at pin 'O' of cell 'C_176__IOBUF' is out of load range (0.002527, 2.145310) of lib_cell 'CLKBUFX8AL9'
  load 0.000000 at pin 'O' of cell 'C_317__IOBUF' is out of load range (0.002527, 2.145310) of lib_cell 'CLKBUFX8AL9'
  load 0.000000 at pin 'O' of cell 'C_423__IOBUF' is out of load range (0.002527, 2.145310) of lib_cell 'CLKBUFX8AL9'
  ramp 0.000000 at pin 'I' of cell 'C_1__IOBUF' is out of ramp range (0.006078, 1.176400) of lib_cell 'CLKBUFX8AL9'
  load 0.000000 at pin 'O' of cell 'C_173__IOBUF' is out of load range (0.002527, 2.145310) of lib_cell 'CLKBUFX8AL9'
  load 0.000000 at pin 'O' of cell 'C_408__IOBUF' is out of load range (0.002527, 2.145310) of lib_cell 'CLKBUFX8AL9'
  load 0.000000 at pin 'O' of cell 'C_158__IOBUF' is out of load range (0.002527, 2.145310) of lib_cell 'CLKBUFX8AL9'
  load 0.000000 at pin 'O' of cell 'C_514__IOBUF' is out of load range (0.002527, 2.145310) of lib_cell 'CLKBUFX8AL9'
  load 0.000000 at pin 'O' of cell 'C_264__IOBUF' is out of load range (0.002527, 2.145310) of lib_cell 'CLKBUFX8AL9'
  load 0.000000 at pin 'O' of cell 'C_249__IOBUF' is out of load range (0.002527, 2.145310) of lib_cell 'CLKBUFX8AL9'
  load 0.000000 at pin 'O' of cell 'C_370__IOBUF' is out of load range (0.002527, 2.145310) of lib_cell 'CLKBUFX8AL9'
  load 0.000000 at pin 'O' of cell 'C_355__IOBUF' is out of load range (0.002527, 2.145310) of lib_cell 'CLKBUFX8AL9'
  load 0.000000 at pin 'O' of cell 'C_461__IOBUF' is out of load range (0.002527, 2.145310) of lib_cell 'CLKBUFX8AL9'
  ramp 0.000000 at pin 'I' of cell 'C_11__IOBUF' is out of ramp range (0.006078, 1.176400) of lib_cell 'CLKBUFX8AL9'
  load 0.000000 at pin 'O' of cell 'C_446__IOBUF' is out of load range (0.002527, 2.145310) of lib_cell 'CLKBUFX8AL9'
  load 0.000000 at pin 'O' of cell 'C_196__IOBUF' is out of load range (0.002527, 2.145310) of lib_cell 'CLKBUFX8AL9'
  ramp 0.000000 at pin 'D1' of cell 'u_LOGIC_CENTER/CLKGEN_U0/U_DCLK0_OD_DIV2/CLK_DIV_NEG_PRE_reg' is out of ramp range (0.006078, 1.176400) of lib_cell 'AND2DFFRBQX4AL9'
  load 0.001607 at pin 'O' of cell 'u_LOGIC_CENTER/CLKGEN_U0/U_DCLK0_DIV1P5/ccopt_inst__ccl_a_inv_00034' is out of load range (0.002527, 1.072660) of lib_cell 'CLKINVX4AL9'
  load 0.001848 at pin 'O' of cell 'u_LOGIC_CENTER/CLKGEN_U0/U8' is out of load range (0.002527, 0.134082) of lib_cell 'AO22X05AL9'
  ramp 0.000000 at pin 'TE' of cell 'u_LOGIC_CENTER/CLKGEN_U0/CG_CELL_SETTING_DCLK0_DIV/CG_CELL' is out of ramp range (0.006078, 1.176400) of lib_cell 'GCKHBQX8AL9'
  load 0.001607 at pin 'O' of cell 'u_LOGIC_CENTER/CLKGEN_U0/U_DCLK0_OD_DIV1P5/ccopt_inst__ccl_a_inv_00022' is out of load range (0.002527, 4.290620) of lib_cell 'CLKINVX16AL9'
  load 0.001628 at pin 'O' of cell 'u_LOGIC_CENTER/CLKGEN_U0/U_DCLK0_OD_DIV1P5/ccopt_inst__cse_inv_00006' is out of load range (0.002527, 0.268164) of lib_cell 'INVX1AL9'
  ramp 0.000000 at pin 'D1' of cell 'u_LOGIC_CENTER/CLKGEN_U1/U_DCLK1_OD_DIV1P5/SAMP_CNT_0_INV_reg' is out of ramp range (0.006078, 1.176400) of lib_cell 'AND2DFFRBQX2AL9'
  ramp 0.000000 at pin 'D1' of cell 'u_LOGIC_CENTER/CLKGEN_U1/U_DCLK1_OD_DIV2/CLK_DIV_NEG_PRE_reg' is out of ramp range (0.006078, 1.176400) of lib_cell 'AND2DFFRBQX1AL9'
  ramp 0.000000 at pin 'I' of cell 'u_LOGIC_CENTER/GMA_OBUF/BUF_PGMA_MNT_NEG_0' is out of ramp range (0.006078, 1.176400) of lib_cell 'BUFX1AL9'
  ramp 0.000000 at pin 'I' of cell 'u_LOGIC_CENTER/GMA_OBUF/BUF_PGMA_MNT_POS_0' is out of ramp range (0.006078, 1.176400) of lib_cell 'BUFX1AL9'
  ramp 0.000000 at pin 'I' of cell 'u_LOGIC_CENTER/GMA_OBUF/BUF_PGMA_MNT_NEG_1' is out of ramp range (0.006078, 1.176400) of lib_cell 'BUFX1AL9'
  ramp 0.000000 at pin 'I' of cell 'u_LOGIC_CENTER/GMA_OBUF/BUF_PGMA_MNT_POS_1' is out of ramp range (0.006078, 1.176400) of lib_cell 'BUFX1AL9'
  ramp 0.000000 at pin 'I' of cell 'u_LOGIC_CENTER/GMA_OBUF/BUF_PGMA_MNT_NEG_2' is out of ramp range (0.006078, 1.176400) of lib_cell 'BUFX1AL9'
  ramp 0.000000 at pin 'I' of cell 'u_LOGIC_CENTER/GMA_OBUF/BUF_PGMA_MNT_POS_2' is out of ramp range (0.006078, 1.176400) of lib_cell 'BUFX1AL9'
  load 0.001848 at pin 'O' of cell 'u_LOGIC_CENTER/I2C_CTL/I2C_EN_CTL/U10' is out of load range (0.002527, 0.134082) of lib_cell 'AO22X05AL9'
  load 0.001848 at pin 'OB' of cell 'u_LOGIC_CENTER/I2C_CTL/I2C_EN_CTL/U16' is out of load range (0.002527, 0.268164) of lib_cell 'MUX2BX1AL9'
  load 0.001973 at pin 'Q' of cell 'u_LOGIC_CENTER/I2C_CTL/I2C_ST/STOP_SDA_NEG_reg' is out of load range (0.002527, 0.268164) of lib_cell 'AND2DFFRBQX1AL9'
  load 0.001848 at pin 'O' of cell 'u_LOGIC_CENTER/I2C_CTL/I2C_ST/U86' is out of load range (0.002527, 0.268164) of lib_cell 'AND2B1X1AL9'
  load 0.001973 at pin 'O' of cell 'u_LOGIC_CENTER/I2C_CTL/I2C_ST/U88' is out of load range (0.002527, 0.134082) of lib_cell 'NAND2B1X05AL9'
  load 0.001772 at pin 'O' of cell 'u_LOGIC_CENTER/I2C_CTL/I2C_ST/U89' is out of load range (0.002527, 0.268164) of lib_cell 'AND2B1X1AL9'
  ramp 0.000000 at pin 'D1' of cell 'u_LOGIC_CENTER/I2C_CTL/I2C_ST/START_PULSE_SYNC_reg_1_' is out of ramp range (0.006078, 1.176400) of lib_cell 'AND2DFFRBQX1AL9'
  ramp 0.000000 at pin 'D1' of cell 'u_LOGIC_CENTER/I2C_CTL/I2C_ST/I2C_BIT_CNT_reg_1_' is out of ramp range (0.006078, 1.176400) of lib_cell 'AND2DFFRBQBX1AL9'
  load 0.001848 at pin 'O' of cell 'u_LOGIC_CENTER/I2C_CTL/I2C_ST/U90' is out of load range (0.002527, 0.134082) of lib_cell 'AO13X05AL9'
  load 0.001848 at pin 'O' of cell 'u_LOGIC_CENTER/I2C_CTL/I2C_ST/POSTROUTE_FE_PHC26_START_PULSE_SYNC_1' is out of load range (0.002527, 0.080449) of lib_cell 'BUFX03AL9'
  load 0.001848 at pin 'O' of cell 'u_LOGIC_CENTER/I2C_CTL/I2C_ST/U96' is out of load range (0.002527, 0.134082) of lib_cell 'AO13X05AL9'
  load 0.001973 at pin 'O' of cell 'u_LOGIC_CENTER/I2C_CTL/I2C_ST/U97' is out of load range (0.002527, 0.134082) of lib_cell 'NOR2X05AL9'
  load 0.001848 at pin 'O' of cell 'u_LOGIC_CENTER/I2C_CTL/I2C_ST/U43' is out of load range (0.002527, 0.134082) of lib_cell 'MUX2X05AL9'
  load 0.001848 at pin 'O' of cell 'u_LOGIC_CENTER/I2C_CTL/I2C_ST/U47' is out of load range (0.002527, 0.134082) of lib_cell 'MUX2X05AL9'
  load 0.001848 at pin 'O' of cell 'u_LOGIC_CENTER/I2C_CTL/I2C_ST/PLACE_FE_OFC430_STOP_PULSE' is out of load range (0.002527, 0.080449) of lib_cell 'INVX03AL9'
  load 0.001643 at pin 'O' of cell 'u_LOGIC_CENTER/I2C_CTL/I2C_ST/U6' is out of load range (0.002527, 0.080449) of lib_cell 'INVX03AL9'
  load 0.001848 at pin 'O' of cell 'u_LOGIC_CENTER/I2C_CTL/I2C_ST/U101' is out of load range (0.002527, 0.134082) of lib_cell 'AO222X05AL9'
  load 0.001735 at pin 'O' of cell 'u_LOGIC_CENTER/I2C_CTL/I2C_ST/U7' is out of load range (0.002527, 0.080449) of lib_cell 'INVX03AL9'
  load 0.001848 at pin 'O' of cell 'u_LOGIC_CENTER/I2C_CTL/I2C_ST/U103' is out of load range (0.002527, 0.134082) of lib_cell 'AO222X05AL9'
  load 0.001848 at pin 'O' of cell 'u_LOGIC_CENTER/I2C_CTL/I2C_ST/U51' is out of load range (0.002527, 0.134082) of lib_cell 'MUX2X05AL9'
  load 0.001848 at pin 'O' of cell 'u_LOGIC_CENTER/I2C_CTL/I2C_ST/U105' is out of load range (0.002527, 0.134082) of lib_cell 'AO222X05AL9'
  load 0.001848 at pin 'O' of cell 'u_LOGIC_CENTER/I2C_CTL/I2C_ST/U106' is out of load range (0.002527, 0.134082) of lib_cell 'AO222X05AL9'
  load 0.001848 at pin 'O' of cell 'u_LOGIC_CENTER/I2C_CTL/I2C_ST/U54' is out of load range (0.002527, 0.134082) of lib_cell 'MUX2X05AL9'
  load 0.001848 at pin 'O' of cell 'u_LOGIC_CENTER/I2C_CTL/I2C_ST/U108' is out of load range (0.002527, 0.134082) of lib_cell 'AO222X05AL9'
  load 0.001848 at pin 'O' of cell 'u_LOGIC_CENTER/I2C_CTL/I2C_ST/U57' is out of load range (0.002527, 0.134082) of lib_cell 'MUX2X05AL9'
  load 0.001643 at pin 'O' of cell 'u_LOGIC_CENTER/I2C_CTL/I2C_ST/PLACE_FE_OFC429_STOP_PULSE' is out of load range (0.002527, 0.268164) of lib_cell 'CLKINVX1AL9'
  load 0.001772 at pin 'Q' of cell 'u_LOGIC_CENTER/I2C_CTL/I2C_ST/STOP_PULSE_SYNC_reg_2_' is out of load range (0.002527, 0.134082) of lib_cell 'DFFRBQX05AL9'
  load 0.001848 at pin 'O' of cell 'u_LOGIC_CENTER/I2C_CTL/I2C_ST/U111' is out of load range (0.002527, 0.134082) of lib_cell 'AO222X05AL9'
  load 0.001847 at pin 'O' of cell 'u_LOGIC_CENTER/I2C_CTL/I2C_ST/U116' is out of load range (0.002527, 0.134082) of lib_cell 'NOR2X05AL9'
  ramp 0.000000 at pin 'D1' of cell 'u_LOGIC_CENTER/I2C_CTL/I2C_ST/DATA_ACK_D1_reg' is out of ramp range (0.006078, 1.176400) of lib_cell 'AND2DFFRBQX1AL9'
  ramp 0.000000 at pin 'TE' of cell 'u_LOGIC_CENTER/I2C_CTL/I2C_ST/SNPS_CG_CELL_SCL_INV_REG_DATA_reg_0/latch' is out of ramp range (0.006078, 1.176400) of lib_cell 'GCKHBQX8AL9'
  load 0.001772 at pin 'O' of cell 'u_LOGIC_CENTER/I2C_CTL/I2C_ST/PLACE_FE_OFC386_n54' is out of load range (0.002527, 0.536328) of lib_cell 'CLKINVX2AL9'
  load 0.001628 at pin 'Q' of cell 'u_LOGIC_CENTER/I2C_CTL/I2C_ST/START_PULSE_SYNC_reg_0_' is out of load range (0.002527, 0.268164) of lib_cell 'AND2DFFRBQX1AL9'
  ramp 0.000000 at pin 'I' of cell 'u_LOGIC_CENTER/DC_INBUF/BUF_POFF_CS_SEL_1' is out of ramp range (0.006078, 1.176400) of lib_cell 'BUFX1AL9'
  ramp 0.000000 at pin 'I' of cell 'u_LOGIC_CENTER/DC_INBUF/BUF_PON_CS_SEL_0' is out of ramp range (0.006078, 1.176400) of lib_cell 'BUFX1AL9'
  ramp 0.000000 at pin 'I' of cell 'u_LOGIC_CENTER/DC_INBUF/BUF_POFF_CS_SEL_0' is out of ramp range (0.006078, 1.176400) of lib_cell 'BUFX1AL9'
  ramp 0.000000 at pin 'I' of cell 'u_LOGIC_CENTER/DC_INBUF/BUF_PON_CS_SEL_1' is out of ramp range (0.006078, 1.176400) of lib_cell 'BUFX1AL9'
  load 0.001848 at pin 'O' of cell 'u_LOGIC_CENTER/INBUF_U0/DLY_INDATA0_9/DLY_1' is out of load range (0.002527, 0.080449) of lib_cell 'BUFX03AL9'
  load 0.001848 at pin 'O' of cell 'u_LOGIC_CENTER/INBUF_U0/DLY_INDATA0_10/DLY_1' is out of load range (0.002527, 0.080449) of lib_cell 'BUFX03AL9'
  load 0.001848 at pin 'O' of cell 'u_LOGIC_CENTER/INBUF_U0/DLY_INDATA0_11/DLY_1' is out of load range (0.002527, 0.080449) of lib_cell 'BUFX03AL9'
  load 0.001848 at pin 'O' of cell 'u_LOGIC_CENTER/INBUF_U0/DLY_INDATA0_12/DLY_1' is out of load range (0.002527, 0.080449) of lib_cell 'BUFX03AL9'
  load 0.001848 at pin 'O' of cell 'u_LOGIC_CENTER/INBUF_U0/DLY_INDATA0_13/DLY_1' is out of load range (0.002527, 0.080449) of lib_cell 'BUFX03AL9'
  load 0.001848 at pin 'O' of cell 'u_LOGIC_CENTER/INBUF_U0/DLY_INDATA0_0/DLY_1' is out of load range (0.002527, 0.080449) of lib_cell 'BUFX03AL9'
  load 0.001848 at pin 'O' of cell 'u_LOGIC_CENTER/INBUF_U0/DLY_INDATA0_14/DLY_1' is out of load range (0.002527, 0.080449) of lib_cell 'BUFX03AL9'
  load 0.001848 at pin 'O' of cell 'u_LOGIC_CENTER/INBUF_U0/DLY_INDATA0_1/DLY_1' is out of load range (0.002527, 0.080449) of lib_cell 'BUFX03AL9'
  load 0.001848 at pin 'O' of cell 'u_LOGIC_CENTER/INBUF_U0/DLY_INDATA0_2/DLY_1' is out of load range (0.002527, 0.080449) of lib_cell 'BUFX03AL9'
  load 0.001848 at pin 'O' of cell 'u_LOGIC_CENTER/INBUF_U0/DLY_INDATA0_15/DLY_1' is out of load range (0.002527, 0.080449) of lib_cell 'BUFX03AL9'
  load 0.001848 at pin 'O' of cell 'u_LOGIC_CENTER/INBUF_U0/DLY_INDATA0_16/DLY_1' is out of load range (0.002527, 0.080449) of lib_cell 'BUFX03AL9'
  load 0.001848 at pin 'O' of cell 'u_LOGIC_CENTER/INBUF_U0/DLY_INDATA0_3/DLY_1' is out of load range (0.002527, 0.080449) of lib_cell 'BUFX03AL9'
  load 0.001848 at pin 'O' of cell 'u_LOGIC_CENTER/INBUF_U0/DLY_INDATA0_4/DLY_1' is out of load range (0.002527, 0.080449) of lib_cell 'BUFX03AL9'
  load 0.001848 at pin 'O' of cell 'u_LOGIC_CENTER/INBUF_U0/DLY_INDATA0_5/DLY_1' is out of load range (0.002527, 0.080449) of lib_cell 'BUFX03AL9'
  load 0.001848 at pin 'O' of cell 'u_LOGIC_CENTER/INBUF_U0/DLY_INDATA0_6/DLY_1' is out of load range (0.002527, 0.080449) of lib_cell 'BUFX03AL9'
  load 0.001848 at pin 'O' of cell 'u_LOGIC_CENTER/INBUF_U0/DLY_INDATA0_7/DLY_1' is out of load range (0.002527, 0.080449) of lib_cell 'BUFX03AL9'
  load 0.001848 at pin 'O' of cell 'u_LOGIC_CENTER/INBUF_U0/DLY_INDATA0_8/DLY_1' is out of load range (0.002527, 0.080449) of lib_cell 'BUFX03AL9'
  load 0.001848 at pin 'O' of cell 'u_LOGIC_CENTER/INBUF_U1/DLY_INDATA1_16/DLY_1' is out of load range (0.002527, 0.080449) of lib_cell 'BUFX03AL9'
  load 0.001848 at pin 'O' of cell 'u_LOGIC_CENTER/INBUF_U1/DLY_INDATA1_0/DLY_1' is out of load range (0.002527, 0.080449) of lib_cell 'BUFX03AL9'
  load 0.001848 at pin 'O' of cell 'u_LOGIC_CENTER/INBUF_U1/DLY_INDATA1_1/DLY_1' is out of load range (0.002527, 0.080449) of lib_cell 'BUFX03AL9'
  load 0.001848 at pin 'O' of cell 'u_LOGIC_CENTER/INBUF_U1/DLY_INDATA1_2/DLY_1' is out of load range (0.002527, 0.080449) of lib_cell 'BUFX03AL9'
  load 0.001848 at pin 'O' of cell 'u_LOGIC_CENTER/INBUF_U1/DLY_INDATA1_3/DLY_1' is out of load range (0.002527, 0.080449) of lib_cell 'BUFX03AL9'
  load 0.001848 at pin 'O' of cell 'u_LOGIC_CENTER/INBUF_U1/DLY_INDATA1_4/DLY_1' is out of load range (0.002527, 0.080449) of lib_cell 'BUFX03AL9'
  load 0.001848 at pin 'O' of cell 'u_LOGIC_CENTER/INBUF_U1/DLY_INDATA1_5/DLY_1' is out of load range (0.002527, 0.080449) of lib_cell 'BUFX03AL9'
  load 0.001848 at pin 'O' of cell 'u_LOGIC_CENTER/INBUF_U1/DLY_INDATA1_6/DLY_1' is out of load range (0.002527, 0.080449) of lib_cell 'BUFX03AL9'
  load 0.001848 at pin 'O' of cell 'u_LOGIC_CENTER/INBUF_U1/DLY_INDATA1_7/DLY_1' is out of load range (0.002527, 0.080449) of lib_cell 'BUFX03AL9'
  load 0.001848 at pin 'O' of cell 'u_LOGIC_CENTER/INBUF_U1/DLY_INDATA1_10/DLY_1' is out of load range (0.002527, 0.080449) of lib_cell 'BUFX03AL9'
  load 0.001848 at pin 'O' of cell 'u_LOGIC_CENTER/INBUF_U1/DLY_INDATA1_8/DLY_1' is out of load range (0.002527, 0.080449) of lib_cell 'BUFX03AL9'
  load 0.001848 at pin 'O' of cell 'u_LOGIC_CENTER/INBUF_U1/DLY_INDATA1_11/DLY_1' is out of load range (0.002527, 0.080449) of lib_cell 'BUFX03AL9'
  load 0.001848 at pin 'O' of cell 'u_LOGIC_CENTER/INBUF_U1/DLY_INDATA1_9/DLY_1' is out of load range (0.002527, 0.080449) of lib_cell 'BUFX03AL9'
  load 0.001848 at pin 'O' of cell 'u_LOGIC_CENTER/INBUF_U1/DLY_INDATA1_12/DLY_1' is out of load range (0.002527, 0.080449) of lib_cell 'BUFX03AL9'
  load 0.001848 at pin 'O' of cell 'u_LOGIC_CENTER/INBUF_U1/DLY_INDATA1_13/DLY_1' is out of load range (0.002527, 0.080449) of lib_cell 'BUFX03AL9'
  load 0.001848 at pin 'O' of cell 'u_LOGIC_CENTER/INBUF_U1/DLY_INDATA1_14/DLY_1' is out of load range (0.002527, 0.080449) of lib_cell 'BUFX03AL9'
  load 0.001848 at pin 'O' of cell 'u_LOGIC_CENTER/INBUF_U1/DLY_INDATA1_15/DLY_1' is out of load range (0.002527, 0.080449) of lib_cell 'BUFX03AL9'
  load 0.001607 at pin 'O' of cell 'u_LOGIC_CENTER/ccopt_inst__ccl_inv_00113' is out of load range (0.002527, 1.072660) of lib_cell 'CLKINVX4AL9'
  ramp 0.000000 at pin 'TE' of cell 'u_LOGIC_CENTER/LINK_LOGIC/SNPS_CG_CELL_DCLK1_KEY_RST_18UI_L1_EXTEND_reg_0/latch' is out of ramp range (0.006078, 1.176400) of lib_cell 'GCKHBQX8AL9'
  load 0.001848 at pin 'Q' of cell 'u_LOGIC_CENTER/LINK_LOGIC/CSPI_CMD_ALIGN_L0/I_INDATA_D1_reg_10_' is out of load range (0.002527, 0.134082) of lib_cell 'DFFRBQX05AL9'
  load 0.001668 at pin 'O' of cell 'u_LOGIC_CENTER/LINK_LOGIC/CSPI_CMD_ALIGN_L0/U351' is out of load range (0.002527, 0.268164) of lib_cell 'NAND4X1AL9'
  load 0.001535 at pin 'O' of cell 'u_LOGIC_CENTER/LINK_LOGIC/CSPI_CMD_ALIGN_L0/U353' is out of load range (0.002527, 0.134082) of lib_cell 'AO22X05AL9'
  load 0.001668 at pin 'O' of cell 'u_LOGIC_CENTER/LINK_LOGIC/CSPI_CMD_ALIGN_L0/U354' is out of load range (0.002527, 0.134082) of lib_cell 'AO22X05AL9'
  load 0.001535 at pin 'O' of cell 'u_LOGIC_CENTER/LINK_LOGIC/CSPI_CMD_ALIGN_L0/U355' is out of load range (0.002527, 0.134082) of lib_cell 'AO112X05AL9'
  load 0.001535 at pin 'O' of cell 'u_LOGIC_CENTER/LINK_LOGIC/CSPI_CMD_ALIGN_L0/U161' is out of load range (0.002527, 0.134082) of lib_cell 'AO22X05AL9'
  load 0.001668 at pin 'O' of cell 'u_LOGIC_CENTER/LINK_LOGIC/CSPI_CMD_ALIGN_L0/U162' is out of load range (0.002527, 0.134082) of lib_cell 'AO22X05AL9'
  load 0.001668 at pin 'O' of cell 'u_LOGIC_CENTER/LINK_LOGIC/CSPI_CMD_ALIGN_L0/U364' is out of load range (0.002527, 0.268164) of lib_cell 'NAND4X1AL9'
  load 0.001535 at pin 'O' of cell 'u_LOGIC_CENTER/LINK_LOGIC/CSPI_CMD_ALIGN_L0/U366' is out of load range (0.002527, 0.134082) of lib_cell 'AO22X05AL9'
  load 0.001668 at pin 'O' of cell 'u_LOGIC_CENTER/LINK_LOGIC/CSPI_CMD_ALIGN_L0/U367' is out of load range (0.002527, 0.134082) of lib_cell 'AO22X05AL9'
  load 0.001535 at pin 'O' of cell 'u_LOGIC_CENTER/LINK_LOGIC/CSPI_CMD_ALIGN_L0/U368' is out of load range (0.002527, 0.134082) of lib_cell 'AO112X05AL9'
  load 0.001535 at pin 'O' of cell 'u_LOGIC_CENTER/LINK_LOGIC/CSPI_CMD_ALIGN_L0/U70' is out of load range (0.002527, 0.134082) of lib_cell 'AO22X05AL9'
  load 0.001668 at pin 'O' of cell 'u_LOGIC_CENTER/LINK_LOGIC/CSPI_CMD_ALIGN_L0/U71' is out of load range (0.002527, 0.134082) of lib_cell 'AO22X05AL9'
  load 0.001535 at pin 'O' of cell 'u_LOGIC_CENTER/LINK_LOGIC/CSPI_CMD_ALIGN_L0/U175' is out of load range (0.002527, 0.134082) of lib_cell 'AO22X05AL9'
  load 0.001668 at pin 'O' of cell 'u_LOGIC_CENTER/LINK_LOGIC/CSPI_CMD_ALIGN_L0/U176' is out of load range (0.002527, 0.134082) of lib_cell 'AO22X05AL9'
  load 0.001535 at pin 'O' of cell 'u_LOGIC_CENTER/LINK_LOGIC/CSPI_CMD_ALIGN_L0/U177' is out of load range (0.002527, 0.134082) of lib_cell 'AO112X05AL9'
  load 0.001848 at pin 'Q' of cell 'u_LOGIC_CENTER/LINK_LOGIC/CSPI_CMD_ALIGN_L0/I_INDATA_D1_reg_8_' is out of load range (0.002527, 0.134082) of lib_cell 'DFFRBQX05AL9'
  load 0.001848 at pin 'Q' of cell 'u_LOGIC_CENTER/LINK_LOGIC/CSPI_CMD_ALIGN_L0/I_INDATA_D1_reg_12_' is out of load range (0.002527, 0.134082) of lib_cell 'DFFRBQX05AL9'
  load 0.001668 at pin 'O' of cell 'u_LOGIC_CENTER/LINK_LOGIC/CSPI_CMD_ALIGN_L0/U377' is out of load range (0.002527, 0.268164) of lib_cell 'NAND4X1AL9'
  load 0.001668 at pin 'O' of cell 'u_LOGIC_CENTER/LINK_LOGIC/CSPI_CMD_ALIGN_L0/U187' is out of load range (0.002527, 0.268164) of lib_cell 'NAND4X1AL9'
  load 0.001848 at pin 'Q' of cell 'u_LOGIC_CENTER/LINK_LOGIC/CSPI_CMD_ALIGN_L0/I_INDATA_D1_reg_9_' is out of load range (0.002527, 0.134082) of lib_cell 'DFFRBQX05AL9'
  load 0.001848 at pin 'Q' of cell 'u_LOGIC_CENTER/LINK_LOGIC/CSPI_CMD_ALIGN_L0/I_INDATA_D1_reg_13_' is out of load range (0.002527, 0.134082) of lib_cell 'DFFRBQX05AL9'
  load 0.001535 at pin 'O' of cell 'u_LOGIC_CENTER/LINK_LOGIC/CSPI_CMD_ALIGN_L0/U87' is out of load range (0.002527, 0.134082) of lib_cell 'AO22X05AL9'
  load 0.001668 at pin 'O' of cell 'u_LOGIC_CENTER/LINK_LOGIC/CSPI_CMD_ALIGN_L0/U88' is out of load range (0.002527, 0.134082) of lib_cell 'AO22X05AL9'
  load 0.001535 at pin 'O' of cell 'u_LOGIC_CENTER/LINK_LOGIC/CSPI_CMD_ALIGN_L0/U286' is out of load range (0.002527, 0.134082) of lib_cell 'AO22X05AL9'
  load 0.001668 at pin 'O' of cell 'u_LOGIC_CENTER/LINK_LOGIC/CSPI_CMD_ALIGN_L0/U287' is out of load range (0.002527, 0.134082) of lib_cell 'AO22X05AL9'
  load 0.001535 at pin 'O' of cell 'u_LOGIC_CENTER/LINK_LOGIC/CSPI_CMD_ALIGN_L0/U288' is out of load range (0.002527, 0.134082) of lib_cell 'AO112X05AL9'
  ramp 0.000000 at pin 'TE' of cell 'u_LOGIC_CENTER/LINK_LOGIC/CSPI_CMD_ALIGN_L0/SNPS_CG_CELL_DCLK_DATA_POINT_LAT_TMP_reg_0/latch' is out of ramp range (0.006078, 1.176400) of lib_cell 'GCKHBQX8AL9'
  load 0.001848 at pin 'Q' of cell 'u_LOGIC_CENTER/LINK_LOGIC/CSPI_CMD_ALIGN_L0/I_INDATA_D1_reg_14_' is out of load range (0.002527, 0.134082) of lib_cell 'DFFRBQX05AL9'
  load 0.001535 at pin 'O' of cell 'u_LOGIC_CENTER/LINK_LOGIC/CSPI_CMD_ALIGN_L0/U295' is out of load range (0.002527, 0.268164) of lib_cell 'NAND4X1AL9'
  load 0.001668 at pin 'O' of cell 'u_LOGIC_CENTER/LINK_LOGIC/CSPI_CMD_ALIGN_L0/U296' is out of load range (0.002527, 0.134082) of lib_cell 'AO22X05AL9'
  load 0.001668 at pin 'O' of cell 'u_LOGIC_CENTER/LINK_LOGIC/CSPI_CMD_ALIGN_L0/U297' is out of load range (0.002527, 0.134082) of lib_cell 'AO112X05AL9'
  load 0.001535 at pin 'O' of cell 'u_LOGIC_CENTER/LINK_LOGIC/CSPI_CMD_ALIGN_L0/U299' is out of load range (0.002527, 0.134082) of lib_cell 'AO22X05AL9'
  load 0.001649 at pin 'O' of cell 'u_LOGIC_CENTER/LINK_LOGIC/CSPI_CMD_ALIGN_L0/U390' is out of load range (0.002527, 0.268164) of lib_cell 'XNOR3X1AL9'
  load 0.001700 at pin 'O' of cell 'u_LOGIC_CENTER/LINK_LOGIC/CSPI_CMD_ALIGN_L0/U399' is out of load range (0.002527, 0.268164) of lib_cell 'NAND4X1AL9'
  load 0.001778 at pin 'Q' of cell 'u_LOGIC_CENTER/LINK_LOGIC/CSPI_CMD_ALIGN_L0/I_INDATA_D3_reg_0_' is out of load range (0.002527, 0.134082) of lib_cell 'DFFRBQX05AL9'
  load 0.001848 at pin 'Q' of cell 'u_LOGIC_CENTER/LINK_LOGIC/CSPI_CMD_ALIGN_L0/I_INDATA_D1_reg_15_' is out of load range (0.002527, 0.134082) of lib_cell 'DFFRBQX05AL9'
  load 0.001535 at pin 'O' of cell 'u_LOGIC_CENTER/LINK_LOGIC/CSPI_CMD_ALIGN_L0/U102' is out of load range (0.002527, 0.134082) of lib_cell 'AO22X05AL9'
  load 0.001668 at pin 'O' of cell 'u_LOGIC_CENTER/LINK_LOGIC/CSPI_CMD_ALIGN_L0/U103' is out of load range (0.002527, 0.134082) of lib_cell 'AO22X05AL9'
  load 0.001848 at pin 'O' of cell 'u_LOGIC_CENTER/LINK_LOGIC/CSPI_CMD_ALIGN_L0/iSP_UTC_DET_L0/U150' is out of load range (0.002527, 0.268164) of lib_cell 'XOR2X1AL9'
  load 0.001848 at pin 'O' of cell 'u_LOGIC_CENTER/LINK_LOGIC/CSPI_CMD_ALIGN_L0/iSP_UTC_DET_L0/U153' is out of load range (0.002527, 0.268164) of lib_cell 'XOR2X1AL9'
  load 0.001848 at pin 'O' of cell 'u_LOGIC_CENTER/LINK_LOGIC/CSPI_CMD_ALIGN_L0/iSP_UTC_DET_L0/U155' is out of load range (0.002527, 0.268164) of lib_cell 'XNOR2X1AL9'
  ramp 0.000000 at pin 'TE' of cell 'u_LOGIC_CENTER/LINK_LOGIC/CSPI_CMD_ALIGN_L0/iSP_UTC_DET_L0/SNPS_CG_CELL_DCLK_FRM_UTC_ERR_CNT_reg_0/latch' is out of ramp range (0.006078, 1.176400) of lib_cell 'GCKHBQX8AL9'
  load 0.001848 at pin 'O' of cell 'u_LOGIC_CENTER/LINK_LOGIC/CSPI_CMD_ALIGN_L0/iSP_UTC_DET_L0/U69' is out of load range (0.002527, 0.268164) of lib_cell 'XNOR2X1AL9'
  ramp 0.000000 at pin 'TE' of cell 'u_LOGIC_CENTER/LINK_LOGIC/CSPI_CMD_ALIGN_L0/iSP_UTC_DET_L0/SNPS_CG_CELL_DCLK_UTC_CLR_reg_0/latch' is out of ramp range (0.006078, 1.176400) of lib_cell 'GCKHBQX8AL9'
  load 0.001643 at pin 'S' of cell 'u_LOGIC_CENTER/LINK_LOGIC/CSPI_CMD_ALIGN_L0/iSP_UTC_DET_L0/U176' is out of load range (0.002527, 0.134082) of lib_cell 'FAX05AL9'
  load 0.001768 at pin 'O' of cell 'u_LOGIC_CENTER/LINK_LOGIC/CSPI_CMD_ALIGN_L0/iSP_UTC_DET_L0/U179' is out of load range (0.002527, 0.268164) of lib_cell 'CLKINVX1AL9'
  load 0.001630 at pin 'O' of cell 'u_LOGIC_CENTER/LINK_LOGIC/CSPI_CMD_ALIGN_L0/iSP_UTC_DET_L0/U83' is out of load range (0.002527, 0.134082) of lib_cell 'NAND2X05AL9'
  ramp 0.000000 at pin 'TE' of cell 'u_LOGIC_CENTER/LINK_LOGIC/CSPI_CMD_ALIGN_L0/iSP_UTC_DET_L0/SNPS_CG_CELL_DCLK_DATA_NUM_CNT_reg_0/latch' is out of ramp range (0.006078, 1.176400) of lib_cell 'GCKHBQX8AL9'
  load 0.001535 at pin 'O' of cell 'u_LOGIC_CENTER/LINK_LOGIC/CSPI_CMD_ALIGN_L0/iSP_UTC_DET_L0/U190' is out of load range (0.002527, 0.268164) of lib_cell 'AOI12B2X1AL9'
  ramp 0.000000 at pin 'TE' of cell 'u_LOGIC_CENTER/LINK_LOGIC/CSPI_CMD_ALIGN_L0/iSP_UTC_DET_L0/SNPS_CG_CELL_DCLK_SETTING_CNT_reg_0/latch' is out of ramp range (0.006078, 1.176400) of lib_cell 'GCKHBQX8AL9'
  load 0.001848 at pin 'O' of cell 'u_LOGIC_CENTER/LINK_LOGIC/CSPI_CMD_ALIGN_L0/iSP_UTC_DET_L0/U199' is out of load range (0.002527, 0.134082) of lib_cell 'NOR2X05AL9'
  load 0.001848 at pin 'O' of cell 'u_LOGIC_CENTER/LINK_LOGIC/CSPI_CMD_ALIGN_L0/iSP_UTC_DET_L0/U98' is out of load range (0.002527, 0.268164) of lib_cell 'XNOR2X1AL9'
  load 0.001848 at pin 'O' of cell 'u_LOGIC_CENTER/LINK_LOGIC/CSPI_CMD_ALIGN_L0/iSP_UTC_DET_L0/U101' is out of load range (0.002527, 0.268164) of lib_cell 'XNOR2X1AL9'
  load 0.001848 at pin 'O' of cell 'u_LOGIC_CENTER/LINK_LOGIC/CSPI_CMD_ALIGN_L0/iSP_UTC_DET_L0/U103' is out of load range (0.002527, 0.268164) of lib_cell 'XOR2X1AL9'
  load 0.001848 at pin 'O' of cell 'u_LOGIC_CENTER/LINK_LOGIC/CSPI_CMD_ALIGN_L0/iSP_UTC_DET_L0/U204' is out of load range (0.002527, 0.134082) of lib_cell 'OA112X05AL9'
  load 0.001643 at pin 'Q' of cell 'u_LOGIC_CENTER/LINK_LOGIC/CSPI_CMD_ALIGN_L0/iSP_UTC_DET_L0/SETTING_CNT_reg_4_' is out of load range (0.002527, 0.134082) of lib_cell 'DFFRBQX05AL9'
  load 0.001848 at pin 'O' of cell 'u_LOGIC_CENTER/LINK_LOGIC/CSPI_CMD_ALIGN_L0/iSP_UTC_DET_L0/U216' is out of load range (0.002527, 0.134082) of lib_cell 'AO122X05AL9'
  load 0.001848 at pin 'O' of cell 'u_LOGIC_CENTER/LINK_LOGIC/CSPI_CMD_ALIGN_L0/iSP_UTC_DET_L0/U219' is out of load range (0.002527, 0.268164) of lib_cell 'OAI12B2X1AL9'
  load 0.001630 at pin 'O' of cell 'u_LOGIC_CENTER/LINK_LOGIC/CSPI_CMD_ALIGN_L0/iSP_UTC_DET_L0/U126' is out of load range (0.002527, 0.134082) of lib_cell 'NAND2X05AL9'
  load 0.001848 at pin 'O' of cell 'u_LOGIC_CENTER/LINK_LOGIC/CSPI_CMD_ALIGN_L0/iSP_UTC_DET_L0/U221' is out of load range (0.002527, 0.268164) of lib_cell 'OAI12B2X1AL9'
  load 0.001848 at pin 'O' of cell 'u_LOGIC_CENTER/LINK_LOGIC/CSPI_CMD_ALIGN_L0/iSP_UTC_DET_L0/U223' is out of load range (0.002527, 0.134082) of lib_cell 'NAND2X05AL9'
  load 0.001765 at pin 'O' of cell 'u_LOGIC_CENTER/LINK_LOGIC/CSPI_CMD_ALIGN_L0/iSP_UTC_DET_L0/U227' is out of load range (0.002527, 0.134082) of lib_cell 'NOR2X05AL9'
  load 0.001973 at pin 'O' of cell 'u_LOGIC_CENTER/LINK_LOGIC/CSPI_CMD_ALIGN_L0/iSP_UTC_DET_L0/U228' is out of load range (0.002527, 0.080449) of lib_cell 'INVX03AL9'
  load 0.001848 at pin 'O' of cell 'u_LOGIC_CENTER/LINK_LOGIC/CSPI_CMD_ALIGN_L0/iSP_UTC_DET_L0/U132' is out of load range (0.002527, 0.268164) of lib_cell 'XOR2X1AL9'
  load 0.001848 at pin 'O' of cell 'u_LOGIC_CENTER/LINK_LOGIC/CSPI_CMD_ALIGN_L0/iSP_UTC_DET_L0/U139' is out of load range (0.002527, 0.268164) of lib_cell 'XOR2X1AL9'
  load 0.001848 at pin 'O' of cell 'u_LOGIC_CENTER/LINK_LOGIC/CSPI_CMD_ALIGN_L0/iSP_UTC_DET_L0/U230' is out of load range (0.002527, 0.134082) of lib_cell 'AO13X05AL9'
  load 0.001768 at pin 'O' of cell 'u_LOGIC_CENTER/LINK_LOGIC/CSPI_CMD_ALIGN_L0/iSP_UTC_DET_L0/U36' is out of load range (0.002527, 0.080449) of lib_cell 'INVX03AL9'
  load 0.001717 at pin 'O' of cell 'u_LOGIC_CENTER/LINK_LOGIC/CSPI_CMD_ALIGN_L0/iSP_UTC_DET_L0/U38' is out of load range (0.002527, 0.080449) of lib_cell 'INVX03AL9'
  load 0.001925 at pin 'O' of cell 'u_LOGIC_CENTER/LINK_LOGIC/CSPI_CMD_ALIGN_L0/iSP_UTC_DET_L0/U238' is out of load range (0.002527, 0.268164) of lib_cell 'NAND4B1X1AL9'
  load 0.001807 at pin 'O' of cell 'u_LOGIC_CENTER/LINK_LOGIC/CSPI_CMD_ALIGN_L0/iSP_UTC_DET_L0/U239' is out of load range (0.002527, 0.134082) of lib_cell 'OA13X05AL9'
  load 0.001643 at pin 'Q' of cell 'u_LOGIC_CENTER/LINK_LOGIC/CSPI_CMD_ALIGN_L0/iSP_UTC_DET_L0/ENA_TIME_D1_reg' is out of load range (0.002527, 0.134082) of lib_cell 'DFFRBQX05AL9'
  load 0.001848 at pin 'O' of cell 'u_LOGIC_CENTER/LINK_LOGIC/CSPI_CMD_ALIGN_L0/iSP_UTC_DET_L0/U143' is out of load range (0.002527, 0.268164) of lib_cell 'XOR2X1AL9'
  load 0.001848 at pin 'O' of cell 'u_LOGIC_CENTER/LINK_LOGIC/CSPI_CMD_ALIGN_L0/iSP_UTC_DET_L0/U146' is out of load range (0.002527, 0.268164) of lib_cell 'XOR2X1AL9'
  load 0.001848 at pin 'O' of cell 'u_LOGIC_CENTER/LINK_LOGIC/CSPI_CMD_ALIGN_L0/iSP_UTC_DET_L0/U240' is out of load range (0.002527, 0.134082) of lib_cell 'AO112X05AL9'
  load 0.001848 at pin 'O' of cell 'u_LOGIC_CENTER/LINK_LOGIC/CSPI_CMD_ALIGN_L0/U201' is out of load range (0.002527, 0.080449) of lib_cell 'INVX03AL9'
  load 0.001535 at pin 'O' of cell 'u_LOGIC_CENTER/LINK_LOGIC/CSPI_CMD_ALIGN_L0/U202' is out of load range (0.002527, 0.134082) of lib_cell 'AO22X05AL9'
  load 0.001668 at pin 'O' of cell 'u_LOGIC_CENTER/LINK_LOGIC/CSPI_CMD_ALIGN_L0/U203' is out of load range (0.002527, 0.134082) of lib_cell 'AO22X05AL9'
  load 0.001535 at pin 'O' of cell 'u_LOGIC_CENTER/LINK_LOGIC/CSPI_CMD_ALIGN_L0/U204' is out of load range (0.002527, 0.134082) of lib_cell 'AO112X05AL9'
  load 0.001668 at pin 'O' of cell 'u_LOGIC_CENTER/LINK_LOGIC/CSPI_CMD_ALIGN_L0/U300' is out of load range (0.002527, 0.134082) of lib_cell 'AO22X05AL9'
  load 0.001535 at pin 'O' of cell 'u_LOGIC_CENTER/LINK_LOGIC/CSPI_CMD_ALIGN_L0/U301' is out of load range (0.002527, 0.134082) of lib_cell 'AO112X05AL9'
  load 0.001535 at pin 'O' of cell 'u_LOGIC_CENTER/LINK_LOGIC/CSPI_CMD_ALIGN_L0/U308' is out of load range (0.002527, 0.268164) of lib_cell 'NAND4X1AL9'
  load 0.001668 at pin 'O' of cell 'u_LOGIC_CENTER/LINK_LOGIC/CSPI_CMD_ALIGN_L0/U309' is out of load range (0.002527, 0.134082) of lib_cell 'AO22X05AL9'
  load 0.001848 at pin 'Q' of cell 'u_LOGIC_CENTER/LINK_LOGIC/CSPI_CMD_ALIGN_L0/I_INDATA_D1_reg_16_' is out of load range (0.002527, 0.134082) of lib_cell 'DFFRBQX05AL9'
  load 0.001925 at pin 'O' of cell 'u_LOGIC_CENTER/LINK_LOGIC/CSPI_CMD_ALIGN_L0/U408' is out of load range (0.002527, 0.268164) of lib_cell 'NAND4X1AL9'
  load 0.001535 at pin 'O' of cell 'u_LOGIC_CENTER/LINK_LOGIC/CSPI_CMD_ALIGN_L0/U118' is out of load range (0.002527, 0.134082) of lib_cell 'AO22X05AL9'
  load 0.001668 at pin 'O' of cell 'u_LOGIC_CENTER/LINK_LOGIC/CSPI_CMD_ALIGN_L0/U119' is out of load range (0.002527, 0.134082) of lib_cell 'AO22X05AL9'
  load 0.001535 at pin 'O' of cell 'u_LOGIC_CENTER/LINK_LOGIC/CSPI_CMD_ALIGN_L0/U211' is out of load range (0.002527, 0.268164) of lib_cell 'NAND4X1AL9'
  load 0.001668 at pin 'O' of cell 'u_LOGIC_CENTER/LINK_LOGIC/CSPI_CMD_ALIGN_L0/U212' is out of load range (0.002527, 0.134082) of lib_cell 'AO22X05AL9'
  load 0.001668 at pin 'O' of cell 'u_LOGIC_CENTER/LINK_LOGIC/CSPI_CMD_ALIGN_L0/U213' is out of load range (0.002527, 0.134082) of lib_cell 'AO112X05AL9'
  load 0.001668 at pin 'O' of cell 'u_LOGIC_CENTER/LINK_LOGIC/CSPI_CMD_ALIGN_L0/U19' is out of load range (0.002527, 0.134082) of lib_cell 'AO22X05AL9'
  load 0.001535 at pin 'O' of cell 'u_LOGIC_CENTER/LINK_LOGIC/CSPI_CMD_ALIGN_L0/U215' is out of load range (0.002527, 0.134082) of lib_cell 'AO22X05AL9'
  load 0.001535 at pin 'O' of cell 'u_LOGIC_CENTER/LINK_LOGIC/CSPI_CMD_ALIGN_L0/U216' is out of load range (0.002527, 0.134082) of lib_cell 'AO112X05AL9'
  load 0.001668 at pin 'O' of cell 'u_LOGIC_CENTER/LINK_LOGIC/CSPI_CMD_ALIGN_L0/U310' is out of load range (0.002527, 0.134082) of lib_cell 'AO112X05AL9'
  load 0.001535 at pin 'O' of cell 'u_LOGIC_CENTER/LINK_LOGIC/CSPI_CMD_ALIGN_L0/U312' is out of load range (0.002527, 0.134082) of lib_cell 'AO22X05AL9'
  load 0.001668 at pin 'O' of cell 'u_LOGIC_CENTER/LINK_LOGIC/CSPI_CMD_ALIGN_L0/U313' is out of load range (0.002527, 0.134082) of lib_cell 'AO22X05AL9'
  load 0.001535 at pin 'O' of cell 'u_LOGIC_CENTER/LINK_LOGIC/CSPI_CMD_ALIGN_L0/U314' is out of load range (0.002527, 0.134082) of lib_cell 'AO112X05AL9'
  load 0.001848 at pin 'Q' of cell 'u_LOGIC_CENTER/LINK_LOGIC/CSPI_CMD_ALIGN_L0/I_INDATA_D1_reg_17_' is out of load range (0.002527, 0.268164) of lib_cell 'AND2DFFRBQX1AL9'
  ramp 0.000000 at pin 'D1' of cell 'u_LOGIC_CENTER/LINK_LOGIC/CSPI_CMD_ALIGN_L0/I_INDATA_D1_reg_17_' is out of ramp range (0.006078, 1.176400) of lib_cell 'AND2DFFRBQX1AL9'
  load 0.001535 at pin 'O' of cell 'u_LOGIC_CENTER/LINK_LOGIC/CSPI_CMD_ALIGN_L0/U224' is out of load range (0.002527, 0.268164) of lib_cell 'NAND4X1AL9'
  load 0.001668 at pin 'O' of cell 'u_LOGIC_CENTER/LINK_LOGIC/CSPI_CMD_ALIGN_L0/U225' is out of load range (0.002527, 0.134082) of lib_cell 'AO22X05AL9'
  load 0.001668 at pin 'O' of cell 'u_LOGIC_CENTER/LINK_LOGIC/CSPI_CMD_ALIGN_L0/U226' is out of load range (0.002527, 0.134082) of lib_cell 'AO112X05AL9'
  load 0.001768 at pin 'O' of cell 'u_LOGIC_CENTER/LINK_LOGIC/CSPI_CMD_ALIGN_L0/PLACE_FE_OFC229_CPUWR_R_BAC' is out of load range (0.002527, 0.134082) of lib_cell 'INVX05AL9'
  load 0.001668 at pin 'O' of cell 'u_LOGIC_CENTER/LINK_LOGIC/CSPI_CMD_ALIGN_L0/U324' is out of load range (0.002527, 0.268164) of lib_cell 'NAND4B1X1AL9'
  load 0.001535 at pin 'O' of cell 'u_LOGIC_CENTER/LINK_LOGIC/CSPI_CMD_ALIGN_L0/U326' is out of load range (0.002527, 0.134082) of lib_cell 'AO22X05AL9'
  load 0.001668 at pin 'O' of cell 'u_LOGIC_CENTER/LINK_LOGIC/CSPI_CMD_ALIGN_L0/U327' is out of load range (0.002527, 0.134082) of lib_cell 'AO22X05AL9'
  load 0.001535 at pin 'O' of cell 'u_LOGIC_CENTER/LINK_LOGIC/CSPI_CMD_ALIGN_L0/U328' is out of load range (0.002527, 0.134082) of lib_cell 'AO112X05AL9'
  load 0.001535 at pin 'O' of cell 'u_LOGIC_CENTER/LINK_LOGIC/CSPI_CMD_ALIGN_L0/U133' is out of load range (0.002527, 0.134082) of lib_cell 'AO22X05AL9'
  load 0.001668 at pin 'O' of cell 'u_LOGIC_CENTER/LINK_LOGIC/CSPI_CMD_ALIGN_L0/U134' is out of load range (0.002527, 0.134082) of lib_cell 'AO22X05AL9'
  load 0.001535 at pin 'O' of cell 'u_LOGIC_CENTER/LINK_LOGIC/CSPI_CMD_ALIGN_L0/U39' is out of load range (0.002527, 0.134082) of lib_cell 'AO22X05AL9'
  load 0.001668 at pin 'O' of cell 'u_LOGIC_CENTER/LINK_LOGIC/CSPI_CMD_ALIGN_L0/U338' is out of load range (0.002527, 0.268164) of lib_cell 'NAND4X1AL9'
  load 0.001668 at pin 'O' of cell 'u_LOGIC_CENTER/LINK_LOGIC/CSPI_CMD_ALIGN_L0/U42' is out of load range (0.002527, 0.134082) of lib_cell 'AO22X05AL9'
  load 0.001535 at pin 'O' of cell 'u_LOGIC_CENTER/LINK_LOGIC/CSPI_CMD_ALIGN_L0/U146' is out of load range (0.002527, 0.134082) of lib_cell 'AO22X05AL9'
  load 0.001668 at pin 'O' of cell 'u_LOGIC_CENTER/LINK_LOGIC/CSPI_CMD_ALIGN_L0/U147' is out of load range (0.002527, 0.134082) of lib_cell 'AO22X05AL9'
  load 0.001535 at pin 'O' of cell 'u_LOGIC_CENTER/LINK_LOGIC/CSPI_CMD_ALIGN_L0/U340' is out of load range (0.002527, 0.134082) of lib_cell 'AO22X05AL9'
  load 0.001668 at pin 'O' of cell 'u_LOGIC_CENTER/LINK_LOGIC/CSPI_CMD_ALIGN_L0/U341' is out of load range (0.002527, 0.134082) of lib_cell 'AO22X05AL9'
  load 0.001535 at pin 'O' of cell 'u_LOGIC_CENTER/LINK_LOGIC/CSPI_CMD_ALIGN_L0/U342' is out of load range (0.002527, 0.134082) of lib_cell 'AO112X05AL9'
  load 0.001643 at pin 'Q' of cell 'u_LOGIC_CENTER/LINK_LOGIC/CSPI_WD_BWDBL_POST/WD_CNT_reg_4_' is out of load range (0.002527, 0.268164) of lib_cell 'AND2DFFRBQX1AL9'
  load 0.001848 at pin 'Q' of cell 'u_LOGIC_CENTER/LINK_LOGIC/CSPI_WD_BWDBL_POST/BAC_CMD_TOG_DLY_L1_reg_0_' is out of load range (0.002527, 0.134082) of lib_cell 'DFFRBQX05AL9'
  load 0.001643 at pin 'Q' of cell 'u_LOGIC_CENTER/LINK_LOGIC/CSPI_WD_BWDBL_POST/WD_CNT_reg_2_' is out of load range (0.002527, 0.268164) of lib_cell 'AND2DFFRBQX1AL9'
  ramp 0.000000 at pin 'D1' of cell 'u_LOGIC_CENTER/LINK_LOGIC/CSPI_WD_BWDBL_POST/BAC_CMD_TOG_DLY_L1_reg_3_' is out of ramp range (0.006078, 1.176400) of lib_cell 'AND2DFFRBQX1AL9'
  load 0.001848 at pin 'Q' of cell 'u_LOGIC_CENTER/LINK_LOGIC/CSPI_WD_BWDBL_POST/BAC_CMD_TOG_DLY_L0_reg_0_' is out of load range (0.002527, 0.134082) of lib_cell 'DFFRBQX05AL9'
  ramp 0.000000 at pin 'D1' of cell 'u_LOGIC_CENTER/LINK_LOGIC/CSPI_WD_BWDBL_POST/BAC_CMD_TOG_DLY_L0_reg_3_' is out of ramp range (0.006078, 1.176400) of lib_cell 'AND2DFFRBQBX1AL9'
  load 0.001848 at pin 'O' of cell 'u_LOGIC_CENTER/LINK_LOGIC/CSPI_WD_BWDBL_POST/U61' is out of load range (0.002527, 0.134082) of lib_cell 'OA12X05AL9'
  load 0.001643 at pin 'Q' of cell 'u_LOGIC_CENTER/LINK_LOGIC/CSPI_WD_BWDBL_POST/WD_CNT_reg_6_' is out of load range (0.002527, 0.268164) of lib_cell 'AND2DFFRBQX1AL9'
  load 0.001700 at pin 'O' of cell 'u_LOGIC_CENTER/LINK_LOGIC/CSPI_WD_BWDBL_POST/U13' is out of load range (0.002527, 0.268164) of lib_cell 'AND3X1AL9'
  load 0.001925 at pin 'O' of cell 'u_LOGIC_CENTER/LINK_LOGIC/CSPI_WD_BWDBL_POST/U16' is out of load range (0.002527, 0.134082) of lib_cell 'OA13X05AL9'
  load 0.001535 at pin 'O' of cell 'u_LOGIC_CENTER/LINK_LOGIC/CSPI_CMD_ALIGN_L1/U150' is out of load range (0.002527, 0.134082) of lib_cell 'AO22X05AL9'
  load 0.001668 at pin 'O' of cell 'u_LOGIC_CENTER/LINK_LOGIC/CSPI_CMD_ALIGN_L1/U151' is out of load range (0.002527, 0.134082) of lib_cell 'AO22X05AL9'
  load 0.001535 at pin 'O' of cell 'u_LOGIC_CENTER/LINK_LOGIC/CSPI_CMD_ALIGN_L1/U152' is out of load range (0.002527, 0.134082) of lib_cell 'AO112X05AL9'
  load 0.001848 at pin 'Q' of cell 'u_LOGIC_CENTER/LINK_LOGIC/CSPI_CMD_ALIGN_L1/I_INDATA_D1_reg_10_' is out of load range (0.002527, 0.134082) of lib_cell 'DFFRBQX05AL9'
  load 0.001848 at pin 'O' of cell 'u_LOGIC_CENTER/LINK_LOGIC/CSPI_CMD_ALIGN_L1/U254' is out of load range (0.002527, 0.134082) of lib_cell 'NOR2X05AL9'
  load 0.001848 at pin 'O' of cell 'u_LOGIC_CENTER/LINK_LOGIC/CSPI_CMD_ALIGN_L1/U255' is out of load range (0.002527, 0.134082) of lib_cell 'NOR2X05AL9'
  load 0.001848 at pin 'O' of cell 'u_LOGIC_CENTER/LINK_LOGIC/CSPI_CMD_ALIGN_L1/U256' is out of load range (0.002527, 0.134082) of lib_cell 'NOR2X05AL9'
  load 0.001848 at pin 'O' of cell 'u_LOGIC_CENTER/LINK_LOGIC/CSPI_CMD_ALIGN_L1/U257' is out of load range (0.002527, 0.134082) of lib_cell 'NOR2X05AL9'
  load 0.001535 at pin 'O' of cell 'u_LOGIC_CENTER/LINK_LOGIC/CSPI_CMD_ALIGN_L1/U258' is out of load range (0.002527, 0.134082) of lib_cell 'AO22X05AL9'
  ramp 0.000000 at pin 'D1' of cell 'u_LOGIC_CENTER/LINK_LOGIC/CSPI_CMD_ALIGN_L1/I_INDATA_D3_reg_15_' is out of ramp range (0.006078, 1.176400) of lib_cell 'AND2DFFRBQBX1AL9'
  load 0.001668 at pin 'O' of cell 'u_LOGIC_CENTER/LINK_LOGIC/CSPI_CMD_ALIGN_L1/U259' is out of load range (0.002527, 0.134082) of lib_cell 'AO22X05AL9'
  load 0.001668 at pin 'O' of cell 'u_LOGIC_CENTER/LINK_LOGIC/CSPI_CMD_ALIGN_L1/U350' is out of load range (0.002527, 0.268164) of lib_cell 'NAND4X1AL9'
  load 0.001535 at pin 'O' of cell 'u_LOGIC_CENTER/LINK_LOGIC/CSPI_CMD_ALIGN_L1/U352' is out of load range (0.002527, 0.134082) of lib_cell 'AO22X05AL9'
  load 0.001668 at pin 'O' of cell 'u_LOGIC_CENTER/LINK_LOGIC/CSPI_CMD_ALIGN_L1/U353' is out of load range (0.002527, 0.134082) of lib_cell 'AO22X05AL9'
  load 0.001535 at pin 'O' of cell 'u_LOGIC_CENTER/LINK_LOGIC/CSPI_CMD_ALIGN_L1/U354' is out of load range (0.002527, 0.134082) of lib_cell 'AO112X05AL9'
  load 0.001668 at pin 'O' of cell 'u_LOGIC_CENTER/LINK_LOGIC/CSPI_CMD_ALIGN_L1/U161' is out of load range (0.002527, 0.268164) of lib_cell 'NAND4X1AL9'
  load 0.001535 at pin 'O' of cell 'u_LOGIC_CENTER/LINK_LOGIC/CSPI_CMD_ALIGN_L1/U163' is out of load range (0.002527, 0.134082) of lib_cell 'AO22X05AL9'
  load 0.001668 at pin 'O' of cell 'u_LOGIC_CENTER/LINK_LOGIC/CSPI_CMD_ALIGN_L1/U164' is out of load range (0.002527, 0.134082) of lib_cell 'AO22X05AL9'
  load 0.001535 at pin 'O' of cell 'u_LOGIC_CENTER/LINK_LOGIC/CSPI_CMD_ALIGN_L1/U165' is out of load range (0.002527, 0.134082) of lib_cell 'AO112X05AL9'
  load 0.001848 at pin 'Q' of cell 'u_LOGIC_CENTER/LINK_LOGIC/CSPI_CMD_ALIGN_L1/I_INDATA_D1_reg_11_' is out of load range (0.002527, 0.134082) of lib_cell 'DFFRBQX05AL9'
  load 0.001535 at pin 'O' of cell 'u_LOGIC_CENTER/LINK_LOGIC/CSPI_CMD_ALIGN_L1/U260' is out of load range (0.002527, 0.134082) of lib_cell 'AO112X05AL9'
  load 0.001535 at pin 'O' of cell 'u_LOGIC_CENTER/LINK_LOGIC/CSPI_CMD_ALIGN_L1/U268' is out of load range (0.002527, 0.268164) of lib_cell 'NAND4X1AL9'
  load 0.001668 at pin 'O' of cell 'u_LOGIC_CENTER/LINK_LOGIC/CSPI_CMD_ALIGN_L1/U269' is out of load range (0.002527, 0.134082) of lib_cell 'AO22X05AL9'
  load 0.001668 at pin 'O' of cell 'u_LOGIC_CENTER/LINK_LOGIC/CSPI_CMD_ALIGN_L1/U363' is out of load range (0.002527, 0.268164) of lib_cell 'NAND4X1AL9'
  load 0.001535 at pin 'O' of cell 'u_LOGIC_CENTER/LINK_LOGIC/CSPI_CMD_ALIGN_L1/U365' is out of load range (0.002527, 0.134082) of lib_cell 'AO22X05AL9'
  load 0.001668 at pin 'O' of cell 'u_LOGIC_CENTER/LINK_LOGIC/CSPI_CMD_ALIGN_L1/U366' is out of load range (0.002527, 0.134082) of lib_cell 'AO22X05AL9'
  load 0.001535 at pin 'O' of cell 'u_LOGIC_CENTER/LINK_LOGIC/CSPI_CMD_ALIGN_L1/U367' is out of load range (0.002527, 0.134082) of lib_cell 'AO112X05AL9'
  load 0.001668 at pin 'O' of cell 'u_LOGIC_CENTER/LINK_LOGIC/CSPI_CMD_ALIGN_L1/U71' is out of load range (0.002527, 0.268164) of lib_cell 'NAND4X1AL9'
  load 0.001668 at pin 'O' of cell 'u_LOGIC_CENTER/LINK_LOGIC/CSPI_CMD_ALIGN_L1/U175' is out of load range (0.002527, 0.268164) of lib_cell 'NAND4X1AL9'
  load 0.001535 at pin 'O' of cell 'u_LOGIC_CENTER/LINK_LOGIC/CSPI_CMD_ALIGN_L1/U73' is out of load range (0.002527, 0.134082) of lib_cell 'AO22X05AL9'
  load 0.001535 at pin 'O' of cell 'u_LOGIC_CENTER/LINK_LOGIC/CSPI_CMD_ALIGN_L1/U177' is out of load range (0.002527, 0.134082) of lib_cell 'AO22X05AL9'
  load 0.001668 at pin 'O' of cell 'u_LOGIC_CENTER/LINK_LOGIC/CSPI_CMD_ALIGN_L1/U74' is out of load range (0.002527, 0.134082) of lib_cell 'AO22X05AL9'
  load 0.001668 at pin 'O' of cell 'u_LOGIC_CENTER/LINK_LOGIC/CSPI_CMD_ALIGN_L1/U178' is out of load range (0.002527, 0.134082) of lib_cell 'AO22X05AL9'
  load 0.001535 at pin 'O' of cell 'u_LOGIC_CENTER/LINK_LOGIC/CSPI_CMD_ALIGN_L1/U75' is out of load range (0.002527, 0.134082) of lib_cell 'AO112X05AL9'
  load 0.001535 at pin 'O' of cell 'u_LOGIC_CENTER/LINK_LOGIC/CSPI_CMD_ALIGN_L1/U179' is out of load range (0.002527, 0.134082) of lib_cell 'AO112X05AL9'
  load 0.001848 at pin 'Q' of cell 'u_LOGIC_CENTER/LINK_LOGIC/CSPI_CMD_ALIGN_L1/I_INDATA_D1_reg_8_' is out of load range (0.002527, 0.134082) of lib_cell 'DFFRBQX05AL9'
  load 0.001848 at pin 'Q' of cell 'u_LOGIC_CENTER/LINK_LOGIC/CSPI_CMD_ALIGN_L1/I_INDATA_D1_reg_12_' is out of load range (0.002527, 0.134082) of lib_cell 'DFFRBQX05AL9'
  load 0.001668 at pin 'O' of cell 'u_LOGIC_CENTER/LINK_LOGIC/CSPI_CMD_ALIGN_L1/U270' is out of load range (0.002527, 0.134082) of lib_cell 'AO112X05AL9'
  load 0.001535 at pin 'O' of cell 'u_LOGIC_CENTER/LINK_LOGIC/CSPI_CMD_ALIGN_L1/U272' is out of load range (0.002527, 0.134082) of lib_cell 'AO22X05AL9'
  load 0.001668 at pin 'O' of cell 'u_LOGIC_CENTER/LINK_LOGIC/CSPI_CMD_ALIGN_L1/U273' is out of load range (0.002527, 0.134082) of lib_cell 'AO22X05AL9'
  load 0.001535 at pin 'O' of cell 'u_LOGIC_CENTER/LINK_LOGIC/CSPI_CMD_ALIGN_L1/U274' is out of load range (0.002527, 0.134082) of lib_cell 'AO112X05AL9'
  load 0.001668 at pin 'O' of cell 'u_LOGIC_CENTER/LINK_LOGIC/CSPI_CMD_ALIGN_L1/U376' is out of load range (0.002527, 0.268164) of lib_cell 'NAND4X1AL9'
  load 0.001668 at pin 'O' of cell 'u_LOGIC_CENTER/LINK_LOGIC/CSPI_CMD_ALIGN_L1/U188' is out of load range (0.002527, 0.268164) of lib_cell 'NAND4X1AL9'
  load 0.001848 at pin 'Q' of cell 'u_LOGIC_CENTER/LINK_LOGIC/CSPI_CMD_ALIGN_L1/I_INDATA_D1_reg_13_' is out of load range (0.002527, 0.134082) of lib_cell 'DFFRBQX05AL9'
  load 0.001535 at pin 'O' of cell 'u_LOGIC_CENTER/LINK_LOGIC/CSPI_CMD_ALIGN_L1/U281' is out of load range (0.002527, 0.268164) of lib_cell 'NAND4X1AL9'
  load 0.001668 at pin 'O' of cell 'u_LOGIC_CENTER/LINK_LOGIC/CSPI_CMD_ALIGN_L1/U282' is out of load range (0.002527, 0.134082) of lib_cell 'AO22X05AL9'
  load 0.001668 at pin 'O' of cell 'u_LOGIC_CENTER/LINK_LOGIC/CSPI_CMD_ALIGN_L1/U88' is out of load range (0.002527, 0.268164) of lib_cell 'NAND4X1AL9'
  load 0.001668 at pin 'O' of cell 'u_LOGIC_CENTER/LINK_LOGIC/CSPI_CMD_ALIGN_L1/U283' is out of load range (0.002527, 0.134082) of lib_cell 'AO112X05AL9'
  load 0.001535 at pin 'O' of cell 'u_LOGIC_CENTER/LINK_LOGIC/CSPI_CMD_ALIGN_L1/U285' is out of load range (0.002527, 0.134082) of lib_cell 'AO22X05AL9'
  load 0.001535 at pin 'O' of cell 'u_LOGIC_CENTER/LINK_LOGIC/CSPI_CMD_ALIGN_L1/U286' is out of load range (0.002527, 0.134082) of lib_cell 'AO112X05AL9'
  ramp 0.000000 at pin 'TE' of cell 'u_LOGIC_CENTER/LINK_LOGIC/CSPI_CMD_ALIGN_L1/SNPS_CG_CELL_DCLK_DATA_POINT_LAT_TMP_reg_0/latch' is out of ramp range (0.006078, 1.176400) of lib_cell 'GCKHBQX8AL9'
  load 0.001649 at pin 'O' of cell 'u_LOGIC_CENTER/LINK_LOGIC/CSPI_CMD_ALIGN_L1/U389' is out of load range (0.002527, 0.268164) of lib_cell 'XNOR3X1AL9'
  load 0.001535 at pin 'O' of cell 'u_LOGIC_CENTER/LINK_LOGIC/CSPI_CMD_ALIGN_L1/U90' is out of load range (0.002527, 0.134082) of lib_cell 'AO22X05AL9'
  load 0.001668 at pin 'O' of cell 'u_LOGIC_CENTER/LINK_LOGIC/CSPI_CMD_ALIGN_L1/U91' is out of load range (0.002527, 0.134082) of lib_cell 'AO22X05AL9'
  load 0.001535 at pin 'O' of cell 'u_LOGIC_CENTER/LINK_LOGIC/CSPI_CMD_ALIGN_L1/U92' is out of load range (0.002527, 0.134082) of lib_cell 'AO112X05AL9'
  load 0.001848 at pin 'Q' of cell 'u_LOGIC_CENTER/LINK_LOGIC/CSPI_CMD_ALIGN_L1/I_INDATA_D1_reg_14_' is out of load range (0.002527, 0.134082) of lib_cell 'DFFRBQX05AL9'
  load 0.001535 at pin 'O' of cell 'u_LOGIC_CENTER/LINK_LOGIC/CSPI_CMD_ALIGN_L1/U294' is out of load range (0.002527, 0.268164) of lib_cell 'NAND4X1AL9'
  load 0.001668 at pin 'O' of cell 'u_LOGIC_CENTER/LINK_LOGIC/CSPI_CMD_ALIGN_L1/U295' is out of load range (0.002527, 0.134082) of lib_cell 'AO22X05AL9'
  load 0.001668 at pin 'O' of cell 'u_LOGIC_CENTER/LINK_LOGIC/CSPI_CMD_ALIGN_L1/U296' is out of load range (0.002527, 0.134082) of lib_cell 'AO112X05AL9'
  load 0.001535 at pin 'O' of cell 'u_LOGIC_CENTER/LINK_LOGIC/CSPI_CMD_ALIGN_L1/U298' is out of load range (0.002527, 0.134082) of lib_cell 'AO22X05AL9'
  load 0.001668 at pin 'O' of cell 'u_LOGIC_CENTER/LINK_LOGIC/CSPI_CMD_ALIGN_L1/U299' is out of load range (0.002527, 0.134082) of lib_cell 'AO22X05AL9'
  load 0.001700 at pin 'O' of cell 'u_LOGIC_CENTER/LINK_LOGIC/CSPI_CMD_ALIGN_L1/U398' is out of load range (0.002527, 0.268164) of lib_cell 'NAND4X1AL9'
  load 0.001778 at pin 'Q' of cell 'u_LOGIC_CENTER/LINK_LOGIC/CSPI_CMD_ALIGN_L1/I_INDATA_D3_reg_0_' is out of load range (0.002527, 0.134082) of lib_cell 'DFFRBQX05AL9'
  load 0.001848 at pin 'Q' of cell 'u_LOGIC_CENTER/LINK_LOGIC/CSPI_CMD_ALIGN_L1/I_INDATA_D1_reg_15_' is out of load range (0.002527, 0.134082) of lib_cell 'DFFRBQX05AL9'
  load 0.001668 at pin 'O' of cell 'u_LOGIC_CENTER/LINK_LOGIC/CSPI_CMD_ALIGN_L1/U103' is out of load range (0.002527, 0.268164) of lib_cell 'NAND4X1AL9'
  load 0.001535 at pin 'O' of cell 'u_LOGIC_CENTER/LINK_LOGIC/CSPI_CMD_ALIGN_L1/U105' is out of load range (0.002527, 0.134082) of lib_cell 'AO22X05AL9'
  load 0.001668 at pin 'O' of cell 'u_LOGIC_CENTER/LINK_LOGIC/CSPI_CMD_ALIGN_L1/U106' is out of load range (0.002527, 0.134082) of lib_cell 'AO22X05AL9'
  load 0.001535 at pin 'O' of cell 'u_LOGIC_CENTER/LINK_LOGIC/CSPI_CMD_ALIGN_L1/U107' is out of load range (0.002527, 0.134082) of lib_cell 'AO112X05AL9'
  load 0.001848 at pin 'O' of cell 'u_LOGIC_CENTER/LINK_LOGIC/CSPI_CMD_ALIGN_L1/iSP_UTC_DET_L1/U150' is out of load range (0.002527, 0.268164) of lib_cell 'XOR2X1AL9'
  load 0.001848 at pin 'O' of cell 'u_LOGIC_CENTER/LINK_LOGIC/CSPI_CMD_ALIGN_L1/iSP_UTC_DET_L1/U153' is out of load range (0.002527, 0.268164) of lib_cell 'XOR2X1AL9'
  load 0.001848 at pin 'O' of cell 'u_LOGIC_CENTER/LINK_LOGIC/CSPI_CMD_ALIGN_L1/iSP_UTC_DET_L1/U155' is out of load range (0.002527, 0.268164) of lib_cell 'XNOR2X1AL9'
  ramp 0.000000 at pin 'TE' of cell 'u_LOGIC_CENTER/LINK_LOGIC/CSPI_CMD_ALIGN_L1/iSP_UTC_DET_L1/SNPS_CG_CELL_DCLK_FRM_UTC_ERR_CNT_reg_0/latch' is out of ramp range (0.006078, 1.176400) of lib_cell 'GCKHBQX8AL9'
  load 0.001768 at pin 'O' of cell 'u_LOGIC_CENTER/LINK_LOGIC/CSPI_CMD_ALIGN_L1/iSP_UTC_DET_L1/U166' is out of load range (0.002527, 0.134082) of lib_cell 'NAND3X05AL9'
  load 0.001768 at pin 'O' of cell 'u_LOGIC_CENTER/LINK_LOGIC/CSPI_CMD_ALIGN_L1/iSP_UTC_DET_L1/U168' is out of load range (0.002527, 0.134082) of lib_cell 'NAND3X05AL9'
  ramp 0.000000 at pin 'TE' of cell 'u_LOGIC_CENTER/LINK_LOGIC/CSPI_CMD_ALIGN_L1/iSP_UTC_DET_L1/SNPS_CG_CELL_DCLK_UTC_CLR_reg_0/latch' is out of ramp range (0.006078, 1.176400) of lib_cell 'GCKHBQX8AL9'
  load 0.001643 at pin 'S' of cell 'u_LOGIC_CENTER/LINK_LOGIC/CSPI_CMD_ALIGN_L1/iSP_UTC_DET_L1/U176' is out of load range (0.002527, 0.134082) of lib_cell 'FAX05AL9'
  load 0.001768 at pin 'O' of cell 'u_LOGIC_CENTER/LINK_LOGIC/CSPI_CMD_ALIGN_L1/iSP_UTC_DET_L1/U179' is out of load range (0.002527, 0.080449) of lib_cell 'INVX03AL9'
  load 0.001630 at pin 'O' of cell 'u_LOGIC_CENTER/LINK_LOGIC/CSPI_CMD_ALIGN_L1/iSP_UTC_DET_L1/U83' is out of load range (0.002527, 0.134082) of lib_cell 'NAND2X05AL9'
  ramp 0.000000 at pin 'TE' of cell 'u_LOGIC_CENTER/LINK_LOGIC/CSPI_CMD_ALIGN_L1/iSP_UTC_DET_L1/SNPS_CG_CELL_DCLK_DATA_NUM_CNT_reg_0/latch' is out of ramp range (0.006078, 1.176400) of lib_cell 'GCKHBQX8AL9'
  ramp 0.000000 at pin 'D1' of cell 'u_LOGIC_CENTER/LINK_LOGIC/CSPI_CMD_ALIGN_L1/iSP_UTC_DET_L1/DATA_NUM_CNT_reg_0_' is out of ramp range (0.006078, 1.176400) of lib_cell 'AND2DFFRBQX1AL9'
  load 0.001535 at pin 'O' of cell 'u_LOGIC_CENTER/LINK_LOGIC/CSPI_CMD_ALIGN_L1/iSP_UTC_DET_L1/U190' is out of load range (0.002527, 0.268164) of lib_cell 'AOI12B2X1AL9'
  ramp 0.000000 at pin 'TE' of cell 'u_LOGIC_CENTER/LINK_LOGIC/CSPI_CMD_ALIGN_L1/iSP_UTC_DET_L1/SNPS_CG_CELL_DCLK_SETTING_CNT_reg_0/latch' is out of ramp range (0.006078, 1.176400) of lib_cell 'GCKHBQX8AL9'
  load 0.001848 at pin 'O' of cell 'u_LOGIC_CENTER/LINK_LOGIC/CSPI_CMD_ALIGN_L1/iSP_UTC_DET_L1/U199' is out of load range (0.002527, 0.134082) of lib_cell 'NOR2X05AL9'
  load 0.001848 at pin 'O' of cell 'u_LOGIC_CENTER/LINK_LOGIC/CSPI_CMD_ALIGN_L1/iSP_UTC_DET_L1/U98' is out of load range (0.002527, 0.268164) of lib_cell 'XNOR2X1AL9'
  load 0.001848 at pin 'O' of cell 'u_LOGIC_CENTER/LINK_LOGIC/CSPI_CMD_ALIGN_L1/iSP_UTC_DET_L1/U101' is out of load range (0.002527, 0.268164) of lib_cell 'XNOR2X1AL9'
  load 0.001848 at pin 'O' of cell 'u_LOGIC_CENTER/LINK_LOGIC/CSPI_CMD_ALIGN_L1/iSP_UTC_DET_L1/U103' is out of load range (0.002527, 0.268164) of lib_cell 'XOR2X1AL9'
  load 0.001848 at pin 'O' of cell 'u_LOGIC_CENTER/LINK_LOGIC/CSPI_CMD_ALIGN_L1/iSP_UTC_DET_L1/U204' is out of load range (0.002527, 0.134082) of lib_cell 'OA112X05AL9'
  load 0.001643 at pin 'Q' of cell 'u_LOGIC_CENTER/LINK_LOGIC/CSPI_CMD_ALIGN_L1/iSP_UTC_DET_L1/SETTING_CNT_reg_4_' is out of load range (0.002527, 0.134082) of lib_cell 'DFFRBQX05AL9'
  load 0.001848 at pin 'O' of cell 'u_LOGIC_CENTER/LINK_LOGIC/CSPI_CMD_ALIGN_L1/iSP_UTC_DET_L1/U216' is out of load range (0.002527, 0.134082) of lib_cell 'AO122X05AL9'
  load 0.001848 at pin 'O' of cell 'u_LOGIC_CENTER/LINK_LOGIC/CSPI_CMD_ALIGN_L1/iSP_UTC_DET_L1/U219' is out of load range (0.002527, 0.268164) of lib_cell 'OAI12B2X1AL9'
  load 0.001848 at pin 'O' of cell 'u_LOGIC_CENTER/LINK_LOGIC/CSPI_CMD_ALIGN_L1/iSP_UTC_DET_L1/U221' is out of load range (0.002527, 0.268164) of lib_cell 'OAI12B2X1AL9'
  load 0.001848 at pin 'O' of cell 'u_LOGIC_CENTER/LINK_LOGIC/CSPI_CMD_ALIGN_L1/iSP_UTC_DET_L1/U223' is out of load range (0.002527, 0.134082) of lib_cell 'NAND2X05AL9'
  load 0.001765 at pin 'O' of cell 'u_LOGIC_CENTER/LINK_LOGIC/CSPI_CMD_ALIGN_L1/iSP_UTC_DET_L1/U227' is out of load range (0.002527, 0.134082) of lib_cell 'NOR2X05AL9'
  load 0.001973 at pin 'O' of cell 'u_LOGIC_CENTER/LINK_LOGIC/CSPI_CMD_ALIGN_L1/iSP_UTC_DET_L1/U228' is out of load range (0.002527, 0.080449) of lib_cell 'INVX03AL9'
  load 0.001643 at pin 'O' of cell 'u_LOGIC_CENTER/LINK_LOGIC/CSPI_CMD_ALIGN_L1/iSP_UTC_DET_L1/PLACE_FE_OFC641_R_UTC_2' is out of load range (0.002527, 0.134082) of lib_cell 'INVX05AL9'
  load 0.001848 at pin 'O' of cell 'u_LOGIC_CENTER/LINK_LOGIC/CSPI_CMD_ALIGN_L1/iSP_UTC_DET_L1/U132' is out of load range (0.002527, 0.268164) of lib_cell 'XOR2X1AL9'
  load 0.001630 at pin 'O' of cell 'u_LOGIC_CENTER/LINK_LOGIC/CSPI_CMD_ALIGN_L1/iSP_UTC_DET_L1/U136' is out of load range (0.002527, 0.134082) of lib_cell 'NAND2X05AL9'
  load 0.001768 at pin 'O' of cell 'u_LOGIC_CENTER/LINK_LOGIC/CSPI_CMD_ALIGN_L1/iSP_UTC_DET_L1/U35' is out of load range (0.002527, 0.080449) of lib_cell 'INVX03AL9'
  load 0.001848 at pin 'O' of cell 'u_LOGIC_CENTER/LINK_LOGIC/CSPI_CMD_ALIGN_L1/iSP_UTC_DET_L1/U139' is out of load range (0.002527, 0.268164) of lib_cell 'XOR2X1AL9'
  load 0.001848 at pin 'O' of cell 'u_LOGIC_CENTER/LINK_LOGIC/CSPI_CMD_ALIGN_L1/iSP_UTC_DET_L1/U230' is out of load range (0.002527, 0.134082) of lib_cell 'AO13X05AL9'
  load 0.001717 at pin 'O' of cell 'u_LOGIC_CENTER/LINK_LOGIC/CSPI_CMD_ALIGN_L1/iSP_UTC_DET_L1/U37' is out of load range (0.002527, 0.080449) of lib_cell 'INVX03AL9'
  load 0.001925 at pin 'O' of cell 'u_LOGIC_CENTER/LINK_LOGIC/CSPI_CMD_ALIGN_L1/iSP_UTC_DET_L1/U238' is out of load range (0.002527, 0.268164) of lib_cell 'NAND4B1X1AL9'
  load 0.001807 at pin 'O' of cell 'u_LOGIC_CENTER/LINK_LOGIC/CSPI_CMD_ALIGN_L1/iSP_UTC_DET_L1/U239' is out of load range (0.002527, 0.134082) of lib_cell 'OA13X05AL9'
  load 0.001643 at pin 'Q' of cell 'u_LOGIC_CENTER/LINK_LOGIC/CSPI_CMD_ALIGN_L1/iSP_UTC_DET_L1/ENA_TIME_D1_reg' is out of load range (0.002527, 0.134082) of lib_cell 'DFFRBQX05AL9'
  load 0.001848 at pin 'O' of cell 'u_LOGIC_CENTER/LINK_LOGIC/CSPI_CMD_ALIGN_L1/iSP_UTC_DET_L1/U143' is out of load range (0.002527, 0.268164) of lib_cell 'XOR2X1AL9'
  load 0.001848 at pin 'O' of cell 'u_LOGIC_CENTER/LINK_LOGIC/CSPI_CMD_ALIGN_L1/iSP_UTC_DET_L1/U146' is out of load range (0.002527, 0.268164) of lib_cell 'XOR2X1AL9'
  load 0.001848 at pin 'O' of cell 'u_LOGIC_CENTER/LINK_LOGIC/CSPI_CMD_ALIGN_L1/iSP_UTC_DET_L1/U240' is out of load range (0.002527, 0.134082) of lib_cell 'AO112X05AL9'
  load 0.001786 at pin 'Q' of cell 'u_LOGIC_CENTER/LINK_LOGIC/CSPI_CMD_ALIGN_L1/iSP_UTC_DET_L1/VS_1T_D1_reg' is out of load range (0.002527, 0.268164) of lib_cell 'AND2DFFRBQX1AL9'
  load 0.001535 at pin 'O' of cell 'u_LOGIC_CENTER/LINK_LOGIC/CSPI_CMD_ALIGN_L1/U300' is out of load range (0.002527, 0.134082) of lib_cell 'AO112X05AL9'
  load 0.001535 at pin 'O' of cell 'u_LOGIC_CENTER/LINK_LOGIC/CSPI_CMD_ALIGN_L1/U307' is out of load range (0.002527, 0.268164) of lib_cell 'NAND4X1AL9'
  load 0.001668 at pin 'O' of cell 'u_LOGIC_CENTER/LINK_LOGIC/CSPI_CMD_ALIGN_L1/U308' is out of load range (0.002527, 0.134082) of lib_cell 'AO22X05AL9'
  load 0.001668 at pin 'O' of cell 'u_LOGIC_CENTER/LINK_LOGIC/CSPI_CMD_ALIGN_L1/U309' is out of load range (0.002527, 0.134082) of lib_cell 'AO112X05AL9'
  load 0.001848 at pin 'O' of cell 'u_LOGIC_CENTER/LINK_LOGIC/CSPI_CMD_ALIGN_L1/PLACE_FE_OFC235_BLANK_EN1_L0' is out of load range (0.002527, 0.268164) of lib_cell 'CLKINVX1AL9'
  load 0.001848 at pin 'Q' of cell 'u_LOGIC_CENTER/LINK_LOGIC/CSPI_CMD_ALIGN_L1/I_INDATA_D1_reg_16_' is out of load range (0.002527, 0.134082) of lib_cell 'DFFRBQX05AL9'
  load 0.001848 at pin 'Q' of cell 'u_LOGIC_CENTER/LINK_LOGIC/CSPI_CMD_ALIGN_L1/BLANK_EN_ASYNC_reg' is out of load range (0.002527, 0.134082) of lib_cell 'DFFRBQX05AL9'
  load 0.001925 at pin 'O' of cell 'u_LOGIC_CENTER/LINK_LOGIC/CSPI_CMD_ALIGN_L1/U407' is out of load range (0.002527, 0.268164) of lib_cell 'NAND4X1AL9'
  load 0.001668 at pin 'O' of cell 'u_LOGIC_CENTER/LINK_LOGIC/CSPI_CMD_ALIGN_L1/U119' is out of load range (0.002527, 0.268164) of lib_cell 'NAND4X1AL9'
  load 0.001535 at pin 'O' of cell 'u_LOGIC_CENTER/LINK_LOGIC/CSPI_CMD_ALIGN_L1/U311' is out of load range (0.002527, 0.134082) of lib_cell 'AO22X05AL9'
  load 0.001668 at pin 'O' of cell 'u_LOGIC_CENTER/LINK_LOGIC/CSPI_CMD_ALIGN_L1/U312' is out of load range (0.002527, 0.134082) of lib_cell 'AO22X05AL9'
  load 0.001535 at pin 'O' of cell 'u_LOGIC_CENTER/LINK_LOGIC/CSPI_CMD_ALIGN_L1/U313' is out of load range (0.002527, 0.134082) of lib_cell 'AO112X05AL9'
  load 0.001535 at pin 'O' of cell 'u_LOGIC_CENTER/LINK_LOGIC/CSPI_CMD_ALIGN_L1/U121' is out of load range (0.002527, 0.134082) of lib_cell 'AO22X05AL9'
  load 0.001848 at pin 'Q' of cell 'u_LOGIC_CENTER/LINK_LOGIC/CSPI_CMD_ALIGN_L1/I_INDATA_D1_reg_17_' is out of load range (0.002527, 0.268164) of lib_cell 'AND2DFFRBQX1AL9'
  ramp 0.000000 at pin 'D1' of cell 'u_LOGIC_CENTER/LINK_LOGIC/CSPI_CMD_ALIGN_L1/I_INDATA_D1_reg_17_' is out of ramp range (0.006078, 1.176400) of lib_cell 'AND2DFFRBQX1AL9'
  load 0.001668 at pin 'O' of cell 'u_LOGIC_CENTER/LINK_LOGIC/CSPI_CMD_ALIGN_L1/U122' is out of load range (0.002527, 0.134082) of lib_cell 'AO22X05AL9'
  load 0.001535 at pin 'O' of cell 'u_LOGIC_CENTER/LINK_LOGIC/CSPI_CMD_ALIGN_L1/U123' is out of load range (0.002527, 0.134082) of lib_cell 'AO112X05AL9'
  load 0.001668 at pin 'O' of cell 'u_LOGIC_CENTER/LINK_LOGIC/CSPI_CMD_ALIGN_L1/U22' is out of load range (0.002527, 0.134082) of lib_cell 'AO22X05AL9'
  load 0.001668 at pin 'O' of cell 'u_LOGIC_CENTER/LINK_LOGIC/CSPI_CMD_ALIGN_L1/U323' is out of load range (0.002527, 0.268164) of lib_cell 'NAND4B1X1AL9'
  load 0.001535 at pin 'O' of cell 'u_LOGIC_CENTER/LINK_LOGIC/CSPI_CMD_ALIGN_L1/U325' is out of load range (0.002527, 0.134082) of lib_cell 'AO22X05AL9'
  load 0.001668 at pin 'O' of cell 'u_LOGIC_CENTER/LINK_LOGIC/CSPI_CMD_ALIGN_L1/U326' is out of load range (0.002527, 0.134082) of lib_cell 'AO22X05AL9'
  load 0.001535 at pin 'O' of cell 'u_LOGIC_CENTER/LINK_LOGIC/CSPI_CMD_ALIGN_L1/U327' is out of load range (0.002527, 0.134082) of lib_cell 'AO112X05AL9'
  load 0.001668 at pin 'O' of cell 'u_LOGIC_CENTER/LINK_LOGIC/CSPI_CMD_ALIGN_L1/U134' is out of load range (0.002527, 0.268164) of lib_cell 'NAND4X1AL9'
  load 0.001535 at pin 'O' of cell 'u_LOGIC_CENTER/LINK_LOGIC/CSPI_CMD_ALIGN_L1/U136' is out of load range (0.002527, 0.134082) of lib_cell 'AO22X05AL9'
  load 0.001668 at pin 'O' of cell 'u_LOGIC_CENTER/LINK_LOGIC/CSPI_CMD_ALIGN_L1/U137' is out of load range (0.002527, 0.134082) of lib_cell 'AO22X05AL9'
  load 0.001535 at pin 'O' of cell 'u_LOGIC_CENTER/LINK_LOGIC/CSPI_CMD_ALIGN_L1/U138' is out of load range (0.002527, 0.134082) of lib_cell 'AO112X05AL9'
  load 0.001668 at pin 'O' of cell 'u_LOGIC_CENTER/LINK_LOGIC/CSPI_CMD_ALIGN_L1/U337' is out of load range (0.002527, 0.268164) of lib_cell 'NAND4X1AL9'
  load 0.001535 at pin 'O' of cell 'u_LOGIC_CENTER/LINK_LOGIC/CSPI_CMD_ALIGN_L1/U339' is out of load range (0.002527, 0.134082) of lib_cell 'AO22X05AL9'
  load 0.001535 at pin 'O' of cell 'u_LOGIC_CENTER/LINK_LOGIC/CSPI_CMD_ALIGN_L1/U40' is out of load range (0.002527, 0.134082) of lib_cell 'AO22X05AL9'
  load 0.001668 at pin 'O' of cell 'u_LOGIC_CENTER/LINK_LOGIC/CSPI_CMD_ALIGN_L1/U44' is out of load range (0.002527, 0.134082) of lib_cell 'AO22X05AL9'
  load 0.001668 at pin 'O' of cell 'u_LOGIC_CENTER/LINK_LOGIC/CSPI_CMD_ALIGN_L1/U148' is out of load range (0.002527, 0.268164) of lib_cell 'NAND4X1AL9'
  load 0.001535 at pin 'O' of cell 'u_LOGIC_CENTER/LINK_LOGIC/CSPI_CMD_ALIGN_L1/U45' is out of load range (0.002527, 0.134082) of lib_cell 'AO112X05AL9'
  load 0.001668 at pin 'O' of cell 'u_LOGIC_CENTER/LINK_LOGIC/CSPI_CMD_ALIGN_L1/U340' is out of load range (0.002527, 0.134082) of lib_cell 'AO22X05AL9'
  load 0.001535 at pin 'O' of cell 'u_LOGIC_CENTER/LINK_LOGIC/CSPI_CMD_ALIGN_L1/U341' is out of load range (0.002527, 0.134082) of lib_cell 'AO112X05AL9'
  load 0.001848 at pin 'O' of cell 'u_LOGIC_CENTER/LINK_LOGIC/U7' is out of load range (0.002527, 0.268164) of lib_cell 'XOR2X1AL9'
  load 0.001848 at pin 'O' of cell 'u_LOGIC_CENTER/LINK_LOGIC/U8' is out of load range (0.002527, 0.268164) of lib_cell 'XOR2X1AL9'
  load 0.001637 at pin 'O' of cell 'u_LOGIC_CENTER/LINK_LOGIC/REG_MAPPING_HV2M23/U54' is out of load range (0.002527, 0.268164) of lib_cell 'CLKOR2X1AL9'
  load 0.001848 at pin 'O' of cell 'u_LOGIC_CENTER/LINK_LOGIC/REG_MAPPING_HV2M23/U55' is out of load range (0.002527, 0.134082) of lib_cell 'AO22X05AL9'
  load 0.001637 at pin 'O' of cell 'u_LOGIC_CENTER/LINK_LOGIC/REG_MAPPING_HV2M23/U56' is out of load range (0.002527, 0.268164) of lib_cell 'CLKOR2X1AL9'
  load 0.001848 at pin 'O' of cell 'u_LOGIC_CENTER/LINK_LOGIC/REG_MAPPING_HV2M23/U57' is out of load range (0.002527, 0.134082) of lib_cell 'AO22X05AL9'
  load 0.001606 at pin 'Q' of cell 'u_LOGIC_CENTER/LINK_LOGIC/REG_MAPPING_HV2M23/R_CS_reg_0_' is out of load range (0.002527, 0.134082) of lib_cell 'DFFRBQX05AL9'
  load 0.001628 at pin 'Q' of cell 'u_LOGIC_CENTER/LINK_LOGIC/BWDAL_rst_2d_reg' is out of load range (0.002527, 0.268164) of lib_cell 'DFFSBQX1AL9'
  ramp 0.000000 at pin 'TE' of cell 'u_LOGIC_CENTER/LINK_LOGIC/LC_CSPIF_L0/SNPS_CG_CELL_DCLK_RR_DATA_reg_0/latch' is out of ramp range (0.006078, 1.176400) of lib_cell 'GCKHBQX8AL9'
  load 0.001535 at pin 'O' of cell 'u_LOGIC_CENTER/LINK_LOGIC/LC_CSPIF_L0/U663' is out of load range (0.002527, 0.134082) of lib_cell 'NOR2X05AL9'
  load 0.001848 at pin 'OB' of cell 'u_LOGIC_CENTER/LINK_LOGIC/LC_CSPIF_L0/U472' is out of load range (0.002527, 0.268164) of lib_cell 'MUX2BX1AL9'
  load 0.001973 at pin 'O' of cell 'u_LOGIC_CENTER/LINK_LOGIC/LC_CSPIF_L0/U280' is out of load range (0.002527, 0.268164) of lib_cell 'AOI222X1AL9'
  load 0.001772 at pin 'O' of cell 'u_LOGIC_CENTER/LINK_LOGIC/LC_CSPIF_L0/U665' is out of load range (0.002527, 0.268164) of lib_cell 'AND2B1X1AL9'
  load 0.001848 at pin 'OB' of cell 'u_LOGIC_CENTER/LINK_LOGIC/LC_CSPIF_L0/U473' is out of load range (0.002527, 0.268164) of lib_cell 'MUX2BX1AL9'
  load 0.001848 at pin 'O' of cell 'u_LOGIC_CENTER/LINK_LOGIC/LC_CSPIF_L0/U474' is out of load range (0.002527, 0.268164) of lib_cell 'AND2B1X1AL9'
  load 0.001637 at pin 'O' of cell 'u_LOGIC_CENTER/LINK_LOGIC/LC_CSPIF_L0/U668' is out of load range (0.002527, 0.268164) of lib_cell 'AND4X1AL9'
  load 0.001772 at pin 'O' of cell 'u_LOGIC_CENTER/LINK_LOGIC/LC_CSPIF_L0/U284' is out of load range (0.002527, 0.268164) of lib_cell 'AND3B2X1AL9'
  load 0.001848 at pin 'O' of cell 'u_LOGIC_CENTER/LINK_LOGIC/LC_CSPIF_L0/U287' is out of load range (0.002527, 0.268164) of lib_cell 'XOR2X1AL9'
  load 0.001668 at pin 'OB' of cell 'u_LOGIC_CENTER/LINK_LOGIC/LC_CSPIF_L0/U34' is out of load range (0.002527, 0.268164) of lib_cell 'MUX2BX1AL9'
  load 0.001848 at pin 'O' of cell 'u_LOGIC_CENTER/LINK_LOGIC/LC_CSPIF_L0/POSTROUTE_FE_PHC9_DATA_PS0_ALIGN_9' is out of load range (0.002527, 0.268164) of lib_cell 'DEL0N15X1AL9'
  load 0.001848 at pin 'O' of cell 'u_LOGIC_CENTER/LINK_LOGIC/LC_CSPIF_L0/U673' is out of load range (0.002527, 0.268164) of lib_cell 'OAI12B2X1AL9'
  load 0.001547 at pin 'O' of cell 'u_LOGIC_CENTER/LINK_LOGIC/LC_CSPIF_L0/U674' is out of load range (0.002527, 0.134082) of lib_cell 'NOR2X05AL9'
  load 0.001848 at pin 'O' of cell 'u_LOGIC_CENTER/LINK_LOGIC/LC_CSPIF_L0/U675' is out of load range (0.002527, 0.134082) of lib_cell 'AO22X05AL9'
  load 0.001848 at pin 'O' of cell 'u_LOGIC_CENTER/LINK_LOGIC/LC_CSPIF_L0/U295' is out of load range (0.002527, 0.268164) of lib_cell 'XOR2X1AL9'
  load 0.001848 at pin 'O' of cell 'u_LOGIC_CENTER/LINK_LOGIC/LC_CSPIF_L0/U296' is out of load range (0.002527, 0.268164) of lib_cell 'XOR2X1AL9'
  load 0.001848 at pin 'O' of cell 'u_LOGIC_CENTER/LINK_LOGIC/LC_CSPIF_L0/U298' is out of load range (0.002527, 0.268164) of lib_cell 'XOR2X1AL9'
  load 0.001547 at pin 'O' of cell 'u_LOGIC_CENTER/LINK_LOGIC/LC_CSPIF_L0/U43' is out of load range (0.002527, 0.080449) of lib_cell 'INVX03AL9'
  load 0.001848 at pin 'O' of cell 'u_LOGIC_CENTER/LINK_LOGIC/LC_CSPIF_L0/POSTROUTE_FE_PHC74_DATA_PS0_ALIGN_11' is out of load range (0.002527, 0.080449) of lib_cell 'BUFX03AL9'
  load 0.001849 at pin 'O' of cell 'u_LOGIC_CENTER/LINK_LOGIC/LC_CSPIF_L0/U490' is out of load range (0.002527, 0.134082) of lib_cell 'NOR2X05AL9'
  load 0.001848 at pin 'O' of cell 'u_LOGIC_CENTER/LINK_LOGIC/LC_CSPIF_L0/U491' is out of load range (0.002527, 0.134082) of lib_cell 'NOR2X05AL9'
  load 0.001848 at pin 'O' of cell 'u_LOGIC_CENTER/LINK_LOGIC/LC_CSPIF_L0/U495' is out of load range (0.002527, 0.134082) of lib_cell 'AO222X05AL9'
  ramp 0.000000 at pin 'SB' of cell 'u_LOGIC_CENTER/LINK_LOGIC/LC_CSPIF_L0/ADD_SE_OH_pre_reg_16_' is out of ramp range (0.006078, 1.176400) of lib_cell 'DFFRSBQBX05AL9'
  load 0.001848 at pin 'O' of cell 'u_LOGIC_CENTER/LINK_LOGIC/LC_CSPIF_L0/U498' is out of load range (0.002527, 0.134082) of lib_cell 'AO222X05AL9'
  load 0.001667 at pin 'O' of cell 'u_LOGIC_CENTER/LINK_LOGIC/LC_CSPIF_L0/U499' is out of load range (0.002527, 0.080449) of lib_cell 'INVX03AL9'
  load 0.001628 at pin 'O' of cell 'u_LOGIC_CENTER/LINK_LOGIC/LC_CSPIF_L0/POSTROUTE_FE_PHC11_DATA_PS0_ALIGN_14' is out of load range (0.002527, 0.080449) of lib_cell 'BUFX03AL9'
  load 0.001547 at pin 'O' of cell 'u_LOGIC_CENTER/LINK_LOGIC/LC_CSPIF_L0/U55' is out of load range (0.002527, 0.080449) of lib_cell 'INVX03AL9'
  load 0.001848 at pin 'O' of cell 'u_LOGIC_CENTER/LINK_LOGIC/LC_CSPIF_L0/POSTROUTE_FE_PHC8_DATA_PS0_ALIGN_0' is out of load range (0.002527, 0.268164) of lib_cell 'DEL0N15X1AL9'
  load 0.001848 at pin 'O' of cell 'u_LOGIC_CENTER/LINK_LOGIC/LC_CSPIF_L0/U300' is out of load range (0.002527, 0.268164) of lib_cell 'XOR2X1AL9'
  load 0.001848 at pin 'O' of cell 'u_LOGIC_CENTER/LINK_LOGIC/LC_CSPIF_L0/U301' is out of load range (0.002527, 0.268164) of lib_cell 'XOR2X1AL9'
  load 0.001848 at pin 'O' of cell 'u_LOGIC_CENTER/LINK_LOGIC/LC_CSPIF_L0/U302' is out of load range (0.002527, 0.268164) of lib_cell 'XOR2X1AL9'
  load 0.001535 at pin 'O' of cell 'u_LOGIC_CENTER/LINK_LOGIC/LC_CSPIF_L0/U691' is out of load range (0.002527, 0.134082) of lib_cell 'NOR2X05AL9'
  load 0.001637 at pin 'O' of cell 'u_LOGIC_CENTER/LINK_LOGIC/LC_CSPIF_L0/U697' is out of load range (0.002527, 0.268164) of lib_cell 'NAND4X1AL9'
  load 0.001649 at pin 'O' of cell 'u_LOGIC_CENTER/LINK_LOGIC/LC_CSPIF_L0/U699' is out of load range (0.002527, 0.268164) of lib_cell 'NAND4X1AL9'
  load 0.001535 at pin 'O' of cell 'u_LOGIC_CENTER/LINK_LOGIC/LC_CSPIF_L0/U61' is out of load range (0.002527, 0.080449) of lib_cell 'INVX03AL9'
  load 0.001668 at pin 'O' of cell 'u_LOGIC_CENTER/LINK_LOGIC/LC_CSPIF_L0/U69' is out of load range (0.002527, 0.080449) of lib_cell 'INVX03AL9'
  load 0.001717 at pin 'O' of cell 'u_LOGIC_CENTER/LINK_LOGIC/LC_CSPIF_L0/U500' is out of load range (0.002527, 0.080449) of lib_cell 'INVX03AL9'
  load 0.001535 at pin 'O' of cell 'u_LOGIC_CENTER/LINK_LOGIC/LC_CSPIF_L0/U501' is out of load range (0.002527, 0.134082) of lib_cell 'OA122X05AL9'
  load 0.001668 at pin 'O' of cell 'u_LOGIC_CENTER/LINK_LOGIC/LC_CSPIF_L0/U505' is out of load range (0.002527, 0.134082) of lib_cell 'NOR2X05AL9'
  load 0.001848 at pin 'O' of cell 'u_LOGIC_CENTER/LINK_LOGIC/LC_CSPIF_L0/U506' is out of load range (0.002527, 0.134082) of lib_cell 'AO112X05AL9'
  load 0.001628 at pin 'O' of cell 'u_LOGIC_CENTER/LINK_LOGIC/LC_CSPIF_L0/POSTROUTE_FE_PHC7_DATA_PS0_ALIGN_16' is out of load range (0.002527, 0.080449) of lib_cell 'BUFX03AL9'
  load 0.001668 at pin 'O' of cell 'u_LOGIC_CENTER/LINK_LOGIC/LC_CSPIF_L0/U508' is out of load range (0.002527, 0.268164) of lib_cell 'LOWMUX2X1AL9'
  load 0.001848 at pin 'O' of cell 'u_LOGIC_CENTER/LINK_LOGIC/LC_CSPIF_L0/U509' is out of load range (0.002527, 0.134082) of lib_cell 'AO112X05AL9'
  ramp 0.000000 at pin 'TE' of cell 'u_LOGIC_CENTER/LINK_LOGIC/LC_CSPIF_L0/SNPS_CG_CELL_DCLK_B_DATA_reg_0/latch' is out of ramp range (0.006078, 1.176400) of lib_cell 'GCKHBQX8AL9'
  load 0.001848 at pin 'O' of cell 'u_LOGIC_CENTER/LINK_LOGIC/LC_CSPIF_L0/U70' is out of load range (0.002527, 0.268164) of lib_cell 'XOR2X1AL9'
  load 0.001848 at pin 'O' of cell 'u_LOGIC_CENTER/LINK_LOGIC/LC_CSPIF_L0/U71' is out of load range (0.002527, 0.268164) of lib_cell 'XOR2X1AL9'
  load 0.001848 at pin 'O' of cell 'u_LOGIC_CENTER/LINK_LOGIC/LC_CSPIF_L0/U72' is out of load range (0.002527, 0.268164) of lib_cell 'XNOR2X1AL9'
  load 0.001848 at pin 'O' of cell 'u_LOGIC_CENTER/LINK_LOGIC/LC_CSPIF_L0/U73' is out of load range (0.002527, 0.268164) of lib_cell 'XOR2X1AL9'
  ramp 0.000000 at pin 'D1' of cell 'u_LOGIC_CENTER/LINK_LOGIC/LC_CSPIF_L0/ENA_TIME_DLY_DCLKDIV_reg_1_' is out of ramp range (0.006078, 1.176400) of lib_cell 'AND2DFFRBQX1AL9'
  load 0.001848 at pin 'O' of cell 'u_LOGIC_CENTER/LINK_LOGIC/LC_CSPIF_L0/U74' is out of load range (0.002527, 0.268164) of lib_cell 'XOR2X1AL9'
  load 0.001700 at pin 'O' of cell 'u_LOGIC_CENTER/LINK_LOGIC/LC_CSPIF_L0/U700' is out of load range (0.002527, 0.268164) of lib_cell 'NAND4X1AL9'
  load 0.001668 at pin 'O' of cell 'u_LOGIC_CENTER/LINK_LOGIC/LC_CSPIF_L0/U510' is out of load range (0.002527, 0.134082) of lib_cell 'OA122X05AL9'
  load 0.001668 at pin 'O' of cell 'u_LOGIC_CENTER/LINK_LOGIC/LC_CSPIF_L0/U513' is out of load range (0.002527, 0.134082) of lib_cell 'NOR2X05AL9'
  load 0.001925 at pin 'O' of cell 'u_LOGIC_CENTER/LINK_LOGIC/LC_CSPIF_L0/U706' is out of load range (0.002527, 0.268164) of lib_cell 'NAND4X1AL9'
  load 0.001668 at pin 'O' of cell 'u_LOGIC_CENTER/LINK_LOGIC/LC_CSPIF_L0/U515' is out of load range (0.002527, 0.134082) of lib_cell 'NOR2X05AL9'
  load 0.001668 at pin 'O' of cell 'u_LOGIC_CENTER/LINK_LOGIC/LC_CSPIF_L0/U517' is out of load range (0.002527, 0.134082) of lib_cell 'NOR2X05AL9'
  load 0.001668 at pin 'O' of cell 'u_LOGIC_CENTER/LINK_LOGIC/LC_CSPIF_L0/U519' is out of load range (0.002527, 0.134082) of lib_cell 'NOR2X05AL9'
  load 0.001855 at pin 'QB' of cell 'u_LOGIC_CENTER/LINK_LOGIC/LC_CSPIF_L0/DATA_NUM_CNT_reg_0_' is out of load range (0.002527, 0.268164) of lib_cell 'DFFRBQBX1AL9'
  load 0.001668 at pin 'O' of cell 'u_LOGIC_CENTER/LINK_LOGIC/LC_CSPIF_L0/U521' is out of load range (0.002527, 0.134082) of lib_cell 'NOR2X05AL9'
  load 0.001848 at pin 'O' of cell 'u_LOGIC_CENTER/LINK_LOGIC/LC_CSPIF_L0/U330' is out of load range (0.002527, 0.268164) of lib_cell 'XNOR2X1AL9'
  load 0.001668 at pin 'O' of cell 'u_LOGIC_CENTER/LINK_LOGIC/LC_CSPIF_L0/U523' is out of load range (0.002527, 0.134082) of lib_cell 'NOR2X05AL9'
  load 0.001848 at pin 'O' of cell 'u_LOGIC_CENTER/LINK_LOGIC/LC_CSPIF_L0/U331' is out of load range (0.002527, 0.268164) of lib_cell 'XNOR2X1AL9'
  load 0.001848 at pin 'O' of cell 'u_LOGIC_CENTER/LINK_LOGIC/LC_CSPIF_L0/U332' is out of load range (0.002527, 0.268164) of lib_cell 'XOR2X1AL9'
  load 0.001668 at pin 'O' of cell 'u_LOGIC_CENTER/LINK_LOGIC/LC_CSPIF_L0/U525' is out of load range (0.002527, 0.134082) of lib_cell 'NOR2X05AL9'
  load 0.001848 at pin 'O' of cell 'u_LOGIC_CENTER/LINK_LOGIC/LC_CSPIF_L0/U333' is out of load range (0.002527, 0.268164) of lib_cell 'XOR2X1AL9'
  load 0.001848 at pin 'O' of cell 'u_LOGIC_CENTER/LINK_LOGIC/LC_CSPIF_L0/U526' is out of load range (0.002527, 0.134082) of lib_cell 'AO112X05AL9'
  load 0.001848 at pin 'O' of cell 'u_LOGIC_CENTER/LINK_LOGIC/LC_CSPIF_L0/U334' is out of load range (0.002527, 0.268164) of lib_cell 'XOR2X1AL9'
  load 0.001668 at pin 'O' of cell 'u_LOGIC_CENTER/LINK_LOGIC/LC_CSPIF_L0/U527' is out of load range (0.002527, 0.134082) of lib_cell 'NOR2X05AL9'
  load 0.001848 at pin 'O' of cell 'u_LOGIC_CENTER/LINK_LOGIC/LC_CSPIF_L0/U335' is out of load range (0.002527, 0.268164) of lib_cell 'XOR2X1AL9'
  load 0.001848 at pin 'O' of cell 'u_LOGIC_CENTER/LINK_LOGIC/LC_CSPIF_L0/POSTROUTE_FE_PHC51_N326' is out of load range (0.002527, 0.080449) of lib_cell 'BUFX03AL9'
  load 0.001848 at pin 'O' of cell 'u_LOGIC_CENTER/LINK_LOGIC/LC_CSPIF_L0/U528' is out of load range (0.002527, 0.134082) of lib_cell 'AO112X05AL9'
  load 0.001848 at pin 'O' of cell 'u_LOGIC_CENTER/LINK_LOGIC/LC_CSPIF_L0/U336' is out of load range (0.002527, 0.268164) of lib_cell 'XOR2X1AL9'
  load 0.001668 at pin 'O' of cell 'u_LOGIC_CENTER/LINK_LOGIC/LC_CSPIF_L0/U529' is out of load range (0.002527, 0.134082) of lib_cell 'NOR2X05AL9'
  load 0.001848 at pin 'O' of cell 'u_LOGIC_CENTER/LINK_LOGIC/LC_CSPIF_L0/U337' is out of load range (0.002527, 0.268164) of lib_cell 'XOR2X1AL9'
  load 0.001848 at pin 'O' of cell 'u_LOGIC_CENTER/LINK_LOGIC/LC_CSPIF_L0/U339' is out of load range (0.002527, 0.268164) of lib_cell 'XOR2X1AL9'
  load 0.001547 at pin 'O' of cell 'u_LOGIC_CENTER/LINK_LOGIC/LC_CSPIF_L0/U148' is out of load range (0.002527, 0.268164) of lib_cell 'OR3B2X1AL9'
  load 0.001848 at pin 'O' of cell 'u_LOGIC_CENTER/LINK_LOGIC/LC_CSPIF_L0/U95' is out of load range (0.002527, 0.268164) of lib_cell 'XOR2X1AL9'
  load 0.001606 at pin 'O' of cell 'u_LOGIC_CENTER/LINK_LOGIC/LC_CSPIF_L0/U96' is out of load range (0.002527, 0.268164) of lib_cell 'AND2B1X1AL9'
  load 0.001848 at pin 'O' of cell 'u_LOGIC_CENTER/LINK_LOGIC/LC_CSPIF_L0/U530' is out of load range (0.002527, 0.134082) of lib_cell 'AO112X05AL9'
  load 0.001925 at pin 'O' of cell 'u_LOGIC_CENTER/LINK_LOGIC/LC_CSPIF_L0/U534' is out of load range (0.002527, 0.268164) of lib_cell 'AOI222X1AL9'
  load 0.001848 at pin 'O' of cell 'u_LOGIC_CENTER/LINK_LOGIC/LC_CSPIF_L0/U343' is out of load range (0.002527, 0.268164) of lib_cell 'XNOR2X1AL9'
  load 0.001768 at pin 'O' of cell 'u_LOGIC_CENTER/LINK_LOGIC/LC_CSPIF_L0/U537' is out of load range (0.002527, 0.134082) of lib_cell 'NAND3X05AL9'
  load 0.001848 at pin 'O' of cell 'u_LOGIC_CENTER/LINK_LOGIC/LC_CSPIF_L0/U346' is out of load range (0.002527, 0.268164) of lib_cell 'XNOR2X1AL9'
  load 0.001855 at pin 'QB' of cell 'u_LOGIC_CENTER/LINK_LOGIC/LC_CSPIF_L0/DATA_NUM_CNT_reg_2_' is out of load range (0.002527, 0.268164) of lib_cell 'DFFRBQBX1AL9'
  load 0.001673 at pin 'O' of cell 'u_LOGIC_CENTER/LINK_LOGIC/LC_CSPIF_L0/PLACE_FE_OFC251_DSINL_3' is out of load range (0.002527, 0.080449) of lib_cell 'INVX03AL9'
  load 0.001848 at pin 'O' of cell 'u_LOGIC_CENTER/LINK_LOGIC/LC_CSPIF_L0/U350' is out of load range (0.002527, 0.268164) of lib_cell 'XNOR2X1AL9'
  load 0.001848 at pin 'O' of cell 'u_LOGIC_CENTER/LINK_LOGIC/LC_CSPIF_L0/U353' is out of load range (0.002527, 0.268164) of lib_cell 'XNOR2X1AL9'
  load 0.001847 at pin 'O' of cell 'u_LOGIC_CENTER/LINK_LOGIC/LC_CSPIF_L0/PLACE_FE_OFC253_DSINL_2' is out of load range (0.002527, 0.080449) of lib_cell 'INVX03AL9'
  load 0.001925 at pin 'O' of cell 'u_LOGIC_CENTER/LINK_LOGIC/LC_CSPIF_L0/U546' is out of load range (0.002527, 0.134082) of lib_cell 'AO222X05AL9'
  load 0.001848 at pin 'O' of cell 'u_LOGIC_CENTER/LINK_LOGIC/LC_CSPIF_L0/U357' is out of load range (0.002527, 0.268164) of lib_cell 'XNOR2X1AL9'
  load 0.001535 at pin 'O' of cell 'u_LOGIC_CENTER/LINK_LOGIC/LC_CSPIF_L0/U166' is out of load range (0.002527, 0.134082) of lib_cell 'NOR2X05AL9'
  load 0.001628 at pin 'O' of cell 'u_LOGIC_CENTER/LINK_LOGIC/LC_CSPIF_L0/CG_CELL_KEY_RST_DCLK/POSTROUTE_FE_PHC97_KEY_RST_18UI_L0_CLKGEN' is out of load range (0.002527, 0.268164) of lib_cell 'DEL0N5X1AL9'
  ramp 0.000000 at pin 'TE' of cell 'u_LOGIC_CENTER/LINK_LOGIC/LC_CSPIF_L0/CG_CELL_KEY_RST_DCLK/CG_CELL' is out of ramp range (0.006078, 1.176400) of lib_cell 'GCKHBQX8AL9'
  load 0.001547 at pin 'O' of cell 'u_LOGIC_CENTER/LINK_LOGIC/LC_CSPIF_L0/U168' is out of load range (0.002527, 0.134082) of lib_cell 'AO112X05AL9'
  load 0.001653 at pin 'O' of cell 'u_LOGIC_CENTER/LINK_LOGIC/LC_CSPIF_L0/PLACE_FE_OFC255_DSINL_1' is out of load range (0.002527, 0.080449) of lib_cell 'INVX03AL9'
  ramp 0.000000 at pin 'TE' of cell 'u_LOGIC_CENTER/LINK_LOGIC/LC_CSPIF_L0/SNPS_CG_CELL_DCLK_KEY_CODE_reg_0/latch' is out of ramp range (0.006078, 1.176400) of lib_cell 'GCKHBQX8AL9'
  load 0.001628 at pin 'O' of cell 'u_LOGIC_CENTER/LINK_LOGIC/LC_CSPIF_L0/POSTROUTE_FE_PHC6_DATA_PS0_ALIGN_10' is out of load range (0.002527, 0.268164) of lib_cell 'DEL0N15X1AL9'
  load 0.001768 at pin 'O' of cell 'u_LOGIC_CENTER/LINK_LOGIC/LC_CSPIF_L0/U551' is out of load range (0.002527, 0.134082) of lib_cell 'NAND3X05AL9'
  load 0.001848 at pin 'O' of cell 'u_LOGIC_CENTER/LINK_LOGIC/LC_CSPIF_L0/U361' is out of load range (0.002527, 0.268164) of lib_cell 'XNOR2X1AL9'
  load 0.001848 at pin 'O' of cell 'u_LOGIC_CENTER/LINK_LOGIC/LC_CSPIF_L0/U364' is out of load range (0.002527, 0.268164) of lib_cell 'XNOR2X1AL9'
  load 0.001606 at pin 'OB' of cell 'u_LOGIC_CENTER/LINK_LOGIC/LC_CSPIF_L0/U558' is out of load range (0.002527, 0.268164) of lib_cell 'MUX2BX1AL9'
  load 0.001848 at pin 'O' of cell 'u_LOGIC_CENTER/LINK_LOGIC/LC_CSPIF_L0/U559' is out of load range (0.002527, 0.134082) of lib_cell 'AO122X05AL9'
  load 0.001848 at pin 'O' of cell 'u_LOGIC_CENTER/LINK_LOGIC/LC_CSPIF_L0/U367' is out of load range (0.002527, 0.268164) of lib_cell 'XNOR2X1AL9'
  load 0.001848 at pin 'O' of cell 'u_LOGIC_CENTER/LINK_LOGIC/LC_CSPIF_L0/U369' is out of load range (0.002527, 0.268164) of lib_cell 'XNOR2X1AL9'
  load 0.001848 at pin 'O' of cell 'u_LOGIC_CENTER/LINK_LOGIC/LC_CSPIF_L0/POSTROUTE_FE_PHC56_DATA_PS0_ALIGN_16' is out of load range (0.002527, 0.080449) of lib_cell 'BUFX03AL9'
  load 0.001848 at pin 'O' of cell 'u_LOGIC_CENTER/LINK_LOGIC/LC_CSPIF_L0/POSTROUTE_FE_PHC61_DATA_PS0_ALIGN_14' is out of load range (0.002527, 0.080449) of lib_cell 'BUFX03AL9'
  load 0.001848 at pin 'O' of cell 'u_LOGIC_CENTER/LINK_LOGIC/LC_CSPIF_L0/POSTROUTE_FE_PHC94_KEY_RST_18UI_L0_CLKGEN' is out of load range (0.002527, 0.268164) of lib_cell 'DEL0N75X1AL9'
  load 0.001848 at pin 'O' of cell 'u_LOGIC_CENTER/LINK_LOGIC/LC_CSPIF_L0/U560' is out of load range (0.002527, 0.134082) of lib_cell 'AO22X05AL9'
  load 0.001848 at pin 'O' of cell 'u_LOGIC_CENTER/LINK_LOGIC/LC_CSPIF_L0/U561' is out of load range (0.002527, 0.134082) of lib_cell 'AO22X05AL9'
  load 0.001606 at pin 'OB' of cell 'u_LOGIC_CENTER/LINK_LOGIC/LC_CSPIF_L0/U562' is out of load range (0.002527, 0.268164) of lib_cell 'MUX2BX1AL9'
  load 0.001848 at pin 'O' of cell 'u_LOGIC_CENTER/LINK_LOGIC/LC_CSPIF_L0/U563' is out of load range (0.002527, 0.134082) of lib_cell 'AO122X05AL9'
  load 0.001848 at pin 'O' of cell 'u_LOGIC_CENTER/LINK_LOGIC/LC_CSPIF_L0/U371' is out of load range (0.002527, 0.268164) of lib_cell 'XNOR2X1AL9'
  load 0.001793 at pin 'O' of cell 'u_LOGIC_CENTER/LINK_LOGIC/LC_CSPIF_L0/U565' is out of load range (0.002527, 0.080449) of lib_cell 'INVX03AL9'
  load 0.001848 at pin 'O' of cell 'u_LOGIC_CENTER/LINK_LOGIC/LC_CSPIF_L0/U374' is out of load range (0.002527, 0.268164) of lib_cell 'XNOR2X1AL9'
  load 0.001547 at pin 'O' of cell 'u_LOGIC_CENTER/LINK_LOGIC/LC_CSPIF_L0/U183' is out of load range (0.002527, 0.134082) of lib_cell 'AO112X05AL9'
  load 0.001848 at pin 'O' of cell 'u_LOGIC_CENTER/LINK_LOGIC/LC_CSPIF_L0/U376' is out of load range (0.002527, 0.268164) of lib_cell 'XNOR2X1AL9'
  load 0.001606 at pin 'OB' of cell 'u_LOGIC_CENTER/LINK_LOGIC/LC_CSPIF_L0/U569' is out of load range (0.002527, 0.268164) of lib_cell 'MUX2BX1AL9'
  load 0.001848 at pin 'O' of cell 'u_LOGIC_CENTER/LINK_LOGIC/LC_CSPIF_L0/U379' is out of load range (0.002527, 0.268164) of lib_cell 'XNOR2X1AL9'
  load 0.001855 at pin 'O' of cell 'u_LOGIC_CENTER/LINK_LOGIC/LC_CSPIF_L0/POSTROUTE_FE_PHC102_FE_OFN188_KEY_RST_18UI_L0_CLKGEN' is out of load range (0.002527, 0.268164) of lib_cell 'DEL0N5X1AL9'
  load 0.001848 at pin 'O' of cell 'u_LOGIC_CENTER/LINK_LOGIC/LC_CSPIF_L0/U570' is out of load range (0.002527, 0.134082) of lib_cell 'AO122X05AL9'
  load 0.001637 at pin 'Q' of cell 'u_LOGIC_CENTER/LINK_LOGIC/LC_CSPIF_L0/STB_EMI_reg_4_' is out of load range (0.002527, 0.134082) of lib_cell 'DFFRBQX05AL9'
  ramp 0.000000 at pin 'TE' of cell 'u_LOGIC_CENTER/LINK_LOGIC/LC_CSPIF_L0/SNPS_CG_CELL_DCLK_SETTING_CNT_reg_0/latch' is out of ramp range (0.006078, 1.176400) of lib_cell 'GCKHBQX8AL9'
  load 0.001545 at pin 'O' of cell 'u_LOGIC_CENTER/LINK_LOGIC/LC_CSPIF_L0/U571' is out of load range (0.002527, 0.134082) of lib_cell 'NOR2X05AL9'
  load 0.001793 at pin 'O' of cell 'u_LOGIC_CENTER/LINK_LOGIC/LC_CSPIF_L0/U572' is out of load range (0.002527, 0.080449) of lib_cell 'INVX03AL9'
  load 0.001848 at pin 'O' of cell 'u_LOGIC_CENTER/LINK_LOGIC/LC_CSPIF_L0/U573' is out of load range (0.002527, 0.134082) of lib_cell 'AO122X05AL9'
  load 0.001848 at pin 'O' of cell 'u_LOGIC_CENTER/LINK_LOGIC/LC_CSPIF_L0/U381' is out of load range (0.002527, 0.268164) of lib_cell 'XNOR2X1AL9'
  load 0.001793 at pin 'O' of cell 'u_LOGIC_CENTER/LINK_LOGIC/LC_CSPIF_L0/U574' is out of load range (0.002527, 0.080449) of lib_cell 'INVX03AL9'
  load 0.001606 at pin 'OB' of cell 'u_LOGIC_CENTER/LINK_LOGIC/LC_CSPIF_L0/U575' is out of load range (0.002527, 0.268164) of lib_cell 'MUX2BX1AL9'
  load 0.001848 at pin 'O' of cell 'u_LOGIC_CENTER/LINK_LOGIC/LC_CSPIF_L0/U576' is out of load range (0.002527, 0.134082) of lib_cell 'AO122X05AL9'
  load 0.001606 at pin 'OB' of cell 'u_LOGIC_CENTER/LINK_LOGIC/LC_CSPIF_L0/U577' is out of load range (0.002527, 0.268164) of lib_cell 'MUX2BX1AL9'
  load 0.001848 at pin 'O' of cell 'u_LOGIC_CENTER/LINK_LOGIC/LC_CSPIF_L0/U385' is out of load range (0.002527, 0.268164) of lib_cell 'XOR2X1AL9'
  load 0.001547 at pin 'O' of cell 'u_LOGIC_CENTER/LINK_LOGIC/LC_CSPIF_L0/U193' is out of load range (0.002527, 0.134082) of lib_cell 'NAND3X05AL9'
  load 0.001848 at pin 'O' of cell 'u_LOGIC_CENTER/LINK_LOGIC/LC_CSPIF_L0/U578' is out of load range (0.002527, 0.134082) of lib_cell 'AO122X05AL9'
  load 0.001545 at pin 'O' of cell 'u_LOGIC_CENTER/LINK_LOGIC/LC_CSPIF_L0/U386' is out of load range (0.002527, 0.134082) of lib_cell 'AO22X05AL9'
  ramp 0.000000 at pin 'TE' of cell 'u_LOGIC_CENTER/LINK_LOGIC/LC_CSPIF_L0/SNPS_CG_CELL_DCLK_DATA_24BIT_reg_0/latch' is out of ramp range (0.006078, 1.176400) of lib_cell 'GCKHBQX8AL9'
  load 0.001848 at pin 'O' of cell 'u_LOGIC_CENTER/LINK_LOGIC/LC_CSPIF_L0/U580' is out of load range (0.002527, 0.134082) of lib_cell 'AO22X05AL9'
  load 0.001628 at pin 'O' of cell 'u_LOGIC_CENTER/LINK_LOGIC/LC_CSPIF_L0/POSTROUTE_FE_PHC91_KEY_RST_18UI_L0_CLKGEN' is out of load range (0.002527, 0.080449) of lib_cell 'BUFX03AL9'
  ramp 0.000000 at pin 'TE' of cell 'u_LOGIC_CENTER/LINK_LOGIC/LC_CSPIF_L0/SNPS_CG_CELL_DCLK_DATA_24BIT_reg_1/latch' is out of ramp range (0.006078, 1.176400) of lib_cell 'GCKHBQX8AL9'
  load 0.001848 at pin 'O' of cell 'u_LOGIC_CENTER/LINK_LOGIC/LC_CSPIF_L0/U582' is out of load range (0.002527, 0.134082) of lib_cell 'AO22X05AL9'
  load 0.001848 at pin 'O' of cell 'u_LOGIC_CENTER/LINK_LOGIC/LC_CSPIF_L0/U583' is out of load range (0.002527, 0.134082) of lib_cell 'AO22X05AL9'
  load 0.001848 at pin 'O' of cell 'u_LOGIC_CENTER/LINK_LOGIC/LC_CSPIF_L0/U584' is out of load range (0.002527, 0.134082) of lib_cell 'AO22X05AL9'
  load 0.001848 at pin 'O' of cell 'u_LOGIC_CENTER/LINK_LOGIC/LC_CSPIF_L0/U585' is out of load range (0.002527, 0.134082) of lib_cell 'AO22X05AL9'
  load 0.001848 at pin 'O' of cell 'u_LOGIC_CENTER/LINK_LOGIC/LC_CSPIF_L0/U586' is out of load range (0.002527, 0.134082) of lib_cell 'AO22X05AL9'
  load 0.001786 at pin 'Q' of cell 'u_LOGIC_CENTER/LINK_LOGIC/LC_CSPIF_L0/KEY_RST_D_reg' is out of load range (0.002527, 0.134082) of lib_cell 'DFFRBQX05AL9'
  load 0.001848 at pin 'O' of cell 'u_LOGIC_CENTER/LINK_LOGIC/LC_CSPIF_L0/U587' is out of load range (0.002527, 0.134082) of lib_cell 'AO22X05AL9'
  load 0.001628 at pin 'O' of cell 'u_LOGIC_CENTER/LINK_LOGIC/LC_CSPIF_L0/U395' is out of load range (0.002527, 0.268164) of lib_cell 'AND3B2X1AL9'
  load 0.001848 at pin 'O' of cell 'u_LOGIC_CENTER/LINK_LOGIC/LC_CSPIF_L0/U588' is out of load range (0.002527, 0.134082) of lib_cell 'AO22X05AL9'
  load 0.001848 at pin 'O' of cell 'u_LOGIC_CENTER/LINK_LOGIC/LC_CSPIF_L0/U589' is out of load range (0.002527, 0.134082) of lib_cell 'AO22X05AL9'
  load 0.001848 at pin 'O' of cell 'u_LOGIC_CENTER/LINK_LOGIC/LC_CSPIF_L0/U200' is out of load range (0.002527, 0.268164) of lib_cell 'XNOR2X1AL9'
  load 0.001848 at pin 'O' of cell 'u_LOGIC_CENTER/LINK_LOGIC/LC_CSPIF_L0/U591' is out of load range (0.002527, 0.134082) of lib_cell 'AO22X05AL9'
  load 0.001848 at pin 'O' of cell 'u_LOGIC_CENTER/LINK_LOGIC/LC_CSPIF_L0/U593' is out of load range (0.002527, 0.134082) of lib_cell 'AO22X05AL9'
  load 0.001848 at pin 'O' of cell 'u_LOGIC_CENTER/LINK_LOGIC/LC_CSPIF_L0/U594' is out of load range (0.002527, 0.134082) of lib_cell 'AO22X05AL9'
  load 0.001848 at pin 'O' of cell 'u_LOGIC_CENTER/LINK_LOGIC/LC_CSPIF_L0/U595' is out of load range (0.002527, 0.134082) of lib_cell 'AO22X05AL9'
  load 0.001848 at pin 'O' of cell 'u_LOGIC_CENTER/LINK_LOGIC/LC_CSPIF_L0/U596' is out of load range (0.002527, 0.134082) of lib_cell 'AO22X05AL9'
  load 0.001628 at pin 'O' of cell 'u_LOGIC_CENTER/LINK_LOGIC/LC_CSPIF_L0/POSTROUTE_FE_PHC99_KEY_RST_18UI_L0_CLKGEN' is out of load range (0.002527, 0.080449) of lib_cell 'BUFX03AL9'
  load 0.001848 at pin 'O' of cell 'u_LOGIC_CENTER/LINK_LOGIC/LC_CSPIF_L0/U597' is out of load range (0.002527, 0.134082) of lib_cell 'AO22X05AL9'
  load 0.001848 at pin 'O' of cell 'u_LOGIC_CENTER/LINK_LOGIC/LC_CSPIF_L0/U599' is out of load range (0.002527, 0.134082) of lib_cell 'AO22X05AL9'
  load 0.001547 at pin 'O' of cell 'u_LOGIC_CENTER/LINK_LOGIC/LC_CSPIF_L0/U213' is out of load range (0.002527, 0.134082) of lib_cell 'NAND2X05AL9'
  load 0.001628 at pin 'O' of cell 'u_LOGIC_CENTER/LINK_LOGIC/LC_CSPIF_L0/POSTROUTE_FE_PHC5_DATA_PS0_ALIGN_11' is out of load range (0.002527, 0.080449) of lib_cell 'BUFX03AL9'
  load 0.001848 at pin 'O' of cell 'u_LOGIC_CENTER/LINK_LOGIC/LC_CSPIF_L0/U600' is out of load range (0.002527, 0.134082) of lib_cell 'AO22X05AL9'
  load 0.001643 at pin 'O' of cell 'u_LOGIC_CENTER/LINK_LOGIC/LC_CSPIF_L0/PLACE_FE_OFC643_DSINL_0' is out of load range (0.002527, 0.268164) of lib_cell 'CLKINVX1AL9'
  load 0.001848 at pin 'O' of cell 'u_LOGIC_CENTER/LINK_LOGIC/LC_CSPIF_L0/U601' is out of load range (0.002527, 0.134082) of lib_cell 'AO22X05AL9'
  load 0.001848 at pin 'O' of cell 'u_LOGIC_CENTER/LINK_LOGIC/LC_CSPIF_L0/U602' is out of load range (0.002527, 0.134082) of lib_cell 'AO22X05AL9'
  load 0.001848 at pin 'O' of cell 'u_LOGIC_CENTER/LINK_LOGIC/LC_CSPIF_L0/U603' is out of load range (0.002527, 0.134082) of lib_cell 'AO22X05AL9'
  load 0.001848 at pin 'O' of cell 'u_LOGIC_CENTER/LINK_LOGIC/LC_CSPIF_L0/U604' is out of load range (0.002527, 0.134082) of lib_cell 'AO22X05AL9'
  load 0.001848 at pin 'O' of cell 'u_LOGIC_CENTER/LINK_LOGIC/LC_CSPIF_L0/U605' is out of load range (0.002527, 0.134082) of lib_cell 'AO22X05AL9'
  load 0.001848 at pin 'O' of cell 'u_LOGIC_CENTER/LINK_LOGIC/LC_CSPIF_L0/U606' is out of load range (0.002527, 0.134082) of lib_cell 'AO22X05AL9'
  load 0.001848 at pin 'O' of cell 'u_LOGIC_CENTER/LINK_LOGIC/LC_CSPIF_L0/U607' is out of load range (0.002527, 0.134082) of lib_cell 'AO22X05AL9'
  load 0.001628 at pin 'O' of cell 'u_LOGIC_CENTER/LINK_LOGIC/LC_CSPIF_L0/U415' is out of load range (0.002527, 0.134082) of lib_cell 'NAND2X05AL9'
  load 0.001673 at pin 'O' of cell 'u_LOGIC_CENTER/LINK_LOGIC/LC_CSPIF_L0/U417' is out of load range (0.002527, 0.134082) of lib_cell 'NOR2X05AL9'
  load 0.001643 at pin 'O' of cell 'u_LOGIC_CENTER/LINK_LOGIC/LC_CSPIF_L0/PLACE_FE_OFC250_DSINL_3' is out of load range (0.002527, 0.134082) of lib_cell 'INVX05AL9'
  load 0.001848 at pin 'O' of cell 'u_LOGIC_CENTER/LINK_LOGIC/LC_CSPIF_L0/U228' is out of load range (0.002527, 0.268164) of lib_cell 'XOR2X1AL9'
  ramp 0.000000 at pin 'TE' of cell 'u_LOGIC_CENTER/LINK_LOGIC/LC_CSPIF_L0/CG_CELL_HSR_DCLK/CG_CELL' is out of ramp range (0.006078, 1.176400) of lib_cell 'GCKHBQX8AL9'
  load 0.001848 at pin 'O' of cell 'u_LOGIC_CENTER/LINK_LOGIC/LC_CSPIF_L0/POSTROUTE_FE_PHC13_DATA_PS0_ALIGN_1' is out of load range (0.002527, 0.268164) of lib_cell 'DEL0N15X1AL9'
  load 0.001643 at pin 'O' of cell 'u_LOGIC_CENTER/LINK_LOGIC/LC_CSPIF_L0/PLACE_FE_OFC252_DSINL_2' is out of load range (0.002527, 0.134082) of lib_cell 'INVX05AL9'
  load 0.001848 at pin 'O' of cell 'u_LOGIC_CENTER/LINK_LOGIC/LC_CSPIF_L0/U610' is out of load range (0.002527, 0.134082) of lib_cell 'AO122X05AL9'
  load 0.001848 at pin 'O' of cell 'u_LOGIC_CENTER/LINK_LOGIC/LC_CSPIF_L0/U612' is out of load range (0.002527, 0.268164) of lib_cell 'OAI12B2X1AL9'
  load 0.001643 at pin 'O' of cell 'u_LOGIC_CENTER/LINK_LOGIC/LC_CSPIF_L0/PLACE_FE_OFC254_DSINL_1' is out of load range (0.002527, 0.134082) of lib_cell 'INVX05AL9'
  load 0.001848 at pin 'O' of cell 'u_LOGIC_CENTER/LINK_LOGIC/LC_CSPIF_L0/U614' is out of load range (0.002527, 0.268164) of lib_cell 'OAI12B2X1AL9'
  load 0.001848 at pin 'O' of cell 'u_LOGIC_CENTER/LINK_LOGIC/LC_CSPIF_L0/U616' is out of load range (0.002527, 0.268164) of lib_cell 'OAI12B2X1AL9'
  load 0.001643 at pin 'O' of cell 'u_LOGIC_CENTER/LINK_LOGIC/LC_CSPIF_L0/PLACE_FE_OFC256_DSINL_0' is out of load range (0.002527, 0.134082) of lib_cell 'INVX05AL9'
  ramp 0.000000 at pin 'TE' of cell 'u_LOGIC_CENTER/LINK_LOGIC/LC_CSPIF_L0/CG_CELL_DLY_CNT_DCLK/CG_CELL' is out of ramp range (0.006078, 1.176400) of lib_cell 'GCKHBQX8AL9'
  ramp 0.000000 at pin 'TE' of cell 'u_LOGIC_CENTER/LINK_LOGIC/LC_CSPIF_L0/SNPS_CG_CELL_DCLK_DATA_NUM_CNT_reg_0/latch' is out of ramp range (0.006078, 1.176400) of lib_cell 'GCKHBQX8AL9'
  load 0.001599 at pin 'O' of cell 'u_LOGIC_CENTER/LINK_LOGIC/LC_CSPIF_L0/U621' is out of load range (0.002527, 0.268164) of lib_cell 'OAI12B2X1AL9'
  load 0.001628 at pin 'O' of cell 'u_LOGIC_CENTER/LINK_LOGIC/LC_CSPIF_L0/U431' is out of load range (0.002527, 0.268164) of lib_cell 'AND4X1AL9'
  load 0.001848 at pin 'O' of cell 'u_LOGIC_CENTER/LINK_LOGIC/LC_CSPIF_L0/U624' is out of load range (0.002527, 0.134082) of lib_cell 'AO222X05AL9'
  load 0.001599 at pin 'O' of cell 'u_LOGIC_CENTER/LINK_LOGIC/LC_CSPIF_L0/U625' is out of load range (0.002527, 0.268164) of lib_cell 'OAI12B2X1AL9'
  load 0.001848 at pin 'O' of cell 'u_LOGIC_CENTER/LINK_LOGIC/LC_CSPIF_L0/U626' is out of load range (0.002527, 0.134082) of lib_cell 'AO222X05AL9'
  load 0.001599 at pin 'O' of cell 'u_LOGIC_CENTER/LINK_LOGIC/LC_CSPIF_L0/U627' is out of load range (0.002527, 0.268164) of lib_cell 'OAI12B2X1AL9'
  load 0.001848 at pin 'O' of cell 'u_LOGIC_CENTER/LINK_LOGIC/LC_CSPIF_L0/U628' is out of load range (0.002527, 0.134082) of lib_cell 'AO222X05AL9'
  load 0.001599 at pin 'O' of cell 'u_LOGIC_CENTER/LINK_LOGIC/LC_CSPIF_L0/U629' is out of load range (0.002527, 0.268164) of lib_cell 'OAI12B2X1AL9'
  load 0.001848 at pin 'O' of cell 'u_LOGIC_CENTER/LINK_LOGIC/LC_CSPIF_L0/POSTROUTE_FE_PHC75_DATA_PS0_ALIGN_10' is out of load range (0.002527, 0.080449) of lib_cell 'BUFX03AL9'
  load 0.001778 at pin 'O' of cell 'u_LOGIC_CENTER/LINK_LOGIC/LC_CSPIF_L0/PLACE_FE_OFC375_n478' is out of load range (0.002527, 0.268164) of lib_cell 'CLKINVX1AL9'
  load 0.001628 at pin 'O' of cell 'u_LOGIC_CENTER/LINK_LOGIC/LC_CSPIF_L0/POSTROUTE_FE_PHC93_KEY_RST_18UI_L0_CLKGEN' is out of load range (0.002527, 0.080449) of lib_cell 'BUFX03AL9'
  load 0.001848 at pin 'O' of cell 'u_LOGIC_CENTER/LINK_LOGIC/LC_CSPIF_L0/U630' is out of load range (0.002527, 0.134082) of lib_cell 'AO222X05AL9'
  load 0.001599 at pin 'O' of cell 'u_LOGIC_CENTER/LINK_LOGIC/LC_CSPIF_L0/U631' is out of load range (0.002527, 0.268164) of lib_cell 'OAI12B2X1AL9'
  load 0.001848 at pin 'O' of cell 'u_LOGIC_CENTER/LINK_LOGIC/LC_CSPIF_L0/U632' is out of load range (0.002527, 0.134082) of lib_cell 'AO222X05AL9'
  load 0.001599 at pin 'O' of cell 'u_LOGIC_CENTER/LINK_LOGIC/LC_CSPIF_L0/U633' is out of load range (0.002527, 0.268164) of lib_cell 'OAI12B2X1AL9'
  load 0.001848 at pin 'O' of cell 'u_LOGIC_CENTER/LINK_LOGIC/LC_CSPIF_L0/U634' is out of load range (0.002527, 0.134082) of lib_cell 'AO222X05AL9'
  load 0.001630 at pin 'O' of cell 'u_LOGIC_CENTER/LINK_LOGIC/LC_CSPIF_L0/U442' is out of load range (0.002527, 0.134082) of lib_cell 'NOR2X05AL9'
  load 0.001822 at pin 'O' of cell 'u_LOGIC_CENTER/LINK_LOGIC/LC_CSPIF_L0/U635' is out of load range (0.002527, 0.134082) of lib_cell 'NOR2X05AL9'
  load 0.001765 at pin 'O' of cell 'u_LOGIC_CENTER/LINK_LOGIC/LC_CSPIF_L0/U636' is out of load range (0.002527, 0.134082) of lib_cell 'NOR2X05AL9'
  load 0.001973 at pin 'O' of cell 'u_LOGIC_CENTER/LINK_LOGIC/LC_CSPIF_L0/U637' is out of load range (0.002527, 0.134082) of lib_cell 'NOR2X05AL9'
  load 0.001599 at pin 'O' of cell 'u_LOGIC_CENTER/LINK_LOGIC/LC_CSPIF_L0/U638' is out of load range (0.002527, 0.134082) of lib_cell 'AO13X05AL9'
  load 0.001822 at pin 'O' of cell 'u_LOGIC_CENTER/LINK_LOGIC/LC_CSPIF_L0/U639' is out of load range (0.002527, 0.134082) of lib_cell 'NAND2X05AL9'
  load 0.001848 at pin 'O' of cell 'u_LOGIC_CENTER/LINK_LOGIC/LC_CSPIF_L0/U257' is out of load range (0.002527, 0.268164) of lib_cell 'XNOR2X1AL9'
  load 0.001848 at pin 'O' of cell 'u_LOGIC_CENTER/LINK_LOGIC/LC_CSPIF_L0/POSTROUTE_FE_PHC12_DATA_PS0_ALIGN_17' is out of load range (0.002527, 0.268164) of lib_cell 'DEL0N15X1AL9'
  ramp 0.000000 at pin 'TE' of cell 'u_LOGIC_CENTER/LINK_LOGIC/LC_CSPIF_L0/SNPS_CG_CELL_HSR_DCLK_HSR_WIDTH_CNT_reg_0/latch' is out of ramp range (0.006078, 1.176400) of lib_cell 'GCKHBQX8AL9'
  load 0.001848 at pin 'O' of cell 'u_LOGIC_CENTER/LINK_LOGIC/LC_CSPIF_L0/POSTROUTE_FE_PHC3_DATA_PS0_ALIGN_13' is out of load range (0.002527, 0.268164) of lib_cell 'DEL0N15X1AL9'
  load 0.001848 at pin 'O' of cell 'u_LOGIC_CENTER/LINK_LOGIC/LC_CSPIF_L0/U640' is out of load range (0.002527, 0.134082) of lib_cell 'AO222X05AL9'
  load 0.001848 at pin 'O' of cell 'u_LOGIC_CENTER/LINK_LOGIC/LC_CSPIF_L0/U260' is out of load range (0.002527, 0.268164) of lib_cell 'XNOR2X1AL9'
  load 0.001630 at pin 'O' of cell 'u_LOGIC_CENTER/LINK_LOGIC/LC_CSPIF_L0/U645' is out of load range (0.002527, 0.134082) of lib_cell 'AND2X05AL9'
  load 0.001630 at pin 'O' of cell 'u_LOGIC_CENTER/LINK_LOGIC/LC_CSPIF_L0/U454' is out of load range (0.002527, 0.134082) of lib_cell 'NOR2X05AL9'
  load 0.001734 at pin 'O' of cell 'u_LOGIC_CENTER/LINK_LOGIC/LC_CSPIF_L0/U459' is out of load range (0.002527, 0.134082) of lib_cell 'AO12X05AL9'
  load 0.001848 at pin 'O' of cell 'u_LOGIC_CENTER/LINK_LOGIC/LC_CSPIF_L0/U650' is out of load range (0.002527, 0.134082) of lib_cell 'AO13X05AL9'
  load 0.001973 at pin 'O' of cell 'u_LOGIC_CENTER/LINK_LOGIC/LC_CSPIF_L0/U651' is out of load range (0.002527, 0.134082) of lib_cell 'OA12X05AL9'
  load 0.001628 at pin 'O' of cell 'u_LOGIC_CENTER/LINK_LOGIC/LC_CSPIF_L0/POSTROUTE_FE_PHC90_FE_DBTN1_KEY_RST_18UI_L0_CLKGEN' is out of load range (0.002527, 0.268164) of lib_cell 'DEL0N5X1AL9'
  load 0.001786 at pin 'O' of cell 'u_LOGIC_CENTER/LINK_LOGIC/LC_CSPIF_L0/U460' is out of load range (0.002527, 0.134082) of lib_cell 'AO13X05AL9'
  load 0.001848 at pin 'O' of cell 'u_LOGIC_CENTER/LINK_LOGIC/LC_CSPIF_L0/U653' is out of load range (0.002527, 0.134082) of lib_cell 'AO13X05AL9'
  load 0.001765 at pin 'O' of cell 'u_LOGIC_CENTER/LINK_LOGIC/LC_CSPIF_L0/U654' is out of load range (0.002527, 0.080449) of lib_cell 'INVX03AL9'
  load 0.001973 at pin 'O' of cell 'u_LOGIC_CENTER/LINK_LOGIC/LC_CSPIF_L0/U270' is out of load range (0.002527, 0.268164) of lib_cell 'AOI222X1AL9'
  load 0.001973 at pin 'O' of cell 'u_LOGIC_CENTER/LINK_LOGIC/LC_CSPIF_L0/U655' is out of load range (0.002527, 0.080449) of lib_cell 'INVX03AL9'
  load 0.001545 at pin 'O' of cell 'u_LOGIC_CENTER/LINK_LOGIC/LC_CSPIF_L0/U463' is out of load range (0.002527, 0.268164) of lib_cell 'NAND4X1AL9'
  load 0.001772 at pin 'O' of cell 'u_LOGIC_CENTER/LINK_LOGIC/LC_CSPIF_L0/U656' is out of load range (0.002527, 0.134082) of lib_cell 'OA122X05AL9'
  load 0.001835 at pin 'O' of cell 'u_LOGIC_CENTER/LINK_LOGIC/LC_CSPIF_L0/U464' is out of load range (0.002527, 0.268164) of lib_cell 'NAND4X1AL9'
  load 0.001848 at pin 'O' of cell 'u_LOGIC_CENTER/LINK_LOGIC/LC_CSPIF_L0/U657' is out of load range (0.002527, 0.134082) of lib_cell 'AO13X05AL9'
  load 0.001848 at pin 'O' of cell 'u_LOGIC_CENTER/LINK_LOGIC/LC_CSPIF_L0/U658' is out of load range (0.002527, 0.134082) of lib_cell 'OA12X05AL9'
  load 0.001772 at pin 'O' of cell 'u_LOGIC_CENTER/LINK_LOGIC/LC_CSPIF_L0/U274' is out of load range (0.002527, 0.268164) of lib_cell 'AND3B2X1AL9'
  load 0.001973 at pin 'O' of cell 'u_LOGIC_CENTER/LINK_LOGIC/LC_CSPIF_L0/U467' is out of load range (0.002527, 0.268164) of lib_cell 'AOI222X1AL9'
  load 0.001643 at pin 'O' of cell 'u_LOGIC_CENTER/LINK_LOGIC/LC_CSPIF_L0/POSTROUTE_FE_PHC83_KEY_RST_18UI_L0_CLKGEN' is out of load range (0.002527, 0.268164) of lib_cell 'DEL0N75X1AL9'
  load 0.001848 at pin 'O' of cell 'u_LOGIC_CENTER/LINK_LOGIC/LC_CSPIF_L0/U277' is out of load range (0.002527, 0.268164) of lib_cell 'XOR2X1AL9'
  load 0.001643 at pin 'Q' of cell 'u_LOGIC_CENTER/LINK_LOGIC/CSPI_WD_BWDBL/WD_CNT_reg_4_' is out of load range (0.002527, 0.268164) of lib_cell 'AND2DFFRBQX1AL9'
  load 0.001848 at pin 'Q' of cell 'u_LOGIC_CENTER/LINK_LOGIC/CSPI_WD_BWDBL/BAC_CMD_TOG_DLY_L1_reg_0_' is out of load range (0.002527, 0.134082) of lib_cell 'DFFRBQX05AL9'
  load 0.001643 at pin 'Q' of cell 'u_LOGIC_CENTER/LINK_LOGIC/CSPI_WD_BWDBL/WD_CNT_reg_2_' is out of load range (0.002527, 0.268164) of lib_cell 'AND2DFFRBQX1AL9'
  load 0.001848 at pin 'O' of cell 'u_LOGIC_CENTER/LINK_LOGIC/CSPI_WD_BWDBL/PLACE_FE_OFC233_BAC_CMD_TOG_L1' is out of load range (0.002527, 0.268164) of lib_cell 'CLKINVX1AL9'
  ramp 0.000000 at pin 'D1' of cell 'u_LOGIC_CENTER/LINK_LOGIC/CSPI_WD_BWDBL/BAC_CMD_TOG_DLY_L0_reg_3_' is out of ramp range (0.006078, 1.176400) of lib_cell 'AND2DFFRBQBX1AL9'
  load 0.001848 at pin 'O' of cell 'u_LOGIC_CENTER/LINK_LOGIC/CSPI_WD_BWDBL/U61' is out of load range (0.002527, 0.134082) of lib_cell 'OA12X05AL9'
  load 0.001643 at pin 'Q' of cell 'u_LOGIC_CENTER/LINK_LOGIC/CSPI_WD_BWDBL/WD_CNT_reg_6_' is out of load range (0.002527, 0.268164) of lib_cell 'AND2DFFRBQX1AL9'
  load 0.001700 at pin 'O' of cell 'u_LOGIC_CENTER/LINK_LOGIC/CSPI_WD_BWDBL/U14' is out of load range (0.002527, 0.268164) of lib_cell 'AND3X1AL9'
  load 0.001925 at pin 'O' of cell 'u_LOGIC_CENTER/LINK_LOGIC/CSPI_WD_BWDBL/U17' is out of load range (0.002527, 0.134082) of lib_cell 'OA13X05AL9'
  load 0.001848 at pin 'Q' of cell 'u_LOGIC_CENTER/LINK_LOGIC/CSPI_WD_BWDBL/BAC_CMD_TOG_DLY_L1_reg_2_' is out of load range (0.002527, 0.134082) of lib_cell 'DFFRBQX05AL9'
  load 0.001848 at pin 'O' of cell 'u_LOGIC_CENTER/LINK_LOGIC/LC_CSPIF_L1/U50' is out of load range (0.002527, 0.268164) of lib_cell 'XOR2X1AL9'
  load 0.001848 at pin 'O' of cell 'u_LOGIC_CENTER/LINK_LOGIC/LC_CSPIF_L1/U155' is out of load range (0.002527, 0.134082) of lib_cell 'AO222X05AL9'
  load 0.001848 at pin 'O' of cell 'u_LOGIC_CENTER/LINK_LOGIC/LC_CSPIF_L1/U51' is out of load range (0.002527, 0.268164) of lib_cell 'XOR2X1AL9'
  load 0.001848 at pin 'O' of cell 'u_LOGIC_CENTER/LINK_LOGIC/LC_CSPIF_L1/U52' is out of load range (0.002527, 0.268164) of lib_cell 'XNOR2X1AL9'
  load 0.001848 at pin 'O' of cell 'u_LOGIC_CENTER/LINK_LOGIC/LC_CSPIF_L1/U53' is out of load range (0.002527, 0.268164) of lib_cell 'XNOR2X1AL9'
  load 0.001848 at pin 'O' of cell 'u_LOGIC_CENTER/LINK_LOGIC/LC_CSPIF_L1/U158' is out of load range (0.002527, 0.134082) of lib_cell 'AO222X05AL9'
  load 0.001848 at pin 'O' of cell 'u_LOGIC_CENTER/LINK_LOGIC/LC_CSPIF_L1/U54' is out of load range (0.002527, 0.268164) of lib_cell 'XNOR2X1AL9'
  load 0.001848 at pin 'O' of cell 'u_LOGIC_CENTER/LINK_LOGIC/LC_CSPIF_L1/U55' is out of load range (0.002527, 0.268164) of lib_cell 'XNOR2X1AL9'
  load 0.001848 at pin 'O' of cell 'u_LOGIC_CENTER/LINK_LOGIC/LC_CSPIF_L1/U250' is out of load range (0.002527, 0.134082) of lib_cell 'AO22X05AL9'
  load 0.001848 at pin 'O' of cell 'u_LOGIC_CENTER/LINK_LOGIC/LC_CSPIF_L1/U56' is out of load range (0.002527, 0.268164) of lib_cell 'XOR2X1AL9'
  load 0.001848 at pin 'O' of cell 'u_LOGIC_CENTER/LINK_LOGIC/LC_CSPIF_L1/U251' is out of load range (0.002527, 0.134082) of lib_cell 'AO22X05AL9'
  load 0.001848 at pin 'O' of cell 'u_LOGIC_CENTER/LINK_LOGIC/LC_CSPIF_L1/U57' is out of load range (0.002527, 0.268164) of lib_cell 'XOR2X1AL9'
  load 0.001848 at pin 'O' of cell 'u_LOGIC_CENTER/LINK_LOGIC/LC_CSPIF_L1/U252' is out of load range (0.002527, 0.134082) of lib_cell 'AO22X05AL9'
  load 0.001848 at pin 'O' of cell 'u_LOGIC_CENTER/LINK_LOGIC/LC_CSPIF_L1/U58' is out of load range (0.002527, 0.268164) of lib_cell 'XOR2X1AL9'
  load 0.001848 at pin 'O' of cell 'u_LOGIC_CENTER/LINK_LOGIC/LC_CSPIF_L1/U254' is out of load range (0.002527, 0.134082) of lib_cell 'AO22X05AL9'
  load 0.001848 at pin 'O' of cell 'u_LOGIC_CENTER/LINK_LOGIC/LC_CSPIF_L1/U255' is out of load range (0.002527, 0.134082) of lib_cell 'AO22X05AL9'
  load 0.001848 at pin 'O' of cell 'u_LOGIC_CENTER/LINK_LOGIC/LC_CSPIF_L1/U256' is out of load range (0.002527, 0.134082) of lib_cell 'AO22X05AL9'
  load 0.001848 at pin 'O' of cell 'u_LOGIC_CENTER/LINK_LOGIC/LC_CSPIF_L1/U257' is out of load range (0.002527, 0.134082) of lib_cell 'AO22X05AL9'
  load 0.001848 at pin 'O' of cell 'u_LOGIC_CENTER/LINK_LOGIC/LC_CSPIF_L1/U258' is out of load range (0.002527, 0.134082) of lib_cell 'AO22X05AL9'
  load 0.001848 at pin 'O' of cell 'u_LOGIC_CENTER/LINK_LOGIC/LC_CSPIF_L1/U259' is out of load range (0.002527, 0.134082) of lib_cell 'AO22X05AL9'
  load 0.001786 at pin 'Q' of cell 'u_LOGIC_CENTER/LINK_LOGIC/LC_CSPIF_L1/KEY_RST_D_reg' is out of load range (0.002527, 0.134082) of lib_cell 'DFFRBQX05AL9'
  load 0.001717 at pin 'O' of cell 'u_LOGIC_CENTER/LINK_LOGIC/LC_CSPIF_L1/U160' is out of load range (0.002527, 0.080449) of lib_cell 'INVX03AL9'
  load 0.001535 at pin 'O' of cell 'u_LOGIC_CENTER/LINK_LOGIC/LC_CSPIF_L1/U161' is out of load range (0.002527, 0.134082) of lib_cell 'OA122X05AL9'
  load 0.001668 at pin 'O' of cell 'u_LOGIC_CENTER/LINK_LOGIC/LC_CSPIF_L1/U164' is out of load range (0.002527, 0.134082) of lib_cell 'NOR2X05AL9'
  load 0.001848 at pin 'O' of cell 'u_LOGIC_CENTER/LINK_LOGIC/LC_CSPIF_L1/U60' is out of load range (0.002527, 0.268164) of lib_cell 'XOR2X1AL9'
  load 0.001848 at pin 'O' of cell 'u_LOGIC_CENTER/LINK_LOGIC/LC_CSPIF_L1/U165' is out of load range (0.002527, 0.134082) of lib_cell 'AO112X05AL9'
  load 0.001848 at pin 'O' of cell 'u_LOGIC_CENTER/LINK_LOGIC/LC_CSPIF_L1/U62' is out of load range (0.002527, 0.268164) of lib_cell 'XOR2X1AL9'
  load 0.001668 at pin 'O' of cell 'u_LOGIC_CENTER/LINK_LOGIC/LC_CSPIF_L1/U168' is out of load range (0.002527, 0.268164) of lib_cell 'LOWMUX2X1AL9'
  load 0.001848 at pin 'O' of cell 'u_LOGIC_CENTER/LINK_LOGIC/LC_CSPIF_L1/U169' is out of load range (0.002527, 0.134082) of lib_cell 'AO112X05AL9'
  load 0.001848 at pin 'O' of cell 'u_LOGIC_CENTER/LINK_LOGIC/LC_CSPIF_L1/U260' is out of load range (0.002527, 0.134082) of lib_cell 'AO22X05AL9'
  load 0.001848 at pin 'O' of cell 'u_LOGIC_CENTER/LINK_LOGIC/LC_CSPIF_L1/U66' is out of load range (0.002527, 0.268164) of lib_cell 'XNOR2X1AL9'
  load 0.001848 at pin 'O' of cell 'u_LOGIC_CENTER/LINK_LOGIC/LC_CSPIF_L1/U262' is out of load range (0.002527, 0.134082) of lib_cell 'AO22X05AL9'
  load 0.001848 at pin 'O' of cell 'u_LOGIC_CENTER/LINK_LOGIC/LC_CSPIF_L1/U263' is out of load range (0.002527, 0.134082) of lib_cell 'AO22X05AL9'
  load 0.001848 at pin 'O' of cell 'u_LOGIC_CENTER/LINK_LOGIC/LC_CSPIF_L1/U264' is out of load range (0.002527, 0.134082) of lib_cell 'AO22X05AL9'
  load 0.001848 at pin 'O' of cell 'u_LOGIC_CENTER/LINK_LOGIC/LC_CSPIF_L1/U265' is out of load range (0.002527, 0.134082) of lib_cell 'AO22X05AL9'
  load 0.001848 at pin 'O' of cell 'u_LOGIC_CENTER/LINK_LOGIC/LC_CSPIF_L1/U266' is out of load range (0.002527, 0.134082) of lib_cell 'AO22X05AL9'
  load 0.001848 at pin 'O' of cell 'u_LOGIC_CENTER/LINK_LOGIC/LC_CSPIF_L1/U267' is out of load range (0.002527, 0.134082) of lib_cell 'AO22X05AL9'
  load 0.001848 at pin 'O' of cell 'u_LOGIC_CENTER/LINK_LOGIC/LC_CSPIF_L1/U268' is out of load range (0.002527, 0.134082) of lib_cell 'AO22X05AL9'
  load 0.001848 at pin 'O' of cell 'u_LOGIC_CENTER/LINK_LOGIC/LC_CSPIF_L1/U269' is out of load range (0.002527, 0.134082) of lib_cell 'AO22X05AL9'
  load 0.001668 at pin 'O' of cell 'u_LOGIC_CENTER/LINK_LOGIC/LC_CSPIF_L1/U170' is out of load range (0.002527, 0.134082) of lib_cell 'OA122X05AL9'
  load 0.001848 at pin 'O' of cell 'u_LOGIC_CENTER/LINK_LOGIC/LC_CSPIF_L1/U70' is out of load range (0.002527, 0.268164) of lib_cell 'XNOR2X1AL9'
  load 0.001628 at pin 'O' of cell 'u_LOGIC_CENTER/LINK_LOGIC/LC_CSPIF_L1/POSTROUTE_FE_PHC85_KEY_RST_18UI_L1_CLKGEN_RAW' is out of load range (0.002527, 0.080449) of lib_cell 'BUFX03AL9'
  load 0.001848 at pin 'O' of cell 'u_LOGIC_CENTER/LINK_LOGIC/LC_CSPIF_L1/U74' is out of load range (0.002527, 0.268164) of lib_cell 'XNOR2X1AL9'
  load 0.001848 at pin 'O' of cell 'u_LOGIC_CENTER/LINK_LOGIC/LC_CSPIF_L1/U270' is out of load range (0.002527, 0.134082) of lib_cell 'AO22X05AL9'
  load 0.001848 at pin 'O' of cell 'u_LOGIC_CENTER/LINK_LOGIC/LC_CSPIF_L1/U78' is out of load range (0.002527, 0.268164) of lib_cell 'XNOR2X1AL9'
  load 0.001628 at pin 'O' of cell 'u_LOGIC_CENTER/LINK_LOGIC/LC_CSPIF_L1/POSTROUTE_FE_PHC79_KEY_RST_18UI_L1_CLKGEN_RAW' is out of load range (0.002527, 0.080449) of lib_cell 'BUFX03AL9'
  load 0.001848 at pin 'O' of cell 'u_LOGIC_CENTER/LINK_LOGIC/LC_CSPIF_L1/U81' is out of load range (0.002527, 0.268164) of lib_cell 'XNOR2X1AL9'
  load 0.001848 at pin 'O' of cell 'u_LOGIC_CENTER/LINK_LOGIC/LC_CSPIF_L1/U187' is out of load range (0.002527, 0.134082) of lib_cell 'NAND2X05AL9'
  load 0.001848 at pin 'O' of cell 'u_LOGIC_CENTER/LINK_LOGIC/LC_CSPIF_L1/U83' is out of load range (0.002527, 0.268164) of lib_cell 'XNOR2X1AL9'
  load 0.001848 at pin 'O' of cell 'u_LOGIC_CENTER/LINK_LOGIC/LC_CSPIF_L1/U189' is out of load range (0.002527, 0.134082) of lib_cell 'NAND2X05AL9'
  load 0.001848 at pin 'O' of cell 'u_LOGIC_CENTER/LINK_LOGIC/LC_CSPIF_L1/U85' is out of load range (0.002527, 0.268164) of lib_cell 'XNOR2X1AL9'
  load 0.001848 at pin 'O' of cell 'u_LOGIC_CENTER/LINK_LOGIC/LC_CSPIF_L1/U88' is out of load range (0.002527, 0.268164) of lib_cell 'XNOR2X1AL9'
  ramp 0.000000 at pin 'TE' of cell 'u_LOGIC_CENTER/LINK_LOGIC/LC_CSPIF_L1/SNPS_CG_CELL_DCLK_B_DATA_reg_0/latch' is out of ramp range (0.006078, 1.176400) of lib_cell 'GCKHBQX8AL9'
  load 0.001848 at pin 'O' of cell 'u_LOGIC_CENTER/LINK_LOGIC/LC_CSPIF_L1/U191' is out of load range (0.002527, 0.134082) of lib_cell 'NAND2X05AL9'
  load 0.001925 at pin 'O' of cell 'u_LOGIC_CENTER/LINK_LOGIC/LC_CSPIF_L1/U195' is out of load range (0.002527, 0.268164) of lib_cell 'AOI222X1AL9'
  load 0.001848 at pin 'O' of cell 'u_LOGIC_CENTER/LINK_LOGIC/LC_CSPIF_L1/U91' is out of load range (0.002527, 0.268164) of lib_cell 'XNOR2X1AL9'
  load 0.001768 at pin 'O' of cell 'u_LOGIC_CENTER/LINK_LOGIC/LC_CSPIF_L1/U198' is out of load range (0.002527, 0.134082) of lib_cell 'NAND3X05AL9'
  load 0.001848 at pin 'O' of cell 'u_LOGIC_CENTER/LINK_LOGIC/LC_CSPIF_L1/U94' is out of load range (0.002527, 0.268164) of lib_cell 'XNOR2X1AL9'
  ramp 0.000000 at pin 'TE' of cell 'u_LOGIC_CENTER/LINK_LOGIC/LC_CSPIF_L1/SNPS_CG_CELL_DCLK_KEY_CODE_reg_0/latch' is out of ramp range (0.006078, 1.176400) of lib_cell 'GCKHBQX8AL9'
  load 0.001848 at pin 'O' of cell 'u_LOGIC_CENTER/LINK_LOGIC/LC_CSPIF_L1/U96' is out of load range (0.002527, 0.268164) of lib_cell 'XNOR2X1AL9'
  load 0.001848 at pin 'O' of cell 'u_LOGIC_CENTER/LINK_LOGIC/LC_CSPIF_L1/U99' is out of load range (0.002527, 0.268164) of lib_cell 'XOR2X1AL9'
  ramp 0.000000 at pin 'TE' of cell 'u_LOGIC_CENTER/LINK_LOGIC/LC_CSPIF_L1/SNPS_CG_CELL_DCLK_RR_DATA_reg_0/latch' is out of ramp range (0.006078, 1.176400) of lib_cell 'GCKHBQX8AL9'
  load 0.001848 at pin 'O' of cell 'u_LOGIC_CENTER/LINK_LOGIC/LC_CSPIF_L1/U102' is out of load range (0.002527, 0.268164) of lib_cell 'XOR2X1AL9'
  load 0.001848 at pin 'O' of cell 'u_LOGIC_CENTER/LINK_LOGIC/LC_CSPIF_L1/U104' is out of load range (0.002527, 0.268164) of lib_cell 'XNOR2X1AL9'
  load 0.001848 at pin 'O' of cell 'u_LOGIC_CENTER/LINK_LOGIC/LC_CSPIF_L1/U108' is out of load range (0.002527, 0.268164) of lib_cell 'XOR2X1AL9'
  load 0.001925 at pin 'O' of cell 'u_LOGIC_CENTER/LINK_LOGIC/LC_CSPIF_L1/U208' is out of load range (0.002527, 0.134082) of lib_cell 'AO222X05AL9'
  load 0.001848 at pin 'O' of cell 'u_LOGIC_CENTER/LINK_LOGIC/LC_CSPIF_L1/POSTROUTE_FE_PHC38_KEY_RST_18UI_L1_CLKGEN_RAW' is out of load range (0.002527, 0.268164) of lib_cell 'DEL0N75X1AL9'
  load 0.001848 at pin 'OB' of cell 'u_LOGIC_CENTER/LINK_LOGIC/LC_CSPIF_L1/U117' is out of load range (0.002527, 0.268164) of lib_cell 'MUX2BX1AL9'
  load 0.001848 at pin 'OB' of cell 'u_LOGIC_CENTER/LINK_LOGIC/LC_CSPIF_L1/U118' is out of load range (0.002527, 0.268164) of lib_cell 'MUX2BX1AL9'
  load 0.001606 at pin 'O' of cell 'u_LOGIC_CENTER/LINK_LOGIC/LC_CSPIF_L1/U15' is out of load range (0.002527, 0.268164) of lib_cell 'AND2B1X1AL9'
  load 0.001768 at pin 'O' of cell 'u_LOGIC_CENTER/LINK_LOGIC/LC_CSPIF_L1/U213' is out of load range (0.002527, 0.134082) of lib_cell 'NAND3X05AL9'
  load 0.001848 at pin 'O' of cell 'u_LOGIC_CENTER/LINK_LOGIC/LC_CSPIF_L1/U20' is out of load range (0.002527, 0.268164) of lib_cell 'XNOR2X1AL9'
  load 0.001848 at pin 'O' of cell 'u_LOGIC_CENTER/LINK_LOGIC/LC_CSPIF_L1/U23' is out of load range (0.002527, 0.268164) of lib_cell 'XNOR2X1AL9'
  load 0.001606 at pin 'OB' of cell 'u_LOGIC_CENTER/LINK_LOGIC/LC_CSPIF_L1/U220' is out of load range (0.002527, 0.268164) of lib_cell 'MUX2BX1AL9'
  load 0.001973 at pin 'O' of cell 'u_LOGIC_CENTER/LINK_LOGIC/LC_CSPIF_L1/U26' is out of load range (0.002527, 0.268164) of lib_cell 'AOI222X1AL9'
  load 0.001848 at pin 'O' of cell 'u_LOGIC_CENTER/LINK_LOGIC/LC_CSPIF_L1/U221' is out of load range (0.002527, 0.134082) of lib_cell 'AO122X05AL9'
  load 0.001848 at pin 'O' of cell 'u_LOGIC_CENTER/LINK_LOGIC/LC_CSPIF_L1/U222' is out of load range (0.002527, 0.134082) of lib_cell 'AO22X05AL9'
  load 0.001848 at pin 'O' of cell 'u_LOGIC_CENTER/LINK_LOGIC/LC_CSPIF_L1/U223' is out of load range (0.002527, 0.134082) of lib_cell 'AO22X05AL9'
  load 0.001606 at pin 'OB' of cell 'u_LOGIC_CENTER/LINK_LOGIC/LC_CSPIF_L1/U224' is out of load range (0.002527, 0.268164) of lib_cell 'MUX2BX1AL9'
  load 0.001848 at pin 'O' of cell 'u_LOGIC_CENTER/LINK_LOGIC/LC_CSPIF_L1/U225' is out of load range (0.002527, 0.134082) of lib_cell 'AO122X05AL9'
  load 0.001793 at pin 'O' of cell 'u_LOGIC_CENTER/LINK_LOGIC/LC_CSPIF_L1/U227' is out of load range (0.002527, 0.080449) of lib_cell 'INVX03AL9'
  ramp 0.000000 at pin 'TE' of cell 'u_LOGIC_CENTER/LINK_LOGIC/LC_CSPIF_L1/SNPS_CG_CELL_DCLK_DATA_24BIT_reg_0/latch' is out of ramp range (0.006078, 1.176400) of lib_cell 'GCKHBQX8AL9'
  ramp 0.000000 at pin 'TE' of cell 'u_LOGIC_CENTER/LINK_LOGIC/LC_CSPIF_L1/SNPS_CG_CELL_DCLK_DATA_24BIT_reg_1/latch' is out of ramp range (0.006078, 1.176400) of lib_cell 'GCKHBQX8AL9'
  load 0.001772 at pin 'O' of cell 'u_LOGIC_CENTER/LINK_LOGIC/LC_CSPIF_L1/U30' is out of load range (0.002527, 0.268164) of lib_cell 'AND3B2X1AL9'
  load 0.001848 at pin 'O' of cell 'u_LOGIC_CENTER/LINK_LOGIC/LC_CSPIF_L1/U33' is out of load range (0.002527, 0.268164) of lib_cell 'XOR2X1AL9'
  load 0.001973 at pin 'O' of cell 'u_LOGIC_CENTER/LINK_LOGIC/LC_CSPIF_L1/U36' is out of load range (0.002527, 0.268164) of lib_cell 'AOI222X1AL9'
  load 0.001606 at pin 'OB' of cell 'u_LOGIC_CENTER/LINK_LOGIC/LC_CSPIF_L1/U232' is out of load range (0.002527, 0.268164) of lib_cell 'MUX2BX1AL9'
  load 0.001848 at pin 'O' of cell 'u_LOGIC_CENTER/LINK_LOGIC/LC_CSPIF_L1/U233' is out of load range (0.002527, 0.134082) of lib_cell 'AO122X05AL9'
  load 0.001545 at pin 'O' of cell 'u_LOGIC_CENTER/LINK_LOGIC/LC_CSPIF_L1/U234' is out of load range (0.002527, 0.134082) of lib_cell 'NOR2X05AL9'
  load 0.001793 at pin 'O' of cell 'u_LOGIC_CENTER/LINK_LOGIC/LC_CSPIF_L1/U235' is out of load range (0.002527, 0.080449) of lib_cell 'INVX03AL9'
  load 0.001848 at pin 'O' of cell 'u_LOGIC_CENTER/LINK_LOGIC/LC_CSPIF_L1/U236' is out of load range (0.002527, 0.134082) of lib_cell 'AO122X05AL9'
  load 0.001793 at pin 'O' of cell 'u_LOGIC_CENTER/LINK_LOGIC/LC_CSPIF_L1/U237' is out of load range (0.002527, 0.080449) of lib_cell 'INVX03AL9'
  load 0.001606 at pin 'OB' of cell 'u_LOGIC_CENTER/LINK_LOGIC/LC_CSPIF_L1/U238' is out of load range (0.002527, 0.268164) of lib_cell 'MUX2BX1AL9'
  load 0.001848 at pin 'O' of cell 'u_LOGIC_CENTER/LINK_LOGIC/LC_CSPIF_L1/U239' is out of load range (0.002527, 0.134082) of lib_cell 'AO122X05AL9'
  load 0.001772 at pin 'O' of cell 'u_LOGIC_CENTER/LINK_LOGIC/LC_CSPIF_L1/U40' is out of load range (0.002527, 0.268164) of lib_cell 'AND3B2X1AL9'
  load 0.001848 at pin 'O' of cell 'u_LOGIC_CENTER/LINK_LOGIC/LC_CSPIF_L1/U43' is out of load range (0.002527, 0.268164) of lib_cell 'XOR2X1AL9'
  load 0.001848 at pin 'O' of cell 'u_LOGIC_CENTER/LINK_LOGIC/LC_CSPIF_L1/U44' is out of load range (0.002527, 0.268164) of lib_cell 'XOR2X1AL9'
  load 0.001848 at pin 'O' of cell 'u_LOGIC_CENTER/LINK_LOGIC/LC_CSPIF_L1/U45' is out of load range (0.002527, 0.268164) of lib_cell 'XOR2X1AL9'
  load 0.001606 at pin 'OB' of cell 'u_LOGIC_CENTER/LINK_LOGIC/LC_CSPIF_L1/U240' is out of load range (0.002527, 0.268164) of lib_cell 'MUX2BX1AL9'
  load 0.001848 at pin 'O' of cell 'u_LOGIC_CENTER/LINK_LOGIC/LC_CSPIF_L1/U241' is out of load range (0.002527, 0.134082) of lib_cell 'AO122X05AL9'
  load 0.001848 at pin 'O' of cell 'u_LOGIC_CENTER/LINK_LOGIC/LC_CSPIF_L1/U47' is out of load range (0.002527, 0.268164) of lib_cell 'XOR2X1AL9'
  load 0.001848 at pin 'O' of cell 'u_LOGIC_CENTER/LINK_LOGIC/LC_CSPIF_L1/U243' is out of load range (0.002527, 0.134082) of lib_cell 'AO22X05AL9'
  load 0.001848 at pin 'O' of cell 'u_LOGIC_CENTER/LINK_LOGIC/LC_CSPIF_L1/U49' is out of load range (0.002527, 0.268164) of lib_cell 'XOR2X1AL9'
  load 0.001848 at pin 'O' of cell 'u_LOGIC_CENTER/LINK_LOGIC/LC_CSPIF_L1/U245' is out of load range (0.002527, 0.134082) of lib_cell 'AO22X05AL9'
  load 0.001848 at pin 'O' of cell 'u_LOGIC_CENTER/LINK_LOGIC/LC_CSPIF_L1/U246' is out of load range (0.002527, 0.134082) of lib_cell 'AO22X05AL9'
  load 0.001848 at pin 'O' of cell 'u_LOGIC_CENTER/LINK_LOGIC/LC_CSPIF_L1/U247' is out of load range (0.002527, 0.134082) of lib_cell 'AO22X05AL9'
  load 0.001848 at pin 'O' of cell 'u_LOGIC_CENTER/LINK_LOGIC/LC_CSPIF_L1/U248' is out of load range (0.002527, 0.134082) of lib_cell 'AO22X05AL9'
  load 0.001734 at pin 'O' of cell 'u_LOGIC_CENTER/LINK_LOGIC/LC_CSPIF_L1/POSTROUTE_FE_PHC76_n20' is out of load range (0.002527, 0.080449) of lib_cell 'BUFX03AL9'
  load 0.001848 at pin 'O' of cell 'u_LOGIC_CENTER/LINK_LOGIC/LC_CSPIF_L1/U249' is out of load range (0.002527, 0.134082) of lib_cell 'AO22X05AL9'
  load 0.001629 at pin 'O' of cell 'u_LOGIC_CENTER/LINK_LOGIC/LC_MONBLOCK/PLACE_FE_OFC18_N_444__IOBUF' is out of load range (0.002527, 0.134082) of lib_cell 'INVX05AL9'
  load 0.001629 at pin 'O' of cell 'u_LOGIC_CENTER/LINK_LOGIC/LC_MONBLOCK/PLACE_FE_OFC1_DCLK0_CNT_2' is out of load range (0.002527, 0.080449) of lib_cell 'INVX03AL9'
  load 0.001643 at pin 'O' of cell 'u_LOGIC_CENTER/LINK_LOGIC/LC_MONBLOCK/PLACE_FE_OFC0_DCLK0_CNT_2' is out of load range (0.002527, 0.268164) of lib_cell 'CLKINVX1AL9'
  load 0.001848 at pin 'O' of cell 'u_LOGIC_CENTER/LINK_LOGIC/LC_MONBLOCK/U21' is out of load range (0.002527, 0.134082) of lib_cell 'OA12X05AL9'
  load 0.001848 at pin 'O' of cell 'u_LOGIC_CENTER/LINK_LOGIC/LC_MONBLOCK/U23' is out of load range (0.002527, 0.134082) of lib_cell 'OA12X05AL9'
  load 0.001643 at pin 'O' of cell 'u_LOGIC_CENTER/LINK_LOGIC/LC_MONBLOCK/PLACE_FE_OFC7_n11' is out of load range (0.002527, 0.268164) of lib_cell 'CLKINVX1AL9'
  load 0.001848 at pin 'O' of cell 'u_LOGIC_CENTER/LINK_LOGIC/LC_MONBLOCK/U10' is out of load range (0.002527, 0.268164) of lib_cell 'XNOR2X1AL9'
  load 0.001625 at pin 'O' of cell 'u_LOGIC_CENTER/LINK_LOGIC/LC_MONBLOCK/U12' is out of load range (0.002527, 0.268164) of lib_cell 'AND2B1X1AL9'
  load 0.001848 at pin 'O' of cell 'u_LOGIC_CENTER/LINK_LOGIC/LC_MONBLOCK/U7' is out of load range (0.002527, 0.268164) of lib_cell 'XNOR2X1AL9'
  load 0.001629 at pin 'O' of cell 'u_LOGIC_CENTER/LINK_LOGIC/LC_MONBLOCK/PLACE_FE_OFC16_N_445__IOBUF' is out of load range (0.002527, 0.080449) of lib_cell 'INVX03AL9'
  load 0.001643 at pin 'O' of cell 'u_LOGIC_CENTER/LINK_LOGIC/LC_MONBLOCK/PLACE_FE_OFC15_N_445__IOBUF' is out of load range (0.002527, 0.268164) of lib_cell 'CLKINVX1AL9'
  ramp 0.000000 at pin 'TE' of cell 'u_LOGIC_CENTER/LINK_LOGIC/SNPS_CG_CELL_DCLK0_BKPOL_EN_P_L0_PRE_STORE_reg_0/latch' is out of ramp range (0.006078, 1.176400) of lib_cell 'GCKHBQX8AL9'
  load 0.001848 at pin 'O' of cell 'u_LOGIC_CENTER/LINK_LOGIC/RSTN_POFF_CTL/U9' is out of load range (0.002527, 0.268164) of lib_cell 'OR4X1AL9'
  load 0.001643 at pin 'O' of cell 'u_LOGIC_CENTER/LINK_LOGIC/RSTN_POFF_CTL/PLACE_FE_OFC358_UTC_ERR_CNT_END_PRE_L1' is out of load range (0.002527, 0.536328) of lib_cell 'CLKINVX2AL9'
  load 0.001848 at pin 'O' of cell 'u_LOGIC_CENTER/LINK_LOGIC/RSTN_POFF_CTL/U16' is out of load range (0.002527, 0.268164) of lib_cell 'AOI12B2X1AL9'
  load 0.001772 at pin 'Q' of cell 'u_LOGIC_CENTER/LINK_LOGIC/LC_CPUWR_HV2M23/R_REG_4_reg_5_' is out of load range (0.002527, 0.134082) of lib_cell 'DFFRBQX05AL9'
  ramp 0.000000 at pin 'TE' of cell 'u_LOGIC_CENTER/LINK_LOGIC/LC_CPUWR_HV2M23/SNPS_CG_CELL_WCK1_A_R_REG_0_reg_0/latch' is out of ramp range (0.006078, 1.176400) of lib_cell 'GCKHBQX8AL9'
  load 0.001778 at pin 'Q' of cell 'u_LOGIC_CENTER/LINK_LOGIC/LC_CPUWR_HV2M23/R_REG_1_reg_0_' is out of load range (0.002527, 0.268164) of lib_cell 'DFFSBQX1AL9'
  load 0.001848 at pin 'O' of cell 'u_LOGIC_CENTER/LINK_LOGIC/LC_CPUWR_HV2M23/PLACE_FE_OFC434_DATA_B_7' is out of load range (0.002527, 0.134082) of lib_cell 'INVX05AL9'
  ramp 0.000000 at pin 'TE' of cell 'u_LOGIC_CENTER/LINK_LOGIC/LC_CPUWR_HV2M23/SNPS_CG_CELL_WCK1_A_R_REG_5_reg_0/latch' is out of ramp range (0.006078, 1.176400) of lib_cell 'GCKHBQX8AL9'
  ramp 0.000000 at pin 'TE' of cell 'u_LOGIC_CENTER/LINK_LOGIC/LC_CPUWR_HV2M23/SNPS_CG_CELL_WCK1_A_R_REG_1_reg_0/latch' is out of ramp range (0.006078, 1.176400) of lib_cell 'GCKHBQX8AL9'
  ramp 0.000000 at pin 'TE' of cell 'u_LOGIC_CENTER/LINK_LOGIC/LC_CPUWR_HV2M23/SNPS_CG_CELL_WCK1_A_R_REG_6_reg_0/latch' is out of ramp range (0.006078, 1.176400) of lib_cell 'GCKHBQX8AL9'
  load 0.001848 at pin 'O' of cell 'u_LOGIC_CENTER/LINK_LOGIC/LC_CPUWR_HV2M23/PLACE_FE_OFC436_DATA_B_6' is out of load range (0.002527, 0.268164) of lib_cell 'CLKINVX1AL9'
  ramp 0.000000 at pin 'TE' of cell 'u_LOGIC_CENTER/LINK_LOGIC/LC_CPUWR_HV2M23/SNPS_CG_CELL_WCK1_A_R_REG_34_reg_0/latch' is out of ramp range (0.006078, 1.176400) of lib_cell 'GCKHBQX8AL9'
  ramp 0.000000 at pin 'TE' of cell 'u_LOGIC_CENTER/LINK_LOGIC/LC_CPUWR_HV2M23/SNPS_CG_CELL_WCK1_A_R_REG_39_reg_0/latch' is out of ramp range (0.006078, 1.176400) of lib_cell 'GCKHBQX8AL9'
  ramp 0.000000 at pin 'TE' of cell 'u_LOGIC_CENTER/LINK_LOGIC/LC_CPUWR_HV2M23/SNPS_CG_CELL_WCK1_A_R_REG_10_reg_0/latch' is out of ramp range (0.006078, 1.176400) of lib_cell 'GCKHBQX8AL9'
  ramp 0.000000 at pin 'TE' of cell 'u_LOGIC_CENTER/LINK_LOGIC/LC_CPUWR_HV2M23/SNPS_CG_CELL_WCK1_A_R_REG_42_reg_0/latch' is out of ramp range (0.006078, 1.176400) of lib_cell 'GCKHBQX8AL9'
  ramp 0.000000 at pin 'TE' of cell 'u_LOGIC_CENTER/LINK_LOGIC/LC_CPUWR_HV2M23/SNPS_CG_CELL_WCK1_A_R_REG_2_reg_0/latch' is out of ramp range (0.006078, 1.176400) of lib_cell 'GCKHBQX8AL9'
  load 0.001628 at pin 'Q' of cell 'u_LOGIC_CENTER/LINK_LOGIC/LC_CPUWR_HV2M23/R_REG_0_reg_7_' is out of load range (0.002527, 0.268164) of lib_cell 'DFFSBQX1AL9'
  ramp 0.000000 at pin 'TE' of cell 'u_LOGIC_CENTER/LINK_LOGIC/LC_CPUWR_HV2M23/SNPS_CG_CELL_WCK1_A_R_REG_47_reg_0/latch' is out of ramp range (0.006078, 1.176400) of lib_cell 'GCKHBQX8AL9'
  ramp 0.000000 at pin 'TE' of cell 'u_LOGIC_CENTER/LINK_LOGIC/LC_CPUWR_HV2M23/SNPS_CG_CELL_WCK1_A_R_REG_7_reg_0/latch' is out of ramp range (0.006078, 1.176400) of lib_cell 'GCKHBQX8AL9'
  load 0.001535 at pin 'Q' of cell 'u_LOGIC_CENTER/LINK_LOGIC/LC_CPUWR_HV2M23/R_REG_7_reg_4_' is out of load range (0.002527, 0.134082) of lib_cell 'DFFRBQX05AL9'
  ramp 0.000000 at pin 'TE' of cell 'u_LOGIC_CENTER/LINK_LOGIC/LC_CPUWR_HV2M23/SNPS_CG_CELL_WCK1_A_R_REG_35_reg_0/latch' is out of ramp range (0.006078, 1.176400) of lib_cell 'GCKHBQX8AL9'
  load 0.001643 at pin 'O' of cell 'u_LOGIC_CENTER/LINK_LOGIC/LC_CPUWR_HV2M23/PLACE_FE_OFC445_DATA_C_7' is out of load range (0.002527, 0.268164) of lib_cell 'CLKINVX1AL9'
  ramp 0.000000 at pin 'TE' of cell 'u_LOGIC_CENTER/LINK_LOGIC/LC_CPUWR_HV2M23/SNPS_CG_CELL_WCK1_A_R_REG_50_reg_0/latch' is out of ramp range (0.006078, 1.176400) of lib_cell 'GCKHBQX8AL9'
  load 0.001772 at pin 'Q' of cell 'u_LOGIC_CENTER/LINK_LOGIC/LC_CPUWR_HV2M23/R_REG_10_reg_1_' is out of load range (0.002527, 0.134082) of lib_cell 'DFFRBQX05AL9'
  ramp 0.000000 at pin 'TE' of cell 'u_LOGIC_CENTER/LINK_LOGIC/LC_CPUWR_HV2M23/SNPS_CG_CELL_WCK1_A_R_REG_11_reg_0/latch' is out of ramp range (0.006078, 1.176400) of lib_cell 'GCKHBQX8AL9'
  load 0.001848 at pin 'Q' of cell 'u_LOGIC_CENTER/LINK_LOGIC/LC_CPUWR_HV2M23/R_REG_1_reg_4_' is out of load range (0.002527, 0.134082) of lib_cell 'DFFRBQX05AL9'
  load 0.001778 at pin 'Q' of cell 'u_LOGIC_CENTER/LINK_LOGIC/LC_CPUWR_HV2M23/R_REG_2_reg_0_' is out of load range (0.002527, 0.268164) of lib_cell 'DFFSBQX1AL9'
  load 0.001848 at pin 'O' of cell 'u_LOGIC_CENTER/LINK_LOGIC/LC_CPUWR_HV2M23/PLACE_FE_OFC449_DATA_C_6' is out of load range (0.002527, 0.134082) of lib_cell 'INVX05AL9'
  ramp 0.000000 at pin 'D1' of cell 'u_LOGIC_CENTER/LINK_LOGIC/LC_CPUWR_HV2M23/R_REG_48_reg_7_' is out of ramp range (0.006078, 1.176400) of lib_cell 'AND2DFFRBQX1AL9'
  load 0.001535 at pin 'Q' of cell 'u_LOGIC_CENTER/LINK_LOGIC/LC_CPUWR_HV2M23/R_REG_7_reg_5_' is out of load range (0.002527, 0.134082) of lib_cell 'DFFRBQX05AL9'
  ramp 0.000000 at pin 'TE' of cell 'u_LOGIC_CENTER/LINK_LOGIC/LC_CPUWR_HV2M23/SNPS_CG_CELL_WCK1_A_R_REG_43_reg_0/latch' is out of ramp range (0.006078, 1.176400) of lib_cell 'GCKHBQX8AL9'
  ramp 0.000000 at pin 'TE' of cell 'u_LOGIC_CENTER/LINK_LOGIC/LC_CPUWR_HV2M23/SNPS_CG_CELL_WCK1_A_R_REG_3_reg_0/latch' is out of ramp range (0.006078, 1.176400) of lib_cell 'GCKHBQX8AL9'
  ramp 0.000000 at pin 'TE' of cell 'u_LOGIC_CENTER/LINK_LOGIC/LC_CPUWR_HV2M23/SNPS_CG_CELL_WCK1_A_R_REG_31_reg_0/latch' is out of ramp range (0.006078, 1.176400) of lib_cell 'GCKHBQX8AL9'
  load 0.001643 at pin 'Q' of cell 'u_LOGIC_CENTER/LINK_LOGIC/LC_CPUWR_HV2M23/R_REG_3_reg_4_' is out of load range (0.002527, 0.268164) of lib_cell 'DFFSBQX1AL9'
  ramp 0.000000 at pin 'TE' of cell 'u_LOGIC_CENTER/LINK_LOGIC/LC_CPUWR_HV2M23/SNPS_CG_CELL_WCK1_A_R_REG_48_reg_0/latch' is out of ramp range (0.006078, 1.176400) of lib_cell 'GCKHBQX8AL9'
  ramp 0.000000 at pin 'TE' of cell 'u_LOGIC_CENTER/LINK_LOGIC/LC_CPUWR_HV2M23/SNPS_CG_CELL_WCK1_A_R_REG_8_reg_0/latch' is out of ramp range (0.006078, 1.176400) of lib_cell 'GCKHBQX8AL9'
  load 0.001848 at pin 'Q' of cell 'u_LOGIC_CENTER/LINK_LOGIC/LC_CPUWR_HV2M23/R_REG_1_reg_5_' is out of load range (0.002527, 0.134082) of lib_cell 'DFFRBQX05AL9'
  ramp 0.000000 at pin 'TE' of cell 'u_LOGIC_CENTER/LINK_LOGIC/LC_CPUWR_HV2M23/SNPS_CG_CELL_WCK1_A_R_REG_36_reg_0/latch' is out of ramp range (0.006078, 1.176400) of lib_cell 'GCKHBQX8AL9'
  ramp 0.000000 at pin 'TE' of cell 'u_LOGIC_CENTER/LINK_LOGIC/LC_CPUWR_HV2M23/SNPS_CG_CELL_WCK1_A_R_REG_12_reg_0/latch' is out of ramp range (0.006078, 1.176400) of lib_cell 'GCKHBQX8AL9'
  load 0.001547 at pin 'O' of cell 'u_LOGIC_CENTER/LINK_LOGIC/LC_CPUWR_HV2M23/U115' is out of load range (0.002527, 0.080449) of lib_cell 'INVX03AL9'
  load 0.001848 at pin 'O' of cell 'u_LOGIC_CENTER/LINK_LOGIC/LC_CPUWR_HV2M23/U116' is out of load range (0.002527, 0.134082) of lib_cell 'AO22X05AL9'
  ramp 0.000000 at pin 'TE' of cell 'u_LOGIC_CENTER/LINK_LOGIC/LC_CPUWR_HV2M23/SNPS_CG_CELL_WCK1_A_R_REG_44_reg_0/latch' is out of ramp range (0.006078, 1.176400) of lib_cell 'GCKHBQX8AL9'
  ramp 0.000000 at pin 'TE' of cell 'u_LOGIC_CENTER/LINK_LOGIC/LC_CPUWR_HV2M23/SNPS_CG_CELL_WCK1_A_R_REG_4_reg_0/latch' is out of ramp range (0.006078, 1.176400) of lib_cell 'GCKHBQX8AL9'
  ramp 0.000000 at pin 'TE' of cell 'u_LOGIC_CENTER/LINK_LOGIC/LC_CPUWR_HV2M23/SNPS_CG_CELL_WCK1_A_R_REG_32_reg_0/latch' is out of ramp range (0.006078, 1.176400) of lib_cell 'GCKHBQX8AL9'
  ramp 0.000000 at pin 'TE' of cell 'u_LOGIC_CENTER/LINK_LOGIC/LC_CPUWR_HV2M23/SNPS_CG_CELL_WCK1_A_R_REG_9_reg_0/latch' is out of ramp range (0.006078, 1.176400) of lib_cell 'GCKHBQX8AL9'
  ramp 0.000000 at pin 'TE' of cell 'u_LOGIC_CENTER/LINK_LOGIC/LC_CPUWR_HV2M23/SNPS_CG_CELL_WCK1_A_R_REG_49_reg_0/latch' is out of ramp range (0.006078, 1.176400) of lib_cell 'GCKHBQX8AL9'
  ramp 0.000000 at pin 'TE' of cell 'u_LOGIC_CENTER/LINK_LOGIC/LC_CPUWR_HV2M23/SNPS_CG_CELL_WCK1_A_R_REG_37_reg_0/latch' is out of ramp range (0.006078, 1.176400) of lib_cell 'GCKHBQX8AL9'
  load 0.001643 at pin 'Q' of cell 'u_LOGIC_CENTER/LINK_LOGIC/LC_CPUWR_HV2M23/R_REG_3_reg_6_' is out of load range (0.002527, 0.134082) of lib_cell 'DFFRBQX05AL9'
  load 0.001848 at pin 'O' of cell 'u_LOGIC_CENTER/LINK_LOGIC/LC_CPUWR_HV2M23/U22' is out of load range (0.002527, 0.134082) of lib_cell 'MUX2X05AL9'
  load 0.001643 at pin 'Q' of cell 'u_LOGIC_CENTER/LINK_LOGIC/LC_CPUWR_HV2M23/R_REG_43_reg_5_' is out of load range (0.002527, 0.134082) of lib_cell 'DFFRBQX05AL9'
  ramp 0.000000 at pin 'TE' of cell 'u_LOGIC_CENTER/LINK_LOGIC/LC_CPUWR_HV2M23/SNPS_CG_CELL_WCK1_A_R_REG_40_reg_0/latch' is out of ramp range (0.006078, 1.176400) of lib_cell 'GCKHBQX8AL9'
  ramp 0.000000 at pin 'TE' of cell 'u_LOGIC_CENTER/LINK_LOGIC/LC_CPUWR_HV2M23/SNPS_CG_CELL_WCK1_A_R_REG_45_reg_0/latch' is out of ramp range (0.006078, 1.176400) of lib_cell 'GCKHBQX8AL9'
  ramp 0.000000 at pin 'TE' of cell 'u_LOGIC_CENTER/LINK_LOGIC/LC_CPUWR_HV2M23/SNPS_CG_CELL_WCK1_A_R_REG_60_reg_0/latch' is out of ramp range (0.006078, 1.176400) of lib_cell 'GCKHBQX8AL9'
  load 0.001643 at pin 'Q' of cell 'u_LOGIC_CENTER/LINK_LOGIC/LC_CPUWR_HV2M23/R_REG_11_reg_1_' is out of load range (0.002527, 0.134082) of lib_cell 'DFFRBQX05AL9'
  ramp 0.000000 at pin 'TE' of cell 'u_LOGIC_CENTER/LINK_LOGIC/LC_CPUWR_HV2M23/SNPS_CG_CELL_WCK1_A_R_REG_38_reg_0/latch' is out of ramp range (0.006078, 1.176400) of lib_cell 'GCKHBQX8AL9'
  ramp 0.000000 at pin 'TE' of cell 'u_LOGIC_CENTER/LINK_LOGIC/LC_CPUWR_HV2M23/SNPS_CG_CELL_WCK1_A_R_REG_41_reg_0/latch' is out of ramp range (0.006078, 1.176400) of lib_cell 'GCKHBQX8AL9'
  load 0.001786 at pin 'Q' of cell 'u_LOGIC_CENTER/LINK_LOGIC/LC_CPUWR_HV2M23/R_REG_4_reg_4_' is out of load range (0.002527, 0.134082) of lib_cell 'DFFRBQX05AL9'
  ramp 0.000000 at pin 'TE' of cell 'u_LOGIC_CENTER/LINK_LOGIC/LC_CPUWR_HV2M23/SNPS_CG_CELL_WCK1_A_R_REG_46_reg_0/latch' is out of ramp range (0.006078, 1.176400) of lib_cell 'GCKHBQX8AL9'
  load 0.001848 at pin 'O' of cell 'u_LOGIC_CENTER/LINK_LOGIC/LC_CPUWR_HV2M23/PLACE_FE_OFC439_DATA_B_5' is out of load range (0.002527, 0.268164) of lib_cell 'CLKINVX1AL9'
  load 0.001848 at pin 'Q' of cell 'u_LOGIC_CENTER/LINK_LOGIC/U_SYNC_L0L1/L1_BUF2_reg_14_' is out of load range (0.002527, 0.134082) of lib_cell 'DFFRBQX05AL9'
  load 0.001848 at pin 'Q' of cell 'u_LOGIC_CENTER/LINK_LOGIC/U_SYNC_L0L1/L1_BUF0_reg_10_' is out of load range (0.002527, 0.134082) of lib_cell 'DFFRBQX05AL9'
  load 0.001653 at pin 'Q' of cell 'u_LOGIC_CENTER/LINK_LOGIC/U_SYNC_L0L1/L1_BUF1_SYNCED_reg_3_' is out of load range (0.002527, 0.134082) of lib_cell 'DFFRBQX05AL9'
  load 0.001848 at pin 'Q' of cell 'u_LOGIC_CENTER/LINK_LOGIC/U_SYNC_L0L1/L1_BUF0_reg_1_' is out of load range (0.002527, 0.134082) of lib_cell 'DFFRBQX05AL9'
  ramp 0.000000 at pin 'TE' of cell 'u_LOGIC_CENTER/LINK_LOGIC/U_SYNC_L0L1/SNPS_CG_CELL_DCLK1_L1_BUF1_reg_0/latch' is out of ramp range (0.006078, 1.176400) of lib_cell 'GCKHBQX8AL9'
  load 0.001653 at pin 'Q' of cell 'u_LOGIC_CENTER/LINK_LOGIC/U_SYNC_L0L1/L1_BUF1_SYNCED_reg_15_' is out of load range (0.002527, 0.134082) of lib_cell 'DFFRBQX05AL9'
  load 0.001848 at pin 'Q' of cell 'u_LOGIC_CENTER/LINK_LOGIC/U_SYNC_L0L1/L1_BUF1_ASYNC_reg_5_' is out of load range (0.002527, 0.134082) of lib_cell 'DFFRBQX05AL9'
  load 0.001848 at pin 'Q' of cell 'u_LOGIC_CENTER/LINK_LOGIC/U_SYNC_L0L1/L1_BUF2_ASYNC_reg_0_' is out of load range (0.002527, 0.134082) of lib_cell 'DFFRBQX05AL9'
  load 0.001848 at pin 'Q' of cell 'u_LOGIC_CENTER/LINK_LOGIC/U_SYNC_L0L1/L1_BUF0_ASYNC_reg_15_' is out of load range (0.002527, 0.134082) of lib_cell 'DFFRBQX05AL9'
  load 0.001623 at pin 'Q' of cell 'u_LOGIC_CENTER/LINK_LOGIC/U_SYNC_L0L1/L1_BUF0_SYNCED_reg_9_' is out of load range (0.002527, 0.134082) of lib_cell 'DFFRBQX05AL9'
  load 0.001848 at pin 'Q' of cell 'u_LOGIC_CENTER/LINK_LOGIC/U_SYNC_L0L1/L1_BUF2_reg_5_' is out of load range (0.002527, 0.134082) of lib_cell 'DFFRBQX05AL9'
  load 0.001848 at pin 'Q' of cell 'u_LOGIC_CENTER/LINK_LOGIC/U_SYNC_L0L1/L1_BUF2_ASYNC_reg_14_' is out of load range (0.002527, 0.134082) of lib_cell 'DFFRBQX05AL9'
  load 0.001848 at pin 'Q' of cell 'u_LOGIC_CENTER/LINK_LOGIC/U_SYNC_L0L1/L1_BUF0_ASYNC_reg_7_' is out of load range (0.002527, 0.134082) of lib_cell 'DFFRBQX05AL9'
  load 0.001847 at pin 'Q' of cell 'u_LOGIC_CENTER/LINK_LOGIC/U_SYNC_L0L1/L1_BUF2_SYNCED_reg_6_' is out of load range (0.002527, 0.134082) of lib_cell 'DFFRBQX05AL9'
  load 0.001848 at pin 'Q' of cell 'u_LOGIC_CENTER/LINK_LOGIC/U_SYNC_L0L1/L1_BUF1_reg_16_' is out of load range (0.002527, 0.134082) of lib_cell 'DFFRBQX05AL9'
  load 0.001653 at pin 'Q' of cell 'u_LOGIC_CENTER/LINK_LOGIC/U_SYNC_L0L1/L1_BUF1_SYNCED_reg_10_' is out of load range (0.002527, 0.134082) of lib_cell 'DFFRBQX05AL9'
  load 0.001848 at pin 'Q' of cell 'u_LOGIC_CENTER/LINK_LOGIC/U_SYNC_L0L1/L1_BUF1_ASYNC_reg_0_' is out of load range (0.002527, 0.134082) of lib_cell 'DFFRBQX05AL9'
  load 0.001848 at pin 'Q' of cell 'u_LOGIC_CENTER/LINK_LOGIC/U_SYNC_L0L1/L1_BUF0_ASYNC_reg_10_' is out of load range (0.002527, 0.134082) of lib_cell 'DFFRBQX05AL9'
  load 0.001623 at pin 'Q' of cell 'u_LOGIC_CENTER/LINK_LOGIC/U_SYNC_L0L1/L1_BUF0_SYNCED_reg_4_' is out of load range (0.002527, 0.134082) of lib_cell 'DFFRBQX05AL9'
  load 0.001848 at pin 'Q' of cell 'u_LOGIC_CENTER/LINK_LOGIC/U_SYNC_L0L1/L1_BUF1_reg_7_' is out of load range (0.002527, 0.134082) of lib_cell 'DFFRBQX05AL9'
  load 0.001848 at pin 'Q' of cell 'u_LOGIC_CENTER/LINK_LOGIC/U_SYNC_L0L1/L1_BUF2_reg_0_' is out of load range (0.002527, 0.134082) of lib_cell 'DFFRBQX05AL9'
  load 0.001848 at pin 'Q' of cell 'u_LOGIC_CENTER/LINK_LOGIC/U_SYNC_L0L1/L1_BUF0_ASYNC_reg_2_' is out of load range (0.002527, 0.134082) of lib_cell 'DFFRBQX05AL9'
  load 0.001848 at pin 'O' of cell 'u_LOGIC_CENTER/LINK_LOGIC/U_SYNC_L0L1/U30' is out of load range (0.002527, 0.134082) of lib_cell 'AO222X05AL9'
  load 0.001847 at pin 'Q' of cell 'u_LOGIC_CENTER/LINK_LOGIC/U_SYNC_L0L1/L1_BUF2_SYNCED_reg_1_' is out of load range (0.002527, 0.134082) of lib_cell 'DFFRBQX05AL9'
  load 0.001848 at pin 'Q' of cell 'u_LOGIC_CENTER/LINK_LOGIC/U_SYNC_L0L1/L1_BUF1_reg_11_' is out of load range (0.002527, 0.134082) of lib_cell 'DFFRBQX05AL9'
  load 0.001848 at pin 'O' of cell 'u_LOGIC_CENTER/LINK_LOGIC/U_SYNC_L0L1/U31' is out of load range (0.002527, 0.134082) of lib_cell 'AO222X05AL9'
  load 0.001848 at pin 'O' of cell 'u_LOGIC_CENTER/LINK_LOGIC/U_SYNC_L0L1/U32' is out of load range (0.002527, 0.134082) of lib_cell 'AO222X05AL9'
  load 0.001847 at pin 'Q' of cell 'u_LOGIC_CENTER/LINK_LOGIC/U_SYNC_L0L1/L1_BUF2_SYNCED_reg_13_' is out of load range (0.002527, 0.134082) of lib_cell 'DFFRBQX05AL9'
  load 0.001848 at pin 'O' of cell 'u_LOGIC_CENTER/LINK_LOGIC/U_SYNC_L0L1/U33' is out of load range (0.002527, 0.134082) of lib_cell 'AO222X05AL9'
  load 0.001848 at pin 'O' of cell 'u_LOGIC_CENTER/LINK_LOGIC/U_SYNC_L0L1/U34' is out of load range (0.002527, 0.134082) of lib_cell 'AO222X05AL9'
  load 0.001848 at pin 'Q' of cell 'u_LOGIC_CENTER/LINK_LOGIC/U_SYNC_L0L1/L1_BUF1_reg_2_' is out of load range (0.002527, 0.134082) of lib_cell 'DFFRBQX05AL9'
  load 0.001848 at pin 'Q' of cell 'u_LOGIC_CENTER/LINK_LOGIC/U_SYNC_L0L1/L1_BUF0_reg_16_' is out of load range (0.002527, 0.134082) of lib_cell 'DFFRBQX05AL9'
  load 0.001848 at pin 'Q' of cell 'u_LOGIC_CENTER/LINK_LOGIC/U_SYNC_L0L1/L1_BUF1_ASYNC_reg_15_' is out of load range (0.002527, 0.134082) of lib_cell 'DFFRBQX05AL9'
  load 0.001653 at pin 'Q' of cell 'u_LOGIC_CENTER/LINK_LOGIC/U_SYNC_L0L1/L1_BUF1_SYNCED_reg_9_' is out of load range (0.002527, 0.134082) of lib_cell 'DFFRBQX05AL9'
  load 0.001848 at pin 'Q' of cell 'u_LOGIC_CENTER/LINK_LOGIC/U_SYNC_L0L1/L1_BUF0_reg_7_' is out of load range (0.002527, 0.134082) of lib_cell 'DFFRBQX05AL9'
  load 0.001848 at pin 'O' of cell 'u_LOGIC_CENTER/LINK_LOGIC/U_SYNC_L0L1/U36' is out of load range (0.002527, 0.134082) of lib_cell 'AO22X05AL9'
  load 0.001848 at pin 'O' of cell 'u_LOGIC_CENTER/LINK_LOGIC/U_SYNC_L0L1/U37' is out of load range (0.002527, 0.134082) of lib_cell 'AO22X05AL9'
  load 0.001623 at pin 'Q' of cell 'u_LOGIC_CENTER/LINK_LOGIC/U_SYNC_L0L1/L1_BUF0_SYNCED_reg_13_' is out of load range (0.002527, 0.134082) of lib_cell 'DFFRBQX05AL9'
  load 0.001848 at pin 'O' of cell 'u_LOGIC_CENTER/LINK_LOGIC/U_SYNC_L0L1/U39' is out of load range (0.002527, 0.134082) of lib_cell 'AO22X05AL9'
  load 0.001848 at pin 'Q' of cell 'u_LOGIC_CENTER/LINK_LOGIC/U_SYNC_L0L1/L1_BUF2_ASYNC_reg_6_' is out of load range (0.002527, 0.134082) of lib_cell 'DFFRBQX05AL9'
  load 0.001848 at pin 'Q' of cell 'u_LOGIC_CENTER/LINK_LOGIC/U_SYNC_L0L1/L1_BUF2_reg_15_' is out of load range (0.002527, 0.134082) of lib_cell 'DFFRBQX05AL9'
  load 0.001848 at pin 'Q' of cell 'u_LOGIC_CENTER/LINK_LOGIC/U_SYNC_L0L1/L1_BUF0_reg_11_' is out of load range (0.002527, 0.134082) of lib_cell 'DFFRBQX05AL9'
  load 0.001848 at pin 'Q' of cell 'u_LOGIC_CENTER/LINK_LOGIC/U_SYNC_L0L1/L1_BUF1_ASYNC_reg_10_' is out of load range (0.002527, 0.134082) of lib_cell 'DFFRBQX05AL9'
  load 0.001653 at pin 'Q' of cell 'u_LOGIC_CENTER/LINK_LOGIC/U_SYNC_L0L1/L1_BUF1_SYNCED_reg_4_' is out of load range (0.002527, 0.134082) of lib_cell 'DFFRBQX05AL9'
  load 0.001848 at pin 'Q' of cell 'u_LOGIC_CENTER/LINK_LOGIC/U_SYNC_L0L1/L1_BUF0_reg_2_' is out of load range (0.002527, 0.134082) of lib_cell 'DFFRBQX05AL9'
  load 0.001653 at pin 'Q' of cell 'u_LOGIC_CENTER/LINK_LOGIC/U_SYNC_L0L1/L1_BUF1_SYNCED_reg_16_' is out of load range (0.002527, 0.134082) of lib_cell 'DFFRBQX05AL9'
  load 0.001848 at pin 'Q' of cell 'u_LOGIC_CENTER/LINK_LOGIC/U_SYNC_L0L1/L1_BUF1_ASYNC_reg_6_' is out of load range (0.002527, 0.134082) of lib_cell 'DFFRBQX05AL9'
  load 0.001848 at pin 'Q' of cell 'u_LOGIC_CENTER/LINK_LOGIC/U_SYNC_L0L1/L1_BUF2_ASYNC_reg_1_' is out of load range (0.002527, 0.134082) of lib_cell 'DFFRBQX05AL9'
  load 0.001848 at pin 'Q' of cell 'u_LOGIC_CENTER/LINK_LOGIC/U_SYNC_L0L1/L1_BUF0_ASYNC_reg_16_' is out of load range (0.002527, 0.134082) of lib_cell 'DFFRBQX05AL9'
  load 0.001848 at pin 'Q' of cell 'u_LOGIC_CENTER/LINK_LOGIC/U_SYNC_L0L1/L1_BUF2_reg_6_' is out of load range (0.002527, 0.134082) of lib_cell 'DFFRBQX05AL9'
  load 0.001848 at pin 'Q' of cell 'u_LOGIC_CENTER/LINK_LOGIC/U_SYNC_L0L1/L1_BUF2_reg_10_' is out of load range (0.002527, 0.134082) of lib_cell 'DFFRBQX05AL9'
  load 0.001848 at pin 'Q' of cell 'u_LOGIC_CENTER/LINK_LOGIC/U_SYNC_L0L1/L1_BUF2_ASYNC_reg_15_' is out of load range (0.002527, 0.134082) of lib_cell 'DFFRBQX05AL9'
  load 0.001848 at pin 'Q' of cell 'u_LOGIC_CENTER/LINK_LOGIC/U_SYNC_L0L1/L1_BUF0_ASYNC_reg_8_' is out of load range (0.002527, 0.134082) of lib_cell 'DFFRBQX05AL9'
  load 0.001847 at pin 'Q' of cell 'u_LOGIC_CENTER/LINK_LOGIC/U_SYNC_L0L1/L1_BUF2_SYNCED_reg_7_' is out of load range (0.002527, 0.134082) of lib_cell 'DFFRBQX05AL9'
  load 0.001848 at pin 'Q' of cell 'u_LOGIC_CENTER/LINK_LOGIC/U_SYNC_L0L1/L1_BUF1_reg_17_' is out of load range (0.002527, 0.134082) of lib_cell 'DFFRBQX05AL9'
  load 0.001653 at pin 'Q' of cell 'u_LOGIC_CENTER/LINK_LOGIC/U_SYNC_L0L1/L1_BUF1_SYNCED_reg_11_' is out of load range (0.002527, 0.134082) of lib_cell 'DFFRBQX05AL9'
  load 0.001848 at pin 'Q' of cell 'u_LOGIC_CENTER/LINK_LOGIC/U_SYNC_L0L1/L1_BUF1_ASYNC_reg_1_' is out of load range (0.002527, 0.134082) of lib_cell 'DFFRBQX05AL9'
  load 0.001848 at pin 'Q' of cell 'u_LOGIC_CENTER/LINK_LOGIC/U_SYNC_L0L1/L1_BUF0_ASYNC_reg_11_' is out of load range (0.002527, 0.134082) of lib_cell 'DFFRBQX05AL9'
  load 0.001623 at pin 'Q' of cell 'u_LOGIC_CENTER/LINK_LOGIC/U_SYNC_L0L1/L1_BUF0_SYNCED_reg_5_' is out of load range (0.002527, 0.134082) of lib_cell 'DFFRBQX05AL9'
  load 0.001848 at pin 'Q' of cell 'u_LOGIC_CENTER/LINK_LOGIC/U_SYNC_L0L1/L1_BUF1_reg_8_' is out of load range (0.002527, 0.134082) of lib_cell 'DFFRBQX05AL9'
  load 0.001848 at pin 'Q' of cell 'u_LOGIC_CENTER/LINK_LOGIC/U_SYNC_L0L1/L1_BUF2_reg_1_' is out of load range (0.002527, 0.134082) of lib_cell 'DFFRBQX05AL9'
  load 0.001848 at pin 'Q' of cell 'u_LOGIC_CENTER/LINK_LOGIC/U_SYNC_L0L1/L1_BUF2_ASYNC_reg_10_' is out of load range (0.002527, 0.134082) of lib_cell 'DFFRBQX05AL9'
  load 0.001848 at pin 'Q' of cell 'u_LOGIC_CENTER/LINK_LOGIC/U_SYNC_L0L1/L1_BUF0_ASYNC_reg_3_' is out of load range (0.002527, 0.134082) of lib_cell 'DFFRBQX05AL9'
  load 0.001848 at pin 'O' of cell 'u_LOGIC_CENTER/LINK_LOGIC/U_SYNC_L0L1/U40' is out of load range (0.002527, 0.134082) of lib_cell 'AO22X05AL9'
  load 0.001847 at pin 'Q' of cell 'u_LOGIC_CENTER/LINK_LOGIC/U_SYNC_L0L1/L1_BUF2_SYNCED_reg_2_' is out of load range (0.002527, 0.134082) of lib_cell 'DFFRBQX05AL9'
  load 0.001848 at pin 'Q' of cell 'u_LOGIC_CENTER/LINK_LOGIC/U_SYNC_L0L1/L1_BUF1_reg_12_' is out of load range (0.002527, 0.134082) of lib_cell 'DFFRBQX05AL9'
  load 0.001847 at pin 'Q' of cell 'u_LOGIC_CENTER/LINK_LOGIC/U_SYNC_L0L1/L1_BUF2_SYNCED_reg_14_' is out of load range (0.002527, 0.134082) of lib_cell 'DFFRBQX05AL9'
  load 0.001848 at pin 'O' of cell 'u_LOGIC_CENTER/LINK_LOGIC/U_SYNC_L0L1/U43' is out of load range (0.002527, 0.134082) of lib_cell 'NAND2X05AL9'
  load 0.001623 at pin 'Q' of cell 'u_LOGIC_CENTER/LINK_LOGIC/U_SYNC_L0L1/L1_BUF0_SYNCED_reg_0_' is out of load range (0.002527, 0.134082) of lib_cell 'DFFRBQX05AL9'
  load 0.001848 at pin 'Q' of cell 'u_LOGIC_CENTER/LINK_LOGIC/U_SYNC_L0L1/L1_BUF0_reg_17_' is out of load range (0.002527, 0.134082) of lib_cell 'DFFRBQX05AL9'
  load 0.001848 at pin 'Q' of cell 'u_LOGIC_CENTER/LINK_LOGIC/U_SYNC_L0L1/L1_BUF1_ASYNC_reg_16_' is out of load range (0.002527, 0.134082) of lib_cell 'DFFRBQX05AL9'
  load 0.001848 at pin 'Q' of cell 'u_LOGIC_CENTER/LINK_LOGIC/U_SYNC_L0L1/L1_BUF1_reg_3_' is out of load range (0.002527, 0.134082) of lib_cell 'DFFRBQX05AL9'
  load 0.001848 at pin 'Q' of cell 'u_LOGIC_CENTER/LINK_LOGIC/U_SYNC_L0L1/L1_BUF0_reg_8_' is out of load range (0.002527, 0.134082) of lib_cell 'DFFRBQX05AL9'
  load 0.001623 at pin 'Q' of cell 'u_LOGIC_CENTER/LINK_LOGIC/U_SYNC_L0L1/L1_BUF0_SYNCED_reg_14_' is out of load range (0.002527, 0.134082) of lib_cell 'DFFRBQX05AL9'
  load 0.001547 at pin 'Q' of cell 'u_LOGIC_CENTER/LINK_LOGIC/U_SYNC_L0L1/SETTING_EN_L0_PRE_STORE_reg' is out of load range (0.002527, 0.134082) of lib_cell 'DFFRBQX05AL9'
  load 0.001848 at pin 'Q' of cell 'u_LOGIC_CENTER/LINK_LOGIC/U_SYNC_L0L1/L1_BUF2_ASYNC_reg_7_' is out of load range (0.002527, 0.134082) of lib_cell 'DFFRBQX05AL9'
  load 0.001848 at pin 'Q' of cell 'u_LOGIC_CENTER/LINK_LOGIC/U_SYNC_L0L1/L1_BUF0_reg_12_' is out of load range (0.002527, 0.134082) of lib_cell 'DFFRBQX05AL9'
  load 0.001547 at pin 'Q' of cell 'u_LOGIC_CENTER/LINK_LOGIC/U_SYNC_L0L1/BKPOL_EN_N_L0_PRE_STORE_reg' is out of load range (0.002527, 0.134082) of lib_cell 'DFFRBQX05AL9'
  load 0.001848 at pin 'Q' of cell 'u_LOGIC_CENTER/LINK_LOGIC/U_SYNC_L0L1/L1_BUF1_ASYNC_reg_11_' is out of load range (0.002527, 0.134082) of lib_cell 'DFFRBQX05AL9'
  load 0.001848 at pin 'Q' of cell 'u_LOGIC_CENTER/LINK_LOGIC/U_SYNC_L0L1/L1_BUF2_reg_16_' is out of load range (0.002527, 0.134082) of lib_cell 'DFFRBQX05AL9'
  load 0.001653 at pin 'Q' of cell 'u_LOGIC_CENTER/LINK_LOGIC/U_SYNC_L0L1/L1_BUF1_SYNCED_reg_5_' is out of load range (0.002527, 0.134082) of lib_cell 'DFFRBQX05AL9'
  load 0.001848 at pin 'Q' of cell 'u_LOGIC_CENTER/LINK_LOGIC/U_SYNC_L0L1/L1_BUF0_reg_3_' is out of load range (0.002527, 0.134082) of lib_cell 'DFFRBQX05AL9'
  load 0.001653 at pin 'Q' of cell 'u_LOGIC_CENTER/LINK_LOGIC/U_SYNC_L0L1/L1_BUF1_SYNCED_reg_17_' is out of load range (0.002527, 0.134082) of lib_cell 'DFFRBQX05AL9'
  load 0.001848 at pin 'Q' of cell 'u_LOGIC_CENTER/LINK_LOGIC/U_SYNC_L0L1/L1_BUF2_ASYNC_reg_2_' is out of load range (0.002527, 0.134082) of lib_cell 'DFFRBQX05AL9'
  load 0.001848 at pin 'Q' of cell 'u_LOGIC_CENTER/LINK_LOGIC/U_SYNC_L0L1/KEY_RST_18UI_L1_EXTEND_reg' is out of load range (0.002527, 0.134082) of lib_cell 'DFFRBQX05AL9'
  load 0.001848 at pin 'Q' of cell 'u_LOGIC_CENTER/LINK_LOGIC/U_SYNC_L0L1/L1_BUF0_ASYNC_reg_17_' is out of load range (0.002527, 0.134082) of lib_cell 'DFFRBQX05AL9'
  load 0.001848 at pin 'Q' of cell 'u_LOGIC_CENTER/LINK_LOGIC/U_SYNC_L0L1/L1_BUF2_reg_7_' is out of load range (0.002527, 0.134082) of lib_cell 'DFFRBQX05AL9'
  load 0.001848 at pin 'Q' of cell 'u_LOGIC_CENTER/LINK_LOGIC/U_SYNC_L0L1/L1_BUF2_reg_11_' is out of load range (0.002527, 0.134082) of lib_cell 'DFFRBQX05AL9'
  load 0.001653 at pin 'Q' of cell 'u_LOGIC_CENTER/LINK_LOGIC/U_SYNC_L0L1/L1_BUF1_SYNCED_reg_0_' is out of load range (0.002527, 0.134082) of lib_cell 'DFFRBQX05AL9'
  load 0.001848 at pin 'Q' of cell 'u_LOGIC_CENTER/LINK_LOGIC/U_SYNC_L0L1/L1_BUF2_ASYNC_reg_16_' is out of load range (0.002527, 0.134082) of lib_cell 'DFFRBQX05AL9'
  load 0.001848 at pin 'Q' of cell 'u_LOGIC_CENTER/LINK_LOGIC/U_SYNC_L0L1/L1_BUF0_ASYNC_reg_9_' is out of load range (0.002527, 0.134082) of lib_cell 'DFFRBQX05AL9'
  load 0.001847 at pin 'Q' of cell 'u_LOGIC_CENTER/LINK_LOGIC/U_SYNC_L0L1/L1_BUF2_SYNCED_reg_8_' is out of load range (0.002527, 0.134082) of lib_cell 'DFFRBQX05AL9'
  load 0.001653 at pin 'Q' of cell 'u_LOGIC_CENTER/LINK_LOGIC/U_SYNC_L0L1/L1_BUF1_SYNCED_reg_12_' is out of load range (0.002527, 0.134082) of lib_cell 'DFFRBQX05AL9'
  load 0.001547 at pin 'Q' of cell 'u_LOGIC_CENTER/LINK_LOGIC/U_SYNC_L0L1/POL_EN_N_L0_PRE_STORE_reg' is out of load range (0.002527, 0.134082) of lib_cell 'DFFRBQX05AL9'
  load 0.001848 at pin 'Q' of cell 'u_LOGIC_CENTER/LINK_LOGIC/U_SYNC_L0L1/L1_BUF1_ASYNC_reg_2_' is out of load range (0.002527, 0.134082) of lib_cell 'DFFRBQX05AL9'
  load 0.001848 at pin 'Q' of cell 'u_LOGIC_CENTER/LINK_LOGIC/U_SYNC_L0L1/L1_BUF0_ASYNC_reg_12_' is out of load range (0.002527, 0.134082) of lib_cell 'DFFRBQX05AL9'
  load 0.001623 at pin 'Q' of cell 'u_LOGIC_CENTER/LINK_LOGIC/U_SYNC_L0L1/L1_BUF0_SYNCED_reg_6_' is out of load range (0.002527, 0.134082) of lib_cell 'DFFRBQX05AL9'
  load 0.001848 at pin 'Q' of cell 'u_LOGIC_CENTER/LINK_LOGIC/U_SYNC_L0L1/L1_BUF1_reg_9_' is out of load range (0.002527, 0.134082) of lib_cell 'DFFRBQX05AL9'
  load 0.001848 at pin 'Q' of cell 'u_LOGIC_CENTER/LINK_LOGIC/U_SYNC_L0L1/L1_BUF2_reg_2_' is out of load range (0.002527, 0.134082) of lib_cell 'DFFRBQX05AL9'
  load 0.001848 at pin 'Q' of cell 'u_LOGIC_CENTER/LINK_LOGIC/U_SYNC_L0L1/L1_BUF2_ASYNC_reg_11_' is out of load range (0.002527, 0.134082) of lib_cell 'DFFRBQX05AL9'
  load 0.001848 at pin 'Q' of cell 'u_LOGIC_CENTER/LINK_LOGIC/U_SYNC_L0L1/L1_BUF0_ASYNC_reg_4_' is out of load range (0.002527, 0.134082) of lib_cell 'DFFRBQX05AL9'
  load 0.001847 at pin 'Q' of cell 'u_LOGIC_CENTER/LINK_LOGIC/U_SYNC_L0L1/L1_BUF2_SYNCED_reg_3_' is out of load range (0.002527, 0.134082) of lib_cell 'DFFRBQX05AL9'
  load 0.001848 at pin 'Q' of cell 'u_LOGIC_CENTER/LINK_LOGIC/U_SYNC_L0L1/L1_BUF1_reg_13_' is out of load range (0.002527, 0.134082) of lib_cell 'DFFRBQX05AL9'
  load 0.001847 at pin 'Q' of cell 'u_LOGIC_CENTER/LINK_LOGIC/U_SYNC_L0L1/L1_BUF2_SYNCED_reg_15_' is out of load range (0.002527, 0.134082) of lib_cell 'DFFRBQX05AL9'
  load 0.001623 at pin 'Q' of cell 'u_LOGIC_CENTER/LINK_LOGIC/U_SYNC_L0L1/L1_BUF0_SYNCED_reg_1_' is out of load range (0.002527, 0.134082) of lib_cell 'DFFRBQX05AL9'
  load 0.001848 at pin 'Q' of cell 'u_LOGIC_CENTER/LINK_LOGIC/U_SYNC_L0L1/L1_BUF1_ASYNC_reg_17_' is out of load range (0.002527, 0.134082) of lib_cell 'DFFRBQX05AL9'
  load 0.001848 at pin 'Q' of cell 'u_LOGIC_CENTER/LINK_LOGIC/U_SYNC_L0L1/L1_BUF1_reg_4_' is out of load range (0.002527, 0.134082) of lib_cell 'DFFRBQX05AL9'
  load 0.001848 at pin 'Q' of cell 'u_LOGIC_CENTER/LINK_LOGIC/U_SYNC_L0L1/L1_BUF0_reg_9_' is out of load range (0.002527, 0.134082) of lib_cell 'DFFRBQX05AL9'
  load 0.001623 at pin 'Q' of cell 'u_LOGIC_CENTER/LINK_LOGIC/U_SYNC_L0L1/L1_BUF0_SYNCED_reg_15_' is out of load range (0.002527, 0.134082) of lib_cell 'DFFRBQX05AL9'
  load 0.001848 at pin 'Q' of cell 'u_LOGIC_CENTER/LINK_LOGIC/U_SYNC_L0L1/L1_BUF2_ASYNC_reg_8_' is out of load range (0.002527, 0.134082) of lib_cell 'DFFRBQX05AL9'
  load 0.001847 at pin 'Q' of cell 'u_LOGIC_CENTER/LINK_LOGIC/U_SYNC_L0L1/L1_BUF2_SYNCED_reg_10_' is out of load range (0.002527, 0.134082) of lib_cell 'DFFRBQX05AL9'
  load 0.001848 at pin 'Q' of cell 'u_LOGIC_CENTER/LINK_LOGIC/U_SYNC_L0L1/L1_BUF1_ASYNC_reg_12_' is out of load range (0.002527, 0.134082) of lib_cell 'DFFRBQX05AL9'
  load 0.001848 at pin 'Q' of cell 'u_LOGIC_CENTER/LINK_LOGIC/U_SYNC_L0L1/L1_BUF2_reg_17_' is out of load range (0.002527, 0.134082) of lib_cell 'DFFRBQX05AL9'
  load 0.001848 at pin 'Q' of cell 'u_LOGIC_CENTER/LINK_LOGIC/U_SYNC_L0L1/L1_BUF0_reg_13_' is out of load range (0.002527, 0.134082) of lib_cell 'DFFRBQX05AL9'
  load 0.001653 at pin 'Q' of cell 'u_LOGIC_CENTER/LINK_LOGIC/U_SYNC_L0L1/L1_BUF1_SYNCED_reg_6_' is out of load range (0.002527, 0.134082) of lib_cell 'DFFRBQX05AL9'
  load 0.001848 at pin 'Q' of cell 'u_LOGIC_CENTER/LINK_LOGIC/U_SYNC_L0L1/L1_BUF0_reg_4_' is out of load range (0.002527, 0.134082) of lib_cell 'DFFRBQX05AL9'
  load 0.001623 at pin 'Q' of cell 'u_LOGIC_CENTER/LINK_LOGIC/U_SYNC_L0L1/L1_BUF0_SYNCED_reg_10_' is out of load range (0.002527, 0.134082) of lib_cell 'DFFRBQX05AL9'
  load 0.001848 at pin 'Q' of cell 'u_LOGIC_CENTER/LINK_LOGIC/U_SYNC_L0L1/L1_BUF1_ASYNC_reg_8_' is out of load range (0.002527, 0.134082) of lib_cell 'DFFRBQX05AL9'
  load 0.001848 at pin 'Q' of cell 'u_LOGIC_CENTER/LINK_LOGIC/U_SYNC_L0L1/L1_BUF2_ASYNC_reg_3_' is out of load range (0.002527, 0.134082) of lib_cell 'DFFRBQX05AL9'
  load 0.001848 at pin 'Q' of cell 'u_LOGIC_CENTER/LINK_LOGIC/U_SYNC_L0L1/L1_BUF2_reg_8_' is out of load range (0.002527, 0.134082) of lib_cell 'DFFRBQX05AL9'
  load 0.001848 at pin 'Q' of cell 'u_LOGIC_CENTER/LINK_LOGIC/U_SYNC_L0L1/L1_BUF2_reg_12_' is out of load range (0.002527, 0.134082) of lib_cell 'DFFRBQX05AL9'
  load 0.001653 at pin 'Q' of cell 'u_LOGIC_CENTER/LINK_LOGIC/U_SYNC_L0L1/L1_BUF1_SYNCED_reg_1_' is out of load range (0.002527, 0.134082) of lib_cell 'DFFRBQX05AL9'
  load 0.001848 at pin 'Q' of cell 'u_LOGIC_CENTER/LINK_LOGIC/U_SYNC_L0L1/L1_BUF2_ASYNC_reg_17_' is out of load range (0.002527, 0.134082) of lib_cell 'DFFRBQX05AL9'
  load 0.001847 at pin 'Q' of cell 'u_LOGIC_CENTER/LINK_LOGIC/U_SYNC_L0L1/L1_BUF2_SYNCED_reg_9_' is out of load range (0.002527, 0.134082) of lib_cell 'DFFRBQX05AL9'
  load 0.001653 at pin 'Q' of cell 'u_LOGIC_CENTER/LINK_LOGIC/U_SYNC_L0L1/L1_BUF1_SYNCED_reg_13_' is out of load range (0.002527, 0.134082) of lib_cell 'DFFRBQX05AL9'
  load 0.001848 at pin 'Q' of cell 'u_LOGIC_CENTER/LINK_LOGIC/U_SYNC_L0L1/L1_BUF1_ASYNC_reg_3_' is out of load range (0.002527, 0.134082) of lib_cell 'DFFRBQX05AL9'
  load 0.001848 at pin 'Q' of cell 'u_LOGIC_CENTER/LINK_LOGIC/U_SYNC_L0L1/L1_BUF0_ASYNC_reg_13_' is out of load range (0.002527, 0.134082) of lib_cell 'DFFRBQX05AL9'
  load 0.001623 at pin 'Q' of cell 'u_LOGIC_CENTER/LINK_LOGIC/U_SYNC_L0L1/L1_BUF0_SYNCED_reg_7_' is out of load range (0.002527, 0.134082) of lib_cell 'DFFRBQX05AL9'
  load 0.001848 at pin 'Q' of cell 'u_LOGIC_CENTER/LINK_LOGIC/U_SYNC_L0L1/L1_BUF2_reg_3_' is out of load range (0.002527, 0.134082) of lib_cell 'DFFRBQX05AL9'
  load 0.001848 at pin 'Q' of cell 'u_LOGIC_CENTER/LINK_LOGIC/U_SYNC_L0L1/L1_BUF2_ASYNC_reg_12_' is out of load range (0.002527, 0.134082) of lib_cell 'DFFRBQX05AL9'
  load 0.001848 at pin 'Q' of cell 'u_LOGIC_CENTER/LINK_LOGIC/U_SYNC_L0L1/L1_BUF0_ASYNC_reg_5_' is out of load range (0.002527, 0.134082) of lib_cell 'DFFRBQX05AL9'
  load 0.001847 at pin 'Q' of cell 'u_LOGIC_CENTER/LINK_LOGIC/U_SYNC_L0L1/L1_BUF2_SYNCED_reg_4_' is out of load range (0.002527, 0.134082) of lib_cell 'DFFRBQX05AL9'
  load 0.001848 at pin 'Q' of cell 'u_LOGIC_CENTER/LINK_LOGIC/U_SYNC_L0L1/L1_BUF1_reg_14_' is out of load range (0.002527, 0.134082) of lib_cell 'DFFRBQX05AL9'
  load 0.001847 at pin 'Q' of cell 'u_LOGIC_CENTER/LINK_LOGIC/U_SYNC_L0L1/L1_BUF2_SYNCED_reg_16_' is out of load range (0.002527, 0.134082) of lib_cell 'DFFRBQX05AL9'
  load 0.001623 at pin 'Q' of cell 'u_LOGIC_CENTER/LINK_LOGIC/U_SYNC_L0L1/L1_BUF0_SYNCED_reg_2_' is out of load range (0.002527, 0.134082) of lib_cell 'DFFRBQX05AL9'
  load 0.001848 at pin 'Q' of cell 'u_LOGIC_CENTER/LINK_LOGIC/U_SYNC_L0L1/L1_BUF1_reg_5_' is out of load range (0.002527, 0.134082) of lib_cell 'DFFRBQX05AL9'
  load 0.001623 at pin 'Q' of cell 'u_LOGIC_CENTER/LINK_LOGIC/U_SYNC_L0L1/L1_BUF0_SYNCED_reg_16_' is out of load range (0.002527, 0.134082) of lib_cell 'DFFRBQX05AL9'
  load 0.001848 at pin 'Q' of cell 'u_LOGIC_CENTER/LINK_LOGIC/U_SYNC_L0L1/L1_BUF0_ASYNC_reg_0_' is out of load range (0.002527, 0.134082) of lib_cell 'DFFRBQX05AL9'
  load 0.001848 at pin 'Q' of cell 'u_LOGIC_CENTER/LINK_LOGIC/U_SYNC_L0L1/L1_BUF2_ASYNC_reg_9_' is out of load range (0.002527, 0.134082) of lib_cell 'DFFRBQX05AL9'
  load 0.001848 at pin 'O' of cell 'u_LOGIC_CENTER/LINK_LOGIC/U_SYNC_L0L1/U12' is out of load range (0.002527, 0.268164) of lib_cell 'AOI12X1AL9'
  load 0.001847 at pin 'Q' of cell 'u_LOGIC_CENTER/LINK_LOGIC/U_SYNC_L0L1/L1_BUF2_SYNCED_reg_11_' is out of load range (0.002527, 0.134082) of lib_cell 'DFFRBQX05AL9'
  load 0.001637 at pin 'Q' of cell 'u_LOGIC_CENTER/LINK_LOGIC/U_SYNC_L0L1/U_L0_CIRC_DELAY_BUF/L0_BUF3_reg_3_' is out of load range (0.002527, 0.134082) of lib_cell 'DFFRBQX05AL9'
  load 0.001628 at pin 'O' of cell 'u_LOGIC_CENTER/LINK_LOGIC/U_SYNC_L0L1/U_L0_CIRC_DELAY_BUF/U150' is out of load range (0.002527, 0.268164) of lib_cell 'NAND4X1AL9'
  load 0.001925 at pin 'O' of cell 'u_LOGIC_CENTER/LINK_LOGIC/U_SYNC_L0L1/U_L0_CIRC_DELAY_BUF/U50' is out of load range (0.002527, 0.134082) of lib_cell 'AO12X05AL9'
  load 0.001637 at pin 'Q' of cell 'u_LOGIC_CENTER/LINK_LOGIC/U_SYNC_L0L1/U_L0_CIRC_DELAY_BUF/L0_BUF1_reg_4_' is out of load range (0.002527, 0.134082) of lib_cell 'DFFRBQX05AL9'
  load 0.001778 at pin 'Q' of cell 'u_LOGIC_CENTER/LINK_LOGIC/U_SYNC_L0L1/U_L0_CIRC_DELAY_BUF/L0_BUF6_reg_9_' is out of load range (0.002527, 0.134082) of lib_cell 'DFFRBQX05AL9'
  ramp 0.000000 at pin 'TE' of cell 'u_LOGIC_CENTER/LINK_LOGIC/U_SYNC_L0L1/U_L0_CIRC_DELAY_BUF/SNPS_CG_CELL_DCLK0_L0_BUF4_reg_0/latch' is out of ramp range (0.006078, 1.176400) of lib_cell 'GCKHBQX8AL9'
  load 0.001855 at pin 'O' of cell 'u_LOGIC_CENTER/LINK_LOGIC/U_SYNC_L0L1/U_L0_CIRC_DELAY_BUF/POSTROUTE_FE_PHC58_DATA_PS0_ALIGN_7' is out of load range (0.002527, 0.080449) of lib_cell 'BUFX03AL9'
  load 0.001637 at pin 'Q' of cell 'u_LOGIC_CENTER/LINK_LOGIC/U_SYNC_L0L1/U_L0_CIRC_DELAY_BUF/L0_BUF3_reg_10_' is out of load range (0.002527, 0.134082) of lib_cell 'DFFRBQX05AL9'
  load 0.001778 at pin 'Q' of cell 'u_LOGIC_CENTER/LINK_LOGIC/U_SYNC_L0L1/U_L0_CIRC_DELAY_BUF/L0_BUF2_reg_8_' is out of load range (0.002527, 0.134082) of lib_cell 'DFFRBQX05AL9'
  ramp 0.000000 at pin 'TE' of cell 'u_LOGIC_CENTER/LINK_LOGIC/U_SYNC_L0L1/U_L0_CIRC_DELAY_BUF/SNPS_CG_CELL_DCLK0_L0_BUF_CNT_FIX_SEL_reg_0/latch' is out of ramp range (0.006078, 1.176400) of lib_cell 'GCKHBQX8AL9'
  load 0.001637 at pin 'Q' of cell 'u_LOGIC_CENTER/LINK_LOGIC/U_SYNC_L0L1/U_L0_CIRC_DELAY_BUF/L0_BUF3_reg_4_' is out of load range (0.002527, 0.134082) of lib_cell 'DFFRBQX05AL9'
  load 0.001848 at pin 'O' of cell 'u_LOGIC_CENTER/LINK_LOGIC/U_SYNC_L0L1/U_L0_CIRC_DELAY_BUF/POSTROUTE_FE_PHC47_DATA_PS0_ALIGN_5' is out of load range (0.002527, 0.134082) of lib_cell 'BUFX05AL9'
  load 0.001848 at pin 'O' of cell 'u_LOGIC_CENTER/LINK_LOGIC/U_SYNC_L0L1/U_L0_CIRC_DELAY_BUF/POSTROUTE_FE_PHC14_DATA_PS0_ALIGN_12' is out of load range (0.002527, 0.080449) of lib_cell 'BUFX03AL9'
  load 0.001628 at pin 'O' of cell 'u_LOGIC_CENTER/LINK_LOGIC/U_SYNC_L0L1/U_L0_CIRC_DELAY_BUF/U164' is out of load range (0.002527, 0.268164) of lib_cell 'NAND4X1AL9'
  load 0.001628 at pin 'O' of cell 'u_LOGIC_CENTER/LINK_LOGIC/U_SYNC_L0L1/U_L0_CIRC_DELAY_BUF/U165' is out of load range (0.002527, 0.268164) of lib_cell 'AOI22B2X1AL9'
  load 0.001786 at pin 'O' of cell 'u_LOGIC_CENTER/LINK_LOGIC/U_SYNC_L0L1/U_L0_CIRC_DELAY_BUF/U62' is out of load range (0.002527, 0.134082) of lib_cell 'AO22X05AL9'
  load 0.001637 at pin 'Q' of cell 'u_LOGIC_CENTER/LINK_LOGIC/U_SYNC_L0L1/U_L0_CIRC_DELAY_BUF/L0_BUF1_reg_5_' is out of load range (0.002527, 0.134082) of lib_cell 'DFFRBQX05AL9'
  load 0.001848 at pin 'O' of cell 'u_LOGIC_CENTER/LINK_LOGIC/U_SYNC_L0L1/U_L0_CIRC_DELAY_BUF/POSTROUTE_FE_PHC19_DATA_PS0_ALIGN_7' is out of load range (0.002527, 0.134082) of lib_cell 'BUFX05AL9'
  load 0.001778 at pin 'Q' of cell 'u_LOGIC_CENTER/LINK_LOGIC/U_SYNC_L0L1/U_L0_CIRC_DELAY_BUF/L0_BUF2_reg_10_' is out of load range (0.002527, 0.134082) of lib_cell 'DFFRBQX05AL9'
  load 0.001637 at pin 'Q' of cell 'u_LOGIC_CENTER/LINK_LOGIC/U_SYNC_L0L1/U_L0_CIRC_DELAY_BUF/L0_BUF3_reg_11_' is out of load range (0.002527, 0.134082) of lib_cell 'DFFRBQX05AL9'
  load 0.001778 at pin 'Q' of cell 'u_LOGIC_CENTER/LINK_LOGIC/U_SYNC_L0L1/U_L0_CIRC_DELAY_BUF/L0_BUF6_reg_0_' is out of load range (0.002527, 0.134082) of lib_cell 'DFFRBQX05AL9'
  load 0.001628 at pin 'O' of cell 'u_LOGIC_CENTER/LINK_LOGIC/U_SYNC_L0L1/U_L0_CIRC_DELAY_BUF/POSTROUTE_FE_PHC57_DATA_PS0_ALIGN_12' is out of load range (0.002527, 0.080449) of lib_cell 'BUFX03AL9'
  load 0.001778 at pin 'Q' of cell 'u_LOGIC_CENTER/LINK_LOGIC/U_SYNC_L0L1/U_L0_CIRC_DELAY_BUF/L0_BUF2_reg_9_' is out of load range (0.002527, 0.134082) of lib_cell 'DFFRBQX05AL9'
  load 0.001637 at pin 'Q' of cell 'u_LOGIC_CENTER/LINK_LOGIC/U_SYNC_L0L1/U_L0_CIRC_DELAY_BUF/L0_BUF3_reg_5_' is out of load range (0.002527, 0.134082) of lib_cell 'DFFRBQX05AL9'
  load 0.001628 at pin 'O' of cell 'u_LOGIC_CENTER/LINK_LOGIC/U_SYNC_L0L1/U_L0_CIRC_DELAY_BUF/U178' is out of load range (0.002527, 0.268164) of lib_cell 'NAND4X1AL9'
  load 0.001637 at pin 'Q' of cell 'u_LOGIC_CENTER/LINK_LOGIC/U_SYNC_L0L1/U_L0_CIRC_DELAY_BUF/L0_BUF1_reg_6_' is out of load range (0.002527, 0.134082) of lib_cell 'DFFRBQX05AL9'
  load 0.001778 at pin 'Q' of cell 'u_LOGIC_CENTER/LINK_LOGIC/U_SYNC_L0L1/U_L0_CIRC_DELAY_BUF/L0_BUF6_reg_10_' is out of load range (0.002527, 0.134082) of lib_cell 'DFFRBQX05AL9'
  load 0.001628 at pin 'Q' of cell 'u_LOGIC_CENTER/LINK_LOGIC/U_SYNC_L0L1/U_L0_CIRC_DELAY_BUF/L0_BUF5_reg_5_' is out of load range (0.002527, 0.134082) of lib_cell 'DFFRBQX05AL9'
  load 0.001637 at pin 'Q' of cell 'u_LOGIC_CENTER/LINK_LOGIC/U_SYNC_L0L1/U_L0_CIRC_DELAY_BUF/L0_BUF1_reg_10_' is out of load range (0.002527, 0.134082) of lib_cell 'DFFRBQX05AL9'
  load 0.001778 at pin 'Q' of cell 'u_LOGIC_CENTER/LINK_LOGIC/U_SYNC_L0L1/U_L0_CIRC_DELAY_BUF/L0_BUF2_reg_11_' is out of load range (0.002527, 0.134082) of lib_cell 'DFFRBQX05AL9'
  load 0.001637 at pin 'Q' of cell 'u_LOGIC_CENTER/LINK_LOGIC/U_SYNC_L0L1/U_L0_CIRC_DELAY_BUF/L0_BUF3_reg_12_' is out of load range (0.002527, 0.134082) of lib_cell 'DFFRBQX05AL9'
  load 0.001778 at pin 'Q' of cell 'u_LOGIC_CENTER/LINK_LOGIC/U_SYNC_L0L1/U_L0_CIRC_DELAY_BUF/L0_BUF6_reg_1_' is out of load range (0.002527, 0.134082) of lib_cell 'DFFRBQX05AL9'
  load 0.001628 at pin 'O' of cell 'u_LOGIC_CENTER/LINK_LOGIC/U_SYNC_L0L1/U_L0_CIRC_DELAY_BUF/POSTROUTE_FE_PHC55_DATA_PS0_ALIGN_2' is out of load range (0.002527, 0.080449) of lib_cell 'BUFX03AL9'
  load 0.001637 at pin 'Q' of cell 'u_LOGIC_CENTER/LINK_LOGIC/U_SYNC_L0L1/U_L0_CIRC_DELAY_BUF/L0_BUF3_reg_6_' is out of load range (0.002527, 0.134082) of lib_cell 'DFFRBQX05AL9'
  load 0.001778 at pin 'Q' of cell 'u_LOGIC_CENTER/LINK_LOGIC/U_SYNC_L0L1/U_L0_CIRC_DELAY_BUF/L0_BUF2_reg_0_' is out of load range (0.002527, 0.134082) of lib_cell 'DFFRBQX05AL9'
  load 0.001628 at pin 'O' of cell 'u_LOGIC_CENTER/LINK_LOGIC/U_SYNC_L0L1/U_L0_CIRC_DELAY_BUF/U80' is out of load range (0.002527, 0.268164) of lib_cell 'NAND4X1AL9'
  load 0.001637 at pin 'Q' of cell 'u_LOGIC_CENTER/LINK_LOGIC/U_SYNC_L0L1/U_L0_CIRC_DELAY_BUF/L0_BUF1_reg_7_' is out of load range (0.002527, 0.134082) of lib_cell 'DFFRBQX05AL9'
  load 0.001628 at pin 'O' of cell 'u_LOGIC_CENTER/LINK_LOGIC/U_SYNC_L0L1/U_L0_CIRC_DELAY_BUF/U87' is out of load range (0.002527, 0.268164) of lib_cell 'NAND4X1AL9'
  load 0.001778 at pin 'Q' of cell 'u_LOGIC_CENTER/LINK_LOGIC/U_SYNC_L0L1/U_L0_CIRC_DELAY_BUF/L0_BUF6_reg_11_' is out of load range (0.002527, 0.134082) of lib_cell 'DFFRBQX05AL9'
  load 0.001637 at pin 'Q' of cell 'u_LOGIC_CENTER/LINK_LOGIC/U_SYNC_L0L1/U_L0_CIRC_DELAY_BUF/L0_BUF1_reg_11_' is out of load range (0.002527, 0.134082) of lib_cell 'DFFRBQX05AL9'
  load 0.001778 at pin 'Q' of cell 'u_LOGIC_CENTER/LINK_LOGIC/U_SYNC_L0L1/U_L0_CIRC_DELAY_BUF/L0_BUF2_reg_12_' is out of load range (0.002527, 0.134082) of lib_cell 'DFFRBQX05AL9'
  load 0.001637 at pin 'Q' of cell 'u_LOGIC_CENTER/LINK_LOGIC/U_SYNC_L0L1/U_L0_CIRC_DELAY_BUF/L0_BUF3_reg_13_' is out of load range (0.002527, 0.134082) of lib_cell 'DFFRBQX05AL9'
  load 0.001778 at pin 'Q' of cell 'u_LOGIC_CENTER/LINK_LOGIC/U_SYNC_L0L1/U_L0_CIRC_DELAY_BUF/L0_BUF6_reg_2_' is out of load range (0.002527, 0.134082) of lib_cell 'DFFRBQX05AL9'
  load 0.001848 at pin 'O' of cell 'u_LOGIC_CENTER/LINK_LOGIC/U_SYNC_L0L1/U_L0_CIRC_DELAY_BUF/POSTROUTE_FE_PHC16_DATA_PS0_ALIGN_4' is out of load range (0.002527, 0.268164) of lib_cell 'DEL0N15X1AL9'
  load 0.001637 at pin 'Q' of cell 'u_LOGIC_CENTER/LINK_LOGIC/U_SYNC_L0L1/U_L0_CIRC_DELAY_BUF/L0_BUF3_reg_7_' is out of load range (0.002527, 0.134082) of lib_cell 'DFFRBQX05AL9'
  load 0.001855 at pin 'O' of cell 'u_LOGIC_CENTER/LINK_LOGIC/U_SYNC_L0L1/U_L0_CIRC_DELAY_BUF/POSTROUTE_FE_PHC62_DATA_PS0_ALIGN_3' is out of load range (0.002527, 0.080449) of lib_cell 'BUFX03AL9'
  load 0.001778 at pin 'Q' of cell 'u_LOGIC_CENTER/LINK_LOGIC/U_SYNC_L0L1/U_L0_CIRC_DELAY_BUF/L0_BUF2_reg_1_' is out of load range (0.002527, 0.134082) of lib_cell 'DFFRBQX05AL9'
  load 0.001855 at pin 'O' of cell 'u_LOGIC_CENTER/LINK_LOGIC/U_SYNC_L0L1/U_L0_CIRC_DELAY_BUF/POSTROUTE_FE_PHC59_DATA_PS0_ALIGN_6' is out of load range (0.002527, 0.080449) of lib_cell 'BUFX03AL9'
  load 0.001637 at pin 'Q' of cell 'u_LOGIC_CENTER/LINK_LOGIC/U_SYNC_L0L1/U_L0_CIRC_DELAY_BUF/L0_BUF1_reg_8_' is out of load range (0.002527, 0.134082) of lib_cell 'DFFRBQX05AL9'
  load 0.001628 at pin 'Q' of cell 'u_LOGIC_CENTER/LINK_LOGIC/U_SYNC_L0L1/U_L0_CIRC_DELAY_BUF/L0_BUF0_reg_2_' is out of load range (0.002527, 0.134082) of lib_cell 'DFFRBQX05AL9'
  ramp 0.000000 at pin 'TE' of cell 'u_LOGIC_CENTER/LINK_LOGIC/U_SYNC_L0L1/U_L0_CIRC_DELAY_BUF/SNPS_CG_CELL_DCLK0_L0_BUF0_reg_0/latch' is out of ramp range (0.006078, 1.176400) of lib_cell 'GCKHBQX8AL9'
  load 0.001778 at pin 'Q' of cell 'u_LOGIC_CENTER/LINK_LOGIC/U_SYNC_L0L1/U_L0_CIRC_DELAY_BUF/L0_BUF6_reg_12_' is out of load range (0.002527, 0.134082) of lib_cell 'DFFRBQX05AL9'
  load 0.001637 at pin 'Q' of cell 'u_LOGIC_CENTER/LINK_LOGIC/U_SYNC_L0L1/U_L0_CIRC_DELAY_BUF/L0_BUF1_reg_12_' is out of load range (0.002527, 0.134082) of lib_cell 'DFFRBQX05AL9'
  load 0.001848 at pin 'O' of cell 'u_LOGIC_CENTER/LINK_LOGIC/U_SYNC_L0L1/U_L0_CIRC_DELAY_BUF/POSTROUTE_FE_PHC20_DATA_PS0_ALIGN_8' is out of load range (0.002527, 0.268164) of lib_cell 'DEL0N15X1AL9'
  load 0.001778 at pin 'Q' of cell 'u_LOGIC_CENTER/LINK_LOGIC/U_SYNC_L0L1/U_L0_CIRC_DELAY_BUF/L0_BUF2_reg_13_' is out of load range (0.002527, 0.134082) of lib_cell 'DFFRBQX05AL9'
  load 0.001637 at pin 'Q' of cell 'u_LOGIC_CENTER/LINK_LOGIC/U_SYNC_L0L1/U_L0_CIRC_DELAY_BUF/L0_BUF3_reg_14_' is out of load range (0.002527, 0.134082) of lib_cell 'DFFRBQX05AL9'
  load 0.001778 at pin 'Q' of cell 'u_LOGIC_CENTER/LINK_LOGIC/U_SYNC_L0L1/U_L0_CIRC_DELAY_BUF/L0_BUF6_reg_3_' is out of load range (0.002527, 0.134082) of lib_cell 'DFFRBQX05AL9'
  load 0.001855 at pin 'O' of cell 'u_LOGIC_CENTER/LINK_LOGIC/U_SYNC_L0L1/U_L0_CIRC_DELAY_BUF/POSTROUTE_FE_PHC63_DATA_PS0_ALIGN_5' is out of load range (0.002527, 0.080449) of lib_cell 'BUFX03AL9'
  ramp 0.000000 at pin 'TE' of cell 'u_LOGIC_CENTER/LINK_LOGIC/U_SYNC_L0L1/U_L0_CIRC_DELAY_BUF/SNPS_CG_CELL_DCLK0_L0_BUF5_reg_0/latch' is out of ramp range (0.006078, 1.176400) of lib_cell 'GCKHBQX8AL9'
  load 0.001637 at pin 'Q' of cell 'u_LOGIC_CENTER/LINK_LOGIC/U_SYNC_L0L1/U_L0_CIRC_DELAY_BUF/L0_BUF3_reg_8_' is out of load range (0.002527, 0.134082) of lib_cell 'DFFRBQX05AL9'
  load 0.001778 at pin 'Q' of cell 'u_LOGIC_CENTER/LINK_LOGIC/U_SYNC_L0L1/U_L0_CIRC_DELAY_BUF/L0_BUF2_reg_2_' is out of load range (0.002527, 0.134082) of lib_cell 'DFFRBQX05AL9'
  load 0.001628 at pin 'O' of cell 'u_LOGIC_CENTER/LINK_LOGIC/U_SYNC_L0L1/U_L0_CIRC_DELAY_BUF/U101' is out of load range (0.002527, 0.268164) of lib_cell 'NAND4X1AL9'
  load 0.001637 at pin 'Q' of cell 'u_LOGIC_CENTER/LINK_LOGIC/U_SYNC_L0L1/U_L0_CIRC_DELAY_BUF/L0_BUF1_reg_9_' is out of load range (0.002527, 0.134082) of lib_cell 'DFFRBQX05AL9'
  load 0.001628 at pin 'O' of cell 'u_LOGIC_CENTER/LINK_LOGIC/U_SYNC_L0L1/U_L0_CIRC_DELAY_BUF/POSTROUTE_FE_PHC81_DATA_PS0_ALIGN_2' is out of load range (0.002527, 0.080449) of lib_cell 'BUFX03AL9'
  load 0.001628 at pin 'O' of cell 'u_LOGIC_CENTER/LINK_LOGIC/U_SYNC_L0L1/U_L0_CIRC_DELAY_BUF/U108' is out of load range (0.002527, 0.268164) of lib_cell 'NAND4X1AL9'
  load 0.001778 at pin 'Q' of cell 'u_LOGIC_CENTER/LINK_LOGIC/U_SYNC_L0L1/U_L0_CIRC_DELAY_BUF/L0_BUF6_reg_13_' is out of load range (0.002527, 0.134082) of lib_cell 'DFFRBQX05AL9'
  load 0.001637 at pin 'Q' of cell 'u_LOGIC_CENTER/LINK_LOGIC/U_SYNC_L0L1/U_L0_CIRC_DELAY_BUF/L0_BUF1_reg_13_' is out of load range (0.002527, 0.134082) of lib_cell 'DFFRBQX05AL9'
  load 0.001778 at pin 'Q' of cell 'u_LOGIC_CENTER/LINK_LOGIC/U_SYNC_L0L1/U_L0_CIRC_DELAY_BUF/L0_BUF2_reg_14_' is out of load range (0.002527, 0.134082) of lib_cell 'DFFRBQX05AL9'
  load 0.001637 at pin 'Q' of cell 'u_LOGIC_CENTER/LINK_LOGIC/U_SYNC_L0L1/U_L0_CIRC_DELAY_BUF/L0_BUF3_reg_15_' is out of load range (0.002527, 0.134082) of lib_cell 'DFFRBQX05AL9'
  load 0.001778 at pin 'Q' of cell 'u_LOGIC_CENTER/LINK_LOGIC/U_SYNC_L0L1/U_L0_CIRC_DELAY_BUF/L0_BUF6_reg_4_' is out of load range (0.002527, 0.134082) of lib_cell 'DFFRBQX05AL9'
  load 0.001848 at pin 'O' of cell 'u_LOGIC_CENTER/LINK_LOGIC/U_SYNC_L0L1/U_L0_CIRC_DELAY_BUF/POSTROUTE_FE_PHC24_DATA_PS0_ALIGN_6' is out of load range (0.002527, 0.134082) of lib_cell 'BUFX05AL9'
  load 0.001637 at pin 'Q' of cell 'u_LOGIC_CENTER/LINK_LOGIC/U_SYNC_L0L1/U_L0_CIRC_DELAY_BUF/L0_BUF3_reg_9_' is out of load range (0.002527, 0.134082) of lib_cell 'DFFRBQX05AL9'
  load 0.001778 at pin 'Q' of cell 'u_LOGIC_CENTER/LINK_LOGIC/U_SYNC_L0L1/U_L0_CIRC_DELAY_BUF/L0_BUF2_reg_3_' is out of load range (0.002527, 0.134082) of lib_cell 'DFFRBQX05AL9'
  ramp 0.000000 at pin 'TE' of cell 'u_LOGIC_CENTER/LINK_LOGIC/U_SYNC_L0L1/U_L0_CIRC_DELAY_BUF/SNPS_CG_CELL_DCLK0_L0_BUF1_reg_0/latch' is out of ramp range (0.006078, 1.176400) of lib_cell 'GCKHBQX8AL9'
  load 0.001628 at pin 'O' of cell 'u_LOGIC_CENTER/LINK_LOGIC/U_SYNC_L0L1/U_L0_CIRC_DELAY_BUF/U115' is out of load range (0.002527, 0.268164) of lib_cell 'NAND4X1AL9'
  load 0.001848 at pin 'O' of cell 'u_LOGIC_CENTER/LINK_LOGIC/U_SYNC_L0L1/U_L0_CIRC_DELAY_BUF/POSTROUTE_FE_PHC46_DATA_PS0_ALIGN_15' is out of load range (0.002527, 0.268164) of lib_cell 'DEL0N15X1AL9'
  load 0.001637 at pin 'Q' of cell 'u_LOGIC_CENTER/LINK_LOGIC/U_SYNC_L0L1/U_L0_CIRC_DELAY_BUF/L0_BUF1_reg_0_' is out of load range (0.002527, 0.134082) of lib_cell 'DFFRBQX05AL9'
  ramp 0.000000 at pin 'TE' of cell 'u_LOGIC_CENTER/LINK_LOGIC/U_SYNC_L0L1/U_L0_CIRC_DELAY_BUF/SNPS_CG_CELL_DCLK0_L0_BUF6_reg_0/latch' is out of ramp range (0.006078, 1.176400) of lib_cell 'GCKHBQX8AL9'
  load 0.001778 at pin 'Q' of cell 'u_LOGIC_CENTER/LINK_LOGIC/U_SYNC_L0L1/U_L0_CIRC_DELAY_BUF/L0_BUF6_reg_14_' is out of load range (0.002527, 0.134082) of lib_cell 'DFFRBQX05AL9'
  load 0.001637 at pin 'Q' of cell 'u_LOGIC_CENTER/LINK_LOGIC/U_SYNC_L0L1/U_L0_CIRC_DELAY_BUF/L0_BUF1_reg_14_' is out of load range (0.002527, 0.134082) of lib_cell 'DFFRBQX05AL9'
  load 0.001778 at pin 'Q' of cell 'u_LOGIC_CENTER/LINK_LOGIC/U_SYNC_L0L1/U_L0_CIRC_DELAY_BUF/L0_BUF2_reg_15_' is out of load range (0.002527, 0.134082) of lib_cell 'DFFRBQX05AL9'
  load 0.001637 at pin 'Q' of cell 'u_LOGIC_CENTER/LINK_LOGIC/U_SYNC_L0L1/U_L0_CIRC_DELAY_BUF/L0_BUF3_reg_16_' is out of load range (0.002527, 0.134082) of lib_cell 'DFFRBQX05AL9'
  load 0.001778 at pin 'Q' of cell 'u_LOGIC_CENTER/LINK_LOGIC/U_SYNC_L0L1/U_L0_CIRC_DELAY_BUF/L0_BUF6_reg_5_' is out of load range (0.002527, 0.134082) of lib_cell 'DFFRBQX05AL9'
  load 0.001778 at pin 'Q' of cell 'u_LOGIC_CENTER/LINK_LOGIC/U_SYNC_L0L1/U_L0_CIRC_DELAY_BUF/L0_BUF2_reg_4_' is out of load range (0.002527, 0.134082) of lib_cell 'DFFRBQX05AL9'
  load 0.001637 at pin 'Q' of cell 'u_LOGIC_CENTER/LINK_LOGIC/U_SYNC_L0L1/U_L0_CIRC_DELAY_BUF/L0_BUF3_reg_0_' is out of load range (0.002527, 0.134082) of lib_cell 'DFFRBQX05AL9'
  load 0.001628 at pin 'Q' of cell 'u_LOGIC_CENTER/LINK_LOGIC/U_SYNC_L0L1/U_L0_CIRC_DELAY_BUF/L0_BUF4_reg_10_' is out of load range (0.002527, 0.134082) of lib_cell 'DFFRBQX05AL9'
  load 0.001628 at pin 'Q' of cell 'u_LOGIC_CENTER/LINK_LOGIC/U_SYNC_L0L1/U_L0_CIRC_DELAY_BUF/L0_BUF0_reg_11_' is out of load range (0.002527, 0.134082) of lib_cell 'DFFRBQX05AL9'
  load 0.001637 at pin 'Q' of cell 'u_LOGIC_CENTER/LINK_LOGIC/U_SYNC_L0L1/U_L0_CIRC_DELAY_BUF/L0_BUF1_reg_1_' is out of load range (0.002527, 0.134082) of lib_cell 'DFFRBQX05AL9'
  load 0.001786 at pin 'O' of cell 'u_LOGIC_CENTER/LINK_LOGIC/U_SYNC_L0L1/U_L0_CIRC_DELAY_BUF/U25' is out of load range (0.002527, 0.134082) of lib_cell 'AO22X05AL9'
  load 0.001778 at pin 'Q' of cell 'u_LOGIC_CENTER/LINK_LOGIC/U_SYNC_L0L1/U_L0_CIRC_DELAY_BUF/L0_BUF6_reg_15_' is out of load range (0.002527, 0.134082) of lib_cell 'DFFRBQX05AL9'
  load 0.001649 at pin 'O' of cell 'u_LOGIC_CENTER/LINK_LOGIC/U_SYNC_L0L1/U_L0_CIRC_DELAY_BUF/U29' is out of load range (0.002527, 0.134082) of lib_cell 'AO22X05AL9'
  load 0.001637 at pin 'Q' of cell 'u_LOGIC_CENTER/LINK_LOGIC/U_SYNC_L0L1/U_L0_CIRC_DELAY_BUF/L0_BUF1_reg_15_' is out of load range (0.002527, 0.134082) of lib_cell 'DFFRBQX05AL9'
  ramp 0.000000 at pin 'TE' of cell 'u_LOGIC_CENTER/LINK_LOGIC/U_SYNC_L0L1/U_L0_CIRC_DELAY_BUF/SNPS_CG_CELL_DCLK0_L0_BUF2_reg_0/latch' is out of ramp range (0.006078, 1.176400) of lib_cell 'GCKHBQX8AL9'
  load 0.001778 at pin 'Q' of cell 'u_LOGIC_CENTER/LINK_LOGIC/U_SYNC_L0L1/U_L0_CIRC_DELAY_BUF/L0_BUF2_reg_16_' is out of load range (0.002527, 0.134082) of lib_cell 'DFFRBQX05AL9'
  load 0.001637 at pin 'Q' of cell 'u_LOGIC_CENTER/LINK_LOGIC/U_SYNC_L0L1/U_L0_CIRC_DELAY_BUF/L0_BUF3_reg_17_' is out of load range (0.002527, 0.134082) of lib_cell 'DFFRBQX05AL9'
  load 0.001778 at pin 'Q' of cell 'u_LOGIC_CENTER/LINK_LOGIC/U_SYNC_L0L1/U_L0_CIRC_DELAY_BUF/L0_BUF6_reg_6_' is out of load range (0.002527, 0.134082) of lib_cell 'DFFRBQX05AL9'
  load 0.001778 at pin 'Q' of cell 'u_LOGIC_CENTER/LINK_LOGIC/U_SYNC_L0L1/U_L0_CIRC_DELAY_BUF/L0_BUF2_reg_5_' is out of load range (0.002527, 0.134082) of lib_cell 'DFFRBQX05AL9'
  load 0.001637 at pin 'Q' of cell 'u_LOGIC_CENTER/LINK_LOGIC/U_SYNC_L0L1/U_L0_CIRC_DELAY_BUF/L0_BUF3_reg_1_' is out of load range (0.002527, 0.134082) of lib_cell 'DFFRBQX05AL9'
  load 0.001848 at pin 'O' of cell 'u_LOGIC_CENTER/LINK_LOGIC/U_SYNC_L0L1/U_L0_CIRC_DELAY_BUF/POSTROUTE_FE_PHC18_DATA_PS0_ALIGN_3' is out of load range (0.002527, 0.134082) of lib_cell 'BUFX05AL9'
  load 0.001700 at pin 'O' of cell 'u_LOGIC_CENTER/LINK_LOGIC/U_SYNC_L0L1/U_L0_CIRC_DELAY_BUF/U30' is out of load range (0.002527, 0.134082) of lib_cell 'AO22X05AL9'
  load 0.001925 at pin 'O' of cell 'u_LOGIC_CENTER/LINK_LOGIC/U_SYNC_L0L1/U_L0_CIRC_DELAY_BUF/U33' is out of load range (0.002527, 0.268164) of lib_cell 'OAI12B2X1AL9'
  load 0.001637 at pin 'Q' of cell 'u_LOGIC_CENTER/LINK_LOGIC/U_SYNC_L0L1/U_L0_CIRC_DELAY_BUF/L0_BUF1_reg_2_' is out of load range (0.002527, 0.134082) of lib_cell 'DFFRBQX05AL9'
  load 0.001649 at pin 'O' of cell 'u_LOGIC_CENTER/LINK_LOGIC/U_SYNC_L0L1/U_L0_CIRC_DELAY_BUF/U35' is out of load range (0.002527, 0.134082) of lib_cell 'AO22X05AL9'
  load 0.001700 at pin 'O' of cell 'u_LOGIC_CENTER/LINK_LOGIC/U_SYNC_L0L1/U_L0_CIRC_DELAY_BUF/U36' is out of load range (0.002527, 0.134082) of lib_cell 'AO22X05AL9'
  load 0.001778 at pin 'Q' of cell 'u_LOGIC_CENTER/LINK_LOGIC/U_SYNC_L0L1/U_L0_CIRC_DELAY_BUF/L0_BUF6_reg_16_' is out of load range (0.002527, 0.134082) of lib_cell 'DFFRBQX05AL9'
  load 0.001925 at pin 'O' of cell 'u_LOGIC_CENTER/LINK_LOGIC/U_SYNC_L0L1/U_L0_CIRC_DELAY_BUF/U39' is out of load range (0.002527, 0.268164) of lib_cell 'OAI12B2X1AL9'
  load 0.001637 at pin 'Q' of cell 'u_LOGIC_CENTER/LINK_LOGIC/U_SYNC_L0L1/U_L0_CIRC_DELAY_BUF/L0_BUF1_reg_16_' is out of load range (0.002527, 0.134082) of lib_cell 'DFFRBQX05AL9'
  load 0.001778 at pin 'Q' of cell 'u_LOGIC_CENTER/LINK_LOGIC/U_SYNC_L0L1/U_L0_CIRC_DELAY_BUF/L0_BUF2_reg_17_' is out of load range (0.002527, 0.134082) of lib_cell 'DFFRBQX05AL9'
  load 0.001778 at pin 'Q' of cell 'u_LOGIC_CENTER/LINK_LOGIC/U_SYNC_L0L1/U_L0_CIRC_DELAY_BUF/L0_BUF6_reg_7_' is out of load range (0.002527, 0.134082) of lib_cell 'DFFRBQX05AL9'
  ramp 0.000000 at pin 'D1' of cell 'u_LOGIC_CENTER/LINK_LOGIC/U_SYNC_L0L1/U_L0_CIRC_DELAY_BUF/L0_BUF_CNT_FIX_SEL_reg_3_' is out of ramp range (0.006078, 1.176400) of lib_cell 'AND2DFFRBQBX1AL9'
  load 0.001778 at pin 'Q' of cell 'u_LOGIC_CENTER/LINK_LOGIC/U_SYNC_L0L1/U_L0_CIRC_DELAY_BUF/L0_BUF2_reg_6_' is out of load range (0.002527, 0.134082) of lib_cell 'DFFRBQX05AL9'
  load 0.001637 at pin 'Q' of cell 'u_LOGIC_CENTER/LINK_LOGIC/U_SYNC_L0L1/U_L0_CIRC_DELAY_BUF/L0_BUF3_reg_2_' is out of load range (0.002527, 0.134082) of lib_cell 'DFFRBQX05AL9'
  ramp 0.000000 at pin 'TE' of cell 'u_LOGIC_CENTER/LINK_LOGIC/U_SYNC_L0L1/U_L0_CIRC_DELAY_BUF/SNPS_CG_CELL_DCLK0_L0_BUF_CNT_SEL_reg_0/latch' is out of ramp range (0.006078, 1.176400) of lib_cell 'GCKHBQX8AL9'
  ramp 0.000000 at pin 'TE' of cell 'u_LOGIC_CENTER/LINK_LOGIC/U_SYNC_L0L1/U_L0_CIRC_DELAY_BUF/SNPS_CG_CELL_DCLK0_L0_BUF3_reg_0/latch' is out of ramp range (0.006078, 1.176400) of lib_cell 'GCKHBQX8AL9'
  load 0.001628 at pin 'O' of cell 'u_LOGIC_CENTER/LINK_LOGIC/U_SYNC_L0L1/U_L0_CIRC_DELAY_BUF/U143' is out of load range (0.002527, 0.268164) of lib_cell 'NAND4X1AL9'
  load 0.001637 at pin 'Q' of cell 'u_LOGIC_CENTER/LINK_LOGIC/U_SYNC_L0L1/U_L0_CIRC_DELAY_BUF/L0_BUF1_reg_3_' is out of load range (0.002527, 0.134082) of lib_cell 'DFFRBQX05AL9'
  load 0.001778 at pin 'Q' of cell 'u_LOGIC_CENTER/LINK_LOGIC/U_SYNC_L0L1/U_L0_CIRC_DELAY_BUF/L0_BUF6_reg_17_' is out of load range (0.002527, 0.134082) of lib_cell 'DFFRBQX05AL9'
  load 0.001649 at pin 'O' of cell 'u_LOGIC_CENTER/LINK_LOGIC/U_SYNC_L0L1/U_L0_CIRC_DELAY_BUF/U47' is out of load range (0.002527, 0.134082) of lib_cell 'AO22X05AL9'
  load 0.001700 at pin 'O' of cell 'u_LOGIC_CENTER/LINK_LOGIC/U_SYNC_L0L1/U_L0_CIRC_DELAY_BUF/U48' is out of load range (0.002527, 0.134082) of lib_cell 'AO22X05AL9'
  load 0.001786 at pin 'O' of cell 'u_LOGIC_CENTER/LINK_LOGIC/U_SYNC_L0L1/U_L0_CIRC_DELAY_BUF/U49' is out of load range (0.002527, 0.134082) of lib_cell 'AO22X05AL9'
  load 0.001637 at pin 'Q' of cell 'u_LOGIC_CENTER/LINK_LOGIC/U_SYNC_L0L1/U_L0_CIRC_DELAY_BUF/L0_BUF1_reg_17_' is out of load range (0.002527, 0.134082) of lib_cell 'DFFRBQX05AL9'
  load 0.001778 at pin 'Q' of cell 'u_LOGIC_CENTER/LINK_LOGIC/U_SYNC_L0L1/U_L0_CIRC_DELAY_BUF/L0_BUF6_reg_8_' is out of load range (0.002527, 0.134082) of lib_cell 'DFFRBQX05AL9'
  load 0.001778 at pin 'Q' of cell 'u_LOGIC_CENTER/LINK_LOGIC/U_SYNC_L0L1/U_L0_CIRC_DELAY_BUF/L0_BUF2_reg_7_' is out of load range (0.002527, 0.134082) of lib_cell 'DFFRBQX05AL9'
  load 0.001848 at pin 'Q' of cell 'u_LOGIC_CENTER/LINK_LOGIC/U_SYNC_L0L1/L1_BUF0_reg_14_' is out of load range (0.002527, 0.134082) of lib_cell 'DFFRBQX05AL9'
  load 0.001848 at pin 'Q' of cell 'u_LOGIC_CENTER/LINK_LOGIC/U_SYNC_L0L1/L1_BUF1_ASYNC_reg_13_' is out of load range (0.002527, 0.134082) of lib_cell 'DFFRBQX05AL9'
  load 0.001848 at pin 'Q' of cell 'u_LOGIC_CENTER/LINK_LOGIC/U_SYNC_L0L1/L1_BUF1_reg_0_' is out of load range (0.002527, 0.134082) of lib_cell 'DFFRBQX05AL9'
  load 0.001653 at pin 'Q' of cell 'u_LOGIC_CENTER/LINK_LOGIC/U_SYNC_L0L1/L1_BUF1_SYNCED_reg_7_' is out of load range (0.002527, 0.268164) of lib_cell 'AND2DFFRBQX1AL9'
  ramp 0.000000 at pin 'D1' of cell 'u_LOGIC_CENTER/LINK_LOGIC/U_SYNC_L0L1/L1_BUF1_SYNCED_reg_7_' is out of ramp range (0.006078, 1.176400) of lib_cell 'AND2DFFRBQX1AL9'
  load 0.001848 at pin 'Q' of cell 'u_LOGIC_CENTER/LINK_LOGIC/U_SYNC_L0L1/L1_BUF0_reg_5_' is out of load range (0.002527, 0.134082) of lib_cell 'DFFRBQX05AL9'
  load 0.001848 at pin 'O' of cell 'u_LOGIC_CENTER/LINK_LOGIC/U_SYNC_L0L1/U16' is out of load range (0.002527, 0.134082) of lib_cell 'NOR2X05AL9'
  load 0.001848 at pin 'O' of cell 'u_LOGIC_CENTER/LINK_LOGIC/U_SYNC_L0L1/U17' is out of load range (0.002527, 0.134082) of lib_cell 'AO222X05AL9'
  load 0.001623 at pin 'Q' of cell 'u_LOGIC_CENTER/LINK_LOGIC/U_SYNC_L0L1/L1_BUF0_SYNCED_reg_11_' is out of load range (0.002527, 0.134082) of lib_cell 'DFFRBQX05AL9'
  load 0.001547 at pin 'Q' of cell 'u_LOGIC_CENTER/LINK_LOGIC/U_SYNC_L0L1/BKPOL_EN_P_L0_PRE_STORE_reg' is out of load range (0.002527, 0.134082) of lib_cell 'DFFRBQX05AL9'
  load 0.001848 at pin 'O' of cell 'u_LOGIC_CENTER/LINK_LOGIC/U_SYNC_L0L1/U18' is out of load range (0.002527, 0.134082) of lib_cell 'AO222X05AL9'
  load 0.001848 at pin 'Q' of cell 'u_LOGIC_CENTER/LINK_LOGIC/U_SYNC_L0L1/L1_BUF1_ASYNC_reg_9_' is out of load range (0.002527, 0.134082) of lib_cell 'DFFRBQX05AL9'
  load 0.001848 at pin 'O' of cell 'u_LOGIC_CENTER/LINK_LOGIC/U_SYNC_L0L1/U19' is out of load range (0.002527, 0.134082) of lib_cell 'AO222X05AL9'
  load 0.001848 at pin 'Q' of cell 'u_LOGIC_CENTER/LINK_LOGIC/U_SYNC_L0L1/L1_BUF2_ASYNC_reg_4_' is out of load range (0.002527, 0.134082) of lib_cell 'DFFRBQX05AL9'
  load 0.001848 at pin 'Q' of cell 'u_LOGIC_CENTER/LINK_LOGIC/U_SYNC_L0L1/L1_BUF2_reg_9_' is out of load range (0.002527, 0.134082) of lib_cell 'DFFRBQX05AL9'
  load 0.001848 at pin 'Q' of cell 'u_LOGIC_CENTER/LINK_LOGIC/U_SYNC_L0L1/L1_BUF2_reg_13_' is out of load range (0.002527, 0.134082) of lib_cell 'DFFRBQX05AL9'
  load 0.001653 at pin 'Q' of cell 'u_LOGIC_CENTER/LINK_LOGIC/U_SYNC_L0L1/L1_BUF1_SYNCED_reg_2_' is out of load range (0.002527, 0.134082) of lib_cell 'DFFRBQX05AL9'
  load 0.001848 at pin 'Q' of cell 'u_LOGIC_CENTER/LINK_LOGIC/U_SYNC_L0L1/L1_BUF0_reg_0_' is out of load range (0.002527, 0.134082) of lib_cell 'DFFRBQX05AL9'
  load 0.001653 at pin 'Q' of cell 'u_LOGIC_CENTER/LINK_LOGIC/U_SYNC_L0L1/L1_BUF1_SYNCED_reg_14_' is out of load range (0.002527, 0.134082) of lib_cell 'DFFRBQX05AL9'
  load 0.001848 at pin 'Q' of cell 'u_LOGIC_CENTER/LINK_LOGIC/U_SYNC_L0L1/L1_BUF1_ASYNC_reg_4_' is out of load range (0.002527, 0.134082) of lib_cell 'DFFRBQX05AL9'
  load 0.001848 at pin 'Q' of cell 'u_LOGIC_CENTER/LINK_LOGIC/U_SYNC_L0L1/L1_BUF0_ASYNC_reg_14_' is out of load range (0.002527, 0.134082) of lib_cell 'DFFRBQX05AL9'
  load 0.001623 at pin 'Q' of cell 'u_LOGIC_CENTER/LINK_LOGIC/U_SYNC_L0L1/L1_BUF0_SYNCED_reg_8_' is out of load range (0.002527, 0.134082) of lib_cell 'DFFRBQX05AL9'
  load 0.001547 at pin 'Q' of cell 'u_LOGIC_CENTER/LINK_LOGIC/U_SYNC_L0L1/POL_EN_P_L0_PRE_STORE_reg' is out of load range (0.002527, 0.134082) of lib_cell 'DFFRBQX05AL9'
  load 0.001848 at pin 'Q' of cell 'u_LOGIC_CENTER/LINK_LOGIC/U_SYNC_L0L1/L1_BUF2_reg_4_' is out of load range (0.002527, 0.134082) of lib_cell 'DFFRBQX05AL9'
  load 0.001848 at pin 'Q' of cell 'u_LOGIC_CENTER/LINK_LOGIC/U_SYNC_L0L1/KEY_RST_18UI_L1_EXTEND_ASYNC_reg' is out of load range (0.002527, 0.134082) of lib_cell 'DFFRBQX05AL9'
  load 0.001848 at pin 'Q' of cell 'u_LOGIC_CENTER/LINK_LOGIC/U_SYNC_L0L1/L1_BUF2_ASYNC_reg_13_' is out of load range (0.002527, 0.134082) of lib_cell 'DFFRBQX05AL9'
  ramp 0.000000 at pin 'TE' of cell 'u_LOGIC_CENTER/LINK_LOGIC/U_SYNC_L0L1/SNPS_CG_CELL_DCLK1_L1_BUF2_reg_0/latch' is out of ramp range (0.006078, 1.176400) of lib_cell 'GCKHBQX8AL9'
  load 0.001848 at pin 'Q' of cell 'u_LOGIC_CENTER/LINK_LOGIC/U_SYNC_L0L1/L1_BUF0_ASYNC_reg_6_' is out of load range (0.002527, 0.134082) of lib_cell 'DFFRBQX05AL9'
  load 0.001847 at pin 'Q' of cell 'u_LOGIC_CENTER/LINK_LOGIC/U_SYNC_L0L1/L1_BUF2_SYNCED_reg_5_' is out of load range (0.002527, 0.134082) of lib_cell 'DFFRBQX05AL9'
  load 0.001848 at pin 'Q' of cell 'u_LOGIC_CENTER/LINK_LOGIC/U_SYNC_L0L1/L1_BUF1_reg_15_' is out of load range (0.002527, 0.134082) of lib_cell 'DFFRBQX05AL9'
  load 0.001847 at pin 'Q' of cell 'u_LOGIC_CENTER/LINK_LOGIC/U_SYNC_L0L1/L1_BUF2_SYNCED_reg_17_' is out of load range (0.002527, 0.134082) of lib_cell 'DFFRBQX05AL9'
  load 0.001623 at pin 'Q' of cell 'u_LOGIC_CENTER/LINK_LOGIC/U_SYNC_L0L1/L1_BUF0_SYNCED_reg_3_' is out of load range (0.002527, 0.134082) of lib_cell 'DFFRBQX05AL9'
  load 0.001848 at pin 'Q' of cell 'u_LOGIC_CENTER/LINK_LOGIC/U_SYNC_L0L1/L1_BUF1_reg_6_' is out of load range (0.002527, 0.134082) of lib_cell 'DFFRBQX05AL9'
  load 0.001623 at pin 'Q' of cell 'u_LOGIC_CENTER/LINK_LOGIC/U_SYNC_L0L1/L1_BUF0_SYNCED_reg_17_' is out of load range (0.002527, 0.134082) of lib_cell 'DFFRBQX05AL9'
  load 0.001848 at pin 'Q' of cell 'u_LOGIC_CENTER/LINK_LOGIC/U_SYNC_L0L1/L1_BUF0_ASYNC_reg_1_' is out of load range (0.002527, 0.134082) of lib_cell 'DFFRBQX05AL9'
  load 0.001848 at pin 'O' of cell 'u_LOGIC_CENTER/LINK_LOGIC/U_SYNC_L0L1/U20' is out of load range (0.002527, 0.134082) of lib_cell 'AO222X05AL9'
  load 0.001847 at pin 'Q' of cell 'u_LOGIC_CENTER/LINK_LOGIC/U_SYNC_L0L1/L1_BUF2_SYNCED_reg_0_' is out of load range (0.002527, 0.134082) of lib_cell 'DFFRBQX05AL9'
  load 0.001848 at pin 'Q' of cell 'u_LOGIC_CENTER/LINK_LOGIC/U_SYNC_L0L1/L1_BUF1_reg_10_' is out of load range (0.002527, 0.134082) of lib_cell 'DFFRBQX05AL9'
  load 0.001848 at pin 'O' of cell 'u_LOGIC_CENTER/LINK_LOGIC/U_SYNC_L0L1/U21' is out of load range (0.002527, 0.134082) of lib_cell 'AO222X05AL9'
  load 0.001848 at pin 'O' of cell 'u_LOGIC_CENTER/LINK_LOGIC/U_SYNC_L0L1/U22' is out of load range (0.002527, 0.134082) of lib_cell 'AO222X05AL9'
  load 0.001847 at pin 'Q' of cell 'u_LOGIC_CENTER/LINK_LOGIC/U_SYNC_L0L1/L1_BUF2_SYNCED_reg_12_' is out of load range (0.002527, 0.134082) of lib_cell 'DFFRBQX05AL9'
  load 0.001848 at pin 'O' of cell 'u_LOGIC_CENTER/LINK_LOGIC/U_SYNC_L0L1/U23' is out of load range (0.002527, 0.134082) of lib_cell 'AO222X05AL9'
  load 0.001848 at pin 'O' of cell 'u_LOGIC_CENTER/LINK_LOGIC/U_SYNC_L0L1/U24' is out of load range (0.002527, 0.134082) of lib_cell 'AO222X05AL9'
  load 0.001848 at pin 'Q' of cell 'u_LOGIC_CENTER/LINK_LOGIC/U_SYNC_L0L1/L1_BUF0_reg_15_' is out of load range (0.002527, 0.134082) of lib_cell 'DFFRBQX05AL9'
  load 0.001848 at pin 'Q' of cell 'u_LOGIC_CENTER/LINK_LOGIC/U_SYNC_L0L1/L1_BUF1_ASYNC_reg_14_' is out of load range (0.002527, 0.134082) of lib_cell 'DFFRBQX05AL9'
  load 0.001848 at pin 'Q' of cell 'u_LOGIC_CENTER/LINK_LOGIC/U_SYNC_L0L1/L1_BUF1_reg_1_' is out of load range (0.002527, 0.134082) of lib_cell 'DFFRBQX05AL9'
  load 0.001848 at pin 'O' of cell 'u_LOGIC_CENTER/LINK_LOGIC/U_SYNC_L0L1/U25' is out of load range (0.002527, 0.134082) of lib_cell 'AO222X05AL9'
  load 0.001653 at pin 'Q' of cell 'u_LOGIC_CENTER/LINK_LOGIC/U_SYNC_L0L1/L1_BUF1_SYNCED_reg_8_' is out of load range (0.002527, 0.134082) of lib_cell 'DFFRBQX05AL9'
  load 0.001848 at pin 'Q' of cell 'u_LOGIC_CENTER/LINK_LOGIC/U_SYNC_L0L1/L1_BUF0_reg_6_' is out of load range (0.002527, 0.134082) of lib_cell 'DFFRBQX05AL9'
  load 0.001848 at pin 'O' of cell 'u_LOGIC_CENTER/LINK_LOGIC/U_SYNC_L0L1/U26' is out of load range (0.002527, 0.134082) of lib_cell 'AO222X05AL9'
  load 0.001848 at pin 'O' of cell 'u_LOGIC_CENTER/LINK_LOGIC/U_SYNC_L0L1/U27' is out of load range (0.002527, 0.134082) of lib_cell 'AO222X05AL9'
  load 0.001623 at pin 'Q' of cell 'u_LOGIC_CENTER/LINK_LOGIC/U_SYNC_L0L1/L1_BUF0_SYNCED_reg_12_' is out of load range (0.002527, 0.134082) of lib_cell 'DFFRBQX05AL9'
  load 0.001848 at pin 'O' of cell 'u_LOGIC_CENTER/LINK_LOGIC/U_SYNC_L0L1/U28' is out of load range (0.002527, 0.134082) of lib_cell 'AO222X05AL9'
  load 0.001848 at pin 'O' of cell 'u_LOGIC_CENTER/LINK_LOGIC/U_SYNC_L0L1/U29' is out of load range (0.002527, 0.134082) of lib_cell 'AO222X05AL9'
  load 0.001848 at pin 'Q' of cell 'u_LOGIC_CENTER/LINK_LOGIC/U_SYNC_L0L1/L1_BUF2_ASYNC_reg_5_' is out of load range (0.002527, 0.134082) of lib_cell 'DFFRBQX05AL9'
  ramp 0.000000 at pin 'TE' of cell 'u_LOGIC_CENTER/LINK_LOGIC/LC_CPUWR_HV2M23_VGMA/SNPS_CG_CELL_WCK1_A_R_REG_30_reg_0/latch' is out of ramp range (0.006078, 1.176400) of lib_cell 'GCKHBQX8AL9'
  ramp 0.000000 at pin 'TE' of cell 'u_LOGIC_CENTER/LINK_LOGIC/LC_CPUWR_HV2M23_VGMA/SNPS_CG_CELL_WCK1_A_R_REG_17_reg_0/latch' is out of ramp range (0.006078, 1.176400) of lib_cell 'GCKHBQX8AL9'
  ramp 0.000000 at pin 'TE' of cell 'u_LOGIC_CENTER/LINK_LOGIC/LC_CPUWR_HV2M23_VGMA/SNPS_CG_CELL_WCK1_A_R_REG_29_reg_0/latch' is out of ramp range (0.006078, 1.176400) of lib_cell 'GCKHBQX8AL9'
  ramp 0.000000 at pin 'TE' of cell 'u_LOGIC_CENTER/LINK_LOGIC/LC_CPUWR_HV2M23_VGMA/SNPS_CG_CELL_WCK1_A_R_REG_19_reg_0/latch' is out of ramp range (0.006078, 1.176400) of lib_cell 'GCKHBQX8AL9'
  ramp 0.000000 at pin 'TE' of cell 'u_LOGIC_CENTER/LINK_LOGIC/LC_CPUWR_HV2M23_VGMA/SNPS_CG_CELL_WCK1_A_R_REG_16_reg_0/latch' is out of ramp range (0.006078, 1.176400) of lib_cell 'GCKHBQX8AL9'
  ramp 0.000000 at pin 'TE' of cell 'u_LOGIC_CENTER/LINK_LOGIC/LC_CPUWR_HV2M23_VGMA/SNPS_CG_CELL_WCK1_A_R_REG_28_reg_0/latch' is out of ramp range (0.006078, 1.176400) of lib_cell 'GCKHBQX8AL9'
  ramp 0.000000 at pin 'TE' of cell 'u_LOGIC_CENTER/LINK_LOGIC/LC_CPUWR_HV2M23_VGMA/SNPS_CG_CELL_WCK1_A_R_REG_25_reg_0/latch' is out of ramp range (0.006078, 1.176400) of lib_cell 'GCKHBQX8AL9'
  ramp 0.000000 at pin 'TE' of cell 'u_LOGIC_CENTER/LINK_LOGIC/LC_CPUWR_HV2M23_VGMA/SNPS_CG_CELL_WCK1_A_R_REG_18_reg_0/latch' is out of ramp range (0.006078, 1.176400) of lib_cell 'GCKHBQX8AL9'
  ramp 0.000000 at pin 'TE' of cell 'u_LOGIC_CENTER/LINK_LOGIC/LC_CPUWR_HV2M23_VGMA/SNPS_CG_CELL_WCK1_A_R_REG_15_reg_0/latch' is out of ramp range (0.006078, 1.176400) of lib_cell 'GCKHBQX8AL9'
  ramp 0.000000 at pin 'TE' of cell 'u_LOGIC_CENTER/LINK_LOGIC/LC_CPUWR_HV2M23_VGMA/SNPS_CG_CELL_WCK1_A_R_REG_27_reg_0/latch' is out of ramp range (0.006078, 1.176400) of lib_cell 'GCKHBQX8AL9'
  ramp 0.000000 at pin 'TE' of cell 'u_LOGIC_CENTER/LINK_LOGIC/LC_CPUWR_HV2M23_VGMA/SNPS_CG_CELL_WCK1_A_R_REG_24_reg_0/latch' is out of ramp range (0.006078, 1.176400) of lib_cell 'GCKHBQX8AL9'
  ramp 0.000000 at pin 'TE' of cell 'u_LOGIC_CENTER/LINK_LOGIC/LC_CPUWR_HV2M23_VGMA/SNPS_CG_CELL_WCK1_A_R_REG_14_reg_0/latch' is out of ramp range (0.006078, 1.176400) of lib_cell 'GCKHBQX8AL9'
  load 0.001643 at pin 'O' of cell 'u_LOGIC_CENTER/LINK_LOGIC/LC_CPUWR_HV2M23_VGMA/PLACE_FE_OFC666_DATA_A_0' is out of load range (0.002527, 0.080449) of lib_cell 'INVX03AL9'
  ramp 0.000000 at pin 'TE' of cell 'u_LOGIC_CENTER/LINK_LOGIC/LC_CPUWR_HV2M23_VGMA/SNPS_CG_CELL_WCK1_A_R_REG_26_reg_0/latch' is out of ramp range (0.006078, 1.176400) of lib_cell 'GCKHBQX8AL9'
  ramp 0.000000 at pin 'TE' of cell 'u_LOGIC_CENTER/LINK_LOGIC/LC_CPUWR_HV2M23_VGMA/SNPS_CG_CELL_WCK1_A_R_REG_23_reg_0/latch' is out of ramp range (0.006078, 1.176400) of lib_cell 'GCKHBQX8AL9'
  ramp 0.000000 at pin 'TE' of cell 'u_LOGIC_CENTER/LINK_LOGIC/LC_CPUWR_HV2M23_VGMA/SNPS_CG_CELL_WCK1_A_R_REG_20_reg_0/latch' is out of ramp range (0.006078, 1.176400) of lib_cell 'GCKHBQX8AL9'
  ramp 0.000000 at pin 'TE' of cell 'u_LOGIC_CENTER/LINK_LOGIC/LC_CPUWR_HV2M23_VGMA/SNPS_CG_CELL_WCK1_A_R_REG_13_reg_0/latch' is out of ramp range (0.006078, 1.176400) of lib_cell 'GCKHBQX8AL9'
  load 0.001637 at pin 'O' of cell 'u_LOGIC_CENTER/LINK_LOGIC/LC_CPUWR_HV2M23_VGMA/U12' is out of load range (0.002527, 0.134082) of lib_cell 'NOR2X05AL9'
  load 0.001772 at pin 'O' of cell 'u_LOGIC_CENTER/LINK_LOGIC/LC_CPUWR_HV2M23_VGMA/U15' is out of load range (0.002527, 0.134082) of lib_cell 'AND2X05AL9'
  ramp 0.000000 at pin 'TE' of cell 'u_LOGIC_CENTER/LINK_LOGIC/LC_CPUWR_HV2M23_VGMA/SNPS_CG_CELL_WCK1_A_R_REG_22_reg_0/latch' is out of ramp range (0.006078, 1.176400) of lib_cell 'GCKHBQX8AL9'
  ramp 0.000000 at pin 'TE' of cell 'u_LOGIC_CENTER/LINK_LOGIC/LC_CPUWR_HV2M23_VGMA/SNPS_CG_CELL_WCK1_A_R_REG_21_reg_0/latch' is out of ramp range (0.006078, 1.176400) of lib_cell 'GCKHBQX8AL9'
  load 0.001848 at pin 'O' of cell 'u_LOGIC_CENTER/CENTER1/TOTAL_DTCTL/DTCTL_L1_COMB/PLACE_FE_RC_32_0' is out of load range (0.002527, 0.268164) of lib_cell 'XNOR2X1AL9'
  load 0.001848 at pin 'O' of cell 'u_LOGIC_CENTER/CENTER1/TOTAL_DTCTL/DTCTL_L1_COMB/U21' is out of load range (0.002527, 0.268164) of lib_cell 'XOR2X1AL9'
  load 0.001848 at pin 'O' of cell 'u_LOGIC_CENTER/CENTER1/TOTAL_DTCTL/DTCTL_L1_COMB/U22' is out of load range (0.002527, 0.268164) of lib_cell 'XOR2X1AL9'
  load 0.001848 at pin 'O' of cell 'u_LOGIC_CENTER/CENTER1/TOTAL_DTCTL/DTCTL_L1_COMB/U23' is out of load range (0.002527, 0.268164) of lib_cell 'XOR2X1AL9'
  load 0.001848 at pin 'O' of cell 'u_LOGIC_CENTER/CENTER1/TOTAL_DTCTL/DTCTL_L1_COMB/U24' is out of load range (0.002527, 0.268164) of lib_cell 'XOR2X1AL9'
  load 0.001848 at pin 'O' of cell 'u_LOGIC_CENTER/CENTER1/TOTAL_DTCTL/DTCTL_L1_COMB/U1' is out of load range (0.002527, 0.268164) of lib_cell 'XOR2X1AL9'
  load 0.001848 at pin 'O' of cell 'u_LOGIC_CENTER/CENTER1/TOTAL_DTCTL/DTCTL_L1_COMB/U2' is out of load range (0.002527, 0.268164) of lib_cell 'XOR2X1AL9'
  load 0.001848 at pin 'O' of cell 'u_LOGIC_CENTER/CENTER1/TOTAL_DTCTL/DTCTL_L1_COMB/U3' is out of load range (0.002527, 0.268164) of lib_cell 'XOR2X1AL9'
  load 0.001848 at pin 'O' of cell 'u_LOGIC_CENTER/CENTER1/TOTAL_DTCTL/DTCTL_L1_COMB/U4' is out of load range (0.002527, 0.268164) of lib_cell 'XOR2X1AL9'
  load 0.001848 at pin 'O' of cell 'u_LOGIC_CENTER/CENTER1/TOTAL_DTCTL/DTCTL_L1_COMB/U11' is out of load range (0.002527, 0.268164) of lib_cell 'XOR2X1AL9'
  load 0.001848 at pin 'O' of cell 'u_LOGIC_CENTER/CENTER1/TOTAL_DTCTL/DTCTL_L1_COMB/U6' is out of load range (0.002527, 0.268164) of lib_cell 'XOR2X1AL9'
  load 0.001848 at pin 'O' of cell 'u_LOGIC_CENTER/CENTER1/TOTAL_DTCTL/DTCTL_L1_COMB/U12' is out of load range (0.002527, 0.268164) of lib_cell 'XOR2X1AL9'
  load 0.001848 at pin 'O' of cell 'u_LOGIC_CENTER/CENTER1/TOTAL_DTCTL/DTCTL_L1_COMB/U7' is out of load range (0.002527, 0.268164) of lib_cell 'XOR2X1AL9'
  load 0.001848 at pin 'O' of cell 'u_LOGIC_CENTER/CENTER1/TOTAL_DTCTL/DTCTL_L1_COMB/U13' is out of load range (0.002527, 0.268164) of lib_cell 'XOR2X1AL9'
  load 0.001848 at pin 'O' of cell 'u_LOGIC_CENTER/CENTER1/TOTAL_DTCTL/DTCTL_L1_COMB/U14' is out of load range (0.002527, 0.268164) of lib_cell 'XOR2X1AL9'
  load 0.001848 at pin 'O' of cell 'u_LOGIC_CENTER/CENTER1/TOTAL_DTCTL/DTCTL_L1_COMB/U15' is out of load range (0.002527, 0.268164) of lib_cell 'XOR2X1AL9'
  load 0.001849 at pin 'O' of cell 'u_LOGIC_CENTER/CENTER1/TOTAL_DTCTL/DTCTL_L1_COMB/U16' is out of load range (0.002527, 0.268164) of lib_cell 'XOR2X1AL9'
  load 0.001848 at pin 'O' of cell 'u_LOGIC_CENTER/CENTER1/TOTAL_DTCTL/DTCTL_L1_COMB/U17' is out of load range (0.002527, 0.268164) of lib_cell 'XOR2X1AL9'
  load 0.001848 at pin 'O' of cell 'u_LOGIC_CENTER/CENTER1/TOTAL_DTCTL/DTCTL_L1_COMB/U18' is out of load range (0.002527, 0.268164) of lib_cell 'XOR2X1AL9'
  load 0.001848 at pin 'O' of cell 'u_LOGIC_CENTER/CENTER1/TOTAL_DTCTL/DTCTL_L1_COMB/U19' is out of load range (0.002527, 0.268164) of lib_cell 'XOR2X1AL9'
  load 0.001643 at pin 'O' of cell 'u_LOGIC_CENTER/CENTER1/TOTAL_DTCTL/DTCTL_L1_COMB/PLACE_FE_OFC480_DRD_OD_DATAI_L1_8' is out of load range (0.002527, 0.134082) of lib_cell 'INVX05AL9'
  load 0.001643 at pin 'O' of cell 'u_LOGIC_CENTER/CENTER1/TOTAL_DTCTL/DTCTL_L1_COMB/PLACE_FE_OFC463_DRD_OD_DATAI_L1_22' is out of load range (0.002527, 0.268164) of lib_cell 'CLKINVX1AL9'
  ramp 0.000000 at pin 'TE' of cell 'u_LOGIC_CENTER/CENTER1/TOTAL_DTCTL/DTCTL_L0/SNPS_CG_CELL_DTCLK_CH_CNT_pre_reg_0/latch' is out of ramp range (0.006078, 1.176400) of lib_cell 'GCKHBQX8AL9'
  load 0.001637 at pin 'O' of cell 'u_LOGIC_CENTER/CENTER1/TOTAL_DTCTL/DTCTL_L0/CLK_INV_BUF' is out of load range (0.002527, 1.072660) of lib_cell 'CLKINVX4AL9'
  load 0.001857 at pin 'O' of cell 'u_LOGIC_CENTER/CENTER1/TOTAL_DTCTL/DTCTL_L0/U284' is out of load range (0.002527, 0.268164) of lib_cell 'AOI12B2X1AL9'
  load 0.001717 at pin 'O' of cell 'u_LOGIC_CENTER/CENTER1/TOTAL_DTCTL/DTCTL_L0/DTCLK_INV_1P_BUF' is out of load range (0.002527, 1.072660) of lib_cell 'CLKINVX4AL9'
  load 0.001848 at pin 'O' of cell 'u_LOGIC_CENTER/CENTER1/TOTAL_DTCTL/DTCTL_L0/U503' is out of load range (0.002527, 0.134082) of lib_cell 'NOR2X05AL9'
  load 0.001848 at pin 'O' of cell 'u_LOGIC_CENTER/CENTER1/TOTAL_DTCTL/DTCTL_L0/U505' is out of load range (0.002527, 0.134082) of lib_cell 'NOR2X05AL9'
  load 0.001848 at pin 'O' of cell 'u_LOGIC_CENTER/CENTER1/TOTAL_DTCTL/DTCTL_L0/U508' is out of load range (0.002527, 0.134082) of lib_cell 'NOR2X05AL9'
  load 0.001786 at pin 'O' of cell 'u_LOGIC_CENTER/CENTER1/TOTAL_DTCTL/DTCTL_L0/PLACE_FE_RC_11_0' is out of load range (0.002527, 0.268164) of lib_cell 'OAI12B2X1AL9'
  load 0.001653 at pin 'O' of cell 'u_LOGIC_CENTER/CENTER1/TOTAL_DTCTL/DTCTL_L0/U344' is out of load range (0.002527, 0.134082) of lib_cell 'AO122X05AL9'
  load 0.001643 at pin 'Q' of cell 'u_LOGIC_CENTER/CENTER1/TOTAL_DTCTL/DTCTL_L0/DATA4_L0_PRE_reg_0_' is out of load range (0.002527, 0.134082) of lib_cell 'DFFRBQX05AL9'
  ramp 0.000000 at pin 'D1' of cell 'u_LOGIC_CENTER/CENTER1/TOTAL_DTCTL/DTCTL_L0/LS_DLY1_reg' is out of ramp range (0.006078, 1.176400) of lib_cell 'AND2DFFRBQX1AL9'
  load 0.001772 at pin 'O' of cell 'u_LOGIC_CENTER/CENTER1/TOTAL_DTCTL/DTCTL_L0/U354' is out of load range (0.002527, 0.268164) of lib_cell 'NAND4X1AL9'
  load 0.001653 at pin 'O' of cell 'u_LOGIC_CENTER/CENTER1/TOTAL_DTCTL/DTCTL_L0/U166' is out of load range (0.002527, 0.268164) of lib_cell 'XNOR2X1AL9'
  load 0.001643 at pin 'Q' of cell 'u_LOGIC_CENTER/CENTER1/TOTAL_DTCTL/DTCTL_L0/DATA4_L0_PRE_reg_1_' is out of load range (0.002527, 0.134082) of lib_cell 'DFFRBQX05AL9'
  load 0.001848 at pin 'O' of cell 'u_LOGIC_CENTER/CENTER1/TOTAL_DTCTL/DTCTL_L0/U557' is out of load range (0.002527, 0.268164) of lib_cell 'AOI12B2X1AL9'
  load 0.001848 at pin 'O' of cell 'u_LOGIC_CENTER/CENTER1/TOTAL_DTCTL/DTCTL_L0/U564' is out of load range (0.002527, 0.268164) of lib_cell 'AOI12B2X1AL9'
  load 0.001599 at pin 'O' of cell 'u_LOGIC_CENTER/CENTER1/TOTAL_DTCTL/DTCTL_L0/U566' is out of load range (0.002527, 0.134082) of lib_cell 'NAND3X05AL9'
  load 0.001847 at pin 'O' of cell 'u_LOGIC_CENTER/CENTER1/TOTAL_DTCTL/DTCTL_L0/U568' is out of load range (0.002527, 0.080449) of lib_cell 'INVX03AL9'
  load 0.001643 at pin 'Q' of cell 'u_LOGIC_CENTER/CENTER1/TOTAL_DTCTL/DTCTL_L0/DATA4_L0_PRE_reg_3_' is out of load range (0.002527, 0.134082) of lib_cell 'DFFRBQX05AL9'
  load 0.001627 at pin 'O' of cell 'u_LOGIC_CENTER/CENTER1/TOTAL_DTCTL/DTCTL_L0/U191' is out of load range (0.002527, 0.134082) of lib_cell 'NAND2B1X05AL9'
  load 0.001643 at pin 'OB' of cell 'u_LOGIC_CENTER/CENTER1/TOTAL_DTCTL/DTCTL_L0/DPLC_PRE_REV/U98' is out of load range (0.002527, 0.268164) of lib_cell 'MUX2BX1AL9'
  load 0.001643 at pin 'OB' of cell 'u_LOGIC_CENTER/CENTER1/TOTAL_DTCTL/DTCTL_L0/DPLC_PRE_REV/U104' is out of load range (0.002527, 0.268164) of lib_cell 'MUX2BX1AL9'
  load 0.001643 at pin 'OB' of cell 'u_LOGIC_CENTER/CENTER1/TOTAL_DTCTL/DTCTL_L0/DPLC_PRE_REV/U71' is out of load range (0.002527, 0.268164) of lib_cell 'MUX2BX1AL9'
  load 0.001643 at pin 'OB' of cell 'u_LOGIC_CENTER/CENTER1/TOTAL_DTCTL/DTCTL_L0/DPLC_PRE_REV/U74' is out of load range (0.002527, 0.268164) of lib_cell 'MUX2BX1AL9'
  load 0.001643 at pin 'OB' of cell 'u_LOGIC_CENTER/CENTER1/TOTAL_DTCTL/DTCTL_L0/DPLC_PRE_REV/U23' is out of load range (0.002527, 0.268164) of lib_cell 'MUX2BX1AL9'
  load 0.001643 at pin 'OB' of cell 'u_LOGIC_CENTER/CENTER1/TOTAL_DTCTL/DTCTL_L0/DPLC_PRE_REV/U77' is out of load range (0.002527, 0.268164) of lib_cell 'MUX2BX1AL9'
  load 0.001643 at pin 'OB' of cell 'u_LOGIC_CENTER/CENTER1/TOTAL_DTCTL/DTCTL_L0/DPLC_PRE_REV/U29' is out of load range (0.002527, 0.268164) of lib_cell 'MUX2BX1AL9'
  load 0.001643 at pin 'OB' of cell 'u_LOGIC_CENTER/CENTER1/TOTAL_DTCTL/DTCTL_L0/DPLC_PRE_REV/U80' is out of load range (0.002527, 0.268164) of lib_cell 'MUX2BX1AL9'
  load 0.001643 at pin 'OB' of cell 'u_LOGIC_CENTER/CENTER1/TOTAL_DTCTL/DTCTL_L0/DPLC_PRE_REV/U81' is out of load range (0.002527, 0.268164) of lib_cell 'MUX2BX1AL9'
  load 0.001643 at pin 'OB' of cell 'u_LOGIC_CENTER/CENTER1/TOTAL_DTCTL/DTCTL_L0/DPLC_PRE_REV/U82' is out of load range (0.002527, 0.268164) of lib_cell 'MUX2BX1AL9'
  load 0.001643 at pin 'OB' of cell 'u_LOGIC_CENTER/CENTER1/TOTAL_DTCTL/DTCTL_L0/DPLC_PRE_REV/U83' is out of load range (0.002527, 0.268164) of lib_cell 'MUX2BX1AL9'
  load 0.001643 at pin 'OB' of cell 'u_LOGIC_CENTER/CENTER1/TOTAL_DTCTL/DTCTL_L0/DPLC_PRE_REV/U84' is out of load range (0.002527, 0.268164) of lib_cell 'MUX2BX1AL9'
  load 0.001643 at pin 'OB' of cell 'u_LOGIC_CENTER/CENTER1/TOTAL_DTCTL/DTCTL_L0/DPLC_PRE_REV/U32' is out of load range (0.002527, 0.268164) of lib_cell 'MUX2BX1AL9'
  load 0.001643 at pin 'OB' of cell 'u_LOGIC_CENTER/CENTER1/TOTAL_DTCTL/DTCTL_L0/DPLC_PRE_REV/U86' is out of load range (0.002527, 0.268164) of lib_cell 'MUX2BX1AL9'
  load 0.001643 at pin 'OB' of cell 'u_LOGIC_CENTER/CENTER1/TOTAL_DTCTL/DTCTL_L0/DPLC_PRE_REV/U87' is out of load range (0.002527, 0.268164) of lib_cell 'MUX2BX1AL9'
  load 0.001643 at pin 'OB' of cell 'u_LOGIC_CENTER/CENTER1/TOTAL_DTCTL/DTCTL_L0/DPLC_PRE_REV/U88' is out of load range (0.002527, 0.268164) of lib_cell 'MUX2BX1AL9'
  load 0.001643 at pin 'OB' of cell 'u_LOGIC_CENTER/CENTER1/TOTAL_DTCTL/DTCTL_L0/DPLC_PRE_REV/U62' is out of load range (0.002527, 0.268164) of lib_cell 'MUX2BX1AL9'
  load 0.001643 at pin 'OB' of cell 'u_LOGIC_CENTER/CENTER1/TOTAL_DTCTL/DTCTL_L0/DPLC_PRE_REV/U11' is out of load range (0.002527, 0.268164) of lib_cell 'MUX2BX1AL9'
  load 0.001643 at pin 'OB' of cell 'u_LOGIC_CENTER/CENTER1/TOTAL_DTCTL/DTCTL_L0/DPLC_PRE_REV/U68' is out of load range (0.002527, 0.268164) of lib_cell 'MUX2BX1AL9'
  load 0.001643 at pin 'OB' of cell 'u_LOGIC_CENTER/CENTER1/TOTAL_DTCTL/DTCTL_L0/DPLC_PRE_REV/U17' is out of load range (0.002527, 0.268164) of lib_cell 'MUX2BX1AL9'
  load 0.001643 at pin 'Q' of cell 'u_LOGIC_CENTER/CENTER1/TOTAL_DTCTL/DTCTL_L0/DATA4_L0_PRE_reg_4_' is out of load range (0.002527, 0.134082) of lib_cell 'DFFRBQX05AL9'
  load 0.001848 at pin 'O' of cell 'u_LOGIC_CENTER/CENTER1/TOTAL_DTCTL/DTCTL_L0/U390' is out of load range (0.002527, 0.134082) of lib_cell 'NAND2X05AL9'
  load 0.001643 at pin 'Q' of cell 'u_LOGIC_CENTER/CENTER1/TOTAL_DTCTL/DTCTL_L0/DATA4_L0_PRE_reg_5_' is out of load range (0.002527, 0.134082) of lib_cell 'DFFRBQX05AL9'
  load 0.001848 at pin 'O' of cell 'u_LOGIC_CENTER/CENTER1/TOTAL_DTCTL/DTCTL_L0/u_H120VMAP_H120V_CH1446_1440/U184' is out of load range (0.002527, 0.134082) of lib_cell 'NAND2X05AL9'
  load 0.001848 at pin 'O' of cell 'u_LOGIC_CENTER/CENTER1/TOTAL_DTCTL/DTCTL_L0/u_H120VMAP_H120V_CH1446_1440/U80' is out of load range (0.002527, 0.268164) of lib_cell 'CLKNAND2X1AL9'
  load 0.001630 at pin 'O' of cell 'u_LOGIC_CENTER/CENTER1/TOTAL_DTCTL/DTCTL_L0/u_H120VMAP_H120V_CH1446_1440/U38' is out of load range (0.002527, 0.134082) of lib_cell 'NAND2X05AL9'
  load 0.001643 at pin 'O' of cell 'u_LOGIC_CENTER/CENTER1/TOTAL_DTCTL/DTCTL_L0/u_H120VMAP_H120V_CH1446_1440/PLACE_FE_OFC379_n114' is out of load range (0.002527, 0.134082) of lib_cell 'INVX05AL9'
  load 0.001857 at pin 'O' of cell 'u_LOGIC_CENTER/CENTER1/TOTAL_DTCTL/DTCTL_L0/u_H120VMAP_H120V_CH1446_1440/U60' is out of load range (0.002527, 0.268164) of lib_cell 'AND2B1X1AL9'
  load 0.001630 at pin 'O' of cell 'u_LOGIC_CENTER/CENTER1/TOTAL_DTCTL/DTCTL_L0/u_H120VMAP_H120V_CH1446_1440/U66' is out of load range (0.002527, 0.268164) of lib_cell 'AND2B1X1AL9'
  load 0.001848 at pin 'O' of cell 'u_LOGIC_CENTER/CENTER1/TOTAL_DTCTL/DTCTL_L0/u_H120VMAP_H120V_CH1446_1440/U176' is out of load range (0.002527, 0.268164) of lib_cell 'CLKNAND2X1AL9'
  load 0.001848 at pin 'O' of cell 'u_LOGIC_CENTER/CENTER1/TOTAL_DTCTL/DTCTL_L0/u_H120VMAP_H120V_CH1446_1440/U77' is out of load range (0.002527, 0.268164) of lib_cell 'CLKNAND2X1AL9'
  load 0.001643 at pin 'Q' of cell 'u_LOGIC_CENTER/CENTER1/TOTAL_DTCTL/DTCTL_L0/DATA0_L0_PRE_reg_1_' is out of load range (0.002527, 0.134082) of lib_cell 'DFFRBQX05AL9'
  ramp 0.000000 at pin 'TE' of cell 'u_LOGIC_CENTER/CENTER1/TOTAL_DTCTL/DTCTL_L0/CG_CELL_DTCLK/CG_CELL' is out of ramp range (0.006078, 1.176400) of lib_cell 'GCKHBQX8AL9'
  load 0.001643 at pin 'Q' of cell 'u_LOGIC_CENTER/CENTER1/TOTAL_DTCTL/DTCTL_L0/DATA4_L0_PRE_reg_6_' is out of load range (0.002527, 0.134082) of lib_cell 'DFFRBQX05AL9'
  load 0.001848 at pin 'O' of cell 'u_LOGIC_CENTER/CENTER1/TOTAL_DTCTL/DTCTL_L0/U408' is out of load range (0.002527, 0.134082) of lib_cell 'NAND3X05AL9'
  load 0.001848 at pin 'O' of cell 'u_LOGIC_CENTER/CENTER1/TOTAL_DTCTL/DTCTL_L0/PLACE_FE_RC_10_1' is out of load range (0.002527, 0.134082) of lib_cell 'AO12X05AL9'
  load 0.001643 at pin 'Q' of cell 'u_LOGIC_CENTER/CENTER1/TOTAL_DTCTL/DTCTL_L0/DATA0_L0_PRE_reg_2_' is out of load range (0.002527, 0.134082) of lib_cell 'DFFRBQX05AL9'
  load 0.001848 at pin 'O' of cell 'u_LOGIC_CENTER/CENTER1/TOTAL_DTCTL/DTCTL_L0/U412' is out of load range (0.002527, 0.134082) of lib_cell 'NAND3X05AL9'
  load 0.001643 at pin 'Q' of cell 'u_LOGIC_CENTER/CENTER1/TOTAL_DTCTL/DTCTL_L0/DATA4_L0_PRE_reg_7_' is out of load range (0.002527, 0.134082) of lib_cell 'DFFRBQX05AL9'
  load 0.001643 at pin 'Q' of cell 'u_LOGIC_CENTER/CENTER1/TOTAL_DTCTL/DTCTL_L0/DATA2_L0_PRE_reg_5_' is out of load range (0.002527, 0.134082) of lib_cell 'DFFRBQX05AL9'
  load 0.001848 at pin 'O' of cell 'u_LOGIC_CENTER/CENTER1/TOTAL_DTCTL/DTCTL_L0/PLACE_FE_RC_12_0' is out of load range (0.002527, 0.268164) of lib_cell 'AND2B1X1AL9'
  load 0.001643 at pin 'Q' of cell 'u_LOGIC_CENTER/CENTER1/TOTAL_DTCTL/DTCTL_L0/DATA0_L0_PRE_reg_3_' is out of load range (0.002527, 0.134082) of lib_cell 'DFFRBQX05AL9'
  load 0.001822 at pin 'O' of cell 'u_LOGIC_CENTER/CENTER1/TOTAL_DTCTL/DTCTL_L0/U233' is out of load range (0.002527, 0.268164) of lib_cell 'CLKNAND2X1AL9'
  load 0.001643 at pin 'Q' of cell 'u_LOGIC_CENTER/CENTER1/TOTAL_DTCTL/DTCTL_L0/DATA2_L0_PRE_reg_6_' is out of load range (0.002527, 0.134082) of lib_cell 'DFFRBQX05AL9'
  load 0.001643 at pin 'Q' of cell 'u_LOGIC_CENTER/CENTER1/TOTAL_DTCTL/DTCTL_L0/DATA0_L0_PRE_reg_4_' is out of load range (0.002527, 0.134082) of lib_cell 'DFFRBQX05AL9'
  load 0.001848 at pin 'O' of cell 'u_LOGIC_CENTER/CENTER1/TOTAL_DTCTL/DTCTL_L0/U436' is out of load range (0.002527, 0.134082) of lib_cell 'NAND2X05AL9'
  load 0.001643 at pin 'Q' of cell 'u_LOGIC_CENTER/CENTER1/TOTAL_DTCTL/DTCTL_L0/DATA2_L0_PRE_reg_7_' is out of load range (0.002527, 0.134082) of lib_cell 'DFFRBQX05AL9'
  load 0.001630 at pin 'O' of cell 'u_LOGIC_CENTER/CENTER1/TOTAL_DTCTL/DTCTL_L0/U445' is out of load range (0.002527, 0.134082) of lib_cell 'NOR2X05AL9'
  ramp 0.000000 at pin 'D' of cell 'u_LOGIC_CENTER/CENTER1/TOTAL_DTCTL/DTCTL_L0/PIX_CNT_reg' is out of ramp range (0.006078, 1.176400) of lib_cell 'DFFRBQX05AL9'
  load 0.001643 at pin 'Q' of cell 'u_LOGIC_CENTER/CENTER1/TOTAL_DTCTL/DTCTL_L0/DATA0_L0_PRE_reg_6_' is out of load range (0.002527, 0.134082) of lib_cell 'DFFRBQX05AL9'
  load 0.001578 at pin 'O' of cell 'u_LOGIC_CENTER/CENTER1/TOTAL_DTCTL/DTCTL_L0/U263' is out of load range (0.002527, 0.268164) of lib_cell 'XNOR2X1AL9'
  load 0.001857 at pin 'O' of cell 'u_LOGIC_CENTER/CENTER1/TOTAL_DTCTL/DTCTL_L0/U458' is out of load range (0.002527, 0.134082) of lib_cell 'NOR2X05AL9'
  load 0.001772 at pin 'O' of cell 'u_LOGIC_CENTER/CENTER1/TOTAL_DTCTL/DTCTL_L0/U267' is out of load range (0.002527, 0.080449) of lib_cell 'INVX03AL9'
  ramp 0.000000 at pin 'TE' of cell 'u_LOGIC_CENTER/CENTER1/TOTAL_DTCTL/DTCTL_L0/CG_CELL_DTCLK_1P/CG_CELL' is out of ramp range (0.006078, 1.176400) of lib_cell 'GCKHBQX8AL9'
  load 0.001643 at pin 'QB' of cell 'u_LOGIC_CENTER/CENTER1/TOTAL_DTCTL/DTCTL_L1/DATA1_L1_reg_3_' is out of load range (0.002527, 0.268164) of lib_cell 'DFFRBQBX1AL9'
  load 0.001643 at pin 'QB' of cell 'u_LOGIC_CENTER/CENTER1/TOTAL_DTCTL/DTCTL_L1/DATA1_L1_reg_4_' is out of load range (0.002527, 0.268164) of lib_cell 'DFFRBQBX1AL9'
  load 0.001643 at pin 'QB' of cell 'u_LOGIC_CENTER/CENTER1/TOTAL_DTCTL/DTCTL_L1/DATA3_L1_reg_0_' is out of load range (0.002527, 0.268164) of lib_cell 'DFFRBQBX1AL9'
  load 0.001643 at pin 'Q' of cell 'u_LOGIC_CENTER/CENTER1/TOTAL_DTCTL/DTCTL_L1/DATA1_L1_PRE_reg_0_' is out of load range (0.002527, 0.134082) of lib_cell 'DFFRBQX05AL9'
  ramp 0.000000 at pin 'SB' of cell 'u_LOGIC_CENTER/CENTER1/TOTAL_DTCTL/DTCTL_L1/SR_DLY2_reg' is out of ramp range (0.006078, 1.176400) of lib_cell 'DFFRSBQBX05AL9'
  load 0.001643 at pin 'QB' of cell 'u_LOGIC_CENTER/CENTER1/TOTAL_DTCTL/DTCTL_L1/DATA3_L1_reg_1_' is out of load range (0.002527, 0.268164) of lib_cell 'DFFRBQBX1AL9'
  load 0.001643 at pin 'QB' of cell 'u_LOGIC_CENTER/CENTER1/TOTAL_DTCTL/DTCTL_L1/DATA1_L1_reg_6_' is out of load range (0.002527, 0.268164) of lib_cell 'DFFRBQBX1AL9'
  load 0.001643 at pin 'Q' of cell 'u_LOGIC_CENTER/CENTER1/TOTAL_DTCTL/DTCTL_L1/DATA1_L1_PRE_reg_1_' is out of load range (0.002527, 0.134082) of lib_cell 'DFFRBQX05AL9'
  load 0.001848 at pin 'O' of cell 'u_LOGIC_CENTER/CENTER1/TOTAL_DTCTL/DTCTL_L1/U187' is out of load range (0.002527, 0.268164) of lib_cell 'XOR2X1AL9'
  load 0.001643 at pin 'QB' of cell 'u_LOGIC_CENTER/CENTER1/TOTAL_DTCTL/DTCTL_L1/DATA5_L1_reg_0_' is out of load range (0.002527, 0.268164) of lib_cell 'DFFRBQBX1AL9'
  load 0.001643 at pin 'QB' of cell 'u_LOGIC_CENTER/CENTER1/TOTAL_DTCTL/DTCTL_L1/DATA3_L1_reg_2_' is out of load range (0.002527, 0.268164) of lib_cell 'DFFRBQBX1AL9'
  load 0.001643 at pin 'Q' of cell 'u_LOGIC_CENTER/CENTER1/TOTAL_DTCTL/DTCTL_L1/DATA3_L1_PRE_reg_3_' is out of load range (0.002527, 0.134082) of lib_cell 'DFFRBQX05AL9'
  load 0.001643 at pin 'QB' of cell 'u_LOGIC_CENTER/CENTER1/TOTAL_DTCTL/DTCTL_L1/DATA5_L1_reg_1_' is out of load range (0.002527, 0.268164) of lib_cell 'DFFRBQBX1AL9'
  load 0.001643 at pin 'QB' of cell 'u_LOGIC_CENTER/CENTER1/TOTAL_DTCTL/DTCTL_L1/DATA3_L1_reg_3_' is out of load range (0.002527, 0.268164) of lib_cell 'DFFRBQBX1AL9'
  load 0.001848 at pin 'O' of cell 'u_LOGIC_CENTER/CENTER1/TOTAL_DTCTL/DTCTL_L1/U8' is out of load range (0.002527, 0.268164) of lib_cell 'XNOR2X1AL9'
  load 0.001848 at pin 'O' of cell 'u_LOGIC_CENTER/CENTER1/TOTAL_DTCTL/DTCTL_L1/U9' is out of load range (0.002527, 0.268164) of lib_cell 'XNOR2X1AL9'
  load 0.001643 at pin 'QB' of cell 'u_LOGIC_CENTER/CENTER1/TOTAL_DTCTL/DTCTL_L1/DATA5_L1_reg_2_' is out of load range (0.002527, 0.268164) of lib_cell 'DFFRBQBX1AL9'
  load 0.001643 at pin 'Q' of cell 'u_LOGIC_CENTER/CENTER1/TOTAL_DTCTL/DTCTL_L1/DATA5_L1_PRE_reg_3_' is out of load range (0.002527, 0.134082) of lib_cell 'DFFRBQX05AL9'
  load 0.001643 at pin 'QB' of cell 'u_LOGIC_CENTER/CENTER1/TOTAL_DTCTL/DTCTL_L1/DATA3_L1_reg_4_' is out of load range (0.002527, 0.268164) of lib_cell 'DFFRBQBX1AL9'
  load 0.001848 at pin 'O' of cell 'u_LOGIC_CENTER/CENTER1/TOTAL_DTCTL/DTCTL_L1/U300' is out of load range (0.002527, 0.268164) of lib_cell 'AOI12B2X1AL9'
  load 0.001848 at pin 'O' of cell 'u_LOGIC_CENTER/CENTER1/TOTAL_DTCTL/DTCTL_L1/U301' is out of load range (0.002527, 0.268164) of lib_cell 'AOI12B2X1AL9'
  load 0.001848 at pin 'O' of cell 'u_LOGIC_CENTER/CENTER1/TOTAL_DTCTL/DTCTL_L1/U303' is out of load range (0.002527, 0.134082) of lib_cell 'NAND2X05AL9'
  load 0.001643 at pin 'Q' of cell 'u_LOGIC_CENTER/CENTER1/TOTAL_DTCTL/DTCTL_L1/DATA3_L1_PRE_reg_5_' is out of load range (0.002527, 0.134082) of lib_cell 'DFFRBQX05AL9'
  load 0.001848 at pin 'O' of cell 'u_LOGIC_CENTER/CENTER1/TOTAL_DTCTL/DTCTL_L1/U10' is out of load range (0.002527, 0.268164) of lib_cell 'XNOR2X1AL9'
  load 0.001848 at pin 'O' of cell 'u_LOGIC_CENTER/CENTER1/TOTAL_DTCTL/DTCTL_L1/U11' is out of load range (0.002527, 0.268164) of lib_cell 'XNOR2X1AL9'
  load 0.001848 at pin 'O' of cell 'u_LOGIC_CENTER/CENTER1/TOTAL_DTCTL/DTCTL_L1/U12' is out of load range (0.002527, 0.268164) of lib_cell 'XOR2X1AL9'
  load 0.001848 at pin 'O' of cell 'u_LOGIC_CENTER/CENTER1/TOTAL_DTCTL/DTCTL_L1/U13' is out of load range (0.002527, 0.268164) of lib_cell 'XOR2X1AL9'
  load 0.001643 at pin 'QB' of cell 'u_LOGIC_CENTER/CENTER1/TOTAL_DTCTL/DTCTL_L1/DATA5_L1_reg_3_' is out of load range (0.002527, 0.268164) of lib_cell 'DFFRBQBX1AL9'
  load 0.001848 at pin 'O' of cell 'u_LOGIC_CENTER/CENTER1/TOTAL_DTCTL/DTCTL_L1/U14' is out of load range (0.002527, 0.268164) of lib_cell 'XNOR2X1AL9'
  load 0.001643 at pin 'QB' of cell 'u_LOGIC_CENTER/CENTER1/TOTAL_DTCTL/DTCTL_L1/DATA3_L1_reg_5_' is out of load range (0.002527, 0.268164) of lib_cell 'DFFRBQBX1AL9'
  load 0.001643 at pin 'Q' of cell 'u_LOGIC_CENTER/CENTER1/TOTAL_DTCTL/DTCTL_L1/DATA3_L1_PRE_reg_6_' is out of load range (0.002527, 0.134082) of lib_cell 'DFFRBQX05AL9'
  load 0.001643 at pin 'QB' of cell 'u_LOGIC_CENTER/CENTER1/TOTAL_DTCTL/DTCTL_L1/DATA1_L1_reg_0_' is out of load range (0.002527, 0.268164) of lib_cell 'DFFRBQBX1AL9'
  ramp 0.000000 at pin 'SB' of cell 'u_LOGIC_CENTER/CENTER1/TOTAL_DTCTL/DTCTL_L1/DATA5_L1_PRE_reg_5_' is out of ramp range (0.006078, 1.176400) of lib_cell 'DFFRSBQBX05AL9'
  load 0.001643 at pin 'QB' of cell 'u_LOGIC_CENTER/CENTER1/TOTAL_DTCTL/DTCTL_L1/DATA3_L1_reg_6_' is out of load range (0.002527, 0.268164) of lib_cell 'DFFRBQBX1AL9'
  ramp 0.000000 at pin 'SB' of cell 'u_LOGIC_CENTER/CENTER1/TOTAL_DTCTL/DTCTL_L1/SL_DLY2_reg' is out of ramp range (0.006078, 1.176400) of lib_cell 'DFFRSBQBX1AL9'
  load 0.001643 at pin 'QB' of cell 'u_LOGIC_CENTER/CENTER1/TOTAL_DTCTL/DTCTL_L1/DATA1_L1_reg_1_' is out of load range (0.002527, 0.268164) of lib_cell 'DFFRBQBX1AL9'
  load 0.001643 at pin 'QB' of cell 'u_LOGIC_CENTER/CENTER1/TOTAL_DTCTL/DTCTL_L1/DATA5_L1_reg_5_' is out of load range (0.002527, 0.268164) of lib_cell 'DFFRBQBX1AL9'
  load 0.001643 at pin 'QB' of cell 'u_LOGIC_CENTER/CENTER1/TOTAL_DTCTL/DTCTL_L1/DATA3_L1_reg_7_' is out of load range (0.002527, 0.268164) of lib_cell 'DFFRBQBX1AL9'
  ramp 0.000000 at pin 'TE' of cell 'u_LOGIC_CENTER/CENTER1/TOTAL_DTCTL/DTCTL_L1/CG_CELL_DTCLK/CG_CELL' is out of ramp range (0.006078, 1.176400) of lib_cell 'GCKHBQX8AL9'
  load 0.001643 at pin 'Q' of cell 'u_LOGIC_CENTER/CENTER1/TOTAL_DTCTL/DTCTL_L1/DATA1_L1_PRE_reg_7_' is out of load range (0.002527, 0.134082) of lib_cell 'DFFRBQX05AL9'
  load 0.001643 at pin 'QB' of cell 'u_LOGIC_CENTER/CENTER1/TOTAL_DTCTL/DTCTL_L1/DATA5_L1_reg_6_' is out of load range (0.002527, 0.268164) of lib_cell 'DFFRBQBX1AL9'
  load 0.001643 at pin 'Q' of cell 'u_LOGIC_CENTER/CENTER1/TOTAL_DTCTL/DTCTL_L1/DATA5_L1_PRE_reg_7_' is out of load range (0.002527, 0.134082) of lib_cell 'DFFRBQX05AL9'
  load 0.001849 at pin 'Q' of cell 'u_LOGIC_CENTER/CENTER1/TOTAL_DTCTL/DTCTL_L1/SR_DLY1_reg' is out of load range (0.002527, 0.134082) of lib_cell 'DFFRBQX05AL9'
  load 0.001848 at pin 'O' of cell 'u_LOGIC_CENTER/CENTER1/TOTAL_DTCTL/DTCTL_L1/U241' is out of load range (0.002527, 0.080449) of lib_cell 'INVX03AL9'
  load 0.001643 at pin 'O' of cell 'u_LOGIC_CENTER/CENTER1/TOTAL_DTCTL/DTCTL_COMB/PLACE_FE_OFC11_n57' is out of load range (0.002527, 0.268164) of lib_cell 'CLKINVX1AL9'
  load 0.001848 at pin 'O' of cell 'u_LOGIC_CENTER/CENTER1/TOTAL_DTCTL/DTCTL_L0_COMB/U40' is out of load range (0.002527, 0.268164) of lib_cell 'XOR2X1AL9'
  load 0.001848 at pin 'O' of cell 'u_LOGIC_CENTER/CENTER1/TOTAL_DTCTL/DTCTL_L0_COMB/U41' is out of load range (0.002527, 0.268164) of lib_cell 'XOR2X1AL9'
  load 0.001848 at pin 'O' of cell 'u_LOGIC_CENTER/CENTER1/TOTAL_DTCTL/DTCTL_L0_COMB/U42' is out of load range (0.002527, 0.268164) of lib_cell 'XOR2X1AL9'
  load 0.001848 at pin 'O' of cell 'u_LOGIC_CENTER/CENTER1/TOTAL_DTCTL/DTCTL_L0_COMB/U43' is out of load range (0.002527, 0.268164) of lib_cell 'XOR2X1AL9'
  load 0.001848 at pin 'O' of cell 'u_LOGIC_CENTER/CENTER1/TOTAL_DTCTL/DTCTL_L0_COMB/U44' is out of load range (0.002527, 0.268164) of lib_cell 'XOR2X1AL9'
  load 0.001848 at pin 'O' of cell 'u_LOGIC_CENTER/CENTER1/TOTAL_DTCTL/DTCTL_L0_COMB/U45' is out of load range (0.002527, 0.268164) of lib_cell 'XOR2X1AL9'
  load 0.001848 at pin 'O' of cell 'u_LOGIC_CENTER/CENTER1/TOTAL_DTCTL/DTCTL_L0_COMB/U46' is out of load range (0.002527, 0.268164) of lib_cell 'XOR2X1AL9'
  load 0.001848 at pin 'O' of cell 'u_LOGIC_CENTER/CENTER1/TOTAL_DTCTL/DTCTL_L0_COMB/U47' is out of load range (0.002527, 0.268164) of lib_cell 'XOR2X1AL9'
  load 0.001848 at pin 'O' of cell 'u_LOGIC_CENTER/CENTER1/TOTAL_DTCTL/DTCTL_L0_COMB/U48' is out of load range (0.002527, 0.268164) of lib_cell 'XOR2X1AL9'
  load 0.001848 at pin 'O' of cell 'u_LOGIC_CENTER/CENTER1/TOTAL_DTCTL/DTCTL_L0_COMB/U49' is out of load range (0.002527, 0.268164) of lib_cell 'XOR2X1AL9'
  load 0.001848 at pin 'O' of cell 'u_LOGIC_CENTER/CENTER1/TOTAL_DTCTL/DTCTL_L0_COMB/U50' is out of load range (0.002527, 0.268164) of lib_cell 'XOR2X1AL9'
  load 0.001848 at pin 'O' of cell 'u_LOGIC_CENTER/CENTER1/TOTAL_DTCTL/DTCTL_L0_COMB/U30' is out of load range (0.002527, 0.268164) of lib_cell 'XOR2X1AL9'
  load 0.001848 at pin 'O' of cell 'u_LOGIC_CENTER/CENTER1/TOTAL_DTCTL/DTCTL_L0_COMB/U31' is out of load range (0.002527, 0.268164) of lib_cell 'XOR2X1AL9'
  load 0.001848 at pin 'O' of cell 'u_LOGIC_CENTER/CENTER1/TOTAL_DTCTL/DTCTL_L0_COMB/U32' is out of load range (0.002527, 0.268164) of lib_cell 'XOR2X1AL9'
  load 0.001848 at pin 'O' of cell 'u_LOGIC_CENTER/CENTER1/TOTAL_DTCTL/DTCTL_L0_COMB/U33' is out of load range (0.002527, 0.268164) of lib_cell 'XOR2X1AL9'
  load 0.001848 at pin 'O' of cell 'u_LOGIC_CENTER/CENTER1/TOTAL_DTCTL/DTCTL_L0_COMB/U34' is out of load range (0.002527, 0.268164) of lib_cell 'XOR2X1AL9'
  load 0.001848 at pin 'O' of cell 'u_LOGIC_CENTER/CENTER1/TOTAL_DTCTL/DTCTL_L0_COMB/U35' is out of load range (0.002527, 0.268164) of lib_cell 'XOR2X1AL9'
  load 0.001848 at pin 'O' of cell 'u_LOGIC_CENTER/CENTER1/TOTAL_DTCTL/DTCTL_L0_COMB/U36' is out of load range (0.002527, 0.268164) of lib_cell 'XOR2X1AL9'
  load 0.001848 at pin 'O' of cell 'u_LOGIC_CENTER/CENTER1/TOTAL_DTCTL/DTCTL_L0_COMB/U37' is out of load range (0.002527, 0.268164) of lib_cell 'XOR2X1AL9'
  load 0.001848 at pin 'O' of cell 'u_LOGIC_CENTER/CENTER1/TOTAL_DTCTL/DTCTL_L0_COMB/U38' is out of load range (0.002527, 0.268164) of lib_cell 'XOR2X1AL9'
  load 0.001848 at pin 'O' of cell 'u_LOGIC_CENTER/CENTER1/TOTAL_DTCTL/DTCTL_L0_COMB/U39' is out of load range (0.002527, 0.268164) of lib_cell 'XOR2X1AL9'
  load 0.001535 at pin 'O' of cell 'u_LOGIC_CENTER/CENTER1/TOTAL_DTCTL/DTCTL_L0_COMB/U14' is out of load range (0.002527, 0.080449) of lib_cell 'INVX03AL9'
  load 0.001848 at pin 'O' of cell 'u_LOGIC_CENTER/CENTER1/DRD_OD/U281' is out of load range (0.002527, 0.134082) of lib_cell 'NAND2X05AL9'
  load 0.001628 at pin 'O' of cell 'u_LOGIC_CENTER/CENTER1/DRD_OD/U286' is out of load range (0.002527, 0.134082) of lib_cell 'NAND2X05AL9'
  load 0.001863 at pin 'Q' of cell 'u_LOGIC_CENTER/CENTER1/DRD_OD/DATAI_L0_OD_WEIGHT_d1_reg_11_' is out of load range (0.002527, 0.134082) of lib_cell 'DFFRBQX05AL9'
  load 0.001629 at pin 'Q' of cell 'u_LOGIC_CENTER/CENTER1/DRD_OD/DATAI_L1_OD_WEIGHT_d1_reg_15_' is out of load range (0.002527, 0.134082) of lib_cell 'DFFRBQX05AL9'
  load 0.001628 at pin 'O' of cell 'u_LOGIC_CENTER/CENTER1/DRD_OD/U292' is out of load range (0.002527, 0.134082) of lib_cell 'NAND2X05AL9'
  load 0.001848 at pin 'O' of cell 'u_LOGIC_CENTER/CENTER1/DRD_OD/U293' is out of load range (0.002527, 0.134082) of lib_cell 'NAND2X05AL9'
  load 0.001848 at pin 'O' of cell 'u_LOGIC_CENTER/CENTER1/DRD_OD/U296' is out of load range (0.002527, 0.134082) of lib_cell 'NAND2X05AL9'
  load 0.001848 at pin 'O' of cell 'u_LOGIC_CENTER/CENTER1/DRD_OD/U299' is out of load range (0.002527, 0.134082) of lib_cell 'NAND2X05AL9'
  load 0.001863 at pin 'Q' of cell 'u_LOGIC_CENTER/CENTER1/DRD_OD/DATAI_L0_OD_WEIGHT_d1_reg_12_' is out of load range (0.002527, 0.134082) of lib_cell 'DFFRBQX05AL9'
  load 0.001643 at pin 'O' of cell 'u_LOGIC_CENTER/CENTER1/DRD_OD/U49' is out of load range (0.002527, 0.134082) of lib_cell 'NOR2X05AL9'
  load 0.001643 at pin 'O' of cell 'u_LOGIC_CENTER/CENTER1/DRD_OD/PLACE_FE_OFC9_n287' is out of load range (0.002527, 0.268164) of lib_cell 'CLKINVX1AL9'
  load 0.001848 at pin 'O' of cell 'u_LOGIC_CENTER/CENTER1/DRD_OD/U302' is out of load range (0.002527, 0.134082) of lib_cell 'NAND2X05AL9'
  load 0.001848 at pin 'O' of cell 'u_LOGIC_CENTER/CENTER1/DRD_OD/U305' is out of load range (0.002527, 0.134082) of lib_cell 'NAND2X05AL9'
  load 0.001848 at pin 'O' of cell 'u_LOGIC_CENTER/CENTER1/DRD_OD/U308' is out of load range (0.002527, 0.134082) of lib_cell 'NAND2X05AL9'
  load 0.001848 at pin 'O' of cell 'u_LOGIC_CENTER/CENTER1/DRD_OD/U311' is out of load range (0.002527, 0.134082) of lib_cell 'NAND2X05AL9'
  load 0.001628 at pin 'O' of cell 'u_LOGIC_CENTER/CENTER1/DRD_OD/U316' is out of load range (0.002527, 0.134082) of lib_cell 'NAND2X05AL9'
  load 0.001848 at pin 'O' of cell 'u_LOGIC_CENTER/CENTER1/DRD_OD/U317' is out of load range (0.002527, 0.134082) of lib_cell 'NAND2X05AL9'
  load 0.001628 at pin 'O' of cell 'u_LOGIC_CENTER/CENTER1/DRD_OD/U322' is out of load range (0.002527, 0.134082) of lib_cell 'NAND2X05AL9'
  load 0.001848 at pin 'O' of cell 'u_LOGIC_CENTER/CENTER1/DRD_OD/U323' is out of load range (0.002527, 0.134082) of lib_cell 'NAND2X05AL9'
  load 0.001855 at pin 'O' of cell 'u_LOGIC_CENTER/CENTER1/DRD_OD/U133' is out of load range (0.002527, 0.134082) of lib_cell 'AO22X05AL9'
  load 0.001628 at pin 'O' of cell 'u_LOGIC_CENTER/CENTER1/DRD_OD/U328' is out of load range (0.002527, 0.134082) of lib_cell 'NAND2X05AL9'
  load 0.001863 at pin 'Q' of cell 'u_LOGIC_CENTER/CENTER1/DRD_OD/DATAI_L0_OD_WEIGHT_d1_reg_16_' is out of load range (0.002527, 0.134082) of lib_cell 'DFFRBQX05AL9'
  load 0.001772 at pin 'O' of cell 'u_LOGIC_CENTER/CENTER1/DRD_OD/DRD_OD_ADD_WEIGHT/U116' is out of load range (0.002527, 0.268164) of lib_cell 'XOR2X1AL9'
  load 0.001643 at pin 'Q' of cell 'u_LOGIC_CENTER/CENTER1/DRD_OD/DRD_OD_ADD_WEIGHT/line_cnt_od_reg_2_' is out of load range (0.002527, 0.268164) of lib_cell 'AND2DFFRBQX1AL9'
  load 0.001772 at pin 'O' of cell 'u_LOGIC_CENTER/CENTER1/DRD_OD/DRD_OD_ADD_WEIGHT/U121' is out of load range (0.002527, 0.268164) of lib_cell 'XOR2X1AL9'
  load 0.001772 at pin 'O' of cell 'u_LOGIC_CENTER/CENTER1/DRD_OD/DRD_OD_ADD_WEIGHT/U122' is out of load range (0.002527, 0.268164) of lib_cell 'XOR2X1AL9'
  load 0.001772 at pin 'O' of cell 'u_LOGIC_CENTER/CENTER1/DRD_OD/DRD_OD_ADD_WEIGHT/U3' is out of load range (0.002527, 0.268164) of lib_cell 'XNOR2X1AL9'
  load 0.001772 at pin 'O' of cell 'u_LOGIC_CENTER/CENTER1/DRD_OD/DRD_OD_ADD_WEIGHT/U140' is out of load range (0.002527, 0.268164) of lib_cell 'XOR2X1AL9'
  load 0.001857 at pin 'O' of cell 'u_LOGIC_CENTER/CENTER1/DRD_OD/DRD_OD_ADD_WEIGHT/U345' is out of load range (0.002527, 0.134082) of lib_cell 'NOR2X05AL9'
  load 0.001772 at pin 'S' of cell 'u_LOGIC_CENTER/CENTER1/DRD_OD/DRD_OD_ADD_WEIGHT/intadd_1_U2' is out of load range (0.002527, 0.268164) of lib_cell 'FAX1AL9'
  load 0.001772 at pin 'S' of cell 'u_LOGIC_CENTER/CENTER1/DRD_OD/DRD_OD_ADD_WEIGHT/intadd_1_U3' is out of load range (0.002527, 0.268164) of lib_cell 'FAX1AL9'
  load 0.001772 at pin 'S' of cell 'u_LOGIC_CENTER/CENTER1/DRD_OD/DRD_OD_ADD_WEIGHT/intadd_1_U4' is out of load range (0.002527, 0.268164) of lib_cell 'FAX1AL9'
  ramp 0.000000 at pin 'TE' of cell 'u_LOGIC_CENTER/CENTER1/DRD_OD/DRD_OD_ADD_WEIGHT/SNPS_CG_CELL_CLK_L0_line_cnt_od_reg_0/latch' is out of ramp range (0.006078, 1.176400) of lib_cell 'GCKHBQX8AL9'
  load 0.001772 at pin 'O' of cell 'u_LOGIC_CENTER/CENTER1/DRD_OD/DRD_OD_ADD_WEIGHT/U367' is out of load range (0.002527, 0.268164) of lib_cell 'XNOR2X1AL9'
  ramp 0.000000 at pin 'TE' of cell 'u_LOGIC_CENTER/CENTER1/DRD_OD/DRD_OD_ADD_WEIGHT/SNPS_CG_CELL_CLK_L0_shift_sel_od_reg_0/latch' is out of ramp range (0.006078, 1.176400) of lib_cell 'GCKHBQX8AL9'
  load 0.001643 at pin 'O' of cell 'u_LOGIC_CENTER/CENTER1/DRD_OD/DRD_OD_ADD_WEIGHT/PLACE_FE_OFC674_n234' is out of load range (0.002527, 0.134082) of lib_cell 'INVX05AL9'
  load 0.001848 at pin 'O' of cell 'u_LOGIC_CENTER/CENTER1/DRD_OD/U332' is out of load range (0.002527, 0.134082) of lib_cell 'NAND2X05AL9'
  load 0.001643 at pin 'QB' of cell 'u_LOGIC_CENTER/CENTER1/DRD_OD/DATAI_L0_OD_WEIGHT_d1_reg_17_' is out of load range (0.002527, 0.134082) of lib_cell 'DFFRSBQBX05AL9'
  ramp 0.000000 at pin 'SB' of cell 'u_LOGIC_CENTER/CENTER1/DRD_OD/DATAI_L0_OD_WEIGHT_d1_reg_17_' is out of ramp range (0.006078, 1.176400) of lib_cell 'DFFRSBQBX05AL9'
  load 0.001848 at pin 'O' of cell 'u_LOGIC_CENTER/CENTER1/DRD_OD/U341' is out of load range (0.002527, 0.134082) of lib_cell 'NAND2X05AL9'
  load 0.001848 at pin 'O' of cell 'u_LOGIC_CENTER/CENTER1/DRD_OD/U344' is out of load range (0.002527, 0.134082) of lib_cell 'NAND2X05AL9'
  load 0.001848 at pin 'O' of cell 'u_LOGIC_CENTER/CENTER1/DRD_OD/U347' is out of load range (0.002527, 0.134082) of lib_cell 'NAND2X05AL9'
  load 0.001848 at pin 'O' of cell 'u_LOGIC_CENTER/CENTER1/DRD_OD/U348' is out of load range (0.002527, 0.134082) of lib_cell 'NAND2X05AL9'
  load 0.001863 at pin 'Q' of cell 'u_LOGIC_CENTER/CENTER1/DRD_OD/DATAI_L0_OD_WEIGHT_d1_reg_18_' is out of load range (0.002527, 0.134082) of lib_cell 'DFFRBQX05AL9'
  load 0.001643 at pin 'QB' of cell 'u_LOGIC_CENTER/CENTER1/DRD_OD/DATAI_L0_OD_WEIGHT_d1_reg_1_' is out of load range (0.002527, 0.134082) of lib_cell 'DFFRSBQBX05AL9'
  ramp 0.000000 at pin 'SB' of cell 'u_LOGIC_CENTER/CENTER1/DRD_OD/DATAI_L0_OD_WEIGHT_d1_reg_1_' is out of ramp range (0.006078, 1.176400) of lib_cell 'DFFRSBQBX05AL9'
  load 0.001848 at pin 'O' of cell 'u_LOGIC_CENTER/CENTER1/DRD_OD/U350' is out of load range (0.002527, 0.134082) of lib_cell 'NAND2X05AL9'
  load 0.001848 at pin 'O' of cell 'u_LOGIC_CENTER/CENTER1/DRD_OD/U353' is out of load range (0.002527, 0.134082) of lib_cell 'NAND2X05AL9'
  load 0.001863 at pin 'Q' of cell 'u_LOGIC_CENTER/CENTER1/DRD_OD/DATAI_L0_OD_WEIGHT_d1_reg_19_' is out of load range (0.002527, 0.134082) of lib_cell 'DFFRBQX05AL9'
  load 0.001628 at pin 'O' of cell 'u_LOGIC_CENTER/CENTER1/DRD_OD/POSTROUTE_FE_PHC21_n226' is out of load range (0.002527, 0.080449) of lib_cell 'BUFX03AL9'
  load 0.001628 at pin 'O' of cell 'u_LOGIC_CENTER/CENTER1/DRD_OD/POSTROUTE_FE_PHC17_n222' is out of load range (0.002527, 0.080449) of lib_cell 'BUFX03AL9'
  load 0.001848 at pin 'O' of cell 'u_LOGIC_CENTER/CENTER1/DRD_OD/U379' is out of load range (0.002527, 0.134082) of lib_cell 'NAND2X05AL9'
  load 0.001603 at pin 'O' of cell 'u_LOGIC_CENTER/CENTER1/DRD_OD/DRD_OD_PATTERN_DETECT/U145' is out of load range (0.002527, 0.134082) of lib_cell 'NAND2X05AL9'
  load 0.001753 at pin 'O' of cell 'u_LOGIC_CENTER/CENTER1/DRD_OD/DRD_OD_PATTERN_DETECT/U256' is out of load range (0.002527, 0.134082) of lib_cell 'NOR2X05AL9'
  load 0.001819 at pin 'O' of cell 'u_LOGIC_CENTER/CENTER1/DRD_OD/DRD_OD_PATTERN_DETECT/U155' is out of load range (0.002527, 0.134082) of lib_cell 'NAND2X05AL9'
  load 0.001855 at pin 'O' of cell 'u_LOGIC_CENTER/CENTER1/DRD_OD/DRD_OD_PATTERN_DETECT/U113' is out of load range (0.002527, 0.134082) of lib_cell 'NAND3X05AL9'
  load 0.001630 at pin 'O' of cell 'u_LOGIC_CENTER/CENTER1/DRD_OD/DRD_OD_PATTERN_DETECT/U128' is out of load range (0.002527, 0.134082) of lib_cell 'NAND2X05AL9'
  load 0.001857 at pin 'O' of cell 'u_LOGIC_CENTER/CENTER1/DRD_OD/DRD_OD_PATTERN_DETECT/U129' is out of load range (0.002527, 0.134082) of lib_cell 'NAND2X05AL9'
  load 0.001848 at pin 'O' of cell 'u_LOGIC_CENTER/CENTER1/DRD_OD/POSTROUTE_FE_PHC50_DATAI_L1_OD_WEIGHT_6' is out of load range (0.002527, 0.080449) of lib_cell 'BUFX03AL9'
  load 0.001863 at pin 'O' of cell 'u_LOGIC_CENTER/CENTER1/DRD_OD/U384' is out of load range (0.002527, 0.080449) of lib_cell 'INVX03AL9'
  ramp 0.000000 at pin 'TE' of cell 'u_LOGIC_CENTER/CENTER1/DRD_OD/CG_CELL_CLK_L0_OD_WG/CG_CELL' is out of ramp range (0.006078, 1.176400) of lib_cell 'GCKHBQX8AL9'
  load 0.001848 at pin 'O' of cell 'u_LOGIC_CENTER/CENTER1/DRD_OD/POSTROUTE_FE_PHC49_DATAI_L1_OD_WEIGHT_7' is out of load range (0.002527, 0.080449) of lib_cell 'BUFX03AL9'
  load 0.001848 at pin 'O' of cell 'u_LOGIC_CENTER/CENTER1/DRD_OD/U212' is out of load range (0.002527, 0.134082) of lib_cell 'NAND2X05AL9'
  load 0.001848 at pin 'O' of cell 'u_LOGIC_CENTER/CENTER1/DRD_OD/U215' is out of load range (0.002527, 0.134082) of lib_cell 'NAND2X05AL9'
  load 0.001848 at pin 'O' of cell 'u_LOGIC_CENTER/CENTER1/DRD_OD/U218' is out of load range (0.002527, 0.134082) of lib_cell 'NAND2X05AL9'
  load 0.001848 at pin 'O' of cell 'u_LOGIC_CENTER/CENTER1/DRD_OD/U221' is out of load range (0.002527, 0.134082) of lib_cell 'NAND2X05AL9'
  load 0.001848 at pin 'O' of cell 'u_LOGIC_CENTER/CENTER1/DRD_OD/U224' is out of load range (0.002527, 0.134082) of lib_cell 'NAND2X05AL9'
  load 0.001848 at pin 'O' of cell 'u_LOGIC_CENTER/CENTER1/DRD_OD/U227' is out of load range (0.002527, 0.134082) of lib_cell 'NAND2X05AL9'
  load 0.001848 at pin 'O' of cell 'u_LOGIC_CENTER/CENTER1/DRD_OD/U230' is out of load range (0.002527, 0.134082) of lib_cell 'NAND2X05AL9'
  load 0.001848 at pin 'O' of cell 'u_LOGIC_CENTER/CENTER1/DRD_OD/U233' is out of load range (0.002527, 0.134082) of lib_cell 'NAND2X05AL9'
  load 0.001848 at pin 'O' of cell 'u_LOGIC_CENTER/CENTER1/DRD_OD/U236' is out of load range (0.002527, 0.134082) of lib_cell 'NAND2X05AL9'
  ramp 0.000000 at pin 'TE' of cell 'u_LOGIC_CENTER/CENTER1/DRD_OD/SNPS_CG_CELL_DTCLK_L1_DATAI_L1_OD_WEIGHT_d1_reg_0/latch' is out of ramp range (0.006078, 1.176400) of lib_cell 'GCKHBQX8AL9'
  load 0.001848 at pin 'O' of cell 'u_LOGIC_CENTER/CENTER1/DRD_OD/U242' is out of load range (0.002527, 0.134082) of lib_cell 'NAND2X05AL9'
  ramp 0.000000 at pin 'TE' of cell 'u_LOGIC_CENTER/CENTER1/DRD_OD/SNPS_CG_CELL_DTCLK_L0_DATAI_L0_OD_WEIGHT_d1_reg_0/latch' is out of ramp range (0.006078, 1.176400) of lib_cell 'GCKHBQX8AL9'
  load 0.001848 at pin 'O' of cell 'u_LOGIC_CENTER/CENTER1/DRD_OD/U245' is out of load range (0.002527, 0.134082) of lib_cell 'NAND2X05AL9'
  load 0.001848 at pin 'O' of cell 'u_LOGIC_CENTER/CENTER1/DRD_OD/U248' is out of load range (0.002527, 0.134082) of lib_cell 'NAND2X05AL9'
  load 0.001848 at pin 'O' of cell 'u_LOGIC_CENTER/CENTER1/DRD_OD/U251' is out of load range (0.002527, 0.134082) of lib_cell 'NAND2X05AL9'
  load 0.001848 at pin 'O' of cell 'u_LOGIC_CENTER/CENTER1/DRD_OD/U254' is out of load range (0.002527, 0.134082) of lib_cell 'NAND2X05AL9'
  load 0.001848 at pin 'O' of cell 'u_LOGIC_CENTER/CENTER1/DRD_OD/U257' is out of load range (0.002527, 0.134082) of lib_cell 'NAND2X05AL9'
  load 0.001848 at pin 'O' of cell 'u_LOGIC_CENTER/CENTER1/DRD_OD/U260' is out of load range (0.002527, 0.134082) of lib_cell 'NAND2X05AL9'
  load 0.001848 at pin 'O' of cell 'u_LOGIC_CENTER/CENTER1/DRD_OD/U263' is out of load range (0.002527, 0.134082) of lib_cell 'NAND2X05AL9'
  load 0.001848 at pin 'O' of cell 'u_LOGIC_CENTER/CENTER1/DRD_OD/U266' is out of load range (0.002527, 0.134082) of lib_cell 'NAND2X05AL9'
  load 0.001848 at pin 'O' of cell 'u_LOGIC_CENTER/CENTER1/DRD_OD/U269' is out of load range (0.002527, 0.134082) of lib_cell 'NAND2X05AL9'
  load 0.001848 at pin 'O' of cell 'u_LOGIC_CENTER/CENTER1/DRD_OD/U272' is out of load range (0.002527, 0.134082) of lib_cell 'NAND2X05AL9'
  load 0.001848 at pin 'O' of cell 'u_LOGIC_CENTER/CENTER1/DRD_OD/U275' is out of load range (0.002527, 0.134082) of lib_cell 'NAND2X05AL9'
  load 0.001848 at pin 'O' of cell 'u_LOGIC_CENTER/CENTER1/DRD_OD/U278' is out of load range (0.002527, 0.134082) of lib_cell 'NAND2X05AL9'
  load 0.001753 at pin 'OB' of cell 'u_LOGIC_CENTER/CENTER1/ANCTL_COMB/U96' is out of load range (0.002527, 0.268164) of lib_cell 'MUX2BX1AL9'
  load 0.001772 at pin 'O' of cell 'u_LOGIC_CENTER/CENTER1/ANCTL_COMB/U70' is out of load range (0.002527, 0.134082) of lib_cell 'NOR2X05AL9'
  load 0.001700 at pin 'O' of cell 'u_LOGIC_CENTER/CENTER1/ANCTL_COMB/U71' is out of load range (0.002527, 0.134082) of lib_cell 'AO13X05AL9'
  load 0.001545 at pin 'O' of cell 'u_LOGIC_CENTER/CENTER1/ANCTL_COMB/U22' is out of load range (0.002527, 0.080449) of lib_cell 'INVX03AL9'
  load 0.001925 at pin 'O' of cell 'u_LOGIC_CENTER/CENTER1/ANCTL_COMB/U76' is out of load range (0.002527, 0.134082) of lib_cell 'AO122X05AL9'
  load 0.001545 at pin 'O' of cell 'u_LOGIC_CENTER/CENTER1/ANCTL_COMB/U53' is out of load range (0.002527, 0.080449) of lib_cell 'INVX03AL9'
  load 0.001700 at pin 'O' of cell 'u_LOGIC_CENTER/CENTER1/ANCTL_COMB/U55' is out of load range (0.002527, 0.268164) of lib_cell 'AND3B1X1AL9'
  load 0.001637 at pin 'O' of cell 'u_LOGIC_CENTER/CENTER1/ANCTL_COMB/U80' is out of load range (0.002527, 0.268164) of lib_cell 'AOI222X1AL9'
  load 0.001772 at pin 'O' of cell 'u_LOGIC_CENTER/CENTER1/ANCTL_COMB/U86' is out of load range (0.002527, 0.268164) of lib_cell 'AND3X1AL9'
  load 0.001768 at pin 'O' of cell 'u_LOGIC_CENTER/CENTER1/ANCTL_COMB/U89' is out of load range (0.002527, 0.268164) of lib_cell 'NAND4B1X1AL9'
  load 0.001649 at pin 'O' of cell 'u_LOGIC_CENTER/CENTER1/ANCTL_COMB/U64' is out of load range (0.002527, 0.268164) of lib_cell 'AND3X1AL9'
  load 0.001765 at pin 'O' of cell 'u_LOGIC_CENTER/CENTER1/ANCTL_COMB/U65' is out of load range (0.002527, 0.268164) of lib_cell 'OAI12B2X1AL9'
  load 0.001973 at pin 'O' of cell 'u_LOGIC_CENTER/CENTER1/ANCTL_COMB/U67' is out of load range (0.002527, 0.134082) of lib_cell 'AO112X05AL9'
  load 0.001772 at pin 'O' of cell 'u_LOGIC_CENTER/CENTER1/ANCTL_COMB/U18' is out of load range (0.002527, 0.080449) of lib_cell 'INVX03AL9'
  load 0.001734 at pin 'O' of cell 'u_LOGIC_CENTER/CENTER1/ANCTL/U40' is out of load range (0.002527, 0.268164) of lib_cell 'OAI12B2X1AL9'
  ramp 0.000000 at pin 'TE' of cell 'u_LOGIC_CENTER/CENTER1/ANCTL/SNPS_CG_CELL_CLK_OD_time_cnt_reg_0/latch' is out of ramp range (0.006078, 1.176400) of lib_cell 'GCKHBQX8AL9'
  load 0.001848 at pin 'O' of cell 'u_LOGIC_CENTER/CENTER1/ANCTL/U4' is out of load range (0.002527, 0.134082) of lib_cell 'OA112X05AL9'
  load 0.001848 at pin 'O' of cell 'u_LOGIC_CENTER/CENTER1/ANCTL/U43' is out of load range (0.002527, 0.134082) of lib_cell 'AO12X05AL9'
  load 0.001848 at pin 'O' of cell 'u_LOGIC_CENTER/CENTER1/ANCTL/U6' is out of load range (0.002527, 0.134082) of lib_cell 'MUX2X05AL9'
  load 0.001734 at pin 'O' of cell 'u_LOGIC_CENTER/CENTER1/ANCTL/U44' is out of load range (0.002527, 0.268164) of lib_cell 'OAI12B2X1AL9'
  load 0.001637 at pin 'O' of cell 'u_LOGIC_CENTER/CENTER1/ANCTL/U8' is out of load range (0.002527, 0.080449) of lib_cell 'INVX03AL9'
  load 0.001848 at pin 'O' of cell 'u_LOGIC_CENTER/CENTER1/ANCTL/U47' is out of load range (0.002527, 0.134082) of lib_cell 'AO12X05AL9'
  load 0.001637 at pin 'O' of cell 'u_LOGIC_CENTER/CENTER1/ANCTL/U48' is out of load range (0.002527, 0.268164) of lib_cell 'OAI12B2X1AL9'
  ramp 0.000000 at pin 'D1' of cell 'u_LOGIC_CENTER/CENTER1/ANCTL/L_CNT_reg_1_' is out of ramp range (0.006078, 1.176400) of lib_cell 'AND2DFFRBQX1AL9'
  ramp 0.000000 at pin 'D' of cell 'u_LOGIC_CENTER/CENTER1/ANCTL/CS_START_reg_0_' is out of ramp range (0.006078, 1.176400) of lib_cell 'DFFSBQX1AL9'
  load 0.001643 at pin 'O' of cell 'u_LOGIC_CENTER/CENTER1/ANCTL/U21' is out of load range (0.002527, 0.134082) of lib_cell 'NAND2B1X05AL9'
  load 0.001848 at pin 'Q' of cell 'u_LOGIC_CENTER/CENTER1/ANCTL/STB_C_DLY_reg_2_' is out of load range (0.002527, 0.134082) of lib_cell 'DFFRBQX05AL9'
  load 0.001643 at pin 'QB' of cell 'u_LOGIC_CENTER/CENTER1/ANCTL/WAKE_TP_reg' is out of load range (0.002527, 0.134082) of lib_cell 'DFFRSBQBX05AL9'
  ramp 0.000000 at pin 'D' of cell 'u_LOGIC_CENTER/CENTER1/ANCTL/WAKE_TP_reg' is out of ramp range (0.006078, 1.176400) of lib_cell 'DFFRSBQBX05AL9'
  load 0.001848 at pin 'O' of cell 'u_LOGIC_CENTER/CENTER1/ANCTL/U26' is out of load range (0.002527, 0.268164) of lib_cell 'XNOR2X1AL9'
  load 0.001628 at pin 'Q' of cell 'u_LOGIC_CENTER/CENTER1/ANCTL/CS_START_3d_reg' is out of load range (0.002527, 0.268164) of lib_cell 'DFFSBQX1AL9'
  load 0.001610 at pin 'O' of cell 'u_LOGIC_CENTER/CENTER1/ANCTL/BUF_POWERON_CLK' is out of load range (0.002527, 0.080449) of lib_cell 'BUFX03AL9'
  load 0.001848 at pin 'O' of cell 'u_LOGIC_CENTER/CENTER1/ANCTL/U50' is out of load range (0.002527, 0.134082) of lib_cell 'AO22X05AL9'
  load 0.001637 at pin 'O' of cell 'u_LOGIC_CENTER/CENTER1/ANCTL/U51' is out of load range (0.002527, 0.268164) of lib_cell 'OAI12B2X1AL9'
  load 0.001848 at pin 'O' of cell 'u_LOGIC_CENTER/CENTER1/ANCTL/U52' is out of load range (0.002527, 0.134082) of lib_cell 'AO22X05AL9'
  load 0.001637 at pin 'O' of cell 'u_LOGIC_CENTER/CENTER1/ANCTL/U54' is out of load range (0.002527, 0.268164) of lib_cell 'OAI12B2X1AL9'
  load 0.001778 at pin 'O' of cell 'u_LOGIC_CENTER/CENTER1/ANCTL/U56' is out of load range (0.002527, 0.268164) of lib_cell 'OAI12B2X1AL9'
  load 0.001848 at pin 'O' of cell 'u_LOGIC_CENTER/CENTER1/ANCTL/U57' is out of load range (0.002527, 0.134082) of lib_cell 'AO22X05AL9'
  load 0.001599 at pin 'O' of cell 'u_LOGIC_CENTER/CENTER1/ANCTL/U58' is out of load range (0.002527, 0.268164) of lib_cell 'OAI12B2X1AL9'
  load 0.001643 at pin 'Q' of cell 'u_LOGIC_CENTER/CENTER1/ANCTL/STB_C_DLY_reg_0_' is out of load range (0.002527, 0.134082) of lib_cell 'DFFRBQX05AL9'
  load 0.001628 at pin 'Q' of cell 'u_LOGIC_CENTER/CENTER1/ANCTL/CS_START_1d_reg' is out of load range (0.002527, 0.268164) of lib_cell 'DFFSBQX1AL9'
  ramp 0.000000 at pin 'D' of cell 'u_LOGIC_CENTER/CENTER1/ANCTL/CS_START_1d_reg' is out of ramp range (0.006078, 1.176400) of lib_cell 'DFFSBQX1AL9'
  load 0.001643 at pin 'O' of cell 'u_LOGIC_CENTER/CENTER1/ANCTL/U36' is out of load range (0.002527, 0.268164) of lib_cell 'CLKOR2X1AL9'
  ramp 0.000000 at pin 'D1' of cell 'u_LOGIC_CENTER/CENTER1/ANCTL/L_CNT_reg_0_' is out of ramp range (0.006078, 1.176400) of lib_cell 'AND2DFFRBQBX1AL9'
  load 0.001848 at pin 'O' of cell 'u_LOGIC_CENTER/CENTER1/ANCTL/U60' is out of load range (0.002527, 0.134082) of lib_cell 'AO222X05AL9'
  load 0.001778 at pin 'O' of cell 'u_LOGIC_CENTER/CENTER1/ANCTL/U61' is out of load range (0.002527, 0.268164) of lib_cell 'XNOR2X1AL9'
  load 0.001848 at pin 'O' of cell 'u_LOGIC_CENTER/CENTER1/ANCTL/U62' is out of load range (0.002527, 0.134082) of lib_cell 'AO22X05AL9'
  load 0.001819 at pin 'O' of cell 'u_LOGIC_CENTER/CENTER1/ANCTL/U67' is out of load range (0.002527, 0.134082) of lib_cell 'AO12X05AL9'
  load 0.001848 at pin 'Q' of cell 'u_LOGIC_CENTER/CENTER1/ANCTL/STB_C_DLY_reg_1_' is out of load range (0.002527, 0.134082) of lib_cell 'DFFRBQX05AL9'
  load 0.001772 at pin 'Q' of cell 'u_LOGIC_CENTER/CENTER1/ANCTL/STB_B_d1_reg' is out of load range (0.002527, 0.134082) of lib_cell 'DFFRBQX05AL9'
  ramp 0.000000 at pin 'D1' of cell 'u_LOGIC_CENTER/CENTER1/ANCTL/F_CNT_reg_1_' is out of ramp range (0.006078, 1.176400) of lib_cell 'AND2DFFRBQX1AL9'
  ramp 0.000000 at pin 'D1' of cell 'u_LOGIC_CENTER/CENTER1/ANCTL/POL1_SYNC_reg_1_' is out of ramp range (0.006078, 1.176400) of lib_cell 'AND2DFFRBQX1AL9'
  load 0.001628 at pin 'Q' of cell 'u_LOGIC_CENTER/CENTER1/ANCTL/CS_START_2d_reg' is out of load range (0.002527, 0.268164) of lib_cell 'DFFSBQX1AL9'
  load 0.001643 at pin 'O' of cell 'u_LOGIC_CENTER/BISR_OBUF_R/U1' is out of load range (0.002527, 0.080449) of lib_cell 'BUFX03AL9'
  load 0.000000 at pin 'O' of cell 'C_443__IOBUF' is out of load range (0.002527, 2.145310) of lib_cell 'CLKBUFX8AL9'
  load 0.000000 at pin 'O' of cell 'C_287__IOBUF' is out of load range (0.002527, 2.145310) of lib_cell 'CLKBUFX8AL9'
  load 0.000000 at pin 'O' of cell 'C_428__IOBUF' is out of load range (0.002527, 2.145310) of lib_cell 'CLKBUFX8AL9'
  ramp 0.000000 at pin 'I' of cell 'C_6__IOBUF' is out of ramp range (0.006078, 1.176400) of lib_cell 'CLKBUFX8AL9'
  load 0.000000 at pin 'O' of cell 'C_178__IOBUF' is out of load range (0.002527, 2.145310) of lib_cell 'CLKBUFX8AL9'
  load 0.000000 at pin 'O' of cell 'C_284__IOBUF' is out of load range (0.002527, 2.145310) of lib_cell 'CLKBUFX8AL9'
  load 0.000000 at pin 'O' of cell 'C_519__IOBUF' is out of load range (0.002527, 2.145310) of lib_cell 'CLKBUFX8AL9'
  ramp 0.000000 at pin 'I' of cell 'C_3__IOBUF' is out of ramp range (0.006078, 1.176400) of lib_cell 'CLKBUFX8AL9'
  load 0.000000 at pin 'O' of cell 'C_269__IOBUF' is out of load range (0.002527, 2.145310) of lib_cell 'CLKBUFX8AL9'
  load 0.000000 at pin 'O' of cell 'C_390__IOBUF' is out of load range (0.002527, 2.145310) of lib_cell 'CLKBUFX8AL9'
  load 0.001643 at pin 'O' of cell 'PLACE_FE_PDC2_N_368__IOBUF' is out of load range (0.002527, 0.134082) of lib_cell 'INVX05AL9'
  load 0.001643 at pin 'O' of cell 'PLACE_FE_OFC490_N_353__IOBUF' is out of load range (0.002527, 0.268164) of lib_cell 'CLKINVX1AL9'
  load 0.000000 at pin 'O' of cell 'C_375__IOBUF' is out of load range (0.002527, 2.145310) of lib_cell 'CLKBUFX8AL9'
  load 0.000000 at pin 'O' of cell 'C_481__IOBUF' is out of load range (0.002527, 2.145310) of lib_cell 'CLKBUFX8AL9'
  load 0.001628 at pin 'O' of cell 'C_31__IOBUF' is out of load range (0.002527, 2.145310) of lib_cell 'CLKBUFX8AL9'
  ramp 0.000000 at pin 'I' of cell 'C_31__IOBUF' is out of ramp range (0.006078, 1.176400) of lib_cell 'CLKBUFX8AL9'
  load 0.000000 at pin 'O' of cell 'C_466__IOBUF' is out of load range (0.002527, 2.145310) of lib_cell 'CLKBUFX8AL9'
  load 0.001628 at pin 'O' of cell 'C_16__IOBUF' is out of load range (0.002527, 2.145310) of lib_cell 'CLKBUFX8AL9'
  ramp 0.000000 at pin 'I' of cell 'C_16__IOBUF' is out of ramp range (0.006078, 1.176400) of lib_cell 'CLKBUFX8AL9'
  ramp 0.000000 at pin 'I' of cell 'C_13__IOBUF' is out of ramp range (0.006078, 1.176400) of lib_cell 'CLKBUFX8AL9'
  load 0.000000 at pin 'O' of cell 'C_289__IOBUF' is out of load range (0.002527, 2.145310) of lib_cell 'CLKBUFX8AL9'
  ramp 0.000000 at pin 'I' of cell 'C_8__IOBUF' is out of ramp range (0.006078, 1.176400) of lib_cell 'CLKBUFX8AL9'
  load 0.000000 at pin 'O' of cell 'C_102__IOBUF' is out of load range (0.002527, 2.145310) of lib_cell 'CLKBUFX8AL9'
  load 0.000000 at pin 'O' of cell 'C_395__IOBUF' is out of load range (0.002527, 2.145310) of lib_cell 'CLKBUFX8AL9'
  load 0.001628 at pin 'O' of cell 'C_51__IOBUF' is out of load range (0.002527, 2.145310) of lib_cell 'CLKBUFX8AL9'
  ramp 0.000000 at pin 'I' of cell 'C_51__IOBUF' is out of ramp range (0.006078, 1.176400) of lib_cell 'CLKBUFX8AL9'
  load 0.000000 at pin 'O' of cell 'C_486__IOBUF' is out of load range (0.002527, 2.145310) of lib_cell 'CLKBUFX8AL9'
  load 0.001628 at pin 'O' of cell 'C_36__IOBUF' is out of load range (0.002527, 2.145310) of lib_cell 'CLKBUFX8AL9'
  ramp 0.000000 at pin 'I' of cell 'C_36__IOBUF' is out of ramp range (0.006078, 1.176400) of lib_cell 'CLKBUFX8AL9'
  load 0.001643 at pin 'O' of cell 'PLACE_FE_OFC47_N_512__IOBUF' is out of load range (0.002527, 0.134082) of lib_cell 'INVX05AL9'
  load 0.000000 at pin 'O' of cell 'C_122__IOBUF' is out of load range (0.002527, 2.145310) of lib_cell 'CLKBUFX8AL9'
  load 0.000000 at pin 'O' of cell 'C_107__IOBUF' is out of load range (0.002527, 2.145310) of lib_cell 'CLKBUFX8AL9'
  load 0.000000 at pin 'O' of cell 'C_71__IOBUF' is out of load range (0.002527, 2.145310) of lib_cell 'CLKBUFX8AL9'
  load 0.000000 at pin 'O' of cell 'C_213__IOBUF' is out of load range (0.002527, 2.145310) of lib_cell 'CLKBUFX8AL9'
  load 0.000000 at pin 'O' of cell 'C_56__IOBUF' is out of load range (0.002527, 2.145310) of lib_cell 'CLKBUFX8AL9'
  load 0.000000 at pin 'O' of cell 'C_304__IOBUF' is out of load range (0.002527, 2.145310) of lib_cell 'CLKBUFX8AL9'
  load 0.000000 at pin 'O' of cell 'C_410__IOBUF' is out of load range (0.002527, 2.145310) of lib_cell 'CLKBUFX8AL9'
  load 0.000000 at pin 'O' of cell 'C_160__IOBUF' is out of load range (0.002527, 2.145310) of lib_cell 'CLKBUFX8AL9'
  load 0.000000 at pin 'O' of cell 'C_301__IOBUF' is out of load range (0.002527, 2.145310) of lib_cell 'CLKBUFX8AL9'
  load 0.000000 at pin 'O' of cell 'C_94__IOBUF' is out of load range (0.002527, 2.145310) of lib_cell 'CLKBUFX8AL9'
  load 0.000000 at pin 'O' of cell 'C_142__IOBUF' is out of load range (0.002527, 2.145310) of lib_cell 'CLKBUFX8AL9'
  load 0.000000 at pin 'O' of cell 'C_127__IOBUF' is out of load range (0.002527, 2.145310) of lib_cell 'CLKBUFX8AL9'
  load 0.000000 at pin 'O' of cell 'C_91__IOBUF' is out of load range (0.002527, 2.145310) of lib_cell 'CLKBUFX8AL9'
  load 0.000000 at pin 'O' of cell 'C_233__IOBUF' is out of load range (0.002527, 2.145310) of lib_cell 'CLKBUFX8AL9'
  load 0.000000 at pin 'O' of cell 'C_76__IOBUF' is out of load range (0.002527, 2.145310) of lib_cell 'CLKBUFX8AL9'
  load 0.000000 at pin 'O' of cell 'C_218__IOBUF' is out of load range (0.002527, 2.145310) of lib_cell 'CLKBUFX8AL9'
  load 0.000000 at pin 'O' of cell 'C_324__IOBUF' is out of load range (0.002527, 2.145310) of lib_cell 'CLKBUFX8AL9'
  load 0.001643 at pin 'O' of cell 'PLACE_FE_OFC630_N_384__IOBUF' is out of load range (0.002527, 0.080449) of lib_cell 'INVX03AL9'
  load 0.000000 at pin 'O' of cell 'C_309__IOBUF' is out of load range (0.002527, 2.145310) of lib_cell 'CLKBUFX8AL9'
  load 0.000000 at pin 'O' of cell 'C_430__IOBUF' is out of load range (0.002527, 2.145310) of lib_cell 'CLKBUFX8AL9'
  load 0.000000 at pin 'O' of cell 'C_180__IOBUF' is out of load range (0.002527, 2.145310) of lib_cell 'CLKBUFX8AL9'
  load 0.000000 at pin 'O' of cell 'C_415__IOBUF' is out of load range (0.002527, 2.145310) of lib_cell 'CLKBUFX8AL9'
  load 0.000000 at pin 'O' of cell 'C_165__IOBUF' is out of load range (0.002527, 2.145310) of lib_cell 'CLKBUFX8AL9'
  load 0.000000 at pin 'O' of cell 'C_306__IOBUF' is out of load range (0.002527, 2.145310) of lib_cell 'CLKBUFX8AL9'
  load 0.001643 at pin 'O' of cell 'PLACE_FE_OFC99_N_479__IOBUF' is out of load range (0.002527, 0.134082) of lib_cell 'INVX05AL9'
  load 0.000000 at pin 'O' of cell 'C_412__IOBUF' is out of load range (0.002527, 2.145310) of lib_cell 'CLKBUFX8AL9'
  load 0.000000 at pin 'O' of cell 'C_162__IOBUF' is out of load range (0.002527, 2.145310) of lib_cell 'CLKBUFX8AL9'
  load 0.000000 at pin 'O' of cell 'C_99__IOBUF' is out of load range (0.002527, 2.145310) of lib_cell 'CLKBUFX8AL9'
  load 0.000000 at pin 'O' of cell 'C_147__IOBUF' is out of load range (0.002527, 2.145310) of lib_cell 'CLKBUFX8AL9'
  load 0.000000 at pin 'O' of cell 'C_503__IOBUF' is out of load range (0.002527, 2.145310) of lib_cell 'CLKBUFX8AL9'
  load 0.000000 at pin 'O' of cell 'C_253__IOBUF' is out of load range (0.002527, 2.145310) of lib_cell 'CLKBUFX8AL9'
  load 0.000000 at pin 'O' of cell 'C_96__IOBUF' is out of load range (0.002527, 2.145310) of lib_cell 'CLKBUFX8AL9'
  load 0.000000 at pin 'O' of cell 'C_238__IOBUF' is out of load range (0.002527, 2.145310) of lib_cell 'CLKBUFX8AL9'
  load 0.000000 at pin 'O' of cell 'C_344__IOBUF' is out of load range (0.002527, 2.145310) of lib_cell 'CLKBUFX8AL9'
  load 0.000000 at pin 'O' of cell 'C_329__IOBUF' is out of load range (0.002527, 2.145310) of lib_cell 'CLKBUFX8AL9'
  load 0.000000 at pin 'O' of cell 'C_450__IOBUF' is out of load range (0.002527, 2.145310) of lib_cell 'CLKBUFX8AL9'
  load 0.000000 at pin 'O' of cell 'C_435__IOBUF' is out of load range (0.002527, 2.145310) of lib_cell 'CLKBUFX8AL9'
  load 0.000000 at pin 'O' of cell 'C_185__IOBUF' is out of load range (0.002527, 2.145310) of lib_cell 'CLKBUFX8AL9'
  load 0.000000 at pin 'O' of cell 'C_291__IOBUF' is out of load range (0.002527, 2.145310) of lib_cell 'CLKBUFX8AL9'
  load 0.001643 at pin 'O' of cell 'PLACE_FE_OFC40_N_518__IOBUF' is out of load range (0.002527, 0.134082) of lib_cell 'INVX05AL9'
  load 0.000000 at pin 'O' of cell 'C_432__IOBUF' is out of load range (0.002527, 2.145310) of lib_cell 'CLKBUFX8AL9'
  load 0.000000 at pin 'O' of cell 'C_276__IOBUF' is out of load range (0.002527, 2.145310) of lib_cell 'CLKBUFX8AL9'
  load 0.000000 at pin 'O' of cell 'C_417__IOBUF' is out of load range (0.002527, 2.145310) of lib_cell 'CLKBUFX8AL9'
  load 0.000000 at pin 'O' of cell 'C_167__IOBUF' is out of load range (0.002527, 2.145310) of lib_cell 'CLKBUFX8AL9'
  load 0.000000 at pin 'O' of cell 'C_523__IOBUF' is out of load range (0.002527, 2.145310) of lib_cell 'CLKBUFX8AL9'
  load 0.000000 at pin 'O' of cell 'C_273__IOBUF' is out of load range (0.002527, 2.145310) of lib_cell 'CLKBUFX8AL9'
  load 0.000000 at pin 'O' of cell 'C_508__IOBUF' is out of load range (0.002527, 2.145310) of lib_cell 'CLKBUFX8AL9'
  load 0.000000 at pin 'O' of cell 'C_258__IOBUF' is out of load range (0.002527, 2.145310) of lib_cell 'CLKBUFX8AL9'
  load 0.000000 at pin 'O' of cell 'C_364__IOBUF' is out of load range (0.002527, 2.145310) of lib_cell 'CLKBUFX8AL9'
  load 0.000000 at pin 'O' of cell 'C_349__IOBUF' is out of load range (0.002527, 2.145310) of lib_cell 'CLKBUFX8AL9'
  load 0.000000 at pin 'O' of cell 'C_470__IOBUF' is out of load range (0.002527, 2.145310) of lib_cell 'CLKBUFX8AL9'
  load 0.001628 at pin 'O' of cell 'C_20__IOBUF' is out of load range (0.002527, 2.145310) of lib_cell 'CLKBUFX8AL9'
  ramp 0.000000 at pin 'I' of cell 'C_20__IOBUF' is out of ramp range (0.006078, 1.176400) of lib_cell 'CLKBUFX8AL9'
  load 0.000000 at pin 'O' of cell 'C_455__IOBUF' is out of load range (0.002527, 2.145310) of lib_cell 'CLKBUFX8AL9'
  load 0.000000 at pin 'O' of cell 'C_296__IOBUF' is out of load range (0.002527, 2.145310) of lib_cell 'CLKBUFX8AL9'
  load 0.000000 at pin 'O' of cell 'C_293__IOBUF' is out of load range (0.002527, 2.145310) of lib_cell 'CLKBUFX8AL9'
  load 0.000000 at pin 'O' of cell 'C_278__IOBUF' is out of load range (0.002527, 2.145310) of lib_cell 'CLKBUFX8AL9'
  load 0.000000 at pin 'O' of cell 'C_384__IOBUF' is out of load range (0.002527, 2.145310) of lib_cell 'CLKBUFX8AL9'
  load 0.000000 at pin 'O' of cell 'C_369__IOBUF' is out of load range (0.002527, 2.145310) of lib_cell 'CLKBUFX8AL9'
  load 0.000000 at pin 'O' of cell 'C_490__IOBUF' is out of load range (0.002527, 2.145310) of lib_cell 'CLKBUFX8AL9'
  load 0.001628 at pin 'O' of cell 'C_40__IOBUF' is out of load range (0.002527, 2.145310) of lib_cell 'CLKBUFX8AL9'
  ramp 0.000000 at pin 'I' of cell 'C_40__IOBUF' is out of ramp range (0.006078, 1.176400) of lib_cell 'CLKBUFX8AL9'
  load 0.000000 at pin 'O' of cell 'C_475__IOBUF' is out of load range (0.002527, 2.145310) of lib_cell 'CLKBUFX8AL9'
  load 0.001628 at pin 'O' of cell 'C_25__IOBUF' is out of load range (0.002527, 2.145310) of lib_cell 'CLKBUFX8AL9'
  ramp 0.000000 at pin 'I' of cell 'C_25__IOBUF' is out of ramp range (0.006078, 1.176400) of lib_cell 'CLKBUFX8AL9'
  load 0.000000 at pin 'O' of cell 'C_298__IOBUF' is out of load range (0.002527, 2.145310) of lib_cell 'CLKBUFX8AL9'
  load 0.000000 at pin 'O' of cell 'C_111__IOBUF' is out of load range (0.002527, 2.145310) of lib_cell 'CLKBUFX8AL9'
  load 0.000000 at pin 'O' of cell 'C_389__IOBUF' is out of load range (0.002527, 2.145310) of lib_cell 'CLKBUFX8AL9'
  load 0.000000 at pin 'O' of cell 'C_60__IOBUF' is out of load range (0.002527, 2.145310) of lib_cell 'CLKBUFX8AL9'
  load 0.000000 at pin 'O' of cell 'C_202__IOBUF' is out of load range (0.002527, 2.145310) of lib_cell 'CLKBUFX8AL9'
  load 0.000000 at pin 'O' of cell 'C_495__IOBUF' is out of load range (0.002527, 2.145310) of lib_cell 'CLKBUFX8AL9'
  load 0.001628 at pin 'O' of cell 'C_45__IOBUF' is out of load range (0.002527, 2.145310) of lib_cell 'CLKBUFX8AL9'
  ramp 0.000000 at pin 'I' of cell 'C_45__IOBUF' is out of ramp range (0.006078, 1.176400) of lib_cell 'CLKBUFX8AL9'
  load 0.000000 at pin 'O' of cell 'C_83__IOBUF' is out of load range (0.002527, 2.145310) of lib_cell 'CLKBUFX8AL9'
  load 0.000000 at pin 'O' of cell 'C_131__IOBUF' is out of load range (0.002527, 2.145310) of lib_cell 'CLKBUFX8AL9'
  load 0.000000 at pin 'O' of cell 'C_116__IOBUF' is out of load range (0.002527, 2.145310) of lib_cell 'CLKBUFX8AL9'
  load 0.000000 at pin 'O' of cell 'C_80__IOBUF' is out of load range (0.002527, 2.145310) of lib_cell 'CLKBUFX8AL9'
  load 0.000000 at pin 'O' of cell 'C_222__IOBUF' is out of load range (0.002527, 2.145310) of lib_cell 'CLKBUFX8AL9'
  load 0.001643 at pin 'O' of cell 'PLACE_FE_OFC610_N_384__IOBUF' is out of load range (0.002527, 0.080449) of lib_cell 'INVX03AL9'
  load 0.000000 at pin 'O' of cell 'C_65__IOBUF' is out of load range (0.002527, 2.145310) of lib_cell 'CLKBUFX8AL9'
  load 0.000000 at pin 'O' of cell 'C_207__IOBUF' is out of load range (0.002527, 2.145310) of lib_cell 'CLKBUFX8AL9'
Warning: There are 196 out_of_range ramps.
Warning: There are 1821 out_of_range loads.
Information: Checking 'missing_table'.
Information: Checking 'missing_function'.
  library cell 'ANTENNAX1AL9' in library 'M31HSSC900EL150SL_25CTT1P8_typ_ccs' has an output pin wihtout function.
  library cell '*APR_CDM' is unresolved.
Warning: There are 2 library cells without function.
0
