
###############################################################################
#
# Created by PrimeTime write_sdc on Wed Jul 29 15:02:17 2026
#
###############################################################################
set sdc_version 2.0
Information: Setting sdc_version outside of an SDC file has no effect (SDC-1)
2.0
#set_units -time ns -capacitance pF -current mA -voltage V -resistance kOhm
###############################################################################
#  
# Units
# capacitive_load_unit           : 1 pF
# current_unit                   : 0.001 A
# resistance_unit                : 1 kOhm
# time_unit                      : 1 ns
# voltage_unit                   : 1 V
###############################################################################
#set_operating_conditions -analysis_type on_chip_variation  -library [get_libs {M31HSSC900EL150SL_125CSS1P62_cmax_ccs.db:M31HSSC900EL150SL_125CSS1P62_cmax_ccs}] 
###############################################################################
# Clock Related Information
###############################################################################
create_clock -name RX0_CLK -period 9.5 -waveform { 0 4.75 } [get_ports {clk_lane_L0}]
1
set_clock_uncertainty -setup  0.475 [get_clocks {RX0_CLK}]
1
set_clock_uncertainty -hold  0.15 [get_clocks {RX0_CLK}]
1
create_clock -name RX1_CLK -period 17.1 -waveform { 0 8.55 } [get_ports {clk_lane_L1}]
1
set_clock_uncertainty -setup  0.855 [get_clocks {RX1_CLK}]
1
set_clock_uncertainty -hold  0.15 [get_clocks {RX1_CLK}]
1
create_clock -name RX0_OD_CLK -period 4.75 -waveform { 0 2.375 } [get_ports {clk_lane_od_L0}]
1
set_clock_uncertainty -setup  0.4 [get_clocks {RX0_OD_CLK}]
1
set_clock_uncertainty -hold  0.15 [get_clocks {RX0_OD_CLK}]
1
create_clock -name RX1_OD_CLK -period 8.55 -waveform { 0 4.275 } [get_ports {clk_lane_od_L1}]
1
set_clock_uncertainty -setup  0.4275 [get_clocks {RX1_OD_CLK}]
1
set_clock_uncertainty -hold  0.15 [get_clocks {RX1_OD_CLK}]
1
create_clock -name VS_CLK -period 100 -waveform { 0 50 } [get_pins {u_LOGIC_CENTER/CENTER1/ANCTL/BUF_VS_CLK/O}]
Warning: Creating a clock on internal pin 'u_LOGIC_CENTER/CENTER1/ANCTL/BUF_VS_CLK/O'. (UITE-130)
1
set_clock_uncertainty -setup  2 [get_clocks {VS_CLK}]
1
set_clock_uncertainty -hold  0.15 [get_clocks {VS_CLK}]
1
create_clock -name LS_CLK -period 100 -waveform { 0 50 } [get_pins {u_LOGIC_CENTER/CENTER1/ANCTL/BUF_LS_CLK/O}]
Warning: Creating a clock on internal pin 'u_LOGIC_CENTER/CENTER1/ANCTL/BUF_LS_CLK/O'. (UITE-130)
1
set_clock_uncertainty -setup  2 [get_clocks {LS_CLK}]
1
set_clock_uncertainty -hold  0.15 [get_clocks {LS_CLK}]
1
create_clock -name POWERON_CLK -period 100 -waveform { 0 50 } [get_pins {u_LOGIC_CENTER/CENTER1/ANCTL/BUF_POWERON_CLK/O}]
Warning: Creating a clock on internal pin 'u_LOGIC_CENTER/CENTER1/ANCTL/BUF_POWERON_CLK/O'. (UITE-130)
1
set_clock_uncertainty -setup  2 [get_clocks {POWERON_CLK}]
1
set_clock_uncertainty -hold  0.15 [get_clocks {POWERON_CLK}]
1
create_clock -name OSC_CLK_IN -period 20 -waveform { 0 10 } [get_ports {OSC_CLK_I}]
1
set_clock_uncertainty -setup  1 [get_clocks {OSC_CLK_IN}]
1
set_clock_uncertainty -hold  0.15 [get_clocks {OSC_CLK_IN}]
1
create_clock -name I2C_CLK -period 500 -waveform { 0 250 } [get_pins {u_LOGIC_CENTER/PAD_INBUF/SCL_BUF/O}]
Warning: Creating a clock on internal pin 'u_LOGIC_CENTER/PAD_INBUF/SCL_BUF/O'. (UITE-130)
1
set_clock_uncertainty -setup  2 [get_clocks {I2C_CLK}]
1
set_clock_uncertainty -hold  0.15 [get_clocks {I2C_CLK}]
1
create_clock -name STB_CLK -period 6.43 -waveform { 0 3.215 } [get_pins {u_LOGIC_CENTER/LINK_LOGIC/BUF_STB_CLK/O}]
Warning: Creating a clock on internal pin 'u_LOGIC_CENTER/LINK_LOGIC/BUF_STB_CLK/O'. (UITE-130)
1
set_clock_uncertainty -setup  0.4 [get_clocks {STB_CLK}]
1
set_clock_uncertainty -hold  0.15 [get_clocks {STB_CLK}]
1
###############################################################################
# Derived Clock related information
###############################################################################
create_generated_clock -name RX1_OD_CLK_DIV2 -source [get_ports {clk_lane_od_L1}] -edges { 2 4 6}  -add -master_clock [get_clocks {RX1_OD_CLK}] [get_pins {u_LOGIC_CENTER/CLKGEN_U1/U_DCLK1_OD_DIV2/BUF_DCLK_DIV2/O}] 
1
create_generated_clock -name CLK_L0_DTCTL_OD_DIV1P5 -source [get_ports {clk_lane_od_L0}] -edges { 1 3 4}  -add -master_clock [get_clocks {RX0_OD_CLK}] [get_pins {u_LOGIC_CENTER/CLKGEN_U0/U_DCLK0_OD_DIV1P5/BUF_DCLK_DIV_ORG/O}] 
1
create_generated_clock -name CLK_L1_DTCTL_OD_DIV1P5 -source [get_ports {clk_lane_od_L0}] -edges { 1 3 4}  -add -master_clock [get_clocks {RX0_OD_CLK}] [get_pins {u_LOGIC_CENTER/CLKGEN_U1/U_DCLK1_OD_DIV1P5/BUF_DCLK_DIV_ORG/O}] 
1
create_generated_clock -name WCLK1_A_I2C -source [get_pins {u_LOGIC_CENTER/PAD_INBUF/SCL_BUF/O}]  -divide_by 1  -add -master_clock [get_clocks {I2C_CLK}] [get_pins {u_LOGIC_CENTER/CLKGEN_U0/MUX_WCK1_ASEL/O}] 
1
create_generated_clock -name RX0_OD_CLK_DIV2 -source [get_ports {clk_lane_od_L0}] -edges { 2 4 6}  -add -master_clock [get_clocks {RX0_OD_CLK}] [get_pins {u_LOGIC_CENTER/CLKGEN_U0/U_DCLK0_OD_DIV2/BUF_DCLK_DIV2/O}] 
1
create_generated_clock -name CLK_L1_ADJ_DTCTL_OD_DIV1P5 -source [get_ports {clk_lane_od_L0}] -edges { 2 4 5}  -add -master_clock [get_clocks {RX0_OD_CLK}] [get_pins {u_LOGIC_CENTER/CLKGEN_U1/U_DCLK1_OD_DIV1P5/BUF_DCLK_DIV_ORG_ADJ/O}] 
1
create_generated_clock -name RX1_CLK_DIV1P5_ADJ -source [get_pins {u_LOGIC_CENTER/CLKGEN_U0/BUF_DCLK0/O}] -edges { 2 4 5}  -add -master_clock [get_clocks {RX0_OD_CLK_DIV2}] [get_pins {u_LOGIC_CENTER/CLKGEN_U1/BUF_DCLK1_DIV_ADJ/O}] 
1
create_generated_clock -name RX0_CLK_DIV1P5 -source [get_pins {u_LOGIC_CENTER/CLKGEN_U0/BUF_DCLK0/O}] -edges { 1 3 4}  -add -master_clock [get_clocks {RX0_OD_CLK_DIV2}] [get_pins {u_LOGIC_CENTER/CLKGEN_U0/BUF_DCLK0_DIV/O}] 
1
create_generated_clock -name RX1_CLK_DIV1P5 -source [get_pins {u_LOGIC_CENTER/CLKGEN_U0/BUF_DCLK0/O}] -edges { 1 3 4}  -add -master_clock [get_clocks {RX0_OD_CLK_DIV2}] [get_pins {u_LOGIC_CENTER/CLKGEN_U1/BUF_DCLK1_DIV/O}] 
1
create_generated_clock -name RX0_CLK_DIV1P5_1P -source [get_pins {u_LOGIC_CENTER/CLKGEN_U0/BUF_DCLK0_DIV/O}]  -divide_by 2 [get_pins {u_LOGIC_CENTER/CENTER1/TOTAL_DTCTL/DTCTL_L0/DTCLK_1P_ORG_reg/Q}] 
1
set_clock_uncertainty -setup  0.95 [get_clocks {RX0_CLK_DIV1P5_1P}]
1
set_clock_uncertainty -hold  0.15 [get_clocks {RX0_CLK_DIV1P5_1P}]
1
create_generated_clock -name WCLK1_A_DCLK -source [get_pins {u_LOGIC_CENTER/CLKGEN_U0/BUF_DCLK0_DIV/O}]  -divide_by 1  -add -master_clock [get_clocks {RX0_CLK_DIV1P5}] [get_pins {u_LOGIC_CENTER/CLKGEN_U0/MUX_WCK1_ASEL/O}] 
1
set_clock_groups -logically_exclusive -name RX0_CLK_DIV1P5_1 -group [get_clocks {RX0_CLK_DIV1P5 RX1_CLK_DIV1P5 RX1_CLK_DIV1P5_ADJ}] -group [get_clocks {CLK_L0_DTCTL_OD_DIV1P5 CLK_L1_DTCTL_OD_DIV1P5 CLK_L1_ADJ_DTCTL_OD_DIV1P5}]
1
set_clock_groups -asynchronous -name RX0_CLK_1 -group [get_clocks {RX0_CLK RX0_OD_CLK RX0_OD_CLK_DIV2 RX0_CLK_DIV1P5 RX1_CLK_DIV1P5 RX1_CLK_DIV1P5_ADJ CLK_L0_DTCTL_OD_DIV1P5 CLK_L1_DTCTL_OD_DIV1P5 CLK_L1_ADJ_DTCTL_OD_DIV1P5 WCLK1_A_DCLK RX0_CLK_DIV1P5_1P}] -group [get_clocks {RX1_CLK RX1_OD_CLK RX1_OD_CLK_DIV2}] -group [get_clocks {OSC_CLK_IN}] -group [get_clocks {I2C_CLK WCLK1_A_I2C}] -group [get_clocks {STB_CLK}] -group [get_clocks {VS_CLK}] -group [get_clocks {POWERON_CLK}] -group [get_clocks {LS_CLK}]
1
###############################################################################
# Point to Point exceptions
###############################################################################
set_false_path -from [get_clocks {RX1_CLK RX1_OD_CLK RX1_OD_CLK_DIV2 OSC_CLK_IN I2C_CLK WCLK1_A_I2C STB_CLK VS_CLK POWERON_CLK LS_CLK}] -to [get_clocks {RX0_CLK RX0_OD_CLK RX0_OD_CLK_DIV2 RX0_CLK_DIV1P5 RX1_CLK_DIV1P5 RX1_CLK_DIV1P5_ADJ CLK_L0_DTCTL_OD_DIV1P5 CLK_L1_DTCTL_OD_DIV1P5 CLK_L1_ADJ_DTCTL_OD_DIV1P5 WCLK1_A_DCLK RX0_CLK_DIV1P5_1P}]
1
set_false_path -from [get_clocks {RX0_CLK RX0_OD_CLK RX0_OD_CLK_DIV2 RX0_CLK_DIV1P5 RX1_CLK_DIV1P5 RX1_CLK_DIV1P5_ADJ CLK_L0_DTCTL_OD_DIV1P5 CLK_L1_DTCTL_OD_DIV1P5 CLK_L1_ADJ_DTCTL_OD_DIV1P5 WCLK1_A_DCLK RX0_CLK_DIV1P5_1P OSC_CLK_IN I2C_CLK WCLK1_A_I2C STB_CLK VS_CLK POWERON_CLK LS_CLK}] -to [get_clocks {RX1_CLK RX1_OD_CLK RX1_OD_CLK_DIV2}]
1
set_false_path -from [get_clocks {RX0_CLK RX0_OD_CLK RX0_OD_CLK_DIV2 RX0_CLK_DIV1P5 RX1_CLK_DIV1P5 RX1_CLK_DIV1P5_ADJ CLK_L0_DTCTL_OD_DIV1P5 CLK_L1_DTCTL_OD_DIV1P5 CLK_L1_ADJ_DTCTL_OD_DIV1P5 WCLK1_A_DCLK RX0_CLK_DIV1P5_1P RX1_CLK RX1_OD_CLK RX1_OD_CLK_DIV2 I2C_CLK WCLK1_A_I2C STB_CLK VS_CLK POWERON_CLK LS_CLK}] -to [get_clocks {OSC_CLK_IN}]
1
set_false_path -from [get_clocks {RX0_CLK RX0_OD_CLK RX0_OD_CLK_DIV2 RX0_CLK_DIV1P5 RX1_CLK_DIV1P5 RX1_CLK_DIV1P5_ADJ CLK_L0_DTCTL_OD_DIV1P5 CLK_L1_DTCTL_OD_DIV1P5 CLK_L1_ADJ_DTCTL_OD_DIV1P5 WCLK1_A_DCLK RX0_CLK_DIV1P5_1P RX1_CLK RX1_OD_CLK RX1_OD_CLK_DIV2 OSC_CLK_IN STB_CLK VS_CLK POWERON_CLK LS_CLK}] -to [get_clocks {I2C_CLK WCLK1_A_I2C}]
1
set_false_path -from [get_clocks {RX0_CLK RX0_OD_CLK RX0_OD_CLK_DIV2 RX0_CLK_DIV1P5 RX1_CLK_DIV1P5 RX1_CLK_DIV1P5_ADJ CLK_L0_DTCTL_OD_DIV1P5 CLK_L1_DTCTL_OD_DIV1P5 CLK_L1_ADJ_DTCTL_OD_DIV1P5 WCLK1_A_DCLK RX0_CLK_DIV1P5_1P RX1_CLK RX1_OD_CLK RX1_OD_CLK_DIV2 OSC_CLK_IN I2C_CLK WCLK1_A_I2C VS_CLK POWERON_CLK LS_CLK}] -to [get_clocks {STB_CLK}]
1
set_false_path -from [get_clocks {RX0_CLK RX0_OD_CLK RX0_OD_CLK_DIV2 RX0_CLK_DIV1P5 RX1_CLK_DIV1P5 RX1_CLK_DIV1P5_ADJ CLK_L0_DTCTL_OD_DIV1P5 CLK_L1_DTCTL_OD_DIV1P5 CLK_L1_ADJ_DTCTL_OD_DIV1P5 WCLK1_A_DCLK RX0_CLK_DIV1P5_1P RX1_CLK RX1_OD_CLK RX1_OD_CLK_DIV2 OSC_CLK_IN I2C_CLK WCLK1_A_I2C STB_CLK POWERON_CLK LS_CLK}] -to [get_clocks {VS_CLK}]
1
set_false_path -from [get_clocks {RX0_CLK RX0_OD_CLK RX0_OD_CLK_DIV2 RX0_CLK_DIV1P5 RX1_CLK_DIV1P5 RX1_CLK_DIV1P5_ADJ CLK_L0_DTCTL_OD_DIV1P5 CLK_L1_DTCTL_OD_DIV1P5 CLK_L1_ADJ_DTCTL_OD_DIV1P5 WCLK1_A_DCLK RX0_CLK_DIV1P5_1P RX1_CLK RX1_OD_CLK RX1_OD_CLK_DIV2 OSC_CLK_IN I2C_CLK WCLK1_A_I2C STB_CLK VS_CLK LS_CLK}] -to [get_clocks {POWERON_CLK}]
1
set_false_path -from [get_clocks {RX0_CLK RX0_OD_CLK RX0_OD_CLK_DIV2 RX0_CLK_DIV1P5 RX1_CLK_DIV1P5 RX1_CLK_DIV1P5_ADJ CLK_L0_DTCTL_OD_DIV1P5 CLK_L1_DTCTL_OD_DIV1P5 CLK_L1_ADJ_DTCTL_OD_DIV1P5 WCLK1_A_DCLK RX0_CLK_DIV1P5_1P RX1_CLK RX1_OD_CLK RX1_OD_CLK_DIV2 OSC_CLK_IN I2C_CLK WCLK1_A_I2C STB_CLK VS_CLK POWERON_CLK}] -to [get_clocks {LS_CLK}]
1
set_false_path -from [get_clocks {CLK_L0_DTCTL_OD_DIV1P5 CLK_L1_DTCTL_OD_DIV1P5 CLK_L1_ADJ_DTCTL_OD_DIV1P5}] -to [get_clocks {RX0_CLK_DIV1P5 RX1_CLK_DIV1P5 RX1_CLK_DIV1P5_ADJ}]
1
set_false_path -from [get_clocks {RX0_CLK_DIV1P5 RX1_CLK_DIV1P5 RX1_CLK_DIV1P5_ADJ}] -to [get_clocks {CLK_L0_DTCTL_OD_DIV1P5 CLK_L1_DTCTL_OD_DIV1P5 CLK_L1_ADJ_DTCTL_OD_DIV1P5}]
1
set_false_path -through [get_ports {XPONRST_I}] 
1
set_false_path -through [get_pins {u_LOGIC_CENTER/CLKGEN_U0/BUF_N_RST/O}] 
1
set_false_path -through [get_pins {u_LOGIC_CENTER/CLKGEN_U0/AND_N_RST_NLOCK/O}] 
1
set_false_path -through [get_pins {u_LOGIC_CENTER/CLKGEN_U0/AND_N_RST_NLOCK0/O}] 
1
set_false_path -through [get_pins {u_LOGIC_CENTER/CLKGEN_U1/BUF_N_RST/O}] 
1
set_false_path -through [get_pins {u_LOGIC_CENTER/CLKGEN_U1/AND_N_RST_NLOCK1/O}] 
1
set_max_delay  10 -to [get_ports {CLKA_L}]
1
set_max_delay  10 -to [get_ports {CLKB_L}]
1
set_max_delay  10 -to [get_ports {CLKA_R}]
1
set_max_delay  10 -to [get_ports {CLKB_R}]
1
set_multicycle_path  2 -setup -start -through [get_pins {u_LOGIC_CENTER/LINK_LOGIC/LC_CPUWR_HV2M23_VGMA/R_VGMA1[7] u_LOGIC_CENTER/LINK_LOGIC/LC_CPUWR_HV2M23_VGMA/R_VGMA1[6] u_LOGIC_CENTER/LINK_LOGIC/LC_CPUWR_HV2M23_VGMA/R_VGMA1[5] u_LOGIC_CENTER/LINK_LOGIC/LC_CPUWR_HV2M23_VGMA/R_VGMA1[4] u_LOGIC_CENTER/LINK_LOGIC/LC_CPUWR_HV2M23_VGMA/R_VGMA1[3] u_LOGIC_CENTER/LINK_LOGIC/LC_CPUWR_HV2M23_VGMA/R_VGMA1[2] u_LOGIC_CENTER/LINK_LOGIC/LC_CPUWR_HV2M23_VGMA/R_VGMA1[1] u_LOGIC_CENTER/LINK_LOGIC/LC_CPUWR_HV2M23_VGMA/R_VGMA1[0] u_LOGIC_CENTER/LINK_LOGIC/LC_CPUWR_HV2M23_VGMA/R_VGMA2[7] u_LOGIC_CENTER/LINK_LOGIC/LC_CPUWR_HV2M23_VGMA/R_VGMA2[6] u_LOGIC_CENTER/LINK_LOGIC/LC_CPUWR_HV2M23_VGMA/R_VGMA2[5] u_LOGIC_CENTER/LINK_LOGIC/LC_CPUWR_HV2M23_VGMA/R_VGMA2[4] u_LOGIC_CENTER/LINK_LOGIC/LC_CPUWR_HV2M23_VGMA/R_VGMA2[3] u_LOGIC_CENTER/LINK_LOGIC/LC_CPUWR_HV2M23_VGMA/R_VGMA2[2] u_LOGIC_CENTER/LINK_LOGIC/LC_CPUWR_HV2M23_VGMA/R_VGMA2[1] u_LOGIC_CENTER/LINK_LOGIC/LC_CPUWR_HV2M23_VGMA/R_VGMA2[0] u_LOGIC_CENTER/LINK_LOGIC/LC_CPUWR_HV2M23_VGMA/R_VGMA3[7] u_LOGIC_CENTER/LINK_LOGIC/LC_CPUWR_HV2M23_VGMA/R_VGMA3[6] u_LOGIC_CENTER/LINK_LOGIC/LC_CPUWR_HV2M23_VGMA/R_VGMA3[5] u_LOGIC_CENTER/LINK_LOGIC/LC_CPUWR_HV2M23_VGMA/R_VGMA3[4] u_LOGIC_CENTER/LINK_LOGIC/LC_CPUWR_HV2M23_VGMA/R_VGMA3[3] u_LOGIC_CENTER/LINK_LOGIC/LC_CPUWR_HV2M23_VGMA/R_VGMA3[2] u_LOGIC_CENTER/LINK_LOGIC/LC_CPUWR_HV2M23_VGMA/R_VGMA3[1] u_LOGIC_CENTER/LINK_LOGIC/LC_CPUWR_HV2M23_VGMA/R_VGMA3[0] u_LOGIC_CENTER/LINK_LOGIC/LC_CPUWR_HV2M23_VGMA/R_VGMA4[7] u_LOGIC_CENTER/LINK_LOGIC/LC_CPUWR_HV2M23_VGMA/R_VGMA4[6] u_LOGIC_CENTER/LINK_LOGIC/LC_CPUWR_HV2M23_VGMA/R_VGMA4[5] u_LOGIC_CENTER/LINK_LOGIC/LC_CPUWR_HV2M23_VGMA/R_VGMA4[4] u_LOGIC_CENTER/LINK_LOGIC/LC_CPUWR_HV2M23_VGMA/R_VGMA4[3] u_LOGIC_CENTER/LINK_LOGIC/LC_CPUWR_HV2M23_VGMA/R_VGMA4[2] u_LOGIC_CENTER/LINK_LOGIC/LC_CPUWR_HV2M23_VGMA/R_VGMA4[1] u_LOGIC_CENTER/LINK_LOGIC/LC_CPUWR_HV2M23_VGMA/R_VGMA4[0] u_LOGIC_CENTER/LINK_LOGIC/LC_CPUWR_HV2M23_VGMA/R_VGMA5[7] u_LOGIC_CENTER/LINK_LOGIC/LC_CPUWR_HV2M23_VGMA/R_VGMA5[6] u_LOGIC_CENTER/LINK_LOGIC/LC_CPUWR_HV2M23_VGMA/R_VGMA5[5] u_LOGIC_CENTER/LINK_LOGIC/LC_CPUWR_HV2M23_VGMA/R_VGMA5[4] u_LOGIC_CENTER/LINK_LOGIC/LC_CPUWR_HV2M23_VGMA/R_VGMA5[3] u_LOGIC_CENTER/LINK_LOGIC/LC_CPUWR_HV2M23_VGMA/R_VGMA5[2] u_LOGIC_CENTER/LINK_LOGIC/LC_CPUWR_HV2M23_VGMA/R_VGMA5[1] u_LOGIC_CENTER/LINK_LOGIC/LC_CPUWR_HV2M23_VGMA/R_VGMA5[0] u_LOGIC_CENTER/LINK_LOGIC/LC_CPUWR_HV2M23_VGMA/R_VGMA6[7] u_LOGIC_CENTER/LINK_LOGIC/LC_CPUWR_HV2M23_VGMA/R_VGMA6[6] u_LOGIC_CENTER/LINK_LOGIC/LC_CPUWR_HV2M23_VGMA/R_VGMA6[5] u_LOGIC_CENTER/LINK_LOGIC/LC_CPUWR_HV2M23_VGMA/R_VGMA6[4] u_LOGIC_CENTER/LINK_LOGIC/LC_CPUWR_HV2M23_VGMA/R_VGMA6[3] u_LOGIC_CENTER/LINK_LOGIC/LC_CPUWR_HV2M23_VGMA/R_VGMA6[2] u_LOGIC_CENTER/LINK_LOGIC/LC_CPUWR_HV2M23_VGMA/R_VGMA6[1] u_LOGIC_CENTER/LINK_LOGIC/LC_CPUWR_HV2M23_VGMA/R_VGMA6[0] u_LOGIC_CENTER/LINK_LOGIC/LC_CPUWR_HV2M23_VGMA/R_VGMA7[7] u_LOGIC_CENTER/LINK_LOGIC/LC_CPUWR_HV2M23_VGMA/R_VGMA7[6] u_LOGIC_CENTER/LINK_LOGIC/LC_CPUWR_HV2M23_VGMA/R_VGMA7[5] u_LOGIC_CENTER/LINK_LOGIC/LC_CPUWR_HV2M23_VGMA/R_VGMA7[4] u_LOGIC_CENTER/LINK_LOGIC/LC_CPUWR_HV2M23_VGMA/R_VGMA7[3] u_LOGIC_CENTER/LINK_LOGIC/LC_CPUWR_HV2M23_VGMA/R_VGMA7[2] u_LOGIC_CENTER/LINK_LOGIC/LC_CPUWR_HV2M23_VGMA/R_VGMA7[1] u_LOGIC_CENTER/LINK_LOGIC/LC_CPUWR_HV2M23_VGMA/R_VGMA7[0] u_LOGIC_CENTER/LINK_LOGIC/LC_CPUWR_HV2M23_VGMA/R_VGMA8[7] u_LOGIC_CENTER/LINK_LOGIC/LC_CPUWR_HV2M23_VGMA/R_VGMA8[6] u_LOGIC_CENTER/LINK_LOGIC/LC_CPUWR_HV2M23_VGMA/R_VGMA8[5] u_LOGIC_CENTER/LINK_LOGIC/LC_CPUWR_HV2M23_VGMA/R_VGMA8[4] u_LOGIC_CENTER/LINK_LOGIC/LC_CPUWR_HV2M23_VGMA/R_VGMA8[3] u_LOGIC_CENTER/LINK_LOGIC/LC_CPUWR_HV2M23_VGMA/R_VGMA8[2] u_LOGIC_CENTER/LINK_LOGIC/LC_CPUWR_HV2M23_VGMA/R_VGMA8[1] u_LOGIC_CENTER/LINK_LOGIC/LC_CPUWR_HV2M23_VGMA/R_VGMA8[0] u_LOGIC_CENTER/LINK_LOGIC/LC_CPUWR_HV2M23_VGMA/R_VGMA9[7] u_LOGIC_CENTER/LINK_LOGIC/LC_CPUWR_HV2M23_VGMA/R_VGMA9[6] u_LOGIC_CENTER/LINK_LOGIC/LC_CPUWR_HV2M23_VGMA/R_VGMA9[5] u_LOGIC_CENTER/LINK_LOGIC/LC_CPUWR_HV2M23_VGMA/R_VGMA9[4] u_LOGIC_CENTER/LINK_LOGIC/LC_CPUWR_HV2M23_VGMA/R_VGMA9[3] u_LOGIC_CENTER/LINK_LOGIC/LC_CPUWR_HV2M23_VGMA/R_VGMA9[2] u_LOGIC_CENTER/LINK_LOGIC/LC_CPUWR_HV2M23_VGMA/R_VGMA9[1] u_LOGIC_CENTER/LINK_LOGIC/LC_CPUWR_HV2M23_VGMA/R_VGMA9[0] u_LOGIC_CENTER/LINK_LOGIC/LC_CPUWR_HV2M23_VGMA/R_VGMA10[7] u_LOGIC_CENTER/LINK_LOGIC/LC_CPUWR_HV2M23_VGMA/R_VGMA10[6] u_LOGIC_CENTER/LINK_LOGIC/LC_CPUWR_HV2M23_VGMA/R_VGMA10[5] u_LOGIC_CENTER/LINK_LOGIC/LC_CPUWR_HV2M23_VGMA/R_VGMA10[4] u_LOGIC_CENTER/LINK_LOGIC/LC_CPUWR_HV2M23_VGMA/R_VGMA10[3] u_LOGIC_CENTER/LINK_LOGIC/LC_CPUWR_HV2M23_VGMA/R_VGMA10[2] u_LOGIC_CENTER/LINK_LOGIC/LC_CPUWR_HV2M23_VGMA/R_VGMA10[1] u_LOGIC_CENTER/LINK_LOGIC/LC_CPUWR_HV2M23_VGMA/R_VGMA10[0] u_LOGIC_CENTER/LINK_LOGIC/LC_CPUWR_HV2M23_VGMA/R_VGMA11[7] u_LOGIC_CENTER/LINK_LOGIC/LC_CPUWR_HV2M23_VGMA/R_VGMA11[6] u_LOGIC_CENTER/LINK_LOGIC/LC_CPUWR_HV2M23_VGMA/R_VGMA11[5] u_LOGIC_CENTER/LINK_LOGIC/LC_CPUWR_HV2M23_VGMA/R_VGMA11[4] u_LOGIC_CENTER/LINK_LOGIC/LC_CPUWR_HV2M23_VGMA/R_VGMA11[3] u_LOGIC_CENTER/LINK_LOGIC/LC_CPUWR_HV2M23_VGMA/R_VGMA11[2] u_LOGIC_CENTER/LINK_LOGIC/LC_CPUWR_HV2M23_VGMA/R_VGMA11[1] u_LOGIC_CENTER/LINK_LOGIC/LC_CPUWR_HV2M23_VGMA/R_VGMA11[0] u_LOGIC_CENTER/LINK_LOGIC/LC_CPUWR_HV2M23_VGMA/R_VGMA12[7] u_LOGIC_CENTER/LINK_LOGIC/LC_CPUWR_HV2M23_VGMA/R_VGMA12[6] u_LOGIC_CENTER/LINK_LOGIC/LC_CPUWR_HV2M23_VGMA/R_VGMA12[5] u_LOGIC_CENTER/LINK_LOGIC/LC_CPUWR_HV2M23_VGMA/R_VGMA12[4] u_LOGIC_CENTER/LINK_LOGIC/LC_CPUWR_HV2M23_VGMA/R_VGMA12[3] u_LOGIC_CENTER/LINK_LOGIC/LC_CPUWR_HV2M23_VGMA/R_VGMA12[2] u_LOGIC_CENTER/LINK_LOGIC/LC_CPUWR_HV2M23_VGMA/R_VGMA12[1] u_LOGIC_CENTER/LINK_LOGIC/LC_CPUWR_HV2M23_VGMA/R_VGMA12[0] u_LOGIC_CENTER/LINK_LOGIC/LC_CPUWR_HV2M23_VGMA/R_VGMA13[7] u_LOGIC_CENTER/LINK_LOGIC/LC_CPUWR_HV2M23_VGMA/R_VGMA13[6] u_LOGIC_CENTER/LINK_LOGIC/LC_CPUWR_HV2M23_VGMA/R_VGMA13[5] u_LOGIC_CENTER/LINK_LOGIC/LC_CPUWR_HV2M23_VGMA/R_VGMA13[4] u_LOGIC_CENTER/LINK_LOGIC/LC_CPUWR_HV2M23_VGMA/R_VGMA13[3] u_LOGIC_CENTER/LINK_LOGIC/LC_CPUWR_HV2M23_VGMA/R_VGMA13[2] u_LOGIC_CENTER/LINK_LOGIC/LC_CPUWR_HV2M23_VGMA/R_VGMA13[1] u_LOGIC_CENTER/LINK_LOGIC/LC_CPUWR_HV2M23_VGMA/R_VGMA13[0] u_LOGIC_CENTER/LINK_LOGIC/LC_CPUWR_HV2M23_VGMA/R_VGMA14[7] u_LOGIC_CENTER/LINK_LOGIC/LC_CPUWR_HV2M23_VGMA/R_VGMA14[6] u_LOGIC_CENTER/LINK_LOGIC/LC_CPUWR_HV2M23_VGMA/R_VGMA14[5] u_LOGIC_CENTER/LINK_LOGIC/LC_CPUWR_HV2M23_VGMA/R_VGMA14[4] u_LOGIC_CENTER/LINK_LOGIC/LC_CPUWR_HV2M23_VGMA/R_VGMA14[3] u_LOGIC_CENTER/LINK_LOGIC/LC_CPUWR_HV2M23_VGMA/R_VGMA14[2] u_LOGIC_CENTER/LINK_LOGIC/LC_CPUWR_HV2M23_VGMA/R_VGMA14[1] u_LOGIC_CENTER/LINK_LOGIC/LC_CPUWR_HV2M23_VGMA/R_VGMA14[0] u_LOGIC_CENTER/LINK_LOGIC/LC_CPUWR_HV2M23_VGMA/R_VGMA15[7] u_LOGIC_CENTER/LINK_LOGIC/LC_CPUWR_HV2M23_VGMA/R_VGMA15[6] u_LOGIC_CENTER/LINK_LOGIC/LC_CPUWR_HV2M23_VGMA/R_VGMA15[5] u_LOGIC_CENTER/LINK_LOGIC/LC_CPUWR_HV2M23_VGMA/R_VGMA15[4] u_LOGIC_CENTER/LINK_LOGIC/LC_CPUWR_HV2M23_VGMA/R_VGMA15[3] u_LOGIC_CENTER/LINK_LOGIC/LC_CPUWR_HV2M23_VGMA/R_VGMA15[2] u_LOGIC_CENTER/LINK_LOGIC/LC_CPUWR_HV2M23_VGMA/R_VGMA15[1] u_LOGIC_CENTER/LINK_LOGIC/LC_CPUWR_HV2M23_VGMA/R_VGMA15[0] u_LOGIC_CENTER/LINK_LOGIC/LC_CPUWR_HV2M23_VGMA/R_VGMA16[7] u_LOGIC_CENTER/LINK_LOGIC/LC_CPUWR_HV2M23_VGMA/R_VGMA16[6] u_LOGIC_CENTER/LINK_LOGIC/LC_CPUWR_HV2M23_VGMA/R_VGMA16[5] u_LOGIC_CENTER/LINK_LOGIC/LC_CPUWR_HV2M23_VGMA/R_VGMA16[4] u_LOGIC_CENTER/LINK_LOGIC/LC_CPUWR_HV2M23_VGMA/R_VGMA16[3] u_LOGIC_CENTER/LINK_LOGIC/LC_CPUWR_HV2M23_VGMA/R_VGMA16[2] u_LOGIC_CENTER/LINK_LOGIC/LC_CPUWR_HV2M23_VGMA/R_VGMA16[1] u_LOGIC_CENTER/LINK_LOGIC/LC_CPUWR_HV2M23_VGMA/R_VGMA16[0] u_LOGIC_CENTER/LINK_LOGIC/LC_CPUWR_HV2M23/R_EMI_DLY[1] u_LOGIC_CENTER/LINK_LOGIC/LC_CPUWR_HV2M23/R_EMI_DLY[0] u_LOGIC_CENTER/LINK_LOGIC/LC_CPUWR_HV2M23/R_EMI_BYPASS u_LOGIC_CENTER/LINK_LOGIC/LC_CPUWR_HV2M23/R_CH12_HIZ u_LOGIC_CENTER/LINK_LOGIC/LC_CPUWR_HV2M23/R_CH34_HIZ u_LOGIC_CENTER/LINK_LOGIC/LC_CPUWR_HV2M23/R_PD_GOP u_LOGIC_CENTER/LINK_LOGIC/LC_CPUWR_HV2M23/R_PD_GBIAS u_LOGIC_CENTER/LINK_LOGIC/LC_CPUWR_HV2M23/R_VGMAI_SEL u_LOGIC_CENTER/LINK_LOGIC/LC_CPUWR_HV2M23/R_S6B8B u_LOGIC_CENTER/LINK_LOGIC/LC_CPUWR_HV2M23/R_GMA_S u_LOGIC_CENTER/LINK_LOGIC/LC_CPUWR_HV2M23/R_GMA_MON u_LOGIC_CENTER/LINK_LOGIC/LC_CPUWR_HV2M23/R_GMA_LEAK u_LOGIC_CENTER/LINK_LOGIC/LC_CPUWR_HV2M23/R_PWRC_GOP[1] u_LOGIC_CENTER/LINK_LOGIC/LC_CPUWR_HV2M23/R_PWRC_GOP[0] u_LOGIC_CENTER/LINK_LOGIC/LC_CPUWR_HV2M23/R_PTAT_EN u_LOGIC_CENTER/LINK_LOGIC/LC_CPUWR_HV2M23/R_MON_DC_VOL[2] u_LOGIC_CENTER/LINK_LOGIC/LC_CPUWR_HV2M23/R_MON_DC_VOL[1] u_LOGIC_CENTER/LINK_LOGIC/LC_CPUWR_HV2M23/R_MON_DC_VOL[0] u_LOGIC_CENTER/LINK_LOGIC/LC_CPUWR_HV2M23/R_UTC[3] u_LOGIC_CENTER/LINK_LOGIC/LC_CPUWR_HV2M23/R_UTC[2] u_LOGIC_CENTER/LINK_LOGIC/LC_CPUWR_HV2M23/R_UTC[1] u_LOGIC_CENTER/LINK_LOGIC/LC_CPUWR_HV2M23/R_UTC[0] u_LOGIC_CENTER/LINK_LOGIC/LC_CPUWR_HV2M23/R_MARK_6PIX u_LOGIC_CENTER/LINK_LOGIC/LC_CPUWR_HV2M23/R_FRM_CHK_MODE u_LOGIC_CENTER/LINK_LOGIC/LC_CPUWR_HV2M23/R_BAC u_LOGIC_CENTER/LINK_LOGIC/LC_CPUWR_HV2M23_VGMA/R_VGMA17[7] u_LOGIC_CENTER/LINK_LOGIC/LC_CPUWR_HV2M23_VGMA/R_VGMA17[6] u_LOGIC_CENTER/LINK_LOGIC/LC_CPUWR_HV2M23_VGMA/R_VGMA17[5] u_LOGIC_CENTER/LINK_LOGIC/LC_CPUWR_HV2M23_VGMA/R_VGMA17[4] u_LOGIC_CENTER/LINK_LOGIC/LC_CPUWR_HV2M23_VGMA/R_VGMA17[3] u_LOGIC_CENTER/LINK_LOGIC/LC_CPUWR_HV2M23_VGMA/R_VGMA17[2] u_LOGIC_CENTER/LINK_LOGIC/LC_CPUWR_HV2M23_VGMA/R_VGMA17[1] u_LOGIC_CENTER/LINK_LOGIC/LC_CPUWR_HV2M23_VGMA/R_VGMA17[0] u_LOGIC_CENTER/LINK_LOGIC/LC_CPUWR_HV2M23_VGMA/R_VGMA18[7] u_LOGIC_CENTER/LINK_LOGIC/LC_CPUWR_HV2M23_VGMA/R_VGMA18[6] u_LOGIC_CENTER/LINK_LOGIC/LC_CPUWR_HV2M23_VGMA/R_VGMA18[5] u_LOGIC_CENTER/LINK_LOGIC/LC_CPUWR_HV2M23_VGMA/R_VGMA18[4] u_LOGIC_CENTER/LINK_LOGIC/LC_CPUWR_HV2M23_VGMA/R_VGMA18[3] u_LOGIC_CENTER/LINK_LOGIC/LC_CPUWR_HV2M23_VGMA/R_VGMA18[2] u_LOGIC_CENTER/LINK_LOGIC/LC_CPUWR_HV2M23_VGMA/R_VGMA18[1] u_LOGIC_CENTER/LINK_LOGIC/LC_CPUWR_HV2M23_VGMA/R_VGMA18[0]}] 
1
set_multicycle_path  1 -hold -through [get_pins {u_LOGIC_CENTER/LINK_LOGIC/LC_CPUWR_HV2M23_VGMA/R_VGMA1[7] u_LOGIC_CENTER/LINK_LOGIC/LC_CPUWR_HV2M23_VGMA/R_VGMA1[6] u_LOGIC_CENTER/LINK_LOGIC/LC_CPUWR_HV2M23_VGMA/R_VGMA1[5] u_LOGIC_CENTER/LINK_LOGIC/LC_CPUWR_HV2M23_VGMA/R_VGMA1[4] u_LOGIC_CENTER/LINK_LOGIC/LC_CPUWR_HV2M23_VGMA/R_VGMA1[3] u_LOGIC_CENTER/LINK_LOGIC/LC_CPUWR_HV2M23_VGMA/R_VGMA1[2] u_LOGIC_CENTER/LINK_LOGIC/LC_CPUWR_HV2M23_VGMA/R_VGMA1[1] u_LOGIC_CENTER/LINK_LOGIC/LC_CPUWR_HV2M23_VGMA/R_VGMA1[0] u_LOGIC_CENTER/LINK_LOGIC/LC_CPUWR_HV2M23_VGMA/R_VGMA2[7] u_LOGIC_CENTER/LINK_LOGIC/LC_CPUWR_HV2M23_VGMA/R_VGMA2[6] u_LOGIC_CENTER/LINK_LOGIC/LC_CPUWR_HV2M23_VGMA/R_VGMA2[5] u_LOGIC_CENTER/LINK_LOGIC/LC_CPUWR_HV2M23_VGMA/R_VGMA2[4] u_LOGIC_CENTER/LINK_LOGIC/LC_CPUWR_HV2M23_VGMA/R_VGMA2[3] u_LOGIC_CENTER/LINK_LOGIC/LC_CPUWR_HV2M23_VGMA/R_VGMA2[2] u_LOGIC_CENTER/LINK_LOGIC/LC_CPUWR_HV2M23_VGMA/R_VGMA2[1] u_LOGIC_CENTER/LINK_LOGIC/LC_CPUWR_HV2M23_VGMA/R_VGMA2[0] u_LOGIC_CENTER/LINK_LOGIC/LC_CPUWR_HV2M23_VGMA/R_VGMA3[7] u_LOGIC_CENTER/LINK_LOGIC/LC_CPUWR_HV2M23_VGMA/R_VGMA3[6] u_LOGIC_CENTER/LINK_LOGIC/LC_CPUWR_HV2M23_VGMA/R_VGMA3[5] u_LOGIC_CENTER/LINK_LOGIC/LC_CPUWR_HV2M23_VGMA/R_VGMA3[4] u_LOGIC_CENTER/LINK_LOGIC/LC_CPUWR_HV2M23_VGMA/R_VGMA3[3] u_LOGIC_CENTER/LINK_LOGIC/LC_CPUWR_HV2M23_VGMA/R_VGMA3[2] u_LOGIC_CENTER/LINK_LOGIC/LC_CPUWR_HV2M23_VGMA/R_VGMA3[1] u_LOGIC_CENTER/LINK_LOGIC/LC_CPUWR_HV2M23_VGMA/R_VGMA3[0] u_LOGIC_CENTER/LINK_LOGIC/LC_CPUWR_HV2M23_VGMA/R_VGMA4[7] u_LOGIC_CENTER/LINK_LOGIC/LC_CPUWR_HV2M23_VGMA/R_VGMA4[6] u_LOGIC_CENTER/LINK_LOGIC/LC_CPUWR_HV2M23_VGMA/R_VGMA4[5] u_LOGIC_CENTER/LINK_LOGIC/LC_CPUWR_HV2M23_VGMA/R_VGMA4[4] u_LOGIC_CENTER/LINK_LOGIC/LC_CPUWR_HV2M23_VGMA/R_VGMA4[3] u_LOGIC_CENTER/LINK_LOGIC/LC_CPUWR_HV2M23_VGMA/R_VGMA4[2] u_LOGIC_CENTER/LINK_LOGIC/LC_CPUWR_HV2M23_VGMA/R_VGMA4[1] u_LOGIC_CENTER/LINK_LOGIC/LC_CPUWR_HV2M23_VGMA/R_VGMA4[0] u_LOGIC_CENTER/LINK_LOGIC/LC_CPUWR_HV2M23_VGMA/R_VGMA5[7] u_LOGIC_CENTER/LINK_LOGIC/LC_CPUWR_HV2M23_VGMA/R_VGMA5[6] u_LOGIC_CENTER/LINK_LOGIC/LC_CPUWR_HV2M23_VGMA/R_VGMA5[5] u_LOGIC_CENTER/LINK_LOGIC/LC_CPUWR_HV2M23_VGMA/R_VGMA5[4] u_LOGIC_CENTER/LINK_LOGIC/LC_CPUWR_HV2M23_VGMA/R_VGMA5[3] u_LOGIC_CENTER/LINK_LOGIC/LC_CPUWR_HV2M23_VGMA/R_VGMA5[2] u_LOGIC_CENTER/LINK_LOGIC/LC_CPUWR_HV2M23_VGMA/R_VGMA5[1] u_LOGIC_CENTER/LINK_LOGIC/LC_CPUWR_HV2M23_VGMA/R_VGMA5[0] u_LOGIC_CENTER/LINK_LOGIC/LC_CPUWR_HV2M23_VGMA/R_VGMA6[7] u_LOGIC_CENTER/LINK_LOGIC/LC_CPUWR_HV2M23_VGMA/R_VGMA6[6] u_LOGIC_CENTER/LINK_LOGIC/LC_CPUWR_HV2M23_VGMA/R_VGMA6[5] u_LOGIC_CENTER/LINK_LOGIC/LC_CPUWR_HV2M23_VGMA/R_VGMA6[4] u_LOGIC_CENTER/LINK_LOGIC/LC_CPUWR_HV2M23_VGMA/R_VGMA6[3] u_LOGIC_CENTER/LINK_LOGIC/LC_CPUWR_HV2M23_VGMA/R_VGMA6[2] u_LOGIC_CENTER/LINK_LOGIC/LC_CPUWR_HV2M23_VGMA/R_VGMA6[1] u_LOGIC_CENTER/LINK_LOGIC/LC_CPUWR_HV2M23_VGMA/R_VGMA6[0] u_LOGIC_CENTER/LINK_LOGIC/LC_CPUWR_HV2M23_VGMA/R_VGMA7[7] u_LOGIC_CENTER/LINK_LOGIC/LC_CPUWR_HV2M23_VGMA/R_VGMA7[6] u_LOGIC_CENTER/LINK_LOGIC/LC_CPUWR_HV2M23_VGMA/R_VGMA7[5] u_LOGIC_CENTER/LINK_LOGIC/LC_CPUWR_HV2M23_VGMA/R_VGMA7[4] u_LOGIC_CENTER/LINK_LOGIC/LC_CPUWR_HV2M23_VGMA/R_VGMA7[3] u_LOGIC_CENTER/LINK_LOGIC/LC_CPUWR_HV2M23_VGMA/R_VGMA7[2] u_LOGIC_CENTER/LINK_LOGIC/LC_CPUWR_HV2M23_VGMA/R_VGMA7[1] u_LOGIC_CENTER/LINK_LOGIC/LC_CPUWR_HV2M23_VGMA/R_VGMA7[0] u_LOGIC_CENTER/LINK_LOGIC/LC_CPUWR_HV2M23_VGMA/R_VGMA8[7] u_LOGIC_CENTER/LINK_LOGIC/LC_CPUWR_HV2M23_VGMA/R_VGMA8[6] u_LOGIC_CENTER/LINK_LOGIC/LC_CPUWR_HV2M23_VGMA/R_VGMA8[5] u_LOGIC_CENTER/LINK_LOGIC/LC_CPUWR_HV2M23_VGMA/R_VGMA8[4] u_LOGIC_CENTER/LINK_LOGIC/LC_CPUWR_HV2M23_VGMA/R_VGMA8[3] u_LOGIC_CENTER/LINK_LOGIC/LC_CPUWR_HV2M23_VGMA/R_VGMA8[2] u_LOGIC_CENTER/LINK_LOGIC/LC_CPUWR_HV2M23_VGMA/R_VGMA8[1] u_LOGIC_CENTER/LINK_LOGIC/LC_CPUWR_HV2M23_VGMA/R_VGMA8[0] u_LOGIC_CENTER/LINK_LOGIC/LC_CPUWR_HV2M23_VGMA/R_VGMA9[7] u_LOGIC_CENTER/LINK_LOGIC/LC_CPUWR_HV2M23_VGMA/R_VGMA9[6] u_LOGIC_CENTER/LINK_LOGIC/LC_CPUWR_HV2M23_VGMA/R_VGMA9[5] u_LOGIC_CENTER/LINK_LOGIC/LC_CPUWR_HV2M23_VGMA/R_VGMA9[4] u_LOGIC_CENTER/LINK_LOGIC/LC_CPUWR_HV2M23_VGMA/R_VGMA9[3] u_LOGIC_CENTER/LINK_LOGIC/LC_CPUWR_HV2M23_VGMA/R_VGMA9[2] u_LOGIC_CENTER/LINK_LOGIC/LC_CPUWR_HV2M23_VGMA/R_VGMA9[1] u_LOGIC_CENTER/LINK_LOGIC/LC_CPUWR_HV2M23_VGMA/R_VGMA9[0] u_LOGIC_CENTER/LINK_LOGIC/LC_CPUWR_HV2M23_VGMA/R_VGMA10[7] u_LOGIC_CENTER/LINK_LOGIC/LC_CPUWR_HV2M23_VGMA/R_VGMA10[6] u_LOGIC_CENTER/LINK_LOGIC/LC_CPUWR_HV2M23_VGMA/R_VGMA10[5] u_LOGIC_CENTER/LINK_LOGIC/LC_CPUWR_HV2M23_VGMA/R_VGMA10[4] u_LOGIC_CENTER/LINK_LOGIC/LC_CPUWR_HV2M23_VGMA/R_VGMA10[3] u_LOGIC_CENTER/LINK_LOGIC/LC_CPUWR_HV2M23_VGMA/R_VGMA10[2] u_LOGIC_CENTER/LINK_LOGIC/LC_CPUWR_HV2M23_VGMA/R_VGMA10[1] u_LOGIC_CENTER/LINK_LOGIC/LC_CPUWR_HV2M23_VGMA/R_VGMA10[0] u_LOGIC_CENTER/LINK_LOGIC/LC_CPUWR_HV2M23_VGMA/R_VGMA11[7] u_LOGIC_CENTER/LINK_LOGIC/LC_CPUWR_HV2M23_VGMA/R_VGMA11[6] u_LOGIC_CENTER/LINK_LOGIC/LC_CPUWR_HV2M23_VGMA/R_VGMA11[5] u_LOGIC_CENTER/LINK_LOGIC/LC_CPUWR_HV2M23_VGMA/R_VGMA11[4] u_LOGIC_CENTER/LINK_LOGIC/LC_CPUWR_HV2M23_VGMA/R_VGMA11[3] u_LOGIC_CENTER/LINK_LOGIC/LC_CPUWR_HV2M23_VGMA/R_VGMA11[2] u_LOGIC_CENTER/LINK_LOGIC/LC_CPUWR_HV2M23_VGMA/R_VGMA11[1] u_LOGIC_CENTER/LINK_LOGIC/LC_CPUWR_HV2M23_VGMA/R_VGMA11[0] u_LOGIC_CENTER/LINK_LOGIC/LC_CPUWR_HV2M23_VGMA/R_VGMA12[7] u_LOGIC_CENTER/LINK_LOGIC/LC_CPUWR_HV2M23_VGMA/R_VGMA12[6] u_LOGIC_CENTER/LINK_LOGIC/LC_CPUWR_HV2M23_VGMA/R_VGMA12[5] u_LOGIC_CENTER/LINK_LOGIC/LC_CPUWR_HV2M23_VGMA/R_VGMA12[4] u_LOGIC_CENTER/LINK_LOGIC/LC_CPUWR_HV2M23_VGMA/R_VGMA12[3] u_LOGIC_CENTER/LINK_LOGIC/LC_CPUWR_HV2M23_VGMA/R_VGMA12[2] u_LOGIC_CENTER/LINK_LOGIC/LC_CPUWR_HV2M23_VGMA/R_VGMA12[1] u_LOGIC_CENTER/LINK_LOGIC/LC_CPUWR_HV2M23_VGMA/R_VGMA12[0] u_LOGIC_CENTER/LINK_LOGIC/LC_CPUWR_HV2M23_VGMA/R_VGMA13[7] u_LOGIC_CENTER/LINK_LOGIC/LC_CPUWR_HV2M23_VGMA/R_VGMA13[6] u_LOGIC_CENTER/LINK_LOGIC/LC_CPUWR_HV2M23_VGMA/R_VGMA13[5] u_LOGIC_CENTER/LINK_LOGIC/LC_CPUWR_HV2M23_VGMA/R_VGMA13[4] u_LOGIC_CENTER/LINK_LOGIC/LC_CPUWR_HV2M23_VGMA/R_VGMA13[3] u_LOGIC_CENTER/LINK_LOGIC/LC_CPUWR_HV2M23_VGMA/R_VGMA13[2] u_LOGIC_CENTER/LINK_LOGIC/LC_CPUWR_HV2M23_VGMA/R_VGMA13[1] u_LOGIC_CENTER/LINK_LOGIC/LC_CPUWR_HV2M23_VGMA/R_VGMA13[0] u_LOGIC_CENTER/LINK_LOGIC/LC_CPUWR_HV2M23_VGMA/R_VGMA14[7] u_LOGIC_CENTER/LINK_LOGIC/LC_CPUWR_HV2M23_VGMA/R_VGMA14[6] u_LOGIC_CENTER/LINK_LOGIC/LC_CPUWR_HV2M23_VGMA/R_VGMA14[5] u_LOGIC_CENTER/LINK_LOGIC/LC_CPUWR_HV2M23_VGMA/R_VGMA14[4] u_LOGIC_CENTER/LINK_LOGIC/LC_CPUWR_HV2M23_VGMA/R_VGMA14[3] u_LOGIC_CENTER/LINK_LOGIC/LC_CPUWR_HV2M23_VGMA/R_VGMA14[2] u_LOGIC_CENTER/LINK_LOGIC/LC_CPUWR_HV2M23_VGMA/R_VGMA14[1] u_LOGIC_CENTER/LINK_LOGIC/LC_CPUWR_HV2M23_VGMA/R_VGMA14[0] u_LOGIC_CENTER/LINK_LOGIC/LC_CPUWR_HV2M23_VGMA/R_VGMA15[7] u_LOGIC_CENTER/LINK_LOGIC/LC_CPUWR_HV2M23_VGMA/R_VGMA15[6] u_LOGIC_CENTER/LINK_LOGIC/LC_CPUWR_HV2M23_VGMA/R_VGMA15[5] u_LOGIC_CENTER/LINK_LOGIC/LC_CPUWR_HV2M23_VGMA/R_VGMA15[4] u_LOGIC_CENTER/LINK_LOGIC/LC_CPUWR_HV2M23_VGMA/R_VGMA15[3] u_LOGIC_CENTER/LINK_LOGIC/LC_CPUWR_HV2M23_VGMA/R_VGMA15[2] u_LOGIC_CENTER/LINK_LOGIC/LC_CPUWR_HV2M23_VGMA/R_VGMA15[1] u_LOGIC_CENTER/LINK_LOGIC/LC_CPUWR_HV2M23_VGMA/R_VGMA15[0] u_LOGIC_CENTER/LINK_LOGIC/LC_CPUWR_HV2M23_VGMA/R_VGMA16[7] u_LOGIC_CENTER/LINK_LOGIC/LC_CPUWR_HV2M23_VGMA/R_VGMA16[6] u_LOGIC_CENTER/LINK_LOGIC/LC_CPUWR_HV2M23_VGMA/R_VGMA16[5] u_LOGIC_CENTER/LINK_LOGIC/LC_CPUWR_HV2M23_VGMA/R_VGMA16[4] u_LOGIC_CENTER/LINK_LOGIC/LC_CPUWR_HV2M23_VGMA/R_VGMA16[3] u_LOGIC_CENTER/LINK_LOGIC/LC_CPUWR_HV2M23_VGMA/R_VGMA16[2] u_LOGIC_CENTER/LINK_LOGIC/LC_CPUWR_HV2M23_VGMA/R_VGMA16[1] u_LOGIC_CENTER/LINK_LOGIC/LC_CPUWR_HV2M23_VGMA/R_VGMA16[0] u_LOGIC_CENTER/LINK_LOGIC/LC_CPUWR_HV2M23/R_EMI_DLY[1] u_LOGIC_CENTER/LINK_LOGIC/LC_CPUWR_HV2M23/R_EMI_DLY[0] u_LOGIC_CENTER/LINK_LOGIC/LC_CPUWR_HV2M23/R_EMI_BYPASS u_LOGIC_CENTER/LINK_LOGIC/LC_CPUWR_HV2M23/R_CH12_HIZ u_LOGIC_CENTER/LINK_LOGIC/LC_CPUWR_HV2M23/R_CH34_HIZ u_LOGIC_CENTER/LINK_LOGIC/LC_CPUWR_HV2M23/R_PD_GOP u_LOGIC_CENTER/LINK_LOGIC/LC_CPUWR_HV2M23/R_PD_GBIAS u_LOGIC_CENTER/LINK_LOGIC/LC_CPUWR_HV2M23/R_VGMAI_SEL u_LOGIC_CENTER/LINK_LOGIC/LC_CPUWR_HV2M23/R_S6B8B u_LOGIC_CENTER/LINK_LOGIC/LC_CPUWR_HV2M23/R_GMA_S u_LOGIC_CENTER/LINK_LOGIC/LC_CPUWR_HV2M23/R_GMA_MON u_LOGIC_CENTER/LINK_LOGIC/LC_CPUWR_HV2M23/R_GMA_LEAK u_LOGIC_CENTER/LINK_LOGIC/LC_CPUWR_HV2M23/R_PWRC_GOP[1] u_LOGIC_CENTER/LINK_LOGIC/LC_CPUWR_HV2M23/R_PWRC_GOP[0] u_LOGIC_CENTER/LINK_LOGIC/LC_CPUWR_HV2M23/R_PTAT_EN u_LOGIC_CENTER/LINK_LOGIC/LC_CPUWR_HV2M23/R_MON_DC_VOL[2] u_LOGIC_CENTER/LINK_LOGIC/LC_CPUWR_HV2M23/R_MON_DC_VOL[1] u_LOGIC_CENTER/LINK_LOGIC/LC_CPUWR_HV2M23/R_MON_DC_VOL[0] u_LOGIC_CENTER/LINK_LOGIC/LC_CPUWR_HV2M23/R_UTC[3] u_LOGIC_CENTER/LINK_LOGIC/LC_CPUWR_HV2M23/R_UTC[2] u_LOGIC_CENTER/LINK_LOGIC/LC_CPUWR_HV2M23/R_UTC[1] u_LOGIC_CENTER/LINK_LOGIC/LC_CPUWR_HV2M23/R_UTC[0] u_LOGIC_CENTER/LINK_LOGIC/LC_CPUWR_HV2M23/R_MARK_6PIX u_LOGIC_CENTER/LINK_LOGIC/LC_CPUWR_HV2M23/R_FRM_CHK_MODE u_LOGIC_CENTER/LINK_LOGIC/LC_CPUWR_HV2M23/R_BAC u_LOGIC_CENTER/LINK_LOGIC/LC_CPUWR_HV2M23_VGMA/R_VGMA17[7] u_LOGIC_CENTER/LINK_LOGIC/LC_CPUWR_HV2M23_VGMA/R_VGMA17[6] u_LOGIC_CENTER/LINK_LOGIC/LC_CPUWR_HV2M23_VGMA/R_VGMA17[5] u_LOGIC_CENTER/LINK_LOGIC/LC_CPUWR_HV2M23_VGMA/R_VGMA17[4] u_LOGIC_CENTER/LINK_LOGIC/LC_CPUWR_HV2M23_VGMA/R_VGMA17[3] u_LOGIC_CENTER/LINK_LOGIC/LC_CPUWR_HV2M23_VGMA/R_VGMA17[2] u_LOGIC_CENTER/LINK_LOGIC/LC_CPUWR_HV2M23_VGMA/R_VGMA17[1] u_LOGIC_CENTER/LINK_LOGIC/LC_CPUWR_HV2M23_VGMA/R_VGMA17[0] u_LOGIC_CENTER/LINK_LOGIC/LC_CPUWR_HV2M23_VGMA/R_VGMA18[7] u_LOGIC_CENTER/LINK_LOGIC/LC_CPUWR_HV2M23_VGMA/R_VGMA18[6] u_LOGIC_CENTER/LINK_LOGIC/LC_CPUWR_HV2M23_VGMA/R_VGMA18[5] u_LOGIC_CENTER/LINK_LOGIC/LC_CPUWR_HV2M23_VGMA/R_VGMA18[4] u_LOGIC_CENTER/LINK_LOGIC/LC_CPUWR_HV2M23_VGMA/R_VGMA18[3] u_LOGIC_CENTER/LINK_LOGIC/LC_CPUWR_HV2M23_VGMA/R_VGMA18[2] u_LOGIC_CENTER/LINK_LOGIC/LC_CPUWR_HV2M23_VGMA/R_VGMA18[1] u_LOGIC_CENTER/LINK_LOGIC/LC_CPUWR_HV2M23_VGMA/R_VGMA18[0]}] 
1
set_multicycle_path  2 -setup -start -through [get_pins {u_LOGIC_CENTER/LINK_LOGIC/LC_CSPIF_L0/POL_DET_reg/Q}] -to [get_ports {DBL4[2] DBCO_DRV[0] DBR1[5] DBR2[1] DBL3[7] DBL4[3] DBCO_DRV[1] DBL0[0] DBR1[6] DBR2[2] DBL4[4] DBL0[1] DBR1[7] DBL5[0] DBR2[3] DBL4[5] DBL0[2] DBL5[1] DBR2[4] DBR3[0] DBL4[6] DBL0[3] DBL5[2] DBR2[5] DBR3[1] DBL4[7] DBL0[4] DBL5[3] DBL1[0] DBR2[6] DBR3[2] DBL0[5] DBL5[4] DBL1[1] DBR2[7] DBR3[3] DBL0[6] DBL5[5] DBL1[2] DBR3[4] DBL0[7] DBR4[0] DBL5[6] DBL1[3] DBR3[5] DBR4[1] DBL5[7] DBL1[4] DBL2[0] DBR3[6] DBR4[2] DBL1[5] DBL2[1] DBR3[7] DBR4[3] DBR0[0] DBL1[6] DBL2[2] DBR4[4] DBR0[1] DBL1[7] DBR5[0] DBL2[3] DBR4[5] DBR0[2] DBR5[1] DBL2[4] DBL3[0] DBR4[6] DBR0[3] DBR5[2] DBL2[5] DBL3[1] DBR4[7] DBR0[4] DBR5[3] DBR1[0] DBL2[6] DBL3[2] DBR0[5] DBR5[4] DBR1[1] DBL2[7] DBL3[3] DBR0[6] DBR5[5] DBR1[2] DBL3[4] DBR0[7] DBC DBL4[0] DBR5[6] DBR1[3] DBL3[5] DBL4[1] DBR5[7] DBR1[4] DBR2[0] DBL3[6]}]
1
set_multicycle_path  1 -hold -through [get_pins {u_LOGIC_CENTER/LINK_LOGIC/LC_CSPIF_L0/POL_DET_reg/Q}] -to [get_ports {DBL4[2] DBCO_DRV[0] DBR1[5] DBR2[1] DBL3[7] DBL4[3] DBCO_DRV[1] DBL0[0] DBR1[6] DBR2[2] DBL4[4] DBL0[1] DBR1[7] DBL5[0] DBR2[3] DBL4[5] DBL0[2] DBL5[1] DBR2[4] DBR3[0] DBL4[6] DBL0[3] DBL5[2] DBR2[5] DBR3[1] DBL4[7] DBL0[4] DBL5[3] DBL1[0] DBR2[6] DBR3[2] DBL0[5] DBL5[4] DBL1[1] DBR2[7] DBR3[3] DBL0[6] DBL5[5] DBL1[2] DBR3[4] DBL0[7] DBR4[0] DBL5[6] DBL1[3] DBR3[5] DBR4[1] DBL5[7] DBL1[4] DBL2[0] DBR3[6] DBR4[2] DBL1[5] DBL2[1] DBR3[7] DBR4[3] DBR0[0] DBL1[6] DBL2[2] DBR4[4] DBR0[1] DBL1[7] DBR5[0] DBL2[3] DBR4[5] DBR0[2] DBR5[1] DBL2[4] DBL3[0] DBR4[6] DBR0[3] DBR5[2] DBL2[5] DBL3[1] DBR4[7] DBR0[4] DBR5[3] DBR1[0] DBL2[6] DBL3[2] DBR0[5] DBR5[4] DBR1[1] DBL2[7] DBL3[3] DBR0[6] DBR5[5] DBR1[2] DBL3[4] DBR0[7] DBC DBL4[0] DBR5[6] DBR1[3] DBL3[5] DBL4[1] DBR5[7] DBR1[4] DBR2[0] DBL3[6]}]
1
set_multicycle_path  2 -setup -from [get_pins {u_LOGIC_CENTER/LINK_LOGIC/LC_CSPIF_L0/POL_DET_reg/CK}] -to [get_pins {u_LOGIC_CENTER/CENTER1/TOTAL_DTCTL/DTCTL_L1/DATA1_L1_reg_3_/D u_LOGIC_CENTER/CENTER1/TOTAL_DTCTL/DTCTL_L1/DATA1_L1_reg_3_/RB u_LOGIC_CENTER/CENTER1/TOTAL_DTCTL/DTCTL_L1/DATA5_L1_reg_7_/D u_LOGIC_CENTER/CENTER1/TOTAL_DTCTL/DTCTL_L1/DATA5_L1_reg_7_/RB u_LOGIC_CENTER/CENTER1/TOTAL_DTCTL/DTCTL_L1/DATA1_L1_reg_4_/D u_LOGIC_CENTER/CENTER1/TOTAL_DTCTL/DTCTL_L1/DATA1_L1_reg_4_/RB u_LOGIC_CENTER/CENTER1/TOTAL_DTCTL/DTCTL_L1/DATA3_L1_PRE_reg_0_/D u_LOGIC_CENTER/CENTER1/TOTAL_DTCTL/DTCTL_L1/DATA3_L1_PRE_reg_0_/RB u_LOGIC_CENTER/CENTER1/TOTAL_DTCTL/DTCTL_L1/DATA3_L1_PRE_reg_5_/D u_LOGIC_CENTER/CENTER1/TOTAL_DTCTL/DTCTL_L1/DATA3_L1_PRE_reg_5_/RB u_LOGIC_CENTER/CENTER1/TOTAL_DTCTL/DTCTL_L1/DATA1_L1_PRE_reg_4_/D u_LOGIC_CENTER/CENTER1/TOTAL_DTCTL/DTCTL_L1/DATA1_L1_PRE_reg_4_/RB u_LOGIC_CENTER/CENTER1/TOTAL_DTCTL/DTCTL_L1/DATA5_L1_reg_3_/D u_LOGIC_CENTER/CENTER1/TOTAL_DTCTL/DTCTL_L1/DATA5_L1_reg_3_/RB u_LOGIC_CENTER/CENTER1/TOTAL_DTCTL/DTCTL_L1/DATA5_L1_PRE_reg_4_/D u_LOGIC_CENTER/CENTER1/TOTAL_DTCTL/DTCTL_L1/DATA5_L1_PRE_reg_4_/RB u_LOGIC_CENTER/CENTER1/TOTAL_DTCTL/DTCTL_L1/DATA3_L1_reg_5_/D u_LOGIC_CENTER/CENTER1/TOTAL_DTCTL/DTCTL_L1/DATA3_L1_reg_5_/RB u_LOGIC_CENTER/CENTER1/TOTAL_DTCTL/DTCTL_L1/DATA3_L1_PRE_reg_6_/D u_LOGIC_CENTER/CENTER1/TOTAL_DTCTL/DTCTL_L1/DATA3_L1_PRE_reg_6_/RB u_LOGIC_CENTER/CENTER1/TOTAL_DTCTL/DTCTL_L1/DATA1_L1_PRE_reg_5_/D u_LOGIC_CENTER/CENTER1/TOTAL_DTCTL/DTCTL_L1/DATA1_L1_PRE_reg_5_/RB u_LOGIC_CENTER/CENTER1/TOTAL_DTCTL/DTCTL_L1/DATA1_L1_reg_0_/D u_LOGIC_CENTER/CENTER1/TOTAL_DTCTL/DTCTL_L1/DATA1_L1_reg_0_/RB u_LOGIC_CENTER/CENTER1/TOTAL_DTCTL/DTCTL_L1/DATA5_L1_reg_4_/D u_LOGIC_CENTER/CENTER1/TOTAL_DTCTL/DTCTL_L1/DATA5_L1_reg_4_/RB u_LOGIC_CENTER/CENTER1/TOTAL_DTCTL/DTCTL_L1/DATA5_L1_PRE_reg_5_/D u_LOGIC_CENTER/CENTER1/TOTAL_DTCTL/DTCTL_L1/DATA5_L1_PRE_reg_5_/SB u_LOGIC_CENTER/CENTER1/TOTAL_DTCTL/DTCTL_L1/DATA5_L1_PRE_reg_5_/RB u_LOGIC_CENTER/CENTER1/TOTAL_DTCTL/DTCTL_L1/DATA3_L1_reg_6_/D u_LOGIC_CENTER/CENTER1/TOTAL_DTCTL/DTCTL_L1/DATA3_L1_reg_6_/RB u_LOGIC_CENTER/CENTER1/TOTAL_DTCTL/DTCTL_L1/DATA3_L1_PRE_reg_7_/D u_LOGIC_CENTER/CENTER1/TOTAL_DTCTL/DTCTL_L1/DATA3_L1_PRE_reg_7_/RB u_LOGIC_CENTER/CENTER1/TOTAL_DTCTL/DTCTL_L1/DATA1_L1_reg_1_/D u_LOGIC_CENTER/CENTER1/TOTAL_DTCTL/DTCTL_L1/DATA1_L1_reg_1_/RB u_LOGIC_CENTER/CENTER1/TOTAL_DTCTL/DTCTL_L1/DATA1_L1_PRE_reg_6_/D u_LOGIC_CENTER/CENTER1/TOTAL_DTCTL/DTCTL_L1/DATA1_L1_PRE_reg_6_/RB u_LOGIC_CENTER/CENTER1/TOTAL_DTCTL/DTCTL_L1/DATA5_L1_reg_5_/D u_LOGIC_CENTER/CENTER1/TOTAL_DTCTL/DTCTL_L1/DATA5_L1_reg_5_/RB u_LOGIC_CENTER/CENTER1/TOTAL_DTCTL/DTCTL_L1/DATA5_L1_PRE_reg_6_/D u_LOGIC_CENTER/CENTER1/TOTAL_DTCTL/DTCTL_L1/DATA5_L1_PRE_reg_6_/RB u_LOGIC_CENTER/CENTER1/TOTAL_DTCTL/DTCTL_L1/DATA3_L1_reg_7_/D u_LOGIC_CENTER/CENTER1/TOTAL_DTCTL/DTCTL_L1/DATA3_L1_reg_7_/RB u_LOGIC_CENTER/CENTER1/TOTAL_DTCTL/DTCTL_L1/DATA1_L1_reg_2_/D u_LOGIC_CENTER/CENTER1/TOTAL_DTCTL/DTCTL_L1/DATA1_L1_reg_2_/RB u_LOGIC_CENTER/CENTER1/TOTAL_DTCTL/DTCTL_L1/DATA1_L1_PRE_reg_7_/D u_LOGIC_CENTER/CENTER1/TOTAL_DTCTL/DTCTL_L1/DATA1_L1_PRE_reg_7_/RB u_LOGIC_CENTER/CENTER1/TOTAL_DTCTL/DTCTL_L1/DATA5_L1_reg_6_/D u_LOGIC_CENTER/CENTER1/TOTAL_DTCTL/DTCTL_L1/DATA5_L1_reg_6_/RB u_LOGIC_CENTER/CENTER1/TOTAL_DTCTL/DTCTL_L1/DATA5_L1_PRE_reg_7_/D u_LOGIC_CENTER/CENTER1/TOTAL_DTCTL/DTCTL_L1/DATA5_L1_PRE_reg_7_/RB u_LOGIC_CENTER/CENTER1/TOTAL_DTCTL/DTCTL_L1/DATA3_L1_reg_0_/D u_LOGIC_CENTER/CENTER1/TOTAL_DTCTL/DTCTL_L1/DATA3_L1_reg_0_/RB u_LOGIC_CENTER/CENTER1/TOTAL_DTCTL/DTCTL_L1/DATA1_L1_reg_5_/D u_LOGIC_CENTER/CENTER1/TOTAL_DTCTL/DTCTL_L1/DATA1_L1_reg_5_/RB u_LOGIC_CENTER/CENTER1/TOTAL_DTCTL/DTCTL_L1/DATA3_L1_PRE_reg_1_/D u_LOGIC_CENTER/CENTER1/TOTAL_DTCTL/DTCTL_L1/DATA3_L1_PRE_reg_1_/RB u_LOGIC_CENTER/CENTER1/TOTAL_DTCTL/DTCTL_L1/DATA1_L1_PRE_reg_0_/D u_LOGIC_CENTER/CENTER1/TOTAL_DTCTL/DTCTL_L1/DATA1_L1_PRE_reg_0_/RB u_LOGIC_CENTER/CENTER1/TOTAL_DTCTL/DTCTL_L1/DATA5_L1_PRE_reg_0_/D u_LOGIC_CENTER/CENTER1/TOTAL_DTCTL/DTCTL_L1/DATA5_L1_PRE_reg_0_/RB u_LOGIC_CENTER/CENTER1/TOTAL_DTCTL/DTCTL_L1/DATA3_L1_reg_1_/D u_LOGIC_CENTER/CENTER1/TOTAL_DTCTL/DTCTL_L1/DATA3_L1_reg_1_/RB u_LOGIC_CENTER/CENTER1/TOTAL_DTCTL/DTCTL_L1/DATA1_L1_reg_6_/D u_LOGIC_CENTER/CENTER1/TOTAL_DTCTL/DTCTL_L1/DATA1_L1_reg_6_/RB u_LOGIC_CENTER/CENTER1/TOTAL_DTCTL/DTCTL_L1/DATA3_L1_PRE_reg_2_/D u_LOGIC_CENTER/CENTER1/TOTAL_DTCTL/DTCTL_L1/DATA3_L1_PRE_reg_2_/RB u_LOGIC_CENTER/CENTER1/TOTAL_DTCTL/DTCTL_L1/DATA1_L1_PRE_reg_1_/D u_LOGIC_CENTER/CENTER1/TOTAL_DTCTL/DTCTL_L1/DATA1_L1_PRE_reg_1_/RB u_LOGIC_CENTER/CENTER1/TOTAL_DTCTL/DTCTL_L1/DATA5_L1_reg_0_/D u_LOGIC_CENTER/CENTER1/TOTAL_DTCTL/DTCTL_L1/DATA5_L1_reg_0_/RB u_LOGIC_CENTER/CENTER1/TOTAL_DTCTL/DTCTL_L1/DATA5_L1_PRE_reg_1_/D u_LOGIC_CENTER/CENTER1/TOTAL_DTCTL/DTCTL_L1/DATA5_L1_PRE_reg_1_/RB u_LOGIC_CENTER/CENTER1/TOTAL_DTCTL/DTCTL_L1/DATA3_L1_reg_2_/D u_LOGIC_CENTER/CENTER1/TOTAL_DTCTL/DTCTL_L1/DATA3_L1_reg_2_/RB u_LOGIC_CENTER/CENTER1/TOTAL_DTCTL/DTCTL_L1/DATA1_L1_reg_7_/D u_LOGIC_CENTER/CENTER1/TOTAL_DTCTL/DTCTL_L1/DATA1_L1_reg_7_/RB u_LOGIC_CENTER/CENTER1/TOTAL_DTCTL/DTCTL_L1/DATA3_L1_PRE_reg_3_/D u_LOGIC_CENTER/CENTER1/TOTAL_DTCTL/DTCTL_L1/DATA3_L1_PRE_reg_3_/RB u_LOGIC_CENTER/CENTER1/TOTAL_DTCTL/DTCTL_L1/DATA1_L1_PRE_reg_2_/D u_LOGIC_CENTER/CENTER1/TOTAL_DTCTL/DTCTL_L1/DATA1_L1_PRE_reg_2_/RB u_LOGIC_CENTER/CENTER1/TOTAL_DTCTL/DTCTL_L1/DATA5_L1_reg_1_/D u_LOGIC_CENTER/CENTER1/TOTAL_DTCTL/DTCTL_L1/DATA5_L1_reg_1_/RB u_LOGIC_CENTER/CENTER1/TOTAL_DTCTL/DTCTL_L1/DATA5_L1_PRE_reg_2_/D u_LOGIC_CENTER/CENTER1/TOTAL_DTCTL/DTCTL_L1/DATA5_L1_PRE_reg_2_/RB u_LOGIC_CENTER/CENTER1/TOTAL_DTCTL/DTCTL_L1/DATA3_L1_reg_3_/D u_LOGIC_CENTER/CENTER1/TOTAL_DTCTL/DTCTL_L1/DATA3_L1_reg_3_/RB u_LOGIC_CENTER/CENTER1/TOTAL_DTCTL/DTCTL_L1/DATA3_L1_PRE_reg_4_/D u_LOGIC_CENTER/CENTER1/TOTAL_DTCTL/DTCTL_L1/DATA3_L1_PRE_reg_4_/RB u_LOGIC_CENTER/CENTER1/TOTAL_DTCTL/DTCTL_L1/DATA1_L1_PRE_reg_3_/D u_LOGIC_CENTER/CENTER1/TOTAL_DTCTL/DTCTL_L1/DATA1_L1_PRE_reg_3_/RB u_LOGIC_CENTER/CENTER1/TOTAL_DTCTL/DTCTL_L1/DATA5_L1_reg_2_/D u_LOGIC_CENTER/CENTER1/TOTAL_DTCTL/DTCTL_L1/DATA5_L1_reg_2_/RB u_LOGIC_CENTER/CENTER1/TOTAL_DTCTL/DTCTL_L1/DATA5_L1_PRE_reg_3_/D u_LOGIC_CENTER/CENTER1/TOTAL_DTCTL/DTCTL_L1/DATA5_L1_PRE_reg_3_/RB u_LOGIC_CENTER/CENTER1/TOTAL_DTCTL/DTCTL_L1/DATA3_L1_reg_4_/D u_LOGIC_CENTER/CENTER1/TOTAL_DTCTL/DTCTL_L1/DATA3_L1_reg_4_/RB}]
1
set_multicycle_path  1 -hold -from [get_pins {u_LOGIC_CENTER/LINK_LOGIC/LC_CSPIF_L0/POL_DET_reg/CK}] -to [get_pins {u_LOGIC_CENTER/CENTER1/TOTAL_DTCTL/DTCTL_L1/DATA1_L1_reg_3_/D u_LOGIC_CENTER/CENTER1/TOTAL_DTCTL/DTCTL_L1/DATA1_L1_reg_3_/RB u_LOGIC_CENTER/CENTER1/TOTAL_DTCTL/DTCTL_L1/DATA5_L1_reg_7_/D u_LOGIC_CENTER/CENTER1/TOTAL_DTCTL/DTCTL_L1/DATA5_L1_reg_7_/RB u_LOGIC_CENTER/CENTER1/TOTAL_DTCTL/DTCTL_L1/DATA1_L1_reg_4_/D u_LOGIC_CENTER/CENTER1/TOTAL_DTCTL/DTCTL_L1/DATA1_L1_reg_4_/RB u_LOGIC_CENTER/CENTER1/TOTAL_DTCTL/DTCTL_L1/DATA3_L1_PRE_reg_0_/D u_LOGIC_CENTER/CENTER1/TOTAL_DTCTL/DTCTL_L1/DATA3_L1_PRE_reg_0_/RB u_LOGIC_CENTER/CENTER1/TOTAL_DTCTL/DTCTL_L1/DATA3_L1_PRE_reg_5_/D u_LOGIC_CENTER/CENTER1/TOTAL_DTCTL/DTCTL_L1/DATA3_L1_PRE_reg_5_/RB u_LOGIC_CENTER/CENTER1/TOTAL_DTCTL/DTCTL_L1/DATA1_L1_PRE_reg_4_/D u_LOGIC_CENTER/CENTER1/TOTAL_DTCTL/DTCTL_L1/DATA1_L1_PRE_reg_4_/RB u_LOGIC_CENTER/CENTER1/TOTAL_DTCTL/DTCTL_L1/DATA5_L1_reg_3_/D u_LOGIC_CENTER/CENTER1/TOTAL_DTCTL/DTCTL_L1/DATA5_L1_reg_3_/RB u_LOGIC_CENTER/CENTER1/TOTAL_DTCTL/DTCTL_L1/DATA5_L1_PRE_reg_4_/D u_LOGIC_CENTER/CENTER1/TOTAL_DTCTL/DTCTL_L1/DATA5_L1_PRE_reg_4_/RB u_LOGIC_CENTER/CENTER1/TOTAL_DTCTL/DTCTL_L1/DATA3_L1_reg_5_/D u_LOGIC_CENTER/CENTER1/TOTAL_DTCTL/DTCTL_L1/DATA3_L1_reg_5_/RB u_LOGIC_CENTER/CENTER1/TOTAL_DTCTL/DTCTL_L1/DATA3_L1_PRE_reg_6_/D u_LOGIC_CENTER/CENTER1/TOTAL_DTCTL/DTCTL_L1/DATA3_L1_PRE_reg_6_/RB u_LOGIC_CENTER/CENTER1/TOTAL_DTCTL/DTCTL_L1/DATA1_L1_PRE_reg_5_/D u_LOGIC_CENTER/CENTER1/TOTAL_DTCTL/DTCTL_L1/DATA1_L1_PRE_reg_5_/RB u_LOGIC_CENTER/CENTER1/TOTAL_DTCTL/DTCTL_L1/DATA1_L1_reg_0_/D u_LOGIC_CENTER/CENTER1/TOTAL_DTCTL/DTCTL_L1/DATA1_L1_reg_0_/RB u_LOGIC_CENTER/CENTER1/TOTAL_DTCTL/DTCTL_L1/DATA5_L1_reg_4_/D u_LOGIC_CENTER/CENTER1/TOTAL_DTCTL/DTCTL_L1/DATA5_L1_reg_4_/RB u_LOGIC_CENTER/CENTER1/TOTAL_DTCTL/DTCTL_L1/DATA5_L1_PRE_reg_5_/D u_LOGIC_CENTER/CENTER1/TOTAL_DTCTL/DTCTL_L1/DATA5_L1_PRE_reg_5_/SB u_LOGIC_CENTER/CENTER1/TOTAL_DTCTL/DTCTL_L1/DATA5_L1_PRE_reg_5_/RB u_LOGIC_CENTER/CENTER1/TOTAL_DTCTL/DTCTL_L1/DATA3_L1_reg_6_/D u_LOGIC_CENTER/CENTER1/TOTAL_DTCTL/DTCTL_L1/DATA3_L1_reg_6_/RB u_LOGIC_CENTER/CENTER1/TOTAL_DTCTL/DTCTL_L1/DATA3_L1_PRE_reg_7_/D u_LOGIC_CENTER/CENTER1/TOTAL_DTCTL/DTCTL_L1/DATA3_L1_PRE_reg_7_/RB u_LOGIC_CENTER/CENTER1/TOTAL_DTCTL/DTCTL_L1/DATA1_L1_reg_1_/D u_LOGIC_CENTER/CENTER1/TOTAL_DTCTL/DTCTL_L1/DATA1_L1_reg_1_/RB u_LOGIC_CENTER/CENTER1/TOTAL_DTCTL/DTCTL_L1/DATA1_L1_PRE_reg_6_/D u_LOGIC_CENTER/CENTER1/TOTAL_DTCTL/DTCTL_L1/DATA1_L1_PRE_reg_6_/RB u_LOGIC_CENTER/CENTER1/TOTAL_DTCTL/DTCTL_L1/DATA5_L1_reg_5_/D u_LOGIC_CENTER/CENTER1/TOTAL_DTCTL/DTCTL_L1/DATA5_L1_reg_5_/RB u_LOGIC_CENTER/CENTER1/TOTAL_DTCTL/DTCTL_L1/DATA5_L1_PRE_reg_6_/D u_LOGIC_CENTER/CENTER1/TOTAL_DTCTL/DTCTL_L1/DATA5_L1_PRE_reg_6_/RB u_LOGIC_CENTER/CENTER1/TOTAL_DTCTL/DTCTL_L1/DATA3_L1_reg_7_/D u_LOGIC_CENTER/CENTER1/TOTAL_DTCTL/DTCTL_L1/DATA3_L1_reg_7_/RB u_LOGIC_CENTER/CENTER1/TOTAL_DTCTL/DTCTL_L1/DATA1_L1_reg_2_/D u_LOGIC_CENTER/CENTER1/TOTAL_DTCTL/DTCTL_L1/DATA1_L1_reg_2_/RB u_LOGIC_CENTER/CENTER1/TOTAL_DTCTL/DTCTL_L1/DATA1_L1_PRE_reg_7_/D u_LOGIC_CENTER/CENTER1/TOTAL_DTCTL/DTCTL_L1/DATA1_L1_PRE_reg_7_/RB u_LOGIC_CENTER/CENTER1/TOTAL_DTCTL/DTCTL_L1/DATA5_L1_reg_6_/D u_LOGIC_CENTER/CENTER1/TOTAL_DTCTL/DTCTL_L1/DATA5_L1_reg_6_/RB u_LOGIC_CENTER/CENTER1/TOTAL_DTCTL/DTCTL_L1/DATA5_L1_PRE_reg_7_/D u_LOGIC_CENTER/CENTER1/TOTAL_DTCTL/DTCTL_L1/DATA5_L1_PRE_reg_7_/RB u_LOGIC_CENTER/CENTER1/TOTAL_DTCTL/DTCTL_L1/DATA3_L1_reg_0_/D u_LOGIC_CENTER/CENTER1/TOTAL_DTCTL/DTCTL_L1/DATA3_L1_reg_0_/RB u_LOGIC_CENTER/CENTER1/TOTAL_DTCTL/DTCTL_L1/DATA1_L1_reg_5_/D u_LOGIC_CENTER/CENTER1/TOTAL_DTCTL/DTCTL_L1/DATA1_L1_reg_5_/RB u_LOGIC_CENTER/CENTER1/TOTAL_DTCTL/DTCTL_L1/DATA3_L1_PRE_reg_1_/D u_LOGIC_CENTER/CENTER1/TOTAL_DTCTL/DTCTL_L1/DATA3_L1_PRE_reg_1_/RB u_LOGIC_CENTER/CENTER1/TOTAL_DTCTL/DTCTL_L1/DATA1_L1_PRE_reg_0_/D u_LOGIC_CENTER/CENTER1/TOTAL_DTCTL/DTCTL_L1/DATA1_L1_PRE_reg_0_/RB u_LOGIC_CENTER/CENTER1/TOTAL_DTCTL/DTCTL_L1/DATA5_L1_PRE_reg_0_/D u_LOGIC_CENTER/CENTER1/TOTAL_DTCTL/DTCTL_L1/DATA5_L1_PRE_reg_0_/RB u_LOGIC_CENTER/CENTER1/TOTAL_DTCTL/DTCTL_L1/DATA3_L1_reg_1_/D u_LOGIC_CENTER/CENTER1/TOTAL_DTCTL/DTCTL_L1/DATA3_L1_reg_1_/RB u_LOGIC_CENTER/CENTER1/TOTAL_DTCTL/DTCTL_L1/DATA1_L1_reg_6_/D u_LOGIC_CENTER/CENTER1/TOTAL_DTCTL/DTCTL_L1/DATA1_L1_reg_6_/RB u_LOGIC_CENTER/CENTER1/TOTAL_DTCTL/DTCTL_L1/DATA3_L1_PRE_reg_2_/D u_LOGIC_CENTER/CENTER1/TOTAL_DTCTL/DTCTL_L1/DATA3_L1_PRE_reg_2_/RB u_LOGIC_CENTER/CENTER1/TOTAL_DTCTL/DTCTL_L1/DATA1_L1_PRE_reg_1_/D u_LOGIC_CENTER/CENTER1/TOTAL_DTCTL/DTCTL_L1/DATA1_L1_PRE_reg_1_/RB u_LOGIC_CENTER/CENTER1/TOTAL_DTCTL/DTCTL_L1/DATA5_L1_reg_0_/D u_LOGIC_CENTER/CENTER1/TOTAL_DTCTL/DTCTL_L1/DATA5_L1_reg_0_/RB u_LOGIC_CENTER/CENTER1/TOTAL_DTCTL/DTCTL_L1/DATA5_L1_PRE_reg_1_/D u_LOGIC_CENTER/CENTER1/TOTAL_DTCTL/DTCTL_L1/DATA5_L1_PRE_reg_1_/RB u_LOGIC_CENTER/CENTER1/TOTAL_DTCTL/DTCTL_L1/DATA3_L1_reg_2_/D u_LOGIC_CENTER/CENTER1/TOTAL_DTCTL/DTCTL_L1/DATA3_L1_reg_2_/RB u_LOGIC_CENTER/CENTER1/TOTAL_DTCTL/DTCTL_L1/DATA1_L1_reg_7_/D u_LOGIC_CENTER/CENTER1/TOTAL_DTCTL/DTCTL_L1/DATA1_L1_reg_7_/RB u_LOGIC_CENTER/CENTER1/TOTAL_DTCTL/DTCTL_L1/DATA3_L1_PRE_reg_3_/D u_LOGIC_CENTER/CENTER1/TOTAL_DTCTL/DTCTL_L1/DATA3_L1_PRE_reg_3_/RB u_LOGIC_CENTER/CENTER1/TOTAL_DTCTL/DTCTL_L1/DATA1_L1_PRE_reg_2_/D u_LOGIC_CENTER/CENTER1/TOTAL_DTCTL/DTCTL_L1/DATA1_L1_PRE_reg_2_/RB u_LOGIC_CENTER/CENTER1/TOTAL_DTCTL/DTCTL_L1/DATA5_L1_reg_1_/D u_LOGIC_CENTER/CENTER1/TOTAL_DTCTL/DTCTL_L1/DATA5_L1_reg_1_/RB u_LOGIC_CENTER/CENTER1/TOTAL_DTCTL/DTCTL_L1/DATA5_L1_PRE_reg_2_/D u_LOGIC_CENTER/CENTER1/TOTAL_DTCTL/DTCTL_L1/DATA5_L1_PRE_reg_2_/RB u_LOGIC_CENTER/CENTER1/TOTAL_DTCTL/DTCTL_L1/DATA3_L1_reg_3_/D u_LOGIC_CENTER/CENTER1/TOTAL_DTCTL/DTCTL_L1/DATA3_L1_reg_3_/RB u_LOGIC_CENTER/CENTER1/TOTAL_DTCTL/DTCTL_L1/DATA3_L1_PRE_reg_4_/D u_LOGIC_CENTER/CENTER1/TOTAL_DTCTL/DTCTL_L1/DATA3_L1_PRE_reg_4_/RB u_LOGIC_CENTER/CENTER1/TOTAL_DTCTL/DTCTL_L1/DATA1_L1_PRE_reg_3_/D u_LOGIC_CENTER/CENTER1/TOTAL_DTCTL/DTCTL_L1/DATA1_L1_PRE_reg_3_/RB u_LOGIC_CENTER/CENTER1/TOTAL_DTCTL/DTCTL_L1/DATA5_L1_reg_2_/D u_LOGIC_CENTER/CENTER1/TOTAL_DTCTL/DTCTL_L1/DATA5_L1_reg_2_/RB u_LOGIC_CENTER/CENTER1/TOTAL_DTCTL/DTCTL_L1/DATA5_L1_PRE_reg_3_/D u_LOGIC_CENTER/CENTER1/TOTAL_DTCTL/DTCTL_L1/DATA5_L1_PRE_reg_3_/RB u_LOGIC_CENTER/CENTER1/TOTAL_DTCTL/DTCTL_L1/DATA3_L1_reg_4_/D u_LOGIC_CENTER/CENTER1/TOTAL_DTCTL/DTCTL_L1/DATA3_L1_reg_4_/RB}]
1
set_multicycle_path  2 -setup -from [get_pins {u_LOGIC_CENTER/LINK_LOGIC/LC_CSPIF_L0/SETTING_DET_reg/CK}] -to [get_pins {u_LOGIC_CENTER/CENTER1/TOTAL_DTCTL/DTCTL_L0/DBRON_reg/D u_LOGIC_CENTER/CENTER1/TOTAL_DTCTL/DTCTL_L0/DBRON_reg/RB}]
1
set_multicycle_path  1 -hold -from [get_pins {u_LOGIC_CENTER/LINK_LOGIC/LC_CSPIF_L0/SETTING_DET_reg/CK}] -to [get_pins {u_LOGIC_CENTER/CENTER1/TOTAL_DTCTL/DTCTL_L0/DBRON_reg/D u_LOGIC_CENTER/CENTER1/TOTAL_DTCTL/DTCTL_L0/DBRON_reg/RB}]
1
set_multicycle_path  2 -setup -from [get_pins {u_LOGIC_CENTER/LINK_LOGIC/LC_CSPIF_L0/SETTING_DET_reg/CK}] -to [get_pins {u_LOGIC_CENTER/CENTER1/TOTAL_DTCTL/DTCTL_L0/DBLON_reg/D u_LOGIC_CENTER/CENTER1/TOTAL_DTCTL/DTCTL_L0/DBLON_reg/RB}]
1
set_multicycle_path  1 -hold -from [get_pins {u_LOGIC_CENTER/LINK_LOGIC/LC_CSPIF_L0/SETTING_DET_reg/CK}] -to [get_pins {u_LOGIC_CENTER/CENTER1/TOTAL_DTCTL/DTCTL_L0/DBLON_reg/D u_LOGIC_CENTER/CENTER1/TOTAL_DTCTL/DTCTL_L0/DBLON_reg/RB}]
1
set_multicycle_path  2 -setup -from [get_pins {u_LOGIC_CENTER/LINK_LOGIC/LC_CSPIF_L0/SETTING_DET_reg/CK}] -to [get_pins {u_LOGIC_CENTER/CENTER1/TOTAL_DTCTL/DTCTL_L0/START_R_reg/D u_LOGIC_CENTER/CENTER1/TOTAL_DTCTL/DTCTL_L0/START_R_reg/RB}]
1
set_multicycle_path  1 -hold -from [get_pins {u_LOGIC_CENTER/LINK_LOGIC/LC_CSPIF_L0/SETTING_DET_reg/CK}] -to [get_pins {u_LOGIC_CENTER/CENTER1/TOTAL_DTCTL/DTCTL_L0/START_R_reg/D u_LOGIC_CENTER/CENTER1/TOTAL_DTCTL/DTCTL_L0/START_R_reg/RB}]
1
set_multicycle_path  2 -setup -from [get_pins {u_LOGIC_CENTER/LINK_LOGIC/LC_CSPIF_L0/SETTING_DET_reg/CK}] -to [get_pins {u_LOGIC_CENTER/CENTER1/TOTAL_DTCTL/DTCTL_L0/START_L_reg/D u_LOGIC_CENTER/CENTER1/TOTAL_DTCTL/DTCTL_L0/START_L_reg/RB}]
1
set_multicycle_path  1 -hold -from [get_pins {u_LOGIC_CENTER/LINK_LOGIC/LC_CSPIF_L0/SETTING_DET_reg/CK}] -to [get_pins {u_LOGIC_CENTER/CENTER1/TOTAL_DTCTL/DTCTL_L0/START_L_reg/D u_LOGIC_CENTER/CENTER1/TOTAL_DTCTL/DTCTL_L0/START_L_reg/RB}]
1
set_multicycle_path  2 -setup -from [get_pins {u_LOGIC_CENTER/LINK_LOGIC/LC_CSPIF_L0/SETTING_DET_reg/CK}] -to [get_pins {u_LOGIC_CENTER/CENTER1/TOTAL_DTCTL/DTCTL_L0/LS_reg/D u_LOGIC_CENTER/CENTER1/TOTAL_DTCTL/DTCTL_L0/LS_reg/RB}]
1
set_multicycle_path  1 -hold -from [get_pins {u_LOGIC_CENTER/LINK_LOGIC/LC_CSPIF_L0/SETTING_DET_reg/CK}] -to [get_pins {u_LOGIC_CENTER/CENTER1/TOTAL_DTCTL/DTCTL_L0/LS_reg/D u_LOGIC_CENTER/CENTER1/TOTAL_DTCTL/DTCTL_L0/LS_reg/RB}]
1
set_multicycle_path  2 -setup -from [get_pins {u_LOGIC_CENTER/LINK_LOGIC/LC_CSPIF_L0/SETTING_DET_reg/CK}] -to [get_pins {u_LOGIC_CENTER/CENTER1/TOTAL_DTCTL/DTCTL_L0/EN1_R_reg/D u_LOGIC_CENTER/CENTER1/TOTAL_DTCTL/DTCTL_L0/EN1_R_reg/RB}]
1
set_multicycle_path  1 -hold -from [get_pins {u_LOGIC_CENTER/LINK_LOGIC/LC_CSPIF_L0/SETTING_DET_reg/CK}] -to [get_pins {u_LOGIC_CENTER/CENTER1/TOTAL_DTCTL/DTCTL_L0/EN1_R_reg/D u_LOGIC_CENTER/CENTER1/TOTAL_DTCTL/DTCTL_L0/EN1_R_reg/RB}]
1
set_multicycle_path  2 -setup -from [get_pins {u_LOGIC_CENTER/LINK_LOGIC/LC_CSPIF_L0/SETTING_DET_reg/CK}] -to [get_pins {u_LOGIC_CENTER/CENTER1/TOTAL_DTCTL/DTCTL_L0/EN1_L_reg/D u_LOGIC_CENTER/CENTER1/TOTAL_DTCTL/DTCTL_L0/EN1_L_reg/RB}]
1
set_multicycle_path  1 -hold -from [get_pins {u_LOGIC_CENTER/LINK_LOGIC/LC_CSPIF_L0/SETTING_DET_reg/CK}] -to [get_pins {u_LOGIC_CENTER/CENTER1/TOTAL_DTCTL/DTCTL_L0/EN1_L_reg/D u_LOGIC_CENTER/CENTER1/TOTAL_DTCTL/DTCTL_L0/EN1_L_reg/RB}]
1
set_multicycle_path  2 -setup -from [get_pins {u_LOGIC_CENTER/LINK_LOGIC/LC_CSPIF_L0/SETTING_DET_reg/CK}] -to [get_pins {u_LOGIC_CENTER/CENTER1/TOTAL_DTCTL/DTCTL_L1/DBRON_reg/D u_LOGIC_CENTER/CENTER1/TOTAL_DTCTL/DTCTL_L1/DBRON_reg/RB}]
1
set_multicycle_path  1 -hold -from [get_pins {u_LOGIC_CENTER/LINK_LOGIC/LC_CSPIF_L0/SETTING_DET_reg/CK}] -to [get_pins {u_LOGIC_CENTER/CENTER1/TOTAL_DTCTL/DTCTL_L1/DBRON_reg/D u_LOGIC_CENTER/CENTER1/TOTAL_DTCTL/DTCTL_L1/DBRON_reg/RB}]
1
set_multicycle_path  2 -setup -from [get_pins {u_LOGIC_CENTER/LINK_LOGIC/LC_CSPIF_L0/SETTING_DET_reg/CK}] -to [get_pins {u_LOGIC_CENTER/CENTER1/TOTAL_DTCTL/DTCTL_L1/DBLON_reg/D u_LOGIC_CENTER/CENTER1/TOTAL_DTCTL/DTCTL_L1/DBLON_reg/RB}]
1
set_multicycle_path  1 -hold -from [get_pins {u_LOGIC_CENTER/LINK_LOGIC/LC_CSPIF_L0/SETTING_DET_reg/CK}] -to [get_pins {u_LOGIC_CENTER/CENTER1/TOTAL_DTCTL/DTCTL_L1/DBLON_reg/D u_LOGIC_CENTER/CENTER1/TOTAL_DTCTL/DTCTL_L1/DBLON_reg/RB}]
1
set_multicycle_path  2 -setup -from [get_pins {u_LOGIC_CENTER/LINK_LOGIC/LC_CSPIF_L0/SETTING_DET_reg/CK}] -to [get_pins {u_LOGIC_CENTER/CENTER1/TOTAL_DTCTL/DTCTL_L1/START_R_reg/D u_LOGIC_CENTER/CENTER1/TOTAL_DTCTL/DTCTL_L1/START_R_reg/RB}]
1
set_multicycle_path  1 -hold -from [get_pins {u_LOGIC_CENTER/LINK_LOGIC/LC_CSPIF_L0/SETTING_DET_reg/CK}] -to [get_pins {u_LOGIC_CENTER/CENTER1/TOTAL_DTCTL/DTCTL_L1/START_R_reg/D u_LOGIC_CENTER/CENTER1/TOTAL_DTCTL/DTCTL_L1/START_R_reg/RB}]
1
set_multicycle_path  2 -setup -from [get_pins {u_LOGIC_CENTER/LINK_LOGIC/LC_CSPIF_L0/SETTING_DET_reg/CK}] -to [get_pins {u_LOGIC_CENTER/CENTER1/TOTAL_DTCTL/DTCTL_L1/START_L_reg/D u_LOGIC_CENTER/CENTER1/TOTAL_DTCTL/DTCTL_L1/START_L_reg/RB}]
1
set_multicycle_path  1 -hold -from [get_pins {u_LOGIC_CENTER/LINK_LOGIC/LC_CSPIF_L0/SETTING_DET_reg/CK}] -to [get_pins {u_LOGIC_CENTER/CENTER1/TOTAL_DTCTL/DTCTL_L1/START_L_reg/D u_LOGIC_CENTER/CENTER1/TOTAL_DTCTL/DTCTL_L1/START_L_reg/RB}]
1
set_multicycle_path  2 -setup -from [get_pins {u_LOGIC_CENTER/LINK_LOGIC/LC_CSPIF_L0/SETTING_DET_reg/CK}] -to [get_pins {u_LOGIC_CENTER/CENTER1/TOTAL_DTCTL/DTCTL_L1/LS_reg/D u_LOGIC_CENTER/CENTER1/TOTAL_DTCTL/DTCTL_L1/LS_reg/RB}]
1
set_multicycle_path  1 -hold -from [get_pins {u_LOGIC_CENTER/LINK_LOGIC/LC_CSPIF_L0/SETTING_DET_reg/CK}] -to [get_pins {u_LOGIC_CENTER/CENTER1/TOTAL_DTCTL/DTCTL_L1/LS_reg/D u_LOGIC_CENTER/CENTER1/TOTAL_DTCTL/DTCTL_L1/LS_reg/RB}]
1
set_multicycle_path  1 -hold -from [get_pins {u_LOGIC_CENTER/CENTER1/TOTAL_DTCTL/DTCTL_L0/DBLON_reg/CK}] -through [get_pins {u_LOGIC_CENTER/CENTER1/TOTAL_DTCTL/DTCTL_COMB/BUF_DBLON_A_CG_EN/O}] 
1
set_multicycle_path  1 -hold -from [get_pins {u_LOGIC_CENTER/CENTER1/TOTAL_DTCTL/DTCTL_L0/DBRON_reg/CK}] -through [get_pins {u_LOGIC_CENTER/CENTER1/TOTAL_DTCTL/DTCTL_COMB/BUF_DBRON_A_CG_EN/O}] 
1
set_multicycle_path  1 -hold -from [get_pins {u_LOGIC_CENTER/CENTER1/TOTAL_DTCTL/DTCTL_L0/DBLON_reg/CK}] -through [get_pins {u_LOGIC_CENTER/CENTER1/TOTAL_DTCTL/DTCTL_COMB/BUF_DBLON_B_CG_EN/O}] 
1
set_multicycle_path  1 -hold -from [get_pins {u_LOGIC_CENTER/CENTER1/TOTAL_DTCTL/DTCTL_L0/DBRON_reg/CK}] -through [get_pins {u_LOGIC_CENTER/CENTER1/TOTAL_DTCTL/DTCTL_COMB/BUF_DBRON_B_CG_EN/O}] 
1
set_multicycle_path  1 -hold -from [get_pins {u_LOGIC_CENTER/CENTER1/TOTAL_DTCTL/DTCTL_L1/DBLON_reg/CK}] -through [get_pins {u_LOGIC_CENTER/CENTER1/TOTAL_DTCTL/DTCTL_COMB/BUF_DBLON_A_CG_EN/O}] 
1
set_multicycle_path  1 -hold -from [get_pins {u_LOGIC_CENTER/CENTER1/TOTAL_DTCTL/DTCTL_L1/DBRON_reg/CK}] -through [get_pins {u_LOGIC_CENTER/CENTER1/TOTAL_DTCTL/DTCTL_COMB/BUF_DBRON_A_CG_EN/O}] 
1
set_multicycle_path  1 -hold -from [get_pins {u_LOGIC_CENTER/CENTER1/TOTAL_DTCTL/DTCTL_L1/DBLON_reg/CK}] -through [get_pins {u_LOGIC_CENTER/CENTER1/TOTAL_DTCTL/DTCTL_COMB/BUF_DBLON_B_CG_EN/O}] 
1
set_multicycle_path  1 -hold -from [get_pins {u_LOGIC_CENTER/CENTER1/TOTAL_DTCTL/DTCTL_L1/DBRON_reg/CK}] -through [get_pins {u_LOGIC_CENTER/CENTER1/TOTAL_DTCTL/DTCTL_COMB/BUF_DBRON_B_CG_EN/O}] 
1
set_multicycle_path  4 -hold -from [get_pins {u_LOGIC_CENTER/CENTER1/TOTAL_DTCTL/DTCTL_L1/DBRON_reg/CK}] -to [get_pins {u_LOGIC_CENTER/CENTER1/TOTAL_DTCTL/DTCTL_COMB/C261/I1 u_LOGIC_CENTER/CENTER1/TOTAL_DTCTL/DTCTL_COMB/C261/I2 u_LOGIC_CENTER/CENTER1/TOTAL_DTCTL/DTCTL_COMB/C261/O}]
Warning: Object 'u_LOGIC_CENTER/CENTER1/TOTAL_DTCTL/DTCTL_COMB/C261/I1' is not a valid endpoint. (UITE-216)
Warning: Object 'u_LOGIC_CENTER/CENTER1/TOTAL_DTCTL/DTCTL_COMB/C261/I2' is not a valid endpoint. (UITE-216)
Warning: Object 'u_LOGIC_CENTER/CENTER1/TOTAL_DTCTL/DTCTL_COMB/C261/O' is not a valid endpoint. (UITE-216)
1
set_multicycle_path  4 -hold -from [get_pins {u_LOGIC_CENTER/CENTER1/TOTAL_DTCTL/DTCTL_L0/DBRON_reg/CK}] -to [get_pins {u_LOGIC_CENTER/CENTER1/TOTAL_DTCTL/DTCTL_COMB/C259/I1 u_LOGIC_CENTER/CENTER1/TOTAL_DTCTL/DTCTL_COMB/C259/I2 u_LOGIC_CENTER/CENTER1/TOTAL_DTCTL/DTCTL_COMB/C259/O}]
Warning: Object 'u_LOGIC_CENTER/CENTER1/TOTAL_DTCTL/DTCTL_COMB/C259/I1' is not a valid endpoint. (UITE-216)
Warning: Object 'u_LOGIC_CENTER/CENTER1/TOTAL_DTCTL/DTCTL_COMB/C259/I2' is not a valid endpoint. (UITE-216)
Warning: Object 'u_LOGIC_CENTER/CENTER1/TOTAL_DTCTL/DTCTL_COMB/C259/O' is not a valid endpoint. (UITE-216)
1
set_multicycle_path  4 -hold -from [get_pins {u_LOGIC_CENTER/CENTER1/TOTAL_DTCTL/DTCTL_L0/DBRON_reg/CK}] -to [get_pins {u_LOGIC_CENTER/CENTER1/TOTAL_DTCTL/DTCTL_COMB/C261/I1 u_LOGIC_CENTER/CENTER1/TOTAL_DTCTL/DTCTL_COMB/C261/I2 u_LOGIC_CENTER/CENTER1/TOTAL_DTCTL/DTCTL_COMB/C261/O}]
Warning: Object 'u_LOGIC_CENTER/CENTER1/TOTAL_DTCTL/DTCTL_COMB/C261/I1' is not a valid endpoint. (UITE-216)
Warning: Object 'u_LOGIC_CENTER/CENTER1/TOTAL_DTCTL/DTCTL_COMB/C261/I2' is not a valid endpoint. (UITE-216)
Warning: Object 'u_LOGIC_CENTER/CENTER1/TOTAL_DTCTL/DTCTL_COMB/C261/O' is not a valid endpoint. (UITE-216)
1
set_multicycle_path  4 -hold -from [get_pins {u_LOGIC_CENTER/CENTER1/TOTAL_DTCTL/DTCTL_L1/DBRON_reg/CK}] -to [get_pins {u_LOGIC_CENTER/CENTER1/TOTAL_DTCTL/DTCTL_COMB/C259/I1 u_LOGIC_CENTER/CENTER1/TOTAL_DTCTL/DTCTL_COMB/C259/I2 u_LOGIC_CENTER/CENTER1/TOTAL_DTCTL/DTCTL_COMB/C259/O}]
Warning: Object 'u_LOGIC_CENTER/CENTER1/TOTAL_DTCTL/DTCTL_COMB/C259/I1' is not a valid endpoint. (UITE-216)
Warning: Object 'u_LOGIC_CENTER/CENTER1/TOTAL_DTCTL/DTCTL_COMB/C259/I2' is not a valid endpoint. (UITE-216)
Warning: Object 'u_LOGIC_CENTER/CENTER1/TOTAL_DTCTL/DTCTL_COMB/C259/O' is not a valid endpoint. (UITE-216)
1
set_multicycle_path  4 -hold -from [get_pins {u_LOGIC_CENTER/CENTER1/TOTAL_DTCTL/DTCTL_L0/DBLON_reg/CK}] -to [get_pins {u_LOGIC_CENTER/CENTER1/TOTAL_DTCTL/DTCTL_COMB/C260/I1 u_LOGIC_CENTER/CENTER1/TOTAL_DTCTL/DTCTL_COMB/C260/I2 u_LOGIC_CENTER/CENTER1/TOTAL_DTCTL/DTCTL_COMB/C260/O}]
Warning: Object 'u_LOGIC_CENTER/CENTER1/TOTAL_DTCTL/DTCTL_COMB/C260/I1' is not a valid endpoint. (UITE-216)
Warning: Object 'u_LOGIC_CENTER/CENTER1/TOTAL_DTCTL/DTCTL_COMB/C260/I2' is not a valid endpoint. (UITE-216)
Warning: Object 'u_LOGIC_CENTER/CENTER1/TOTAL_DTCTL/DTCTL_COMB/C260/O' is not a valid endpoint. (UITE-216)
1
set_multicycle_path  4 -hold -from [get_pins {u_LOGIC_CENTER/CENTER1/TOTAL_DTCTL/DTCTL_L0/DBLON_reg/CK}] -to [get_pins {u_LOGIC_CENTER/CENTER1/TOTAL_DTCTL/DTCTL_COMB/C258/I1 u_LOGIC_CENTER/CENTER1/TOTAL_DTCTL/DTCTL_COMB/C258/I2 u_LOGIC_CENTER/CENTER1/TOTAL_DTCTL/DTCTL_COMB/C258/O}]
Warning: Object 'u_LOGIC_CENTER/CENTER1/TOTAL_DTCTL/DTCTL_COMB/C258/I1' is not a valid endpoint. (UITE-216)
Warning: Object 'u_LOGIC_CENTER/CENTER1/TOTAL_DTCTL/DTCTL_COMB/C258/I2' is not a valid endpoint. (UITE-216)
Warning: Object 'u_LOGIC_CENTER/CENTER1/TOTAL_DTCTL/DTCTL_COMB/C258/O' is not a valid endpoint. (UITE-216)
1
set_multicycle_path  4 -hold -from [get_pins {u_LOGIC_CENTER/CENTER1/TOTAL_DTCTL/DTCTL_L1/DBLON_reg/CK}] -to [get_pins {u_LOGIC_CENTER/CENTER1/TOTAL_DTCTL/DTCTL_COMB/C260/I1 u_LOGIC_CENTER/CENTER1/TOTAL_DTCTL/DTCTL_COMB/C260/I2 u_LOGIC_CENTER/CENTER1/TOTAL_DTCTL/DTCTL_COMB/C260/O}]
Warning: Object 'u_LOGIC_CENTER/CENTER1/TOTAL_DTCTL/DTCTL_COMB/C260/I1' is not a valid endpoint. (UITE-216)
Warning: Object 'u_LOGIC_CENTER/CENTER1/TOTAL_DTCTL/DTCTL_COMB/C260/I2' is not a valid endpoint. (UITE-216)
Warning: Object 'u_LOGIC_CENTER/CENTER1/TOTAL_DTCTL/DTCTL_COMB/C260/O' is not a valid endpoint. (UITE-216)
1
set_multicycle_path  4 -hold -from [get_pins {u_LOGIC_CENTER/CENTER1/TOTAL_DTCTL/DTCTL_L1/DBLON_reg/CK}] -to [get_pins {u_LOGIC_CENTER/CENTER1/TOTAL_DTCTL/DTCTL_COMB/C258/I1 u_LOGIC_CENTER/CENTER1/TOTAL_DTCTL/DTCTL_COMB/C258/I2 u_LOGIC_CENTER/CENTER1/TOTAL_DTCTL/DTCTL_COMB/C258/O}]
Warning: Object 'u_LOGIC_CENTER/CENTER1/TOTAL_DTCTL/DTCTL_COMB/C258/I1' is not a valid endpoint. (UITE-216)
Warning: Object 'u_LOGIC_CENTER/CENTER1/TOTAL_DTCTL/DTCTL_COMB/C258/I2' is not a valid endpoint. (UITE-216)
Warning: Object 'u_LOGIC_CENTER/CENTER1/TOTAL_DTCTL/DTCTL_COMB/C258/O' is not a valid endpoint. (UITE-216)
1
set_multicycle_path  4 -hold -from [get_pins {u_LOGIC_CENTER/I2C_CTL/I2C_EN_CTL/R_REGF0_hit_reg/CK}] 
1
set_multicycle_path  4 -hold -from [get_pins {u_LOGIC_CENTER/I2C_CTL/I2C_EN_CTL/R_REGF1_hit_reg/CK}] 
1
set_false_path -from [get_ports {DPSEL_I}] 
1
set_false_path -through [get_pins {u_LOGIC_CENTER/LINK_LOGIC/LC_MONBLOCK/LITEST u_LOGIC_CENTER/LINK_LOGIC/LC_MONBLOCK/CHIP_SEL u_LOGIC_CENTER/LINK_LOGIC/LC_MONBLOCK/TESTO_SEL[4] u_LOGIC_CENTER/LINK_LOGIC/LC_MONBLOCK/TESTO_SEL[3] u_LOGIC_CENTER/LINK_LOGIC/LC_MONBLOCK/TESTO_SEL[2] u_LOGIC_CENTER/LINK_LOGIC/LC_MONBLOCK/TESTO_SEL[1] u_LOGIC_CENTER/LINK_LOGIC/LC_MONBLOCK/TESTO_SEL[0] u_LOGIC_CENTER/LINK_LOGIC/LC_MONBLOCK/POL_O u_LOGIC_CENTER/LINK_LOGIC/LC_MONBLOCK/STB_A_O u_LOGIC_CENTER/LINK_LOGIC/LC_MONBLOCK/N_RST_PHY u_LOGIC_CENTER/LINK_LOGIC/LC_MONBLOCK/N_PD_PHY0 u_LOGIC_CENTER/LINK_LOGIC/LC_MONBLOCK/N_PD_PHY1 u_LOGIC_CENTER/LINK_LOGIC/LC_MONBLOCK/OSC_CLK u_LOGIC_CENTER/LINK_LOGIC/LC_MONBLOCK/N_RST_NLOCK0 u_LOGIC_CENTER/LINK_LOGIC/LC_MONBLOCK/N_RST_NLOCK1 u_LOGIC_CENTER/LINK_LOGIC/LC_MONBLOCK/LOCK_FREQ_DEB u_LOGIC_CENTER/LINK_LOGIC/LC_MONBLOCK/DCLK0 u_LOGIC_CENTER/LINK_LOGIC/LC_MONBLOCK/DCLK1 u_LOGIC_CENTER/LINK_LOGIC/LC_MONBLOCK/BWDL_TRIG u_LOGIC_CENTER/LINK_LOGIC/LC_MONBLOCK/BWDA_TRIG u_LOGIC_CENTER/LINK_LOGIC/LC_MONBLOCK/BWDB_TRIG u_LOGIC_CENTER/LINK_LOGIC/LC_MONBLOCK/BWDABL_TRIG u_LOGIC_CENTER/LINK_LOGIC/LC_MONBLOCK/UTC_ERR_CNT_END_L1 u_LOGIC_CENTER/LINK_LOGIC/LC_MONBLOCK/UTC_ERR_CNT_END_L0 u_LOGIC_CENTER/LINK_LOGIC/LC_MONBLOCK/FRM_UTC_ERR_CNT_END_L1 u_LOGIC_CENTER/LINK_LOGIC/LC_MONBLOCK/FRM_UTC_ERR_CNT_END_L0 u_LOGIC_CENTER/LINK_LOGIC/LC_MONBLOCK/LSI_PRTECT u_LOGIC_CENTER/LINK_LOGIC/LC_MONBLOCK/DRD_XRSTA u_LOGIC_CENTER/LINK_LOGIC/LC_MONBLOCK/DRD_XRSTB u_LOGIC_CENTER/LINK_LOGIC/LC_MONBLOCK/DRA_CHOP u_LOGIC_CENTER/LINK_LOGIC/LC_MONBLOCK/SRA u_LOGIC_CENTER/LINK_LOGIC/LC_MONBLOCK/SRB u_LOGIC_CENTER/LINK_LOGIC/LC_MONBLOCK/SLA u_LOGIC_CENTER/LINK_LOGIC/LC_MONBLOCK/SLB u_LOGIC_CENTER/LINK_LOGIC/LC_MONBLOCK/FYSAR u_LOGIC_CENTER/LINK_LOGIC/LC_MONBLOCK/FYSBR u_LOGIC_CENTER/LINK_LOGIC/LC_MONBLOCK/FYSAL u_LOGIC_CENTER/LINK_LOGIC/LC_MONBLOCK/FYSBL u_LOGIC_CENTER/LINK_LOGIC/LC_MONBLOCK/TESTO1_O u_LOGIC_CENTER/LINK_LOGIC/LC_MONBLOCK/TESTO_EN_O u_LOGIC_CENTER/LINK_LOGIC/LC_MONBLOCK/TPW_CLIP_min_mask}] 
1
set_false_path -through [get_pins {u_LOGIC_CENTER/LINK_LOGIC/REG_MAPPING_HV2M23/R_SHL}] 
1
set_false_path -from [get_pins {u_LOGIC_CENTER/LINK_LOGIC/LC_CPUWR_HV2M23/R_REG_10_reg_4_/CK u_LOGIC_CENTER/LINK_LOGIC/LC_CPUWR_HV2M23/R_REG_4_reg_2_/CK u_LOGIC_CENTER/LINK_LOGIC/LC_CPUWR_HV2M23/R_REG_60_reg_4_/CK u_LOGIC_CENTER/LINK_LOGIC/LC_CPUWR_HV2M23/R_REG_50_reg_3_/CK u_LOGIC_CENTER/LINK_LOGIC/LC_CPUWR_HV2M23/R_REG_45_reg_4_/CK u_LOGIC_CENTER/LINK_LOGIC/LC_CPUWR_HV2M23/R_REG_35_reg_3_/CK u_LOGIC_CENTER/LINK_LOGIC/LC_CPUWR_HV2M23/R_REG_3_reg_6_/CK u_LOGIC_CENTER/LINK_LOGIC/LC_CPUWR_HV2M23/R_REG_34_reg_7_/CK u_LOGIC_CENTER/LINK_LOGIC/LC_CPUWR_HV2M23/R_REG_12_reg_3_/CK u_LOGIC_CENTER/LINK_LOGIC/LC_CPUWR_HV2M23/R_REG_6_reg_1_/CK u_LOGIC_CENTER/LINK_LOGIC/LC_CPUWR_HV2M23/R_REG_49_reg_5_/CK u_LOGIC_CENTER/LINK_LOGIC/LC_CPUWR_HV2M23/R_REG_37_reg_2_/CK u_LOGIC_CENTER/LINK_LOGIC/LC_CPUWR_HV2M23/R_REG_42_reg_1_/CK u_LOGIC_CENTER/LINK_LOGIC/LC_CPUWR_HV2M23/R_REG_5_reg_5_/CK u_LOGIC_CENTER/LINK_LOGIC/LC_CPUWR_HV2M23/R_REG_7_reg_7_/CK u_LOGIC_CENTER/LINK_LOGIC/LC_CPUWR_HV2M23/R_REG_41_reg_5_/CK u_LOGIC_CENTER/LINK_LOGIC/LC_CPUWR_HV2M23/R_REG_31_reg_4_/CK u_LOGIC_CENTER/LINK_LOGIC/LC_CPUWR_HV2M23/R_REG_8_reg_0_/CK u_LOGIC_CENTER/LINK_LOGIC/LC_CPUWR_HV2M23/R_REG_39_reg_1_/CK u_LOGIC_CENTER/LINK_LOGIC/LC_CPUWR_HV2M23/R_REG_44_reg_0_/CK u_LOGIC_CENTER/LINK_LOGIC/LC_CPUWR_HV2M23/R_REG_2_reg_2_/CK u_LOGIC_CENTER/LINK_LOGIC/LC_CPUWR_HV2M23/R_REG_43_reg_4_/CK u_LOGIC_CENTER/LINK_LOGIC/LC_CPUWR_HV2M23/R_REG_1_reg_6_/CK u_LOGIC_CENTER/LINK_LOGIC/LC_CPUWR_HV2M23/R_REG_32_reg_7_/CK u_LOGIC_CENTER/LINK_LOGIC/LC_CPUWR_HV2M23/R_REG_10_reg_3_/CK u_LOGIC_CENTER/LINK_LOGIC/LC_CPUWR_HV2M23/R_REG_4_reg_1_/CK u_LOGIC_CENTER/LINK_LOGIC/LC_CPUWR_HV2M23/R_REG_60_reg_3_/CK u_LOGIC_CENTER/LINK_LOGIC/LC_CPUWR_HV2M23/R_REG_45_reg_3_/CK u_LOGIC_CENTER/LINK_LOGIC/LC_CPUWR_HV2M23/R_REG_50_reg_2_/CK u_LOGIC_CENTER/LINK_LOGIC/LC_CPUWR_HV2M23/R_REG_35_reg_2_/CK u_LOGIC_CENTER/LINK_LOGIC/LC_CPUWR_HV2M23/R_REG_47_reg_5_/CK u_LOGIC_CENTER/LINK_LOGIC/LC_CPUWR_HV2M23/R_REG_3_reg_5_/CK u_LOGIC_CENTER/LINK_LOGIC/LC_CPUWR_HV2M23/R_REG_34_reg_6_/CK u_LOGIC_CENTER/LINK_LOGIC/LC_CPUWR_HV2M23/R_REG_12_reg_2_/CK u_LOGIC_CENTER/LINK_LOGIC/LC_CPUWR_HV2M23/R_REG_6_reg_0_/CK u_LOGIC_CENTER/LINK_LOGIC/LC_CPUWR_HV2M23/R_REG_37_reg_1_/CK u_LOGIC_CENTER/LINK_LOGIC/LC_CPUWR_HV2M23/R_REG_42_reg_0_/CK u_LOGIC_CENTER/LINK_LOGIC/LC_CPUWR_HV2M23/R_REG_49_reg_4_/CK u_LOGIC_CENTER/LINK_LOGIC/LC_CPUWR_HV2M23/R_REG_5_reg_4_/CK u_LOGIC_CENTER/LINK_LOGIC/LC_CPUWR_HV2M23/R_REG_7_reg_6_/CK u_LOGIC_CENTER/LINK_LOGIC/LC_CPUWR_HV2M23/R_REG_41_reg_4_/CK u_LOGIC_CENTER/LINK_LOGIC/LC_CPUWR_HV2M23/R_REG_39_reg_0_/CK u_LOGIC_CENTER/LINK_LOGIC/LC_CPUWR_HV2M23/R_REG_2_reg_1_/CK u_LOGIC_CENTER/LINK_LOGIC/LC_CPUWR_HV2M23/R_REG_43_reg_3_/CK u_LOGIC_CENTER/LINK_LOGIC/LC_CPUWR_HV2M23/R_REG_1_reg_5_/CK u_LOGIC_CENTER/LINK_LOGIC/LC_CPUWR_HV2M23/R_REG_32_reg_6_/CK u_LOGIC_CENTER/LINK_LOGIC/LC_CPUWR_HV2M23/R_REG_10_reg_2_/CK u_LOGIC_CENTER/LINK_LOGIC/LC_CPUWR_HV2M23/R_REG_60_reg_2_/CK u_LOGIC_CENTER/LINK_LOGIC/LC_CPUWR_HV2M23/R_REG_4_reg_0_/CK u_LOGIC_CENTER/LINK_LOGIC/LC_CPUWR_HV2M23/R_REG_45_reg_2_/CK u_LOGIC_CENTER/LINK_LOGIC/LC_CPUWR_HV2M23/R_REG_50_reg_1_/CK u_LOGIC_CENTER/LINK_LOGIC/LC_CPUWR_HV2M23/R_REG_47_reg_4_/CK u_LOGIC_CENTER/LINK_LOGIC/LC_CPUWR_HV2M23/R_REG_35_reg_1_/CK u_LOGIC_CENTER/LINK_LOGIC/LC_CPUWR_HV2M23/R_REG_3_reg_4_/CK u_LOGIC_CENTER/LINK_LOGIC/LC_CPUWR_HV2M23/R_REG_34_reg_5_/CK u_LOGIC_CENTER/LINK_LOGIC/LC_CPUWR_HV2M23/R_REG_12_reg_1_/CK u_LOGIC_CENTER/LINK_LOGIC/LC_CPUWR_HV2M23/R_REG_37_reg_0_/CK u_LOGIC_CENTER/LINK_LOGIC/LC_CPUWR_HV2M23/R_REG_49_reg_3_/CK u_LOGIC_CENTER/LINK_LOGIC/LC_CPUWR_HV2M23/R_REG_5_reg_3_/CK u_LOGIC_CENTER/LINK_LOGIC/LC_CPUWR_HV2M23/R_REG_7_reg_5_/CK u_LOGIC_CENTER/LINK_LOGIC/LC_CPUWR_HV2M23/R_REG_48_reg_7_/CK u_LOGIC_CENTER/LINK_LOGIC/LC_CPUWR_HV2M23/R_REG_38_reg_6_/CK u_LOGIC_CENTER/LINK_LOGIC/LC_CPUWR_HV2M23/R_REG_31_reg_2_/CK u_LOGIC_CENTER/LINK_LOGIC/LC_CPUWR_HV2M23/R_REG_2_reg_0_/CK u_LOGIC_CENTER/LINK_LOGIC/LC_CPUWR_HV2M23/R_REG_43_reg_2_/CK u_LOGIC_CENTER/LINK_LOGIC/LC_CPUWR_HV2M23/R_REG_33_reg_1_/CK u_LOGIC_CENTER/LINK_LOGIC/LC_CPUWR_HV2M23/R_REG_1_reg_4_/CK u_LOGIC_CENTER/LINK_LOGIC/LC_CPUWR_HV2M23/R_REG_10_reg_1_/CK u_LOGIC_CENTER/LINK_LOGIC/LC_CPUWR_HV2M23/R_REG_60_reg_1_/CK u_LOGIC_CENTER/LINK_LOGIC/LC_CPUWR_HV2M23/R_REG_45_reg_1_/CK u_LOGIC_CENTER/LINK_LOGIC/LC_CPUWR_HV2M23/R_REG_11_reg_7_/CK u_LOGIC_CENTER/LINK_LOGIC/LC_CPUWR_HV2M23/R_REG_50_reg_0_/CK u_LOGIC_CENTER/LINK_LOGIC/LC_CPUWR_HV2M23/R_REG_47_reg_3_/CK u_LOGIC_CENTER/LINK_LOGIC/LC_CPUWR_HV2M23/R_REG_35_reg_0_/CK u_LOGIC_CENTER/LINK_LOGIC/LC_CPUWR_HV2M23/R_REG_3_reg_3_/CK u_LOGIC_CENTER/LINK_LOGIC/LC_CPUWR_HV2M23/R_REG_34_reg_4_/CK u_LOGIC_CENTER/LINK_LOGIC/LC_CPUWR_HV2M23/R_REG_12_reg_0_/CK u_LOGIC_CENTER/LINK_LOGIC/LC_CPUWR_HV2M23/R_REG_49_reg_2_/CK u_LOGIC_CENTER/LINK_LOGIC/LC_CPUWR_HV2M23/R_REG_5_reg_2_/CK u_LOGIC_CENTER/LINK_LOGIC/LC_CPUWR_HV2M23/R_REG_7_reg_4_/CK u_LOGIC_CENTER/LINK_LOGIC/LC_CPUWR_HV2M23/R_REG_48_reg_6_/CK u_LOGIC_CENTER/LINK_LOGIC/LC_CPUWR_HV2M23/R_REG_41_reg_2_/CK u_LOGIC_CENTER/LINK_LOGIC/LC_CPUWR_HV2M23/R_REG_31_reg_1_/CK u_LOGIC_CENTER/LINK_LOGIC/LC_CPUWR_HV2M23/R_REG_38_reg_5_/CK u_LOGIC_CENTER/LINK_LOGIC/LC_CPUWR_HV2M23/R_REG_7_reg_0_/CK u_LOGIC_CENTER/LINK_LOGIC/LC_CPUWR_HV2M23/R_REG_12_reg_6_/CK u_LOGIC_CENTER/LINK_LOGIC/LC_CPUWR_HV2M23/R_REG_48_reg_2_/CK u_LOGIC_CENTER/LINK_LOGIC/LC_CPUWR_HV2M23/R_REG_38_reg_1_/CK u_LOGIC_CENTER/LINK_LOGIC/LC_CPUWR_HV2M23/R_REG_40_reg_2_/CK u_LOGIC_CENTER/LINK_LOGIC/LC_CPUWR_HV2M23/R_REG_42_reg_4_/CK u_LOGIC_CENTER/LINK_LOGIC/LC_CPUWR_HV2M23/R_REG_8_reg_3_/CK u_LOGIC_CENTER/LINK_LOGIC/LC_CPUWR_HV2M23/R_REG_39_reg_4_/CK u_LOGIC_CENTER/LINK_LOGIC/LC_CPUWR_HV2M23/R_REG_44_reg_3_/CK u_LOGIC_CENTER/LINK_LOGIC/LC_CPUWR_HV2M23/R_REG_32_reg_0_/CK u_LOGIC_CENTER/LINK_LOGIC/LC_CPUWR_HV2M23/R_REG_2_reg_5_/CK u_LOGIC_CENTER/LINK_LOGIC/LC_CPUWR_HV2M23/R_REG_43_reg_7_/CK u_LOGIC_CENTER/LINK_LOGIC/LC_CPUWR_HV2M23/R_REG_11_reg_2_/CK u_LOGIC_CENTER/LINK_LOGIC/LC_CPUWR_HV2M23/R_REG_10_reg_6_/CK u_LOGIC_CENTER/LINK_LOGIC/LC_CPUWR_HV2M23/R_REG_36_reg_1_/CK u_LOGIC_CENTER/LINK_LOGIC/LC_CPUWR_HV2M23/R_REG_4_reg_4_/CK u_LOGIC_CENTER/LINK_LOGIC/LC_CPUWR_HV2M23/R_REG_60_reg_6_/CK u_LOGIC_CENTER/LINK_LOGIC/LC_CPUWR_HV2M23/R_REG_50_reg_5_/CK u_LOGIC_CENTER/LINK_LOGIC/LC_CPUWR_HV2M23/R_REG_35_reg_5_/CK u_LOGIC_CENTER/LINK_LOGIC/LC_CPUWR_HV2M23/R_REG_12_reg_5_/CK u_LOGIC_CENTER/LINK_LOGIC/LC_CPUWR_HV2M23/R_REG_48_reg_1_/CK u_LOGIC_CENTER/LINK_LOGIC/LC_CPUWR_HV2M23/R_REG_38_reg_0_/CK u_LOGIC_CENTER/LINK_LOGIC/LC_CPUWR_HV2M23/R_REG_6_reg_3_/CK u_LOGIC_CENTER/LINK_LOGIC/LC_CPUWR_HV2M23/R_REG_40_reg_1_/CK u_LOGIC_CENTER/LINK_LOGIC/LC_CPUWR_HV2M23/R_REG_49_reg_7_/CK u_LOGIC_CENTER/LINK_LOGIC/LC_CPUWR_HV2M23/R_REG_5_reg_7_/CK u_LOGIC_CENTER/LINK_LOGIC/LC_CPUWR_HV2M23/R_REG_8_reg_2_/CK u_LOGIC_CENTER/LINK_LOGIC/LC_CPUWR_HV2M23/R_REG_44_reg_2_/CK u_LOGIC_CENTER/LINK_LOGIC/LC_CPUWR_HV2M23/R_REG_2_reg_4_/CK u_LOGIC_CENTER/LINK_LOGIC/LC_CPUWR_HV2M23/R_REG_11_reg_1_/CK u_LOGIC_CENTER/LINK_LOGIC/LC_CPUWR_HV2M23/R_REG_10_reg_5_/CK u_LOGIC_CENTER/LINK_LOGIC/LC_CPUWR_HV2M23/R_REG_36_reg_0_/CK u_LOGIC_CENTER/LINK_LOGIC/LC_CPUWR_HV2M23/R_REG_4_reg_3_/CK u_LOGIC_CENTER/LINK_LOGIC/LC_CPUWR_HV2M23/R_REG_60_reg_5_/CK u_LOGIC_CENTER/LINK_LOGIC/LC_CPUWR_HV2M23/R_REG_45_reg_5_/CK u_LOGIC_CENTER/LINK_LOGIC/LC_CPUWR_HV2M23/R_REG_50_reg_4_/CK u_LOGIC_CENTER/LINK_LOGIC/LC_CPUWR_HV2M23/R_REG_35_reg_4_/CK u_LOGIC_CENTER/LINK_LOGIC/LC_CPUWR_HV2M23/R_REG_3_reg_7_/CK u_LOGIC_CENTER/LINK_LOGIC/LC_CPUWR_HV2M23/R_REG_12_reg_4_/CK u_LOGIC_CENTER/LINK_LOGIC/LC_CPUWR_HV2M23/R_REG_48_reg_0_/CK u_LOGIC_CENTER/LINK_LOGIC/LC_CPUWR_HV2M23/R_REG_6_reg_2_/CK u_LOGIC_CENTER/LINK_LOGIC/LC_CPUWR_HV2M23/R_REG_40_reg_0_/CK u_LOGIC_CENTER/LINK_LOGIC/LC_CPUWR_HV2M23/R_REG_49_reg_6_/CK u_LOGIC_CENTER/LINK_LOGIC/LC_CPUWR_HV2M23/R_REG_37_reg_3_/CK u_LOGIC_CENTER/LINK_LOGIC/LC_CPUWR_HV2M23/R_REG_35_reg_6_/CK u_LOGIC_CENTER/LINK_LOGIC/LC_CPUWR_HV2M23/R_REG_60_reg_7_/CK u_LOGIC_CENTER/LINK_LOGIC/LC_CPUWR_HV2M23/R_REG_36_reg_2_/CK u_LOGIC_CENTER/LINK_LOGIC/LC_CPUWR_HV2M23/R_REG_34_reg_0_/CK u_LOGIC_CENTER/LINK_LOGIC/LC_CPUWR_HV2M23/R_REG_10_reg_7_/CK u_LOGIC_CENTER/LINK_LOGIC/LC_CPUWR_HV2M23/R_REG_39_reg_5_/CK u_LOGIC_CENTER/LINK_LOGIC/LC_CPUWR_HV2M23/R_REG_8_reg_4_/CK u_LOGIC_CENTER/LINK_LOGIC/LC_CPUWR_HV2M23/R_REG_9_reg_0_/CK u_LOGIC_CENTER/LINK_LOGIC/LC_CPUWR_HV2M23/R_REG_38_reg_2_/CK u_LOGIC_CENTER/LINK_LOGIC/LC_CPUWR_HV2M23/R_REG_46_reg_4_/CK u_LOGIC_CENTER/LINK_LOGIC/LC_CPUWR_HV2M23/R_REG_47_reg_0_/CK u_LOGIC_CENTER/LINK_LOGIC/LC_CPUWR_HV2M23/R_REG_2_reg_7_/CK u_LOGIC_CENTER/LINK_LOGIC/LC_CPUWR_HV2M23/R_REG_32_reg_2_/CK u_LOGIC_CENTER/LINK_LOGIC/LC_CPUWR_HV2M23/R_REG_44_reg_5_/CK u_LOGIC_CENTER/LINK_LOGIC/LC_CPUWR_HV2M23/R_REG_1_reg_1_/CK u_LOGIC_CENTER/LINK_LOGIC/LC_CPUWR_HV2M23/R_REG_36_reg_5_/CK u_LOGIC_CENTER/LINK_LOGIC/LC_CPUWR_HV2M23/R_REG_34_reg_3_/CK u_LOGIC_CENTER/LINK_LOGIC/LC_CPUWR_HV2M23/R_REG_3_reg_2_/CK u_LOGIC_CENTER/LINK_LOGIC/LC_CPUWR_HV2M23/R_REG_4_reg_5_/CK u_LOGIC_CENTER/LINK_LOGIC/LC_CPUWR_HV2M23/R_REG_11_reg_3_/CK u_LOGIC_CENTER/LINK_LOGIC/LC_CPUWR_HV2M23/R_REG_2_reg_6_/CK u_LOGIC_CENTER/LINK_LOGIC/LC_CPUWR_HV2M23/R_REG_0_reg_4_/CK u_LOGIC_CENTER/LINK_LOGIC/LC_CPUWR_HV2M23/R_REG_32_reg_1_/CK u_LOGIC_CENTER/LINK_LOGIC/LC_CPUWR_HV2M23/R_REG_44_reg_4_/CK u_LOGIC_CENTER/LINK_LOGIC/LC_CPUWR_HV2M23/R_REG_1_reg_0_/CK u_LOGIC_CENTER/LINK_LOGIC/LC_CPUWR_HV2M23/R_REG_42_reg_5_/CK u_LOGIC_CENTER/LINK_LOGIC/LC_CPUWR_HV2M23/R_REG_48_reg_3_/CK u_LOGIC_CENTER/LINK_LOGIC/LC_CPUWR_HV2M23/R_REG_12_reg_7_/CK u_LOGIC_CENTER/LINK_LOGIC/LC_CPUWR_HV2M23/R_REG_7_reg_1_/CK u_LOGIC_CENTER/LINK_LOGIC/LC_CPUWR_HV2M23/R_REG_35_reg_7_/CK u_LOGIC_CENTER/LINK_LOGIC/LC_CPUWR_HV2M23/R_REG_50_reg_7_/CK u_LOGIC_CENTER/LINK_LOGIC/LC_CPUWR_HV2M23/R_REG_4_reg_6_/CK u_LOGIC_CENTER/LINK_LOGIC/LC_CPUWR_HV2M23/R_REG_36_reg_3_/CK u_LOGIC_CENTER/LINK_LOGIC/LC_CPUWR_HV2M23/R_REG_34_reg_1_/CK u_LOGIC_CENTER/LINK_LOGIC/LC_CPUWR_HV2M23/R_REG_3_reg_0_/CK u_LOGIC_CENTER/LINK_LOGIC/LC_CPUWR_HV2M23/R_REG_11_reg_4_/CK u_LOGIC_CENTER/LINK_LOGIC/LC_CPUWR_HV2M23/R_REG_39_reg_6_/CK u_LOGIC_CENTER/LINK_LOGIC/LC_CPUWR_HV2M23/R_REG_9_reg_1_/CK u_LOGIC_CENTER/LINK_LOGIC/LC_CPUWR_HV2M23/R_REG_42_reg_6_/CK u_LOGIC_CENTER/LINK_LOGIC/LC_CPUWR_HV2M23/R_REG_40_reg_4_/CK u_LOGIC_CENTER/LINK_LOGIC/LC_CPUWR_HV2M23/R_REG_41_reg_0_/CK u_LOGIC_CENTER/LINK_LOGIC/LC_CPUWR_HV2M23/R_REG_48_reg_4_/CK u_LOGIC_CENTER/LINK_LOGIC/LC_CPUWR_HV2M23/R_REG_7_reg_2_/CK u_LOGIC_CENTER/LINK_LOGIC/LC_CPUWR_HV2M23/R_REG_5_reg_0_/CK u_LOGIC_CENTER/LINK_LOGIC/LC_CPUWR_HV2M23/R_REG_49_reg_0_/CK u_LOGIC_CENTER/LINK_LOGIC/LC_CPUWR_HV2M23/R_REG_4_reg_7_/CK u_LOGIC_CENTER/LINK_LOGIC/LC_CPUWR_HV2M23/R_REG_36_reg_4_/CK u_LOGIC_CENTER/LINK_LOGIC/LC_CPUWR_HV2M23/R_REG_34_reg_2_/CK u_LOGIC_CENTER/LINK_LOGIC/LC_CPUWR_HV2M23/R_REG_3_reg_1_/CK u_LOGIC_CENTER/LINK_LOGIC/LC_CPUWR_HV2M23/R_REG_47_reg_1_/CK u_LOGIC_CENTER/LINK_LOGIC/LC_CPUWR_HV2M23/R_REG_11_reg_5_/CK u_LOGIC_CENTER/LINK_LOGIC/LC_CPUWR_HV2M23/R_REG_0_reg_6_/CK u_LOGIC_CENTER/LINK_LOGIC/LC_CPUWR_HV2M23/R_REG_32_reg_3_/CK u_LOGIC_CENTER/LINK_LOGIC/LC_CPUWR_HV2M23/R_REG_8_reg_6_/CK u_LOGIC_CENTER/LINK_LOGIC/LC_CPUWR_HV2M23/R_REG_1_reg_2_/CK u_LOGIC_CENTER/LINK_LOGIC/LC_CPUWR_HV2M23/R_REG_43_reg_0_/CK u_LOGIC_CENTER/LINK_LOGIC/LC_CPUWR_HV2M23/R_REG_9_reg_2_/CK u_LOGIC_CENTER/LINK_LOGIC/LC_CPUWR_HV2M23/R_REG_40_reg_5_/CK u_LOGIC_CENTER/LINK_LOGIC/LC_CPUWR_HV2M23/R_REG_31_reg_0_/CK u_LOGIC_CENTER/LINK_LOGIC/LC_CPUWR_HV2M23/R_REG_47_reg_2_/CK u_LOGIC_CENTER/LINK_LOGIC/LC_CPUWR_HV2M23/R_REG_0_reg_5_/CK u_LOGIC_CENTER/LINK_LOGIC/LC_CPUWR_HV2M23/R_REG_8_reg_5_/CK u_LOGIC_CENTER/LINK_LOGIC/LC_CPUWR_HV2M23/R_REG_46_reg_5_/CK u_LOGIC_CENTER/LINK_LOGIC/LC_CPUWR_HV2M23/R_REG_38_reg_4_/CK u_LOGIC_CENTER/LINK_LOGIC/LC_CPUWR_HV2M23/R_REG_41_reg_1_/CK u_LOGIC_CENTER/LINK_LOGIC/LC_CPUWR_HV2M23/R_REG_48_reg_5_/CK u_LOGIC_CENTER/LINK_LOGIC/LC_CPUWR_HV2M23/R_REG_7_reg_3_/CK u_LOGIC_CENTER/LINK_LOGIC/LC_CPUWR_HV2M23/R_REG_5_reg_1_/CK u_LOGIC_CENTER/LINK_LOGIC/LC_CPUWR_HV2M23/R_REG_49_reg_1_/CK u_LOGIC_CENTER/LINK_LOGIC/LC_CPUWR_HV2M23/R_REG_46_reg_6_/CK u_LOGIC_CENTER/LINK_LOGIC/LC_CPUWR_HV2M23/R_REG_42_reg_2_/CK u_LOGIC_CENTER/LINK_LOGIC/LC_CPUWR_HV2M23/R_REG_5_reg_6_/CK u_LOGIC_CENTER/LINK_LOGIC/LC_CPUWR_HV2M23/R_REG_41_reg_6_/CK u_LOGIC_CENTER/LINK_LOGIC/LC_CPUWR_HV2M23/R_REG_31_reg_5_/CK u_LOGIC_CENTER/LINK_LOGIC/LC_CPUWR_HV2M23/R_REG_8_reg_1_/CK u_LOGIC_CENTER/LINK_LOGIC/LC_CPUWR_HV2M23/R_REG_39_reg_2_/CK u_LOGIC_CENTER/LINK_LOGIC/LC_CPUWR_HV2M23/R_REG_44_reg_1_/CK u_LOGIC_CENTER/LINK_LOGIC/LC_CPUWR_HV2M23/R_REG_2_reg_3_/CK u_LOGIC_CENTER/LINK_LOGIC/LC_CPUWR_HV2M23/R_REG_43_reg_5_/CK u_LOGIC_CENTER/LINK_LOGIC/LC_CPUWR_HV2M23/R_REG_11_reg_0_/CK u_LOGIC_CENTER/LINK_LOGIC/LC_CPUWR_HV2M23/R_REG_1_reg_7_/CK u_LOGIC_CENTER/LINK_LOGIC/LC_CPUWR_HV2M23/R_REG_40_reg_6_/CK u_LOGIC_CENTER/LINK_LOGIC/LC_CPUWR_HV2M23/R_REG_9_reg_3_/CK u_LOGIC_CENTER/LINK_LOGIC/LC_CPUWR_HV2M23/R_REG_43_reg_1_/CK u_LOGIC_CENTER/LINK_LOGIC/LC_CPUWR_HV2M23/R_REG_33_reg_0_/CK u_LOGIC_CENTER/LINK_LOGIC/LC_CPUWR_HV2M23/R_REG_1_reg_3_/CK u_LOGIC_CENTER/LINK_LOGIC/LC_CPUWR_HV2M23/R_REG_8_reg_7_/CK u_LOGIC_CENTER/LINK_LOGIC/LC_CPUWR_HV2M23/R_REG_0_reg_7_/CK u_LOGIC_CENTER/LINK_LOGIC/LC_CPUWR_HV2M23/R_REG_60_reg_0_/CK u_LOGIC_CENTER/LINK_LOGIC/LC_CPUWR_HV2M23/R_REG_45_reg_0_/CK u_LOGIC_CENTER/LINK_LOGIC/LC_CPUWR_HV2M23/R_REG_11_reg_6_/CK}] 
1
set_false_path -from [get_pins {u_LOGIC_CENTER/LINK_LOGIC/LC_CPUWR_HV2M23/R_EMI_DLY[1] u_LOGIC_CENTER/LINK_LOGIC/LC_CPUWR_HV2M23/R_EMI_DLY[0] u_LOGIC_CENTER/LINK_LOGIC/LC_CPUWR_HV2M23/R_EMI_BYPASS u_LOGIC_CENTER/LINK_LOGIC/LC_CPUWR_HV2M23/R_CH12_HIZ u_LOGIC_CENTER/LINK_LOGIC/LC_CPUWR_HV2M23/R_CH34_HIZ u_LOGIC_CENTER/LINK_LOGIC/LC_CPUWR_HV2M23/R_PD_GOP u_LOGIC_CENTER/LINK_LOGIC/LC_CPUWR_HV2M23/R_PD_GBIAS u_LOGIC_CENTER/LINK_LOGIC/LC_CPUWR_HV2M23/R_VGMAI_SEL u_LOGIC_CENTER/LINK_LOGIC/LC_CPUWR_HV2M23/R_S6B8B u_LOGIC_CENTER/LINK_LOGIC/LC_CPUWR_HV2M23/R_GMA_S u_LOGIC_CENTER/LINK_LOGIC/LC_CPUWR_HV2M23/R_GMA_MON u_LOGIC_CENTER/LINK_LOGIC/LC_CPUWR_HV2M23/R_GMA_LEAK u_LOGIC_CENTER/LINK_LOGIC/LC_CPUWR_HV2M23/R_PWRC_GOP[1] u_LOGIC_CENTER/LINK_LOGIC/LC_CPUWR_HV2M23/R_PWRC_GOP[0] u_LOGIC_CENTER/LINK_LOGIC/LC_CPUWR_HV2M23/R_PTAT_EN u_LOGIC_CENTER/LINK_LOGIC/LC_CPUWR_HV2M23/R_MON_DC_VOL[2] u_LOGIC_CENTER/LINK_LOGIC/LC_CPUWR_HV2M23/R_MON_DC_VOL[1] u_LOGIC_CENTER/LINK_LOGIC/LC_CPUWR_HV2M23/R_MON_DC_VOL[0] u_LOGIC_CENTER/LINK_LOGIC/LC_CPUWR_HV2M23/R_UTC[3] u_LOGIC_CENTER/LINK_LOGIC/LC_CPUWR_HV2M23/R_UTC[2] u_LOGIC_CENTER/LINK_LOGIC/LC_CPUWR_HV2M23/R_UTC[1] u_LOGIC_CENTER/LINK_LOGIC/LC_CPUWR_HV2M23/R_UTC[0] u_LOGIC_CENTER/LINK_LOGIC/LC_CPUWR_HV2M23/R_MARK_6PIX u_LOGIC_CENTER/LINK_LOGIC/LC_CPUWR_HV2M23/R_FRM_CHK_MODE u_LOGIC_CENTER/LINK_LOGIC/LC_CPUWR_HV2M23/R_BAC}] 
Warning: Object 'u_LOGIC_CENTER/LINK_LOGIC/LC_CPUWR_HV2M23/R_EMI_DLY[1]' is not a valid startpoint. (UITE-216)
Warning: Object 'u_LOGIC_CENTER/LINK_LOGIC/LC_CPUWR_HV2M23/R_EMI_DLY[0]' is not a valid startpoint. (UITE-216)
Warning: Object 'u_LOGIC_CENTER/LINK_LOGIC/LC_CPUWR_HV2M23/R_EMI_BYPASS' is not a valid startpoint. (UITE-216)
Warning: Object 'u_LOGIC_CENTER/LINK_LOGIC/LC_CPUWR_HV2M23/R_CH12_HIZ' is not a valid startpoint. (UITE-216)
Warning: Object 'u_LOGIC_CENTER/LINK_LOGIC/LC_CPUWR_HV2M23/R_CH34_HIZ' is not a valid startpoint. (UITE-216)
Warning: Object 'u_LOGIC_CENTER/LINK_LOGIC/LC_CPUWR_HV2M23/R_PD_GOP' is not a valid startpoint. (UITE-216)
Warning: Object 'u_LOGIC_CENTER/LINK_LOGIC/LC_CPUWR_HV2M23/R_PD_GBIAS' is not a valid startpoint. (UITE-216)
Warning: Object 'u_LOGIC_CENTER/LINK_LOGIC/LC_CPUWR_HV2M23/R_VGMAI_SEL' is not a valid startpoint. (UITE-216)
Warning: Object 'u_LOGIC_CENTER/LINK_LOGIC/LC_CPUWR_HV2M23/R_S6B8B' is not a valid startpoint. (UITE-216)
Warning: Object 'u_LOGIC_CENTER/LINK_LOGIC/LC_CPUWR_HV2M23/R_GMA_S' is not a valid startpoint. (UITE-216)
Warning: Object 'u_LOGIC_CENTER/LINK_LOGIC/LC_CPUWR_HV2M23/R_GMA_MON' is not a valid startpoint. (UITE-216)
Warning: Object 'u_LOGIC_CENTER/LINK_LOGIC/LC_CPUWR_HV2M23/R_GMA_LEAK' is not a valid startpoint. (UITE-216)
Warning: Object 'u_LOGIC_CENTER/LINK_LOGIC/LC_CPUWR_HV2M23/R_PWRC_GOP[1]' is not a valid startpoint. (UITE-216)
Warning: Object 'u_LOGIC_CENTER/LINK_LOGIC/LC_CPUWR_HV2M23/R_PWRC_GOP[0]' is not a valid startpoint. (UITE-216)
Warning: Object 'u_LOGIC_CENTER/LINK_LOGIC/LC_CPUWR_HV2M23/R_PTAT_EN' is not a valid startpoint. (UITE-216)
Warning: Object 'u_LOGIC_CENTER/LINK_LOGIC/LC_CPUWR_HV2M23/R_MON_DC_VOL[2]' is not a valid startpoint. (UITE-216)
Warning: Object 'u_LOGIC_CENTER/LINK_LOGIC/LC_CPUWR_HV2M23/R_MON_DC_VOL[1]' is not a valid startpoint. (UITE-216)
Warning: Object 'u_LOGIC_CENTER/LINK_LOGIC/LC_CPUWR_HV2M23/R_MON_DC_VOL[0]' is not a valid startpoint. (UITE-216)
Warning: Object 'u_LOGIC_CENTER/LINK_LOGIC/LC_CPUWR_HV2M23/R_UTC[3]' is not a valid startpoint. (UITE-216)
Warning: Object 'u_LOGIC_CENTER/LINK_LOGIC/LC_CPUWR_HV2M23/R_UTC[2]' is not a valid startpoint. (UITE-216)
Warning: Object 'u_LOGIC_CENTER/LINK_LOGIC/LC_CPUWR_HV2M23/R_UTC[1]' is not a valid startpoint. (UITE-216)
Warning: Object 'u_LOGIC_CENTER/LINK_LOGIC/LC_CPUWR_HV2M23/R_UTC[0]' is not a valid startpoint. (UITE-216)
Warning: Object 'u_LOGIC_CENTER/LINK_LOGIC/LC_CPUWR_HV2M23/R_MARK_6PIX' is not a valid startpoint. (UITE-216)
Warning: Object 'u_LOGIC_CENTER/LINK_LOGIC/LC_CPUWR_HV2M23/R_FRM_CHK_MODE' is not a valid startpoint. (UITE-216)
Warning: Object 'u_LOGIC_CENTER/LINK_LOGIC/LC_CPUWR_HV2M23/R_BAC' is not a valid startpoint. (UITE-216)
1
set_false_path -from [get_pins {u_LOGIC_CENTER/LINK_LOGIC/LC_CPUWR_HV2M23_VGMA/R_REG_25_reg_3_/CK u_LOGIC_CENTER/LINK_LOGIC/LC_CPUWR_HV2M23_VGMA/R_REG_19_reg_7_/CK u_LOGIC_CENTER/LINK_LOGIC/LC_CPUWR_HV2M23_VGMA/R_REG_30_reg_4_/CK u_LOGIC_CENTER/LINK_LOGIC/LC_CPUWR_HV2M23_VGMA/R_REG_16_reg_3_/CK u_LOGIC_CENTER/LINK_LOGIC/LC_CPUWR_HV2M23_VGMA/R_REG_21_reg_4_/CK u_LOGIC_CENTER/LINK_LOGIC/LC_CPUWR_HV2M23_VGMA/R_REG_28_reg_0_/CK u_LOGIC_CENTER/LINK_LOGIC/LC_CPUWR_HV2M23_VGMA/R_REG_27_reg_7_/CK u_LOGIC_CENTER/LINK_LOGIC/LC_CPUWR_HV2M23_VGMA/R_REG_19_reg_2_/CK u_LOGIC_CENTER/LINK_LOGIC/LC_CPUWR_HV2M23_VGMA/R_REG_24_reg_3_/CK u_LOGIC_CENTER/LINK_LOGIC/LC_CPUWR_HV2M23_VGMA/R_REG_18_reg_7_/CK u_LOGIC_CENTER/LINK_LOGIC/LC_CPUWR_HV2M23_VGMA/R_REG_15_reg_3_/CK u_LOGIC_CENTER/LINK_LOGIC/LC_CPUWR_HV2M23_VGMA/R_REG_20_reg_6_/CK u_LOGIC_CENTER/LINK_LOGIC/LC_CPUWR_HV2M23_VGMA/R_REG_27_reg_2_/CK u_LOGIC_CENTER/LINK_LOGIC/LC_CPUWR_HV2M23_VGMA/R_REG_26_reg_7_/CK u_LOGIC_CENTER/LINK_LOGIC/LC_CPUWR_HV2M23_VGMA/R_REG_18_reg_2_/CK u_LOGIC_CENTER/LINK_LOGIC/LC_CPUWR_HV2M23_VGMA/R_REG_23_reg_3_/CK u_LOGIC_CENTER/LINK_LOGIC/LC_CPUWR_HV2M23_VGMA/R_REG_17_reg_7_/CK u_LOGIC_CENTER/LINK_LOGIC/LC_CPUWR_HV2M23_VGMA/R_REG_29_reg_6_/CK u_LOGIC_CENTER/LINK_LOGIC/LC_CPUWR_HV2M23_VGMA/R_REG_20_reg_1_/CK u_LOGIC_CENTER/LINK_LOGIC/LC_CPUWR_HV2M23_VGMA/R_REG_14_reg_5_/CK u_LOGIC_CENTER/LINK_LOGIC/LC_CPUWR_HV2M23_VGMA/R_REG_26_reg_2_/CK u_LOGIC_CENTER/LINK_LOGIC/LC_CPUWR_HV2M23_VGMA/R_REG_22_reg_5_/CK u_LOGIC_CENTER/LINK_LOGIC/LC_CPUWR_HV2M23_VGMA/R_REG_17_reg_2_/CK u_LOGIC_CENTER/LINK_LOGIC/LC_CPUWR_HV2M23_VGMA/R_REG_29_reg_1_/CK u_LOGIC_CENTER/LINK_LOGIC/LC_CPUWR_HV2M23_VGMA/R_REG_14_reg_0_/CK u_LOGIC_CENTER/LINK_LOGIC/LC_CPUWR_HV2M23_VGMA/R_REG_13_reg_5_/CK u_LOGIC_CENTER/LINK_LOGIC/LC_CPUWR_HV2M23_VGMA/R_REG_28_reg_6_/CK u_LOGIC_CENTER/LINK_LOGIC/LC_CPUWR_HV2M23_VGMA/R_REG_25_reg_4_/CK u_LOGIC_CENTER/LINK_LOGIC/LC_CPUWR_HV2M23_VGMA/R_REG_30_reg_5_/CK u_LOGIC_CENTER/LINK_LOGIC/LC_CPUWR_HV2M23_VGMA/R_REG_22_reg_0_/CK u_LOGIC_CENTER/LINK_LOGIC/LC_CPUWR_HV2M23_VGMA/R_REG_16_reg_4_/CK u_LOGIC_CENTER/LINK_LOGIC/LC_CPUWR_HV2M23_VGMA/R_REG_21_reg_5_/CK u_LOGIC_CENTER/LINK_LOGIC/LC_CPUWR_HV2M23_VGMA/R_REG_13_reg_0_/CK u_LOGIC_CENTER/LINK_LOGIC/LC_CPUWR_HV2M23_VGMA/R_REG_28_reg_1_/CK u_LOGIC_CENTER/LINK_LOGIC/LC_CPUWR_HV2M23_VGMA/R_REG_19_reg_3_/CK u_LOGIC_CENTER/LINK_LOGIC/LC_CPUWR_HV2M23_VGMA/R_REG_30_reg_0_/CK u_LOGIC_CENTER/LINK_LOGIC/LC_CPUWR_HV2M23_VGMA/R_REG_24_reg_4_/CK u_LOGIC_CENTER/LINK_LOGIC/LC_CPUWR_HV2M23_VGMA/R_REG_20_reg_7_/CK u_LOGIC_CENTER/LINK_LOGIC/LC_CPUWR_HV2M23_VGMA/R_REG_21_reg_0_/CK u_LOGIC_CENTER/LINK_LOGIC/LC_CPUWR_HV2M23_VGMA/R_REG_15_reg_4_/CK u_LOGIC_CENTER/LINK_LOGIC/LC_CPUWR_HV2M23_VGMA/R_REG_27_reg_3_/CK u_LOGIC_CENTER/LINK_LOGIC/LC_CPUWR_HV2M23_VGMA/R_REG_18_reg_3_/CK u_LOGIC_CENTER/LINK_LOGIC/LC_CPUWR_HV2M23_VGMA/R_REG_23_reg_4_/CK u_LOGIC_CENTER/LINK_LOGIC/LC_CPUWR_HV2M23_VGMA/R_REG_29_reg_7_/CK u_LOGIC_CENTER/LINK_LOGIC/LC_CPUWR_HV2M23_VGMA/R_REG_20_reg_2_/CK u_LOGIC_CENTER/LINK_LOGIC/LC_CPUWR_HV2M23_VGMA/R_REG_14_reg_6_/CK u_LOGIC_CENTER/LINK_LOGIC/LC_CPUWR_HV2M23_VGMA/R_REG_26_reg_3_/CK u_LOGIC_CENTER/LINK_LOGIC/LC_CPUWR_HV2M23_VGMA/R_REG_17_reg_3_/CK u_LOGIC_CENTER/LINK_LOGIC/LC_CPUWR_HV2M23_VGMA/R_REG_22_reg_6_/CK u_LOGIC_CENTER/LINK_LOGIC/LC_CPUWR_HV2M23_VGMA/R_REG_29_reg_2_/CK u_LOGIC_CENTER/LINK_LOGIC/LC_CPUWR_HV2M23_VGMA/R_REG_14_reg_1_/CK u_LOGIC_CENTER/LINK_LOGIC/LC_CPUWR_HV2M23_VGMA/R_REG_28_reg_7_/CK u_LOGIC_CENTER/LINK_LOGIC/LC_CPUWR_HV2M23_VGMA/R_REG_13_reg_6_/CK u_LOGIC_CENTER/LINK_LOGIC/LC_CPUWR_HV2M23_VGMA/R_REG_25_reg_5_/CK u_LOGIC_CENTER/LINK_LOGIC/LC_CPUWR_HV2M23_VGMA/R_REG_30_reg_6_/CK u_LOGIC_CENTER/LINK_LOGIC/LC_CPUWR_HV2M23_VGMA/R_REG_22_reg_1_/CK u_LOGIC_CENTER/LINK_LOGIC/LC_CPUWR_HV2M23_VGMA/R_REG_16_reg_5_/CK u_LOGIC_CENTER/LINK_LOGIC/LC_CPUWR_HV2M23_VGMA/R_REG_21_reg_6_/CK u_LOGIC_CENTER/LINK_LOGIC/LC_CPUWR_HV2M23_VGMA/R_REG_28_reg_2_/CK u_LOGIC_CENTER/LINK_LOGIC/LC_CPUWR_HV2M23_VGMA/R_REG_13_reg_1_/CK u_LOGIC_CENTER/LINK_LOGIC/LC_CPUWR_HV2M23_VGMA/R_REG_25_reg_0_/CK u_LOGIC_CENTER/LINK_LOGIC/LC_CPUWR_HV2M23_VGMA/R_REG_19_reg_4_/CK u_LOGIC_CENTER/LINK_LOGIC/LC_CPUWR_HV2M23_VGMA/R_REG_30_reg_1_/CK u_LOGIC_CENTER/LINK_LOGIC/LC_CPUWR_HV2M23_VGMA/R_REG_24_reg_5_/CK u_LOGIC_CENTER/LINK_LOGIC/LC_CPUWR_HV2M23_VGMA/R_REG_16_reg_0_/CK u_LOGIC_CENTER/LINK_LOGIC/LC_CPUWR_HV2M23_VGMA/R_REG_21_reg_1_/CK u_LOGIC_CENTER/LINK_LOGIC/LC_CPUWR_HV2M23_VGMA/R_REG_15_reg_5_/CK u_LOGIC_CENTER/LINK_LOGIC/LC_CPUWR_HV2M23_VGMA/R_REG_27_reg_4_/CK u_LOGIC_CENTER/LINK_LOGIC/LC_CPUWR_HV2M23_VGMA/R_REG_24_reg_0_/CK u_LOGIC_CENTER/LINK_LOGIC/LC_CPUWR_HV2M23_VGMA/R_REG_18_reg_4_/CK u_LOGIC_CENTER/LINK_LOGIC/LC_CPUWR_HV2M23_VGMA/R_REG_23_reg_5_/CK u_LOGIC_CENTER/LINK_LOGIC/LC_CPUWR_HV2M23_VGMA/R_REG_20_reg_3_/CK u_LOGIC_CENTER/LINK_LOGIC/LC_CPUWR_HV2M23_VGMA/R_REG_14_reg_7_/CK u_LOGIC_CENTER/LINK_LOGIC/LC_CPUWR_HV2M23_VGMA/R_REG_15_reg_0_/CK u_LOGIC_CENTER/LINK_LOGIC/LC_CPUWR_HV2M23_VGMA/R_REG_26_reg_4_/CK u_LOGIC_CENTER/LINK_LOGIC/LC_CPUWR_HV2M23_VGMA/R_REG_22_reg_7_/CK u_LOGIC_CENTER/LINK_LOGIC/LC_CPUWR_HV2M23_VGMA/R_REG_23_reg_0_/CK u_LOGIC_CENTER/LINK_LOGIC/LC_CPUWR_HV2M23_VGMA/R_REG_17_reg_4_/CK u_LOGIC_CENTER/LINK_LOGIC/LC_CPUWR_HV2M23_VGMA/R_REG_29_reg_3_/CK u_LOGIC_CENTER/LINK_LOGIC/LC_CPUWR_HV2M23_VGMA/R_REG_14_reg_2_/CK u_LOGIC_CENTER/LINK_LOGIC/LC_CPUWR_HV2M23_VGMA/R_REG_13_reg_7_/CK u_LOGIC_CENTER/LINK_LOGIC/LC_CPUWR_HV2M23_VGMA/R_REG_25_reg_6_/CK u_LOGIC_CENTER/LINK_LOGIC/LC_CPUWR_HV2M23_VGMA/R_REG_30_reg_7_/CK u_LOGIC_CENTER/LINK_LOGIC/LC_CPUWR_HV2M23_VGMA/R_REG_22_reg_2_/CK u_LOGIC_CENTER/LINK_LOGIC/LC_CPUWR_HV2M23_VGMA/R_REG_16_reg_6_/CK u_LOGIC_CENTER/LINK_LOGIC/LC_CPUWR_HV2M23_VGMA/R_REG_21_reg_7_/CK u_LOGIC_CENTER/LINK_LOGIC/LC_CPUWR_HV2M23_VGMA/R_REG_28_reg_3_/CK u_LOGIC_CENTER/LINK_LOGIC/LC_CPUWR_HV2M23_VGMA/R_REG_13_reg_2_/CK u_LOGIC_CENTER/LINK_LOGIC/LC_CPUWR_HV2M23_VGMA/R_REG_25_reg_1_/CK u_LOGIC_CENTER/LINK_LOGIC/LC_CPUWR_HV2M23_VGMA/R_REG_19_reg_5_/CK u_LOGIC_CENTER/LINK_LOGIC/LC_CPUWR_HV2M23_VGMA/R_REG_30_reg_2_/CK u_LOGIC_CENTER/LINK_LOGIC/LC_CPUWR_HV2M23_VGMA/R_REG_24_reg_6_/CK u_LOGIC_CENTER/LINK_LOGIC/LC_CPUWR_HV2M23_VGMA/R_REG_16_reg_1_/CK u_LOGIC_CENTER/LINK_LOGIC/LC_CPUWR_HV2M23_VGMA/R_REG_21_reg_2_/CK u_LOGIC_CENTER/LINK_LOGIC/LC_CPUWR_HV2M23_VGMA/R_REG_15_reg_6_/CK u_LOGIC_CENTER/LINK_LOGIC/LC_CPUWR_HV2M23_VGMA/R_REG_27_reg_5_/CK u_LOGIC_CENTER/LINK_LOGIC/LC_CPUWR_HV2M23_VGMA/R_REG_19_reg_0_/CK u_LOGIC_CENTER/LINK_LOGIC/LC_CPUWR_HV2M23_VGMA/R_REG_24_reg_1_/CK u_LOGIC_CENTER/LINK_LOGIC/LC_CPUWR_HV2M23_VGMA/R_REG_18_reg_5_/CK u_LOGIC_CENTER/LINK_LOGIC/LC_CPUWR_HV2M23_VGMA/R_REG_23_reg_6_/CK u_LOGIC_CENTER/LINK_LOGIC/LC_CPUWR_HV2M23_VGMA/R_REG_20_reg_4_/CK u_LOGIC_CENTER/LINK_LOGIC/LC_CPUWR_HV2M23_VGMA/R_REG_15_reg_1_/CK u_LOGIC_CENTER/LINK_LOGIC/LC_CPUWR_HV2M23_VGMA/R_REG_27_reg_0_/CK u_LOGIC_CENTER/LINK_LOGIC/LC_CPUWR_HV2M23_VGMA/R_REG_26_reg_5_/CK u_LOGIC_CENTER/LINK_LOGIC/LC_CPUWR_HV2M23_VGMA/R_REG_18_reg_0_/CK u_LOGIC_CENTER/LINK_LOGIC/LC_CPUWR_HV2M23_VGMA/R_REG_23_reg_1_/CK u_LOGIC_CENTER/LINK_LOGIC/LC_CPUWR_HV2M23_VGMA/R_REG_17_reg_5_/CK u_LOGIC_CENTER/LINK_LOGIC/LC_CPUWR_HV2M23_VGMA/R_REG_29_reg_4_/CK u_LOGIC_CENTER/LINK_LOGIC/LC_CPUWR_HV2M23_VGMA/R_REG_14_reg_3_/CK u_LOGIC_CENTER/LINK_LOGIC/LC_CPUWR_HV2M23_VGMA/R_REG_25_reg_7_/CK u_LOGIC_CENTER/LINK_LOGIC/LC_CPUWR_HV2M23_VGMA/R_REG_26_reg_0_/CK u_LOGIC_CENTER/LINK_LOGIC/LC_CPUWR_HV2M23_VGMA/R_REG_22_reg_3_/CK u_LOGIC_CENTER/LINK_LOGIC/LC_CPUWR_HV2M23_VGMA/R_REG_16_reg_7_/CK u_LOGIC_CENTER/LINK_LOGIC/LC_CPUWR_HV2M23_VGMA/R_REG_17_reg_0_/CK u_LOGIC_CENTER/LINK_LOGIC/LC_CPUWR_HV2M23_VGMA/R_REG_13_reg_3_/CK u_LOGIC_CENTER/LINK_LOGIC/LC_CPUWR_HV2M23_VGMA/R_REG_28_reg_4_/CK u_LOGIC_CENTER/LINK_LOGIC/LC_CPUWR_HV2M23_VGMA/R_REG_25_reg_2_/CK u_LOGIC_CENTER/LINK_LOGIC/LC_CPUWR_HV2M23_VGMA/R_REG_19_reg_6_/CK u_LOGIC_CENTER/LINK_LOGIC/LC_CPUWR_HV2M23_VGMA/R_REG_30_reg_3_/CK u_LOGIC_CENTER/LINK_LOGIC/LC_CPUWR_HV2M23_VGMA/R_REG_24_reg_7_/CK u_LOGIC_CENTER/LINK_LOGIC/LC_CPUWR_HV2M23_VGMA/R_REG_16_reg_2_/CK u_LOGIC_CENTER/LINK_LOGIC/LC_CPUWR_HV2M23_VGMA/R_REG_21_reg_3_/CK u_LOGIC_CENTER/LINK_LOGIC/LC_CPUWR_HV2M23_VGMA/R_REG_15_reg_7_/CK u_LOGIC_CENTER/LINK_LOGIC/LC_CPUWR_HV2M23_VGMA/R_REG_27_reg_6_/CK u_LOGIC_CENTER/LINK_LOGIC/LC_CPUWR_HV2M23_VGMA/R_REG_19_reg_1_/CK u_LOGIC_CENTER/LINK_LOGIC/LC_CPUWR_HV2M23_VGMA/R_REG_24_reg_2_/CK u_LOGIC_CENTER/LINK_LOGIC/LC_CPUWR_HV2M23_VGMA/R_REG_18_reg_6_/CK u_LOGIC_CENTER/LINK_LOGIC/LC_CPUWR_HV2M23_VGMA/R_REG_23_reg_7_/CK u_LOGIC_CENTER/LINK_LOGIC/LC_CPUWR_HV2M23_VGMA/R_REG_20_reg_5_/CK u_LOGIC_CENTER/LINK_LOGIC/LC_CPUWR_HV2M23_VGMA/R_REG_15_reg_2_/CK u_LOGIC_CENTER/LINK_LOGIC/LC_CPUWR_HV2M23_VGMA/R_REG_27_reg_1_/CK u_LOGIC_CENTER/LINK_LOGIC/LC_CPUWR_HV2M23_VGMA/R_REG_26_reg_6_/CK u_LOGIC_CENTER/LINK_LOGIC/LC_CPUWR_HV2M23_VGMA/R_REG_18_reg_1_/CK u_LOGIC_CENTER/LINK_LOGIC/LC_CPUWR_HV2M23_VGMA/R_REG_23_reg_2_/CK u_LOGIC_CENTER/LINK_LOGIC/LC_CPUWR_HV2M23_VGMA/R_REG_17_reg_6_/CK u_LOGIC_CENTER/LINK_LOGIC/LC_CPUWR_HV2M23_VGMA/R_REG_29_reg_5_/CK u_LOGIC_CENTER/LINK_LOGIC/LC_CPUWR_HV2M23_VGMA/R_REG_20_reg_0_/CK u_LOGIC_CENTER/LINK_LOGIC/LC_CPUWR_HV2M23_VGMA/R_REG_14_reg_4_/CK u_LOGIC_CENTER/LINK_LOGIC/LC_CPUWR_HV2M23_VGMA/R_REG_26_reg_1_/CK u_LOGIC_CENTER/LINK_LOGIC/LC_CPUWR_HV2M23_VGMA/R_REG_22_reg_4_/CK u_LOGIC_CENTER/LINK_LOGIC/LC_CPUWR_HV2M23_VGMA/R_REG_17_reg_1_/CK u_LOGIC_CENTER/LINK_LOGIC/LC_CPUWR_HV2M23_VGMA/R_REG_29_reg_0_/CK u_LOGIC_CENTER/LINK_LOGIC/LC_CPUWR_HV2M23_VGMA/R_REG_28_reg_5_/CK u_LOGIC_CENTER/LINK_LOGIC/LC_CPUWR_HV2M23_VGMA/R_REG_13_reg_4_/CK}] 
1
set_false_path -from [get_pins {u_LOGIC_CENTER/LINK_LOGIC/LC_CSPIF_L0/SETTING_DET_reg/CK}] -to [get_pins {u_LOGIC_CENTER/CENTER1/TOTAL_DTCTL/DTCTL_L0/DBRON_reg/D u_LOGIC_CENTER/CENTER1/TOTAL_DTCTL/DTCTL_L0/DBRON_reg/RB}]
1
set_false_path -from [get_pins {u_LOGIC_CENTER/LINK_LOGIC/LC_CSPIF_L0/SETTING_DET_reg/CK}] -to [get_pins {u_LOGIC_CENTER/CENTER1/TOTAL_DTCTL/DTCTL_L0/DBLON_reg/D u_LOGIC_CENTER/CENTER1/TOTAL_DTCTL/DTCTL_L0/DBLON_reg/RB}]
1
set_false_path -from [get_pins {u_LOGIC_CENTER/LINK_LOGIC/LC_CSPIF_L0/SETTING_DET_reg/CK}] -to [get_pins {u_LOGIC_CENTER/CENTER1/TOTAL_DTCTL/DTCTL_L0/START_R_reg/D u_LOGIC_CENTER/CENTER1/TOTAL_DTCTL/DTCTL_L0/START_R_reg/RB}]
1
set_false_path -from [get_pins {u_LOGIC_CENTER/LINK_LOGIC/LC_CSPIF_L0/SETTING_DET_reg/CK}] -to [get_pins {u_LOGIC_CENTER/CENTER1/TOTAL_DTCTL/DTCTL_L0/START_L_reg/D u_LOGIC_CENTER/CENTER1/TOTAL_DTCTL/DTCTL_L0/START_L_reg/RB}]
1
set_false_path -from [get_pins {u_LOGIC_CENTER/LINK_LOGIC/LC_CSPIF_L0/SETTING_DET_reg/CK}] -to [get_pins {u_LOGIC_CENTER/CENTER1/TOTAL_DTCTL/DTCTL_L0/LS_reg/D u_LOGIC_CENTER/CENTER1/TOTAL_DTCTL/DTCTL_L0/LS_reg/RB}]
1
set_false_path -from [get_pins {u_LOGIC_CENTER/LINK_LOGIC/LC_CSPIF_L0/SETTING_DET_reg/CK}] -to [get_pins {u_LOGIC_CENTER/CENTER1/TOTAL_DTCTL/DTCTL_L0/EN1_R_reg/D u_LOGIC_CENTER/CENTER1/TOTAL_DTCTL/DTCTL_L0/EN1_R_reg/RB}]
1
set_false_path -from [get_pins {u_LOGIC_CENTER/LINK_LOGIC/LC_CSPIF_L0/SETTING_DET_reg/CK}] -to [get_pins {u_LOGIC_CENTER/CENTER1/TOTAL_DTCTL/DTCTL_L0/EN1_L_reg/D u_LOGIC_CENTER/CENTER1/TOTAL_DTCTL/DTCTL_L0/EN1_L_reg/RB}]
1
set_false_path -from [get_pins {u_LOGIC_CENTER/LINK_LOGIC/LC_CSPIF_L0/POL_DET_reg/CK}] -to [get_pins {u_LOGIC_CENTER/CENTER1/TOTAL_DTCTL/DTCTL_L0/DATA4_L0_PRE_reg_4_/D u_LOGIC_CENTER/CENTER1/TOTAL_DTCTL/DTCTL_L0/DATA4_L0_PRE_reg_4_/RB u_LOGIC_CENTER/CENTER1/TOTAL_DTCTL/DTCTL_L0/DATA2_L0_PRE_reg_2_/D u_LOGIC_CENTER/CENTER1/TOTAL_DTCTL/DTCTL_L0/DATA2_L0_PRE_reg_2_/RB u_LOGIC_CENTER/CENTER1/TOTAL_DTCTL/DTCTL_L0/DATA0_L0_PRE_reg_0_/D u_LOGIC_CENTER/CENTER1/TOTAL_DTCTL/DTCTL_L0/DATA0_L0_PRE_reg_0_/RB u_LOGIC_CENTER/CENTER1/TOTAL_DTCTL/DTCTL_L0/DATA4_L0_PRE_reg_5_/D u_LOGIC_CENTER/CENTER1/TOTAL_DTCTL/DTCTL_L0/DATA4_L0_PRE_reg_5_/RB u_LOGIC_CENTER/CENTER1/TOTAL_DTCTL/DTCTL_L0/DATA2_L0_PRE_reg_3_/D u_LOGIC_CENTER/CENTER1/TOTAL_DTCTL/DTCTL_L0/DATA2_L0_PRE_reg_3_/RB u_LOGIC_CENTER/CENTER1/TOTAL_DTCTL/DTCTL_L0/DATA0_L0_PRE_reg_1_/D u_LOGIC_CENTER/CENTER1/TOTAL_DTCTL/DTCTL_L0/DATA0_L0_PRE_reg_1_/RB u_LOGIC_CENTER/CENTER1/TOTAL_DTCTL/DTCTL_L0/DATA4_L0_PRE_reg_6_/D u_LOGIC_CENTER/CENTER1/TOTAL_DTCTL/DTCTL_L0/DATA4_L0_PRE_reg_6_/RB u_LOGIC_CENTER/CENTER1/TOTAL_DTCTL/DTCTL_L0/DATA2_L0_PRE_reg_4_/D u_LOGIC_CENTER/CENTER1/TOTAL_DTCTL/DTCTL_L0/DATA2_L0_PRE_reg_4_/RB u_LOGIC_CENTER/CENTER1/TOTAL_DTCTL/DTCTL_L0/DATA0_L0_PRE_reg_2_/D u_LOGIC_CENTER/CENTER1/TOTAL_DTCTL/DTCTL_L0/DATA0_L0_PRE_reg_2_/RB u_LOGIC_CENTER/CENTER1/TOTAL_DTCTL/DTCTL_L0/DATA4_L0_PRE_reg_7_/D u_LOGIC_CENTER/CENTER1/TOTAL_DTCTL/DTCTL_L0/DATA4_L0_PRE_reg_7_/RB u_LOGIC_CENTER/CENTER1/TOTAL_DTCTL/DTCTL_L0/DATA4_L0_PRE_reg_0_/D u_LOGIC_CENTER/CENTER1/TOTAL_DTCTL/DTCTL_L0/DATA4_L0_PRE_reg_0_/RB u_LOGIC_CENTER/CENTER1/TOTAL_DTCTL/DTCTL_L0/DATA4_L0_PRE_reg_1_/D u_LOGIC_CENTER/CENTER1/TOTAL_DTCTL/DTCTL_L0/DATA4_L0_PRE_reg_1_/RB u_LOGIC_CENTER/CENTER1/TOTAL_DTCTL/DTCTL_L0/DATA4_L0_PRE_reg_2_/D u_LOGIC_CENTER/CENTER1/TOTAL_DTCTL/DTCTL_L0/DATA4_L0_PRE_reg_2_/RB u_LOGIC_CENTER/CENTER1/TOTAL_DTCTL/DTCTL_L0/DATA2_L0_PRE_reg_0_/D u_LOGIC_CENTER/CENTER1/TOTAL_DTCTL/DTCTL_L0/DATA2_L0_PRE_reg_0_/RB u_LOGIC_CENTER/CENTER1/TOTAL_DTCTL/DTCTL_L0/DATA4_L0_PRE_reg_3_/D u_LOGIC_CENTER/CENTER1/TOTAL_DTCTL/DTCTL_L0/DATA4_L0_PRE_reg_3_/RB u_LOGIC_CENTER/CENTER1/TOTAL_DTCTL/DTCTL_L0/DATA2_L0_PRE_reg_1_/D u_LOGIC_CENTER/CENTER1/TOTAL_DTCTL/DTCTL_L0/DATA2_L0_PRE_reg_1_/RB u_LOGIC_CENTER/CENTER1/TOTAL_DTCTL/DTCTL_L0/DATA2_L0_PRE_reg_5_/D u_LOGIC_CENTER/CENTER1/TOTAL_DTCTL/DTCTL_L0/DATA2_L0_PRE_reg_5_/RB u_LOGIC_CENTER/CENTER1/TOTAL_DTCTL/DTCTL_L0/DATA0_L0_PRE_reg_3_/D u_LOGIC_CENTER/CENTER1/TOTAL_DTCTL/DTCTL_L0/DATA0_L0_PRE_reg_3_/RB u_LOGIC_CENTER/CENTER1/TOTAL_DTCTL/DTCTL_L0/DATA2_L0_PRE_reg_6_/D u_LOGIC_CENTER/CENTER1/TOTAL_DTCTL/DTCTL_L0/DATA2_L0_PRE_reg_6_/RB u_LOGIC_CENTER/CENTER1/TOTAL_DTCTL/DTCTL_L0/DATA0_L0_PRE_reg_4_/D u_LOGIC_CENTER/CENTER1/TOTAL_DTCTL/DTCTL_L0/DATA0_L0_PRE_reg_4_/RB u_LOGIC_CENTER/CENTER1/TOTAL_DTCTL/DTCTL_L0/DATA2_L0_PRE_reg_7_/D u_LOGIC_CENTER/CENTER1/TOTAL_DTCTL/DTCTL_L0/DATA2_L0_PRE_reg_7_/RB u_LOGIC_CENTER/CENTER1/TOTAL_DTCTL/DTCTL_L0/DATA0_L0_PRE_reg_5_/D u_LOGIC_CENTER/CENTER1/TOTAL_DTCTL/DTCTL_L0/DATA0_L0_PRE_reg_5_/RB u_LOGIC_CENTER/CENTER1/TOTAL_DTCTL/DTCTL_L0/DATA0_L0_PRE_reg_6_/D u_LOGIC_CENTER/CENTER1/TOTAL_DTCTL/DTCTL_L0/DATA0_L0_PRE_reg_6_/RB u_LOGIC_CENTER/CENTER1/TOTAL_DTCTL/DTCTL_L0/DATA0_L0_PRE_reg_7_/D u_LOGIC_CENTER/CENTER1/TOTAL_DTCTL/DTCTL_L0/DATA0_L0_PRE_reg_7_/RB}]
1
set_false_path -from [get_pins {u_LOGIC_CENTER/LINK_LOGIC/LC_CSPIF_L0/SETTING_DET_reg/CK}] -to [get_pins {u_LOGIC_CENTER/CENTER1/TOTAL_DTCTL/DTCTL_L1/DBRON_reg/D u_LOGIC_CENTER/CENTER1/TOTAL_DTCTL/DTCTL_L1/DBRON_reg/RB}]
1
set_false_path -from [get_pins {u_LOGIC_CENTER/LINK_LOGIC/LC_CSPIF_L0/SETTING_DET_reg/CK}] -to [get_pins {u_LOGIC_CENTER/CENTER1/TOTAL_DTCTL/DTCTL_L1/DBLON_reg/D u_LOGIC_CENTER/CENTER1/TOTAL_DTCTL/DTCTL_L1/DBLON_reg/RB}]
1
set_false_path -from [get_pins {u_LOGIC_CENTER/LINK_LOGIC/LC_CSPIF_L0/SETTING_DET_reg/CK}] -to [get_pins {u_LOGIC_CENTER/CENTER1/TOTAL_DTCTL/DTCTL_L1/START_R_reg/D u_LOGIC_CENTER/CENTER1/TOTAL_DTCTL/DTCTL_L1/START_R_reg/RB}]
1
set_false_path -from [get_pins {u_LOGIC_CENTER/LINK_LOGIC/LC_CSPIF_L0/SETTING_DET_reg/CK}] -to [get_pins {u_LOGIC_CENTER/CENTER1/TOTAL_DTCTL/DTCTL_L1/START_L_reg/D u_LOGIC_CENTER/CENTER1/TOTAL_DTCTL/DTCTL_L1/START_L_reg/RB}]
1
set_false_path -from [get_pins {u_LOGIC_CENTER/LINK_LOGIC/LC_CSPIF_L0/SETTING_DET_reg/CK}] -to [get_pins {u_LOGIC_CENTER/CENTER1/TOTAL_DTCTL/DTCTL_L1/LS_reg/D u_LOGIC_CENTER/CENTER1/TOTAL_DTCTL/DTCTL_L1/LS_reg/RB}]
1
set_false_path -from [get_pins {u_LOGIC_CENTER/LINK_LOGIC/LC_CSPIF_L0/POL_DET_reg/CK}] -to [get_pins {u_LOGIC_CENTER/CENTER1/TOTAL_DTCTL/DTCTL_L1/DATA1_L1_reg_3_/D u_LOGIC_CENTER/CENTER1/TOTAL_DTCTL/DTCTL_L1/DATA1_L1_reg_3_/RB u_LOGIC_CENTER/CENTER1/TOTAL_DTCTL/DTCTL_L1/DATA5_L1_reg_7_/D u_LOGIC_CENTER/CENTER1/TOTAL_DTCTL/DTCTL_L1/DATA5_L1_reg_7_/RB u_LOGIC_CENTER/CENTER1/TOTAL_DTCTL/DTCTL_L1/DATA1_L1_reg_4_/D u_LOGIC_CENTER/CENTER1/TOTAL_DTCTL/DTCTL_L1/DATA1_L1_reg_4_/RB u_LOGIC_CENTER/CENTER1/TOTAL_DTCTL/DTCTL_L1/DATA3_L1_PRE_reg_0_/D u_LOGIC_CENTER/CENTER1/TOTAL_DTCTL/DTCTL_L1/DATA3_L1_PRE_reg_0_/RB u_LOGIC_CENTER/CENTER1/TOTAL_DTCTL/DTCTL_L1/DATA3_L1_PRE_reg_5_/D u_LOGIC_CENTER/CENTER1/TOTAL_DTCTL/DTCTL_L1/DATA3_L1_PRE_reg_5_/RB u_LOGIC_CENTER/CENTER1/TOTAL_DTCTL/DTCTL_L1/DATA1_L1_PRE_reg_4_/D u_LOGIC_CENTER/CENTER1/TOTAL_DTCTL/DTCTL_L1/DATA1_L1_PRE_reg_4_/RB u_LOGIC_CENTER/CENTER1/TOTAL_DTCTL/DTCTL_L1/DATA5_L1_reg_3_/D u_LOGIC_CENTER/CENTER1/TOTAL_DTCTL/DTCTL_L1/DATA5_L1_reg_3_/RB u_LOGIC_CENTER/CENTER1/TOTAL_DTCTL/DTCTL_L1/DATA5_L1_PRE_reg_4_/D u_LOGIC_CENTER/CENTER1/TOTAL_DTCTL/DTCTL_L1/DATA5_L1_PRE_reg_4_/RB u_LOGIC_CENTER/CENTER1/TOTAL_DTCTL/DTCTL_L1/DATA3_L1_reg_5_/D u_LOGIC_CENTER/CENTER1/TOTAL_DTCTL/DTCTL_L1/DATA3_L1_reg_5_/RB u_LOGIC_CENTER/CENTER1/TOTAL_DTCTL/DTCTL_L1/DATA3_L1_PRE_reg_6_/D u_LOGIC_CENTER/CENTER1/TOTAL_DTCTL/DTCTL_L1/DATA3_L1_PRE_reg_6_/RB u_LOGIC_CENTER/CENTER1/TOTAL_DTCTL/DTCTL_L1/DATA1_L1_PRE_reg_5_/D u_LOGIC_CENTER/CENTER1/TOTAL_DTCTL/DTCTL_L1/DATA1_L1_PRE_reg_5_/RB u_LOGIC_CENTER/CENTER1/TOTAL_DTCTL/DTCTL_L1/DATA1_L1_reg_0_/D u_LOGIC_CENTER/CENTER1/TOTAL_DTCTL/DTCTL_L1/DATA1_L1_reg_0_/RB u_LOGIC_CENTER/CENTER1/TOTAL_DTCTL/DTCTL_L1/DATA5_L1_reg_4_/D u_LOGIC_CENTER/CENTER1/TOTAL_DTCTL/DTCTL_L1/DATA5_L1_reg_4_/RB u_LOGIC_CENTER/CENTER1/TOTAL_DTCTL/DTCTL_L1/DATA5_L1_PRE_reg_5_/D u_LOGIC_CENTER/CENTER1/TOTAL_DTCTL/DTCTL_L1/DATA5_L1_PRE_reg_5_/SB u_LOGIC_CENTER/CENTER1/TOTAL_DTCTL/DTCTL_L1/DATA5_L1_PRE_reg_5_/RB u_LOGIC_CENTER/CENTER1/TOTAL_DTCTL/DTCTL_L1/DATA3_L1_reg_6_/D u_LOGIC_CENTER/CENTER1/TOTAL_DTCTL/DTCTL_L1/DATA3_L1_reg_6_/RB u_LOGIC_CENTER/CENTER1/TOTAL_DTCTL/DTCTL_L1/DATA3_L1_PRE_reg_7_/D u_LOGIC_CENTER/CENTER1/TOTAL_DTCTL/DTCTL_L1/DATA3_L1_PRE_reg_7_/RB u_LOGIC_CENTER/CENTER1/TOTAL_DTCTL/DTCTL_L1/DATA1_L1_reg_1_/D u_LOGIC_CENTER/CENTER1/TOTAL_DTCTL/DTCTL_L1/DATA1_L1_reg_1_/RB u_LOGIC_CENTER/CENTER1/TOTAL_DTCTL/DTCTL_L1/DATA1_L1_PRE_reg_6_/D u_LOGIC_CENTER/CENTER1/TOTAL_DTCTL/DTCTL_L1/DATA1_L1_PRE_reg_6_/RB u_LOGIC_CENTER/CENTER1/TOTAL_DTCTL/DTCTL_L1/DATA5_L1_reg_5_/D u_LOGIC_CENTER/CENTER1/TOTAL_DTCTL/DTCTL_L1/DATA5_L1_reg_5_/RB u_LOGIC_CENTER/CENTER1/TOTAL_DTCTL/DTCTL_L1/DATA5_L1_PRE_reg_6_/D u_LOGIC_CENTER/CENTER1/TOTAL_DTCTL/DTCTL_L1/DATA5_L1_PRE_reg_6_/RB u_LOGIC_CENTER/CENTER1/TOTAL_DTCTL/DTCTL_L1/DATA3_L1_reg_7_/D u_LOGIC_CENTER/CENTER1/TOTAL_DTCTL/DTCTL_L1/DATA3_L1_reg_7_/RB u_LOGIC_CENTER/CENTER1/TOTAL_DTCTL/DTCTL_L1/DATA1_L1_reg_2_/D u_LOGIC_CENTER/CENTER1/TOTAL_DTCTL/DTCTL_L1/DATA1_L1_reg_2_/RB u_LOGIC_CENTER/CENTER1/TOTAL_DTCTL/DTCTL_L1/DATA1_L1_PRE_reg_7_/D u_LOGIC_CENTER/CENTER1/TOTAL_DTCTL/DTCTL_L1/DATA1_L1_PRE_reg_7_/RB u_LOGIC_CENTER/CENTER1/TOTAL_DTCTL/DTCTL_L1/DATA5_L1_reg_6_/D u_LOGIC_CENTER/CENTER1/TOTAL_DTCTL/DTCTL_L1/DATA5_L1_reg_6_/RB u_LOGIC_CENTER/CENTER1/TOTAL_DTCTL/DTCTL_L1/DATA5_L1_PRE_reg_7_/D u_LOGIC_CENTER/CENTER1/TOTAL_DTCTL/DTCTL_L1/DATA5_L1_PRE_reg_7_/RB u_LOGIC_CENTER/CENTER1/TOTAL_DTCTL/DTCTL_L1/DATA3_L1_reg_0_/D u_LOGIC_CENTER/CENTER1/TOTAL_DTCTL/DTCTL_L1/DATA3_L1_reg_0_/RB u_LOGIC_CENTER/CENTER1/TOTAL_DTCTL/DTCTL_L1/DATA1_L1_reg_5_/D u_LOGIC_CENTER/CENTER1/TOTAL_DTCTL/DTCTL_L1/DATA1_L1_reg_5_/RB u_LOGIC_CENTER/CENTER1/TOTAL_DTCTL/DTCTL_L1/DATA3_L1_PRE_reg_1_/D u_LOGIC_CENTER/CENTER1/TOTAL_DTCTL/DTCTL_L1/DATA3_L1_PRE_reg_1_/RB u_LOGIC_CENTER/CENTER1/TOTAL_DTCTL/DTCTL_L1/DATA1_L1_PRE_reg_0_/D u_LOGIC_CENTER/CENTER1/TOTAL_DTCTL/DTCTL_L1/DATA1_L1_PRE_reg_0_/RB u_LOGIC_CENTER/CENTER1/TOTAL_DTCTL/DTCTL_L1/DATA5_L1_PRE_reg_0_/D u_LOGIC_CENTER/CENTER1/TOTAL_DTCTL/DTCTL_L1/DATA5_L1_PRE_reg_0_/RB u_LOGIC_CENTER/CENTER1/TOTAL_DTCTL/DTCTL_L1/DATA3_L1_reg_1_/D u_LOGIC_CENTER/CENTER1/TOTAL_DTCTL/DTCTL_L1/DATA3_L1_reg_1_/RB u_LOGIC_CENTER/CENTER1/TOTAL_DTCTL/DTCTL_L1/DATA1_L1_reg_6_/D u_LOGIC_CENTER/CENTER1/TOTAL_DTCTL/DTCTL_L1/DATA1_L1_reg_6_/RB u_LOGIC_CENTER/CENTER1/TOTAL_DTCTL/DTCTL_L1/DATA3_L1_PRE_reg_2_/D u_LOGIC_CENTER/CENTER1/TOTAL_DTCTL/DTCTL_L1/DATA3_L1_PRE_reg_2_/RB u_LOGIC_CENTER/CENTER1/TOTAL_DTCTL/DTCTL_L1/DATA1_L1_PRE_reg_1_/D u_LOGIC_CENTER/CENTER1/TOTAL_DTCTL/DTCTL_L1/DATA1_L1_PRE_reg_1_/RB u_LOGIC_CENTER/CENTER1/TOTAL_DTCTL/DTCTL_L1/DATA5_L1_reg_0_/D u_LOGIC_CENTER/CENTER1/TOTAL_DTCTL/DTCTL_L1/DATA5_L1_reg_0_/RB u_LOGIC_CENTER/CENTER1/TOTAL_DTCTL/DTCTL_L1/DATA5_L1_PRE_reg_1_/D u_LOGIC_CENTER/CENTER1/TOTAL_DTCTL/DTCTL_L1/DATA5_L1_PRE_reg_1_/RB u_LOGIC_CENTER/CENTER1/TOTAL_DTCTL/DTCTL_L1/DATA3_L1_reg_2_/D u_LOGIC_CENTER/CENTER1/TOTAL_DTCTL/DTCTL_L1/DATA3_L1_reg_2_/RB u_LOGIC_CENTER/CENTER1/TOTAL_DTCTL/DTCTL_L1/DATA1_L1_reg_7_/D u_LOGIC_CENTER/CENTER1/TOTAL_DTCTL/DTCTL_L1/DATA1_L1_reg_7_/RB u_LOGIC_CENTER/CENTER1/TOTAL_DTCTL/DTCTL_L1/DATA3_L1_PRE_reg_3_/D u_LOGIC_CENTER/CENTER1/TOTAL_DTCTL/DTCTL_L1/DATA3_L1_PRE_reg_3_/RB u_LOGIC_CENTER/CENTER1/TOTAL_DTCTL/DTCTL_L1/DATA1_L1_PRE_reg_2_/D u_LOGIC_CENTER/CENTER1/TOTAL_DTCTL/DTCTL_L1/DATA1_L1_PRE_reg_2_/RB u_LOGIC_CENTER/CENTER1/TOTAL_DTCTL/DTCTL_L1/DATA5_L1_reg_1_/D u_LOGIC_CENTER/CENTER1/TOTAL_DTCTL/DTCTL_L1/DATA5_L1_reg_1_/RB u_LOGIC_CENTER/CENTER1/TOTAL_DTCTL/DTCTL_L1/DATA5_L1_PRE_reg_2_/D u_LOGIC_CENTER/CENTER1/TOTAL_DTCTL/DTCTL_L1/DATA5_L1_PRE_reg_2_/RB u_LOGIC_CENTER/CENTER1/TOTAL_DTCTL/DTCTL_L1/DATA3_L1_reg_3_/D u_LOGIC_CENTER/CENTER1/TOTAL_DTCTL/DTCTL_L1/DATA3_L1_reg_3_/RB u_LOGIC_CENTER/CENTER1/TOTAL_DTCTL/DTCTL_L1/DATA3_L1_PRE_reg_4_/D u_LOGIC_CENTER/CENTER1/TOTAL_DTCTL/DTCTL_L1/DATA3_L1_PRE_reg_4_/RB u_LOGIC_CENTER/CENTER1/TOTAL_DTCTL/DTCTL_L1/DATA1_L1_PRE_reg_3_/D u_LOGIC_CENTER/CENTER1/TOTAL_DTCTL/DTCTL_L1/DATA1_L1_PRE_reg_3_/RB u_LOGIC_CENTER/CENTER1/TOTAL_DTCTL/DTCTL_L1/DATA5_L1_reg_2_/D u_LOGIC_CENTER/CENTER1/TOTAL_DTCTL/DTCTL_L1/DATA5_L1_reg_2_/RB u_LOGIC_CENTER/CENTER1/TOTAL_DTCTL/DTCTL_L1/DATA5_L1_PRE_reg_3_/D u_LOGIC_CENTER/CENTER1/TOTAL_DTCTL/DTCTL_L1/DATA5_L1_PRE_reg_3_/RB u_LOGIC_CENTER/CENTER1/TOTAL_DTCTL/DTCTL_L1/DATA3_L1_reg_4_/D u_LOGIC_CENTER/CENTER1/TOTAL_DTCTL/DTCTL_L1/DATA3_L1_reg_4_/RB}]
1
set_false_path -to [get_ports {XRSTA_R}]
1
set_false_path -to [get_ports {XRSTB_R}]
1
set_false_path -to [get_ports {XRSTA_L}]
1
set_false_path -to [get_ports {XRSTB_L}]
1
set_false_path -to [get_ports {POL1A_L}]
1
set_false_path -to [get_ports {POL1B_L}]
1
set_false_path -to [get_ports {POL2A_L}]
1
set_false_path -to [get_ports {POL2B_L}]
1
set_false_path -to [get_ports {POL1A_R}]
1
set_false_path -to [get_ports {POL1B_R}]
1
set_false_path -to [get_ports {POL2A_R}]
1
set_false_path -to [get_ports {POL2B_R}]
1
###############################################################################
# External Delay Information
###############################################################################
set_input_delay  1 -clock [get_clocks {I2C_CLK}] -max [get_ports {CSCL_I}]
1
set_input_delay  -1 -clock [get_clocks {I2C_CLK}] -min [get_ports {CSCL_I}]
1
set_input_delay  1 -clock [get_clocks {I2C_CLK}] -max [get_ports {CSDA_I}]
1
set_input_delay  -1 -clock [get_clocks {I2C_CLK}] -min [get_ports {CSDA_I}]
1
set_input_delay  0 -clock [get_clocks {RX0_OD_CLK_DIV2}] [get_ports {dout_lane_L0[3]}]
1
set_input_delay  0 -clock [get_clocks {RX0_OD_CLK_DIV2}] [get_ports {dout_lane_L0[16]}]
1
set_input_delay  0 -clock [get_clocks {RX0_OD_CLK_DIV2}] [get_ports {dout_lane_L0[4]}]
1
set_input_delay  0 -clock [get_clocks {RX0_OD_CLK_DIV2}] [get_ports {dout_lane_L0[17]}]
1
set_input_delay  0 -clock [get_clocks {RX0_OD_CLK_DIV2}] [get_ports {dout_lane_L0[5]}]
1
set_input_delay  0 -clock [get_clocks {RX0_OD_CLK_DIV2}] [get_ports {dout_lane_L0[6]}]
1
set_input_delay  0 -clock [get_clocks {RX0_OD_CLK_DIV2}] [get_ports {dout_lane_L0[7]}]
1
set_input_delay  0 -clock [get_clocks {RX0_OD_CLK_DIV2}] [get_ports {dout_lane_L0[8]}]
1
set_input_delay  0 -clock [get_clocks {RX0_OD_CLK_DIV2}] [get_ports {dout_lane_L0[9]}]
1
set_input_delay  0 -clock [get_clocks {RX0_OD_CLK_DIV2}] [get_ports {dout_lane_L0[10]}]
1
set_input_delay  0 -clock [get_clocks {RX0_OD_CLK_DIV2}] [get_ports {dout_lane_L0[11]}]
1
set_input_delay  0 -clock [get_clocks {RX0_OD_CLK_DIV2}] [get_ports {dout_lane_L0[12]}]
1
set_input_delay  0 -clock [get_clocks {RX0_OD_CLK_DIV2}] [get_ports {dout_lane_L0[0]}]
1
set_input_delay  0 -clock [get_clocks {RX0_OD_CLK_DIV2}] [get_ports {dout_lane_L0[13]}]
1
set_input_delay  0 -clock [get_clocks {RX0_OD_CLK_DIV2}] [get_ports {dout_lane_L0[1]}]
1
set_input_delay  0 -clock [get_clocks {RX0_OD_CLK_DIV2}] [get_ports {dout_lane_L0[14]}]
1
set_input_delay  0 -clock [get_clocks {RX0_OD_CLK_DIV2}] [get_ports {dout_lane_L0[2]}]
1
set_input_delay  0 -clock [get_clocks {RX0_OD_CLK_DIV2}] [get_ports {dout_lane_L0[15]}]
1
set_input_delay  0 -clock [get_clocks {RX1_OD_CLK_DIV2}] [get_ports {dout_lane_L1[0]}]
1
set_input_delay  0 -clock [get_clocks {RX1_OD_CLK_DIV2}] [get_ports {dout_lane_L1[1]}]
1
set_input_delay  0 -clock [get_clocks {RX1_OD_CLK_DIV2}] [get_ports {dout_lane_L1[2]}]
1
set_input_delay  0 -clock [get_clocks {RX1_OD_CLK_DIV2}] [get_ports {dout_lane_L1[3]}]
1
set_input_delay  0 -clock [get_clocks {RX1_OD_CLK_DIV2}] [get_ports {dout_lane_L1[4]}]
1
set_input_delay  0 -clock [get_clocks {RX1_OD_CLK_DIV2}] [get_ports {dout_lane_L1[10]}]
1
set_input_delay  0 -clock [get_clocks {RX1_OD_CLK_DIV2}] [get_ports {dout_lane_L1[5]}]
1
set_input_delay  0 -clock [get_clocks {RX1_OD_CLK_DIV2}] [get_ports {dout_lane_L1[11]}]
1
set_input_delay  0 -clock [get_clocks {RX1_OD_CLK_DIV2}] [get_ports {dout_lane_L1[6]}]
1
set_input_delay  0 -clock [get_clocks {RX1_OD_CLK_DIV2}] [get_ports {dout_lane_L1[12]}]
1
set_input_delay  0 -clock [get_clocks {RX1_OD_CLK_DIV2}] [get_ports {dout_lane_L1[7]}]
1
set_input_delay  0 -clock [get_clocks {RX1_OD_CLK_DIV2}] [get_ports {dout_lane_L1[13]}]
1
set_input_delay  0 -clock [get_clocks {RX1_OD_CLK_DIV2}] [get_ports {dout_lane_L1[8]}]
1
set_input_delay  0 -clock [get_clocks {RX1_OD_CLK_DIV2}] [get_ports {dout_lane_L1[14]}]
1
set_input_delay  0 -clock [get_clocks {RX1_OD_CLK_DIV2}] [get_ports {dout_lane_L1[9]}]
1
set_input_delay  0 -clock [get_clocks {RX1_OD_CLK_DIV2}] [get_ports {dout_lane_L1[15]}]
1
set_input_delay  0 -clock [get_clocks {RX1_OD_CLK_DIV2}] [get_ports {dout_lane_L1[16]}]
1
set_input_delay  0 -clock [get_clocks {RX1_OD_CLK_DIV2}] [get_ports {dout_lane_L1[17]}]
1
set_input_delay  1 -clock [get_clocks {RX0_OD_CLK}] -max [get_ports {clk_lane_L0}]
1
set_input_delay  -1 -clock [get_clocks {RX0_OD_CLK}] -min [get_ports {clk_lane_L0}]
1
set_input_delay  1 -clock [get_clocks {RX1_OD_CLK}] -max [get_ports {clk_lane_L1}]
1
set_input_delay  -1 -clock [get_clocks {RX1_OD_CLK}] -min [get_ports {clk_lane_L1}]
1
set_input_delay  5 -clock [get_clocks {OSC_CLK_IN}] [get_ports {WAKE_I}]
1
set_input_delay  5 -clock [get_clocks {OSC_CLK_IN}] [get_ports {DPSEL_I}]
1
set_input_delay  5 -clock [get_clocks {OSC_CLK_IN}] [get_ports {cr_done_lane_L0}]
1
set_input_delay  5 -clock [get_clocks {OSC_CLK_IN}] [get_ports {cr_done_lane_L1}]
1
set_input_delay  5 -clock [get_clocks {OSC_CLK_IN}] [get_ports {LITEST_I}]
1
set_input_delay  5 -clock [get_clocks {OSC_CLK_IN}] [get_ports {XRST_I}]
1
set_output_delay  5 -clock [get_clocks {OSC_CLK_IN}] [get_ports {DBL4[2]}]
1
set_output_delay  5 -clock [get_clocks {OSC_CLK_IN}] [get_ports {DBR1[5]}]
1
set_output_delay  5 -clock [get_clocks {OSC_CLK_IN}] [get_ports {DBR2[1]}]
1
set_output_delay  5 -clock [get_clocks {OSC_CLK_IN}] [get_ports {DBL3[7]}]
1
set_output_delay  5 -clock [get_clocks {OSC_CLK_IN}] [get_ports {DBL4[3]}]
1
set_output_delay  5 -clock [get_clocks {OSC_CLK_IN}] [get_ports {DBL0[0]}]
1
set_output_delay  5 -clock [get_clocks {OSC_CLK_IN}] [get_ports {POFF_DRA_CH601_612_R}]
1
set_output_delay  5 -clock [get_clocks {OSC_CLK_IN}] [get_ports {DBR1[6]}]
1
set_output_delay  5 -clock [get_clocks {OSC_CLK_IN}] [get_ports {CS_HVDDA}]
1
set_output_delay  5 -clock [get_clocks {OSC_CLK_IN}] [get_ports {DBR2[2]}]
1
set_output_delay  5 -clock [get_clocks {OSC_CLK_IN}] [get_ports {POFF_DRA_CH811_828_L}]
1
set_output_delay  5 -clock [get_clocks {OSC_CLK_IN}] [get_ports {DBL4[4]}]
1
set_output_delay  5 -clock [get_clocks {OSC_CLK_IN}] [get_ports {DBL0[1]}]
1
set_output_delay  5 -clock [get_clocks {OSC_CLK_IN}] [get_ports {DBR1[7]}]
1
set_output_delay  5 -clock [get_clocks {OSC_CLK_IN}] [get_ports {DBL5[0]}]
1
set_output_delay  5 -clock [get_clocks {OSC_CLK_IN}] [get_ports {DBR2[3]}]
1
set_output_delay  5 -clock [get_clocks {OSC_CLK_IN}] [get_ports {POFF_DRA_CH775_810_L}]
1
set_output_delay  5 -clock [get_clocks {OSC_CLK_IN}] [get_ports {DBL4[5]}]
1
set_output_delay  5 -clock [get_clocks {OSC_CLK_IN}] [get_ports {DBL0[2]}]
1
set_output_delay  5 -clock [get_clocks {OSC_CLK_IN}] [get_ports {POFF_POR}]
1
set_output_delay  5 -clock [get_clocks {OSC_CLK_IN}] [get_ports {DBL5[1]}]
1
set_output_delay  5 -clock [get_clocks {OSC_CLK_IN}] [get_ports {DBR2[4]}]
1
set_output_delay  5 -clock [get_clocks {OSC_CLK_IN}] [get_ports {DBR3[0]}]
1
set_output_delay  5 -clock [get_clocks {OSC_CLK_IN}] [get_ports {DBL4[6]}]
1
set_output_delay  5 -clock [get_clocks {OSC_CLK_IN}] [get_ports {DBL0[3]}]
1
set_output_delay  5 -clock [get_clocks {OSC_CLK_IN}] [get_ports {DBL5[2]}]
1
set_output_delay  5 -clock [get_clocks {OSC_CLK_IN}] [get_ports {DBR2[5]}]
1
set_output_delay  5 -clock [get_clocks {OSC_CLK_IN}] [get_ports {DBR3[1]}]
1
set_output_delay  5 -clock [get_clocks {OSC_CLK_IN}] [get_ports {DBL4[7]}]
1
set_output_delay  5 -clock [get_clocks {OSC_CLK_IN}] [get_ports {DBL0[4]}]
1
set_output_delay  5 -clock [get_clocks {OSC_CLK_IN}] [get_ports {DBL5[3]}]
1
set_output_delay  5 -clock [get_clocks {OSC_CLK_IN}] [get_ports {DBL1[0]}]
1
set_output_delay  5 -clock [get_clocks {OSC_CLK_IN}] [get_ports {DBR2[6]}]
1
set_output_delay  5 -clock [get_clocks {OSC_CLK_IN}] [get_ports {DBR3[2]}]
1
set_output_delay  5 -clock [get_clocks {OSC_CLK_IN}] [get_ports {DBL0[5]}]
1
set_output_delay  5 -clock [get_clocks {OSC_CLK_IN}] [get_ports {DBL5[4]}]
1
set_output_delay  5 -clock [get_clocks {OSC_CLK_IN}] [get_ports {DBL1[1]}]
1
set_output_delay  5 -clock [get_clocks {OSC_CLK_IN}] [get_ports {DBR2[7]}]
1
set_output_delay  5 -clock [get_clocks {OSC_CLK_IN}] [get_ports {CLKA_L}]
1
set_output_delay  5 -clock [get_clocks {OSC_CLK_IN}] [get_ports {DTESTO_IN}]
1
set_output_delay  5 -clock [get_clocks {OSC_CLK_IN}] [get_ports {POFF_DRA_CH721_726_L}]
1
set_output_delay  5 -clock [get_clocks {OSC_CLK_IN}] [get_ports {DBR3[3]}]
1
set_output_delay  5 -clock [get_clocks {OSC_CLK_IN}] [get_ports {POFF_DRA_CH841_900_L}]
1
set_output_delay  5 -clock [get_clocks {OSC_CLK_IN}] [get_ports {CLKA_R}]
1
set_output_delay  5 -clock [get_clocks {OSC_CLK_IN}] [get_ports {DBL0[6]}]
1
set_output_delay  5 -clock [get_clocks {OSC_CLK_IN}] [get_ports {DBL5[5]}]
1
set_output_delay  5 -clock [get_clocks {OSC_CLK_IN}] [get_ports {DBL1[2]}]
1
set_output_delay  5 -clock [get_clocks {OSC_CLK_IN}] [get_ports {R_EMI_BYPASS}]
1
set_output_delay  5 -clock [get_clocks {OSC_CLK_IN}] [get_ports {DBR3[4]}]
1
set_output_delay  5 -clock [get_clocks {OSC_CLK_IN}] [get_ports {POFF_DRA_CH}]
1
set_output_delay  -0.5 -clock [get_clocks {WCLK1_A_I2C}] -add_delay [get_ports {POFF_DRA_CH}]
1
set_output_delay  -0.5 -clock [get_clocks {WCLK1_A_DCLK}] -add_delay [get_ports {POFF_DRA_CH}]
1
set_output_delay  5 -clock [get_clocks {OSC_CLK_IN}] [get_ports {DBL0[7]}]
1
set_output_delay  5 -clock [get_clocks {OSC_CLK_IN}] [get_ports {DBR4[0]}]
1
set_output_delay  5 -clock [get_clocks {OSC_CLK_IN}] [get_ports {DBL5[6]}]
1
set_output_delay  5 -clock [get_clocks {OSC_CLK_IN}] [get_ports {DBL1[3]}]
1
set_output_delay  5 -clock [get_clocks {OSC_CLK_IN}] [get_ports {DBR3[5]}]
1
set_output_delay  5 -clock [get_clocks {OSC_CLK_IN}] [get_ports {POFF_BGR}]
1
set_output_delay  5 -clock [get_clocks {OSC_CLK_IN}] [get_ports {DBR4[1]}]
1
set_output_delay  5 -clock [get_clocks {OSC_CLK_IN}] [get_ports {SRIN_A}]
1
set_output_delay  5 -clock [get_clocks {OSC_CLK_IN}] [get_ports {SRIN_B}]
1
set_output_delay  5 -clock [get_clocks {OSC_CLK_IN}] [get_ports {DBL5[7]}]
1
set_output_delay  5 -clock [get_clocks {OSC_CLK_IN}] [get_ports {DBL1[4]}]
1
set_output_delay  5 -clock [get_clocks {OSC_CLK_IN}] [get_ports {MON_DC_VOL[0]}]
1
set_output_delay  5 -clock [get_clocks {OSC_CLK_IN}] [get_ports {POFF_DRA_CH649_684_R}]
1
set_output_delay  5 -clock [get_clocks {OSC_CLK_IN}] [get_ports {DBL2[0]}]
1
set_output_delay  5 -clock [get_clocks {OSC_CLK_IN}] [get_ports {DBR3[6]}]
1
set_output_delay  5 -clock [get_clocks {OSC_CLK_IN}] [get_ports {IN_PD_ON_L}]
1
set_output_delay  5 -clock [get_clocks {OSC_CLK_IN}] [get_ports {TESTO_E}]
1
set_output_delay  5 -clock [get_clocks {OSC_CLK_IN}] [get_ports {IN_PD_ON_R}]
1
set_output_delay  5 -clock [get_clocks {OSC_CLK_IN}] [get_ports {DBR4[2]}]
1
set_output_delay  5 -clock [get_clocks {OSC_CLK_IN}] [get_ports {DBL1[5]}]
1
set_output_delay  5 -clock [get_clocks {OSC_CLK_IN}] [get_ports {MON_DC_VOL[1]}]
1
set_output_delay  5 -clock [get_clocks {OSC_CLK_IN}] [get_ports {DBL2[1]}]
1
set_output_delay  5 -clock [get_clocks {OSC_CLK_IN}] [get_ports {DBR3[7]}]
1
set_output_delay  5 -clock [get_clocks {OSC_CLK_IN}] [get_ports {DBR4[3]}]
1
set_output_delay  5 -clock [get_clocks {OSC_CLK_IN}] [get_ports {DBR0[0]}]
1
set_output_delay  5 -clock [get_clocks {OSC_CLK_IN}] [get_ports {POFF_DRA_CH727_762_L}]
1
set_output_delay  5 -clock [get_clocks {OSC_CLK_IN}] [get_ports {DBL1[6]}]
1
set_output_delay  5 -clock [get_clocks {OSC_CLK_IN}] [get_ports {MON_DC_VOL[2]}]
1
set_output_delay  5 -clock [get_clocks {OSC_CLK_IN}] [get_ports {DBL2[2]}]
1
set_output_delay  5 -clock [get_clocks {OSC_CLK_IN}] [get_ports {DBR4[4]}]
1
set_output_delay  5 -clock [get_clocks {OSC_CLK_IN}] [get_ports {DBR0[1]}]
1
set_output_delay  5 -clock [get_clocks {OSC_CLK_IN}] [get_ports {CS_AGND}]
1
set_output_delay  5 -clock [get_clocks {OSC_CLK_IN}] [get_ports {DBL1[7]}]
1
set_output_delay  5 -clock [get_clocks {OSC_CLK_IN}] [get_ports {DBR5[0]}]
1
set_output_delay  5 -clock [get_clocks {OSC_CLK_IN}] [get_ports {DBL2[3]}]
1
set_output_delay  5 -clock [get_clocks {OSC_CLK_IN}] [get_ports {DBR4[5]}]
1
set_output_delay  5 -clock [get_clocks {OSC_CLK_IN}] [get_ports {POFF_DRA_CH685_720_R}]
1
set_output_delay  5 -clock [get_clocks {OSC_CLK_IN}] [get_ports {DBR0[2]}]
1
set_output_delay  5 -clock [get_clocks {OSC_CLK_IN}] [get_ports {DBR5[1]}]
1
set_output_delay  5 -clock [get_clocks {OSC_CLK_IN}] [get_ports {DBL2[4]}]
1
set_output_delay  5 -clock [get_clocks {OSC_CLK_IN}] [get_ports {DBL3[0]}]
1
set_output_delay  5 -clock [get_clocks {OSC_CLK_IN}] [get_ports {DBR4[6]}]
1
set_output_delay  5 -clock [get_clocks {OSC_CLK_IN}] [get_ports {DBR0[3]}]
1
set_output_delay  5 -clock [get_clocks {OSC_CLK_IN}] [get_ports {DBR5[2]}]
1
set_output_delay  5 -clock [get_clocks {OSC_CLK_IN}] [get_ports {LINK_ST_OE_L}]
1
set_output_delay  5 -clock [get_clocks {OSC_CLK_IN}] [get_ports {DBL2[5]}]
1
set_output_delay  5 -clock [get_clocks {OSC_CLK_IN}] [get_ports {LINK_ST_OE_R}]
1
set_output_delay  5 -clock [get_clocks {OSC_CLK_IN}] [get_ports {DBL3[1]}]
1
set_output_delay  5 -clock [get_clocks {OSC_CLK_IN}] [get_ports {DBR4[7]}]
1
set_output_delay  5 -clock [get_clocks {OSC_CLK_IN}] [get_ports {DBR0[4]}]
1
set_output_delay  5 -clock [get_clocks {OSC_CLK_IN}] [get_ports {POFF_DRA_BIAS}]
1
set_output_delay  -0.5 -clock [get_clocks {WCLK1_A_I2C}] -add_delay [get_ports {POFF_DRA_BIAS}]
1
set_output_delay  -0.5 -clock [get_clocks {WCLK1_A_DCLK}] -add_delay [get_ports {POFF_DRA_BIAS}]
1
set_output_delay  5 -clock [get_clocks {OSC_CLK_IN}] [get_ports {DBR5[3]}]
1
set_output_delay  5 -clock [get_clocks {OSC_CLK_IN}] [get_ports {DBR1[0]}]
1
set_output_delay  5 -clock [get_clocks {OSC_CLK_IN}] [get_ports {POFF_DRA_CH763_774_L}]
1
set_output_delay  5 -clock [get_clocks {OSC_CLK_IN}] [get_ports {DBL2[6]}]
1
set_output_delay  5 -clock [get_clocks {OSC_CLK_IN}] [get_ports {DBL3[2]}]
1
set_output_delay  5 -clock [get_clocks {OSC_CLK_IN}] [get_ports {DBR0[5]}]
1
set_output_delay  5 -clock [get_clocks {OSC_CLK_IN}] [get_ports {DBR5[4]}]
1
set_output_delay  5 -clock [get_clocks {OSC_CLK_IN}] [get_ports {DBR1[1]}]
1
set_output_delay  5 -clock [get_clocks {OSC_CLK_IN}] [get_ports {DBL2[7]}]
1
set_output_delay  5 -clock [get_clocks {OSC_CLK_IN}] [get_ports {DBL3[3]}]
1
set_output_delay  5 -clock [get_clocks {OSC_CLK_IN}] [get_ports {DBR0[6]}]
1
set_output_delay  5 -clock [get_clocks {OSC_CLK_IN}] [get_ports {CLKB_L}]
1
set_output_delay  5 -clock [get_clocks {OSC_CLK_IN}] [get_ports {DBR5[5]}]
1
set_output_delay  5 -clock [get_clocks {OSC_CLK_IN}] [get_ports {DBR1[2]}]
1
set_output_delay  5 -clock [get_clocks {OSC_CLK_IN}] [get_ports {CLKB_R}]
1
set_output_delay  5 -clock [get_clocks {OSC_CLK_IN}] [get_ports {DBL3[4]}]
1
set_output_delay  5 -clock [get_clocks {OSC_CLK_IN}] [get_ports {DBR0[7]}]
1
set_output_delay  5 -clock [get_clocks {OSC_CLK_IN}] [get_ports {DBL4[0]}]
1
set_output_delay  5 -clock [get_clocks {OSC_CLK_IN}] [get_ports {DBR5[6]}]
1
set_output_delay  5 -clock [get_clocks {OSC_CLK_IN}] [get_ports {DBR1[3]}]
1
set_output_delay  5 -clock [get_clocks {OSC_CLK_IN}] [get_ports {POFF_DRA_CH541_600_R}]
1
set_output_delay  5 -clock [get_clocks {OSC_CLK_IN}] [get_ports {DBL3[5]}]
1
set_output_delay  5 -clock [get_clocks {OSC_CLK_IN}] [get_ports {DBL4[1]}]
1
set_output_delay  5 -clock [get_clocks {OSC_CLK_IN}] [get_ports {SLIN_A}]
1
set_output_delay  5 -clock [get_clocks {OSC_CLK_IN}] [get_ports {SLIN_B}]
1
set_output_delay  5 -clock [get_clocks {OSC_CLK_IN}] [get_ports {DBR5[7]}]
1
set_output_delay  5 -clock [get_clocks {OSC_CLK_IN}] [get_ports {POFF_DRA_CH829_840_L}]
1
set_output_delay  5 -clock [get_clocks {OSC_CLK_IN}] [get_ports {DBR1[4]}]
1
set_output_delay  5 -clock [get_clocks {OSC_CLK_IN}] [get_ports {DBR2[0]}]
1
set_output_delay  5 -clock [get_clocks {OSC_CLK_IN}] [get_ports {DBL3[6]}]
1
set_output_delay  5 -clock [get_clocks {OSC_CLK_IN}] [get_ports {POFF_DRA_CH613_648_R}]
1
set_output_delay  1 -clock [get_clocks {I2C_CLK}] -max [get_ports {I2C_SDA_OE}]
1
set_output_delay  -1 -clock [get_clocks {I2C_CLK}] -min [get_ports {I2C_SDA_OE}]
1
set_output_delay  -0.5 -clock [get_clocks {RX0_CLK_DIV1P5_1P}] -max [get_ports {rstn_async_L0}]
1
set_output_delay  5 -clock [get_clocks {RX0_CLK_DIV1P5_1P}] -min [get_ports {rstn_async_L0}]
1
set_output_delay  -0.5 -clock [get_clocks {RX0_CLK_DIV1P5_1P}] -max [get_ports {rstn_async_L1}]
1
set_output_delay  5 -clock [get_clocks {RX0_CLK_DIV1P5_1P}] -min [get_ports {rstn_async_L1}]
1
set_output_delay  -0.5 -clock [get_clocks {RX0_CLK_DIV1P5}] -max [get_ports {XRSTA_L}]
1
set_output_delay  5 -clock [get_clocks {RX0_CLK_DIV1P5}] -min [get_ports {XRSTA_L}]
1
set_output_delay  -0.5 -clock [get_clocks {RX1_CLK}] -max -add_delay [get_ports {XRSTA_L}]
1
set_output_delay  5 -clock [get_clocks {RX1_CLK}] -min -add_delay [get_ports {XRSTA_L}]
1
set_output_delay  -0.5 -clock [get_clocks {RX0_CLK_DIV1P5}] -max [get_ports {XRSTA_R}]
1
set_output_delay  5 -clock [get_clocks {RX0_CLK_DIV1P5}] -min [get_ports {XRSTA_R}]
1
set_output_delay  -0.5 -clock [get_clocks {RX1_CLK}] -max -add_delay [get_ports {XRSTA_R}]
1
set_output_delay  5 -clock [get_clocks {RX1_CLK}] -min -add_delay [get_ports {XRSTA_R}]
1
set_output_delay  -0.5 -clock [get_clocks {RX0_CLK_DIV1P5}] -max [get_ports {XRSTB_L}]
1
set_output_delay  5 -clock [get_clocks {RX0_CLK_DIV1P5}] -min [get_ports {XRSTB_L}]
1
set_output_delay  -0.5 -clock [get_clocks {RX1_CLK}] -max -add_delay [get_ports {XRSTB_L}]
1
set_output_delay  5 -clock [get_clocks {RX1_CLK}] -min -add_delay [get_ports {XRSTB_L}]
1
set_output_delay  -0.5 -clock [get_clocks {RX0_CLK_DIV1P5}] -max [get_ports {XRSTB_R}]
1
set_output_delay  5 -clock [get_clocks {RX0_CLK_DIV1P5}] -min [get_ports {XRSTB_R}]
1
set_output_delay  -0.5 -clock [get_clocks {RX1_CLK}] -max -add_delay [get_ports {XRSTB_R}]
1
set_output_delay  5 -clock [get_clocks {RX1_CLK}] -min -add_delay [get_ports {XRSTB_R}]
1
set_output_delay  -0.5 -clock [get_clocks {RX0_CLK_DIV1P5}] -max [get_ports {CHSEL_R[0]}]
1
set_output_delay  5 -clock [get_clocks {RX0_CLK_DIV1P5}] -min [get_ports {CHSEL_R[0]}]
1
set_output_delay  -0.5 -clock [get_clocks {RX0_CLK_DIV1P5}] -max [get_ports {CHSEL_R[1]}]
1
set_output_delay  5 -clock [get_clocks {RX0_CLK_DIV1P5}] -min [get_ports {CHSEL_R[1]}]
1
set_output_delay  -0.5 -clock [get_clocks {RX0_CLK_DIV1P5}] -max [get_ports {CHSEL_R[2]}]
1
set_output_delay  5 -clock [get_clocks {RX0_CLK_DIV1P5}] -min [get_ports {CHSEL_R[2]}]
1
set_output_delay  -0.5 -clock [get_clocks {RX0_CLK_DIV1P5}] -max [get_ports {CHSEL_L[0]}]
1
set_output_delay  5 -clock [get_clocks {RX0_CLK_DIV1P5}] -min [get_ports {CHSEL_L[0]}]
1
set_output_delay  -0.5 -clock [get_clocks {RX0_CLK_DIV1P5}] -max [get_ports {CHSEL_L[1]}]
1
set_output_delay  5 -clock [get_clocks {RX0_CLK_DIV1P5}] -min [get_ports {CHSEL_L[1]}]
1
set_output_delay  -0.5 -clock [get_clocks {RX0_CLK_DIV1P5}] -max [get_ports {CHSEL_L[2]}]
1
set_output_delay  5 -clock [get_clocks {RX0_CLK_DIV1P5}] -min [get_ports {CHSEL_L[2]}]
1
set_output_delay  -0.5 -clock [get_clocks {RX0_CLK_DIV1P5}] -max [get_ports {reg_lane_osr_L0}]
1
set_output_delay  5 -clock [get_clocks {RX0_CLK_DIV1P5}] -min [get_ports {reg_lane_osr_L0}]
1
set_output_delay  -0.5 -clock [get_clocks {RX0_CLK_DIV1P5}] -max [get_ports {reg_lane_osr_L1}]
1
set_output_delay  5 -clock [get_clocks {RX0_CLK_DIV1P5}] -min [get_ports {reg_lane_osr_L1}]
1
set_output_delay  -0.5 -clock [get_clocks {RX0_CLK_DIV1P5}] -max [get_ports {reg_lane_pd_L0}]
1
set_output_delay  5 -clock [get_clocks {RX0_CLK_DIV1P5}] -min [get_ports {reg_lane_pd_L0}]
1
set_output_delay  -0.5 -clock [get_clocks {RX0_CLK_DIV1P5}] -max [get_ports {reg_lane_pd_L1}]
1
set_output_delay  5 -clock [get_clocks {RX0_CLK_DIV1P5}] -min [get_ports {reg_lane_pd_L1}]
1
set_output_delay  -0.5 -clock [get_clocks {RX0_CLK_DIV1P5}] [get_ports {PD_GBIAS}]
1
set_output_delay  -0.5 -clock [get_clocks {RX0_CLK_DIV1P5}] [get_ports {PD_GOP}]
1
set_output_delay  5 -clock [get_clocks {RX0_CLK_DIV1P5}] -min [get_ports {PTAT_EN}]
1
set_output_delay  -0.5 -clock [get_clocks {RX0_CLK_DIV1P5}] -max [get_ports {ENL_GAP1}]
1
set_output_delay  5 -clock [get_clocks {RX0_CLK_DIV1P5}] -min [get_ports {ENL_GAP1}]
1
set_output_delay  -0.5 -clock [get_clocks {RX0_CLK_DIV1P5}] -max [get_ports {ENR_GAP1}]
1
set_output_delay  5 -clock [get_clocks {RX0_CLK_DIV1P5}] -min [get_ports {ENR_GAP1}]
1
set_output_delay  -0.5 -clock [get_clocks {RX0_CLK_DIV1P5}] -max [get_ports {ENL_GAP2}]
1
set_output_delay  5 -clock [get_clocks {RX0_CLK_DIV1P5}] -min [get_ports {ENL_GAP2}]
1
set_output_delay  -0.5 -clock [get_clocks {RX0_CLK_DIV1P5}] -max [get_ports {ENR_GAP2}]
1
set_output_delay  5 -clock [get_clocks {RX0_CLK_DIV1P5}] -min [get_ports {ENR_GAP2}]
1
set_output_delay  -0.5 -clock [get_clocks {WCLK1_A_I2C}] -max [get_ports {H120V}]
1
set_output_delay  5 -clock [get_clocks {WCLK1_A_I2C}] -min [get_ports {H120V}]
1
set_output_delay  -0.5 -clock [get_clocks {WCLK1_A_DCLK}] -add_delay [get_ports {H120V}]
1
set_output_delay  -0.5 -clock [get_clocks {WCLK1_A_I2C}] -max [get_ports {FSHIFT_L}]
1
set_output_delay  5 -clock [get_clocks {WCLK1_A_I2C}] -min [get_ports {FSHIFT_L}]
1
set_output_delay  -0.5 -clock [get_clocks {WCLK1_A_DCLK}] -add_delay [get_ports {FSHIFT_L}]
1
set_output_delay  -0.5 -clock [get_clocks {WCLK1_A_I2C}] -max [get_ports {FSHIFT_R}]
1
set_output_delay  5 -clock [get_clocks {WCLK1_A_I2C}] -min [get_ports {FSHIFT_R}]
1
set_output_delay  -0.5 -clock [get_clocks {WCLK1_A_DCLK}] -add_delay [get_ports {FSHIFT_R}]
1
set_output_delay  -0.5 -clock [get_clocks {WCLK1_A_I2C}] -max [get_ports {HSTR}]
1
set_output_delay  5 -clock [get_clocks {WCLK1_A_I2C}] -min [get_ports {HSTR}]
1
set_output_delay  -0.5 -clock [get_clocks {WCLK1_A_DCLK}] -add_delay [get_ports {HSTR}]
1
set_output_delay  -0.5 -clock [get_clocks {WCLK1_A_I2C}] -max [get_ports {HN_VBP1[0]}]
1
set_output_delay  5 -clock [get_clocks {WCLK1_A_I2C}] -min [get_ports {HN_VBP1[0]}]
1
set_output_delay  -0.5 -clock [get_clocks {WCLK1_A_DCLK}] -add_delay [get_ports {HN_VBP1[0]}]
1
set_output_delay  -0.5 -clock [get_clocks {WCLK1_A_I2C}] -max [get_ports {HN_VBN2[0]}]
1
set_output_delay  5 -clock [get_clocks {WCLK1_A_I2C}] -min [get_ports {HN_VBN2[0]}]
1
set_output_delay  -0.5 -clock [get_clocks {WCLK1_A_DCLK}] -add_delay [get_ports {HN_VBN2[0]}]
1
set_output_delay  -0.5 -clock [get_clocks {WCLK1_A_I2C}] -max [get_ports {HN_VBP1[1]}]
1
set_output_delay  5 -clock [get_clocks {WCLK1_A_I2C}] -min [get_ports {HN_VBP1[1]}]
1
set_output_delay  -0.5 -clock [get_clocks {WCLK1_A_DCLK}] -add_delay [get_ports {HN_VBP1[1]}]
1
set_output_delay  -0.5 -clock [get_clocks {WCLK1_A_I2C}] -max [get_ports {HN_VBN2[1]}]
1
set_output_delay  5 -clock [get_clocks {WCLK1_A_I2C}] -min [get_ports {HN_VBN2[1]}]
1
set_output_delay  -0.5 -clock [get_clocks {WCLK1_A_DCLK}] -add_delay [get_ports {HN_VBN2[1]}]
1
set_output_delay  -0.5 -clock [get_clocks {WCLK1_A_I2C}] -max [get_ports {HN_VBP2[0]}]
1
set_output_delay  5 -clock [get_clocks {WCLK1_A_I2C}] -min [get_ports {HN_VBP2[0]}]
1
set_output_delay  -0.5 -clock [get_clocks {WCLK1_A_DCLK}] -add_delay [get_ports {HN_VBP2[0]}]
1
set_output_delay  -0.5 -clock [get_clocks {WCLK1_A_I2C}] -max [get_ports {HN_VBP2[1]}]
1
set_output_delay  5 -clock [get_clocks {WCLK1_A_I2C}] -min [get_ports {HN_VBP2[1]}]
1
set_output_delay  -0.5 -clock [get_clocks {WCLK1_A_DCLK}] -add_delay [get_ports {HN_VBP2[1]}]
1
set_output_delay  -0.5 -clock [get_clocks {WCLK1_A_I2C}] -max [get_ports {HN_VBN1[0]}]
1
set_output_delay  5 -clock [get_clocks {WCLK1_A_I2C}] -min [get_ports {HN_VBN1[0]}]
1
set_output_delay  -0.5 -clock [get_clocks {WCLK1_A_DCLK}] -add_delay [get_ports {HN_VBN1[0]}]
1
set_output_delay  -0.5 -clock [get_clocks {WCLK1_A_I2C}] -max [get_ports {HN_VBN1[1]}]
1
set_output_delay  5 -clock [get_clocks {WCLK1_A_I2C}] -min [get_ports {HN_VBN1[1]}]
1
set_output_delay  -0.5 -clock [get_clocks {WCLK1_A_DCLK}] -add_delay [get_ports {HN_VBN1[1]}]
1
set_output_delay  -0.5 -clock [get_clocks {WCLK1_A_I2C}] -max [get_ports {HP_VBP1[0]}]
1
set_output_delay  5 -clock [get_clocks {WCLK1_A_I2C}] -min [get_ports {HP_VBP1[0]}]
1
set_output_delay  -0.5 -clock [get_clocks {WCLK1_A_DCLK}] -add_delay [get_ports {HP_VBP1[0]}]
1
set_output_delay  -0.5 -clock [get_clocks {WCLK1_A_I2C}] -max [get_ports {HP_VBN2[0]}]
1
set_output_delay  5 -clock [get_clocks {WCLK1_A_I2C}] -min [get_ports {HP_VBN2[0]}]
1
set_output_delay  -0.5 -clock [get_clocks {WCLK1_A_DCLK}] -add_delay [get_ports {HP_VBN2[0]}]
1
set_output_delay  -0.5 -clock [get_clocks {WCLK1_A_I2C}] -max [get_ports {HP_VBP1[1]}]
1
set_output_delay  5 -clock [get_clocks {WCLK1_A_I2C}] -min [get_ports {HP_VBP1[1]}]
1
set_output_delay  -0.5 -clock [get_clocks {WCLK1_A_DCLK}] -add_delay [get_ports {HP_VBP1[1]}]
1
set_output_delay  -0.5 -clock [get_clocks {WCLK1_A_I2C}] -max [get_ports {HP_VBN2[1]}]
1
set_output_delay  5 -clock [get_clocks {WCLK1_A_I2C}] -min [get_ports {HP_VBN2[1]}]
1
set_output_delay  -0.5 -clock [get_clocks {WCLK1_A_DCLK}] -add_delay [get_ports {HP_VBN2[1]}]
1
set_output_delay  -0.5 -clock [get_clocks {WCLK1_A_I2C}] -max [get_ports {HP_VBP2[0]}]
1
set_output_delay  5 -clock [get_clocks {WCLK1_A_I2C}] -min [get_ports {HP_VBP2[0]}]
1
set_output_delay  -0.5 -clock [get_clocks {WCLK1_A_DCLK}] -add_delay [get_ports {HP_VBP2[0]}]
1
set_output_delay  -0.5 -clock [get_clocks {WCLK1_A_I2C}] -max [get_ports {HP_VBP2[1]}]
1
set_output_delay  5 -clock [get_clocks {WCLK1_A_I2C}] -min [get_ports {HP_VBP2[1]}]
1
set_output_delay  -0.5 -clock [get_clocks {WCLK1_A_DCLK}] -add_delay [get_ports {HP_VBP2[1]}]
1
set_output_delay  -0.5 -clock [get_clocks {WCLK1_A_I2C}] -max [get_ports {HP_VBN1[0]}]
1
set_output_delay  5 -clock [get_clocks {WCLK1_A_I2C}] -min [get_ports {HP_VBN1[0]}]
1
set_output_delay  -0.5 -clock [get_clocks {WCLK1_A_DCLK}] -add_delay [get_ports {HP_VBN1[0]}]
1
set_output_delay  -0.5 -clock [get_clocks {WCLK1_A_I2C}] -max [get_ports {HP_VBN1[1]}]
1
set_output_delay  5 -clock [get_clocks {WCLK1_A_I2C}] -min [get_ports {HP_VBN1[1]}]
1
set_output_delay  -0.5 -clock [get_clocks {WCLK1_A_DCLK}] -add_delay [get_ports {HP_VBN1[1]}]
1
set_output_delay  -0.5 -clock [get_clocks {WCLK1_A_I2C}] -max [get_ports {HVBP_SEPARATE}]
1
set_output_delay  5 -clock [get_clocks {WCLK1_A_I2C}] -min [get_ports {HVBP_SEPARATE}]
1
set_output_delay  -0.5 -clock [get_clocks {WCLK1_A_DCLK}] -add_delay [get_ports {HVBP_SEPARATE}]
1
set_output_delay  -0.5 -clock [get_clocks {WCLK1_A_I2C}] -max [get_ports {OVC_POS[0]}]
1
set_output_delay  5 -clock [get_clocks {WCLK1_A_I2C}] -min [get_ports {OVC_POS[0]}]
1
set_output_delay  -0.5 -clock [get_clocks {WCLK1_A_DCLK}] -add_delay [get_ports {OVC_POS[0]}]
1
set_output_delay  -0.5 -clock [get_clocks {WCLK1_A_I2C}] -max [get_ports {OVC_POS[1]}]
1
set_output_delay  5 -clock [get_clocks {WCLK1_A_I2C}] -min [get_ports {OVC_POS[1]}]
1
set_output_delay  -0.5 -clock [get_clocks {WCLK1_A_DCLK}] -add_delay [get_ports {OVC_POS[1]}]
1
set_output_delay  -0.5 -clock [get_clocks {WCLK1_A_I2C}] -max [get_ports {OVC_NEG[0]}]
1
set_output_delay  5 -clock [get_clocks {WCLK1_A_I2C}] -min [get_ports {OVC_NEG[0]}]
1
set_output_delay  -0.5 -clock [get_clocks {WCLK1_A_DCLK}] -add_delay [get_ports {OVC_NEG[0]}]
1
set_output_delay  -0.5 -clock [get_clocks {WCLK1_A_I2C}] -max [get_ports {OVC_NEG[1]}]
1
set_output_delay  5 -clock [get_clocks {WCLK1_A_I2C}] -min [get_ports {OVC_NEG[1]}]
1
set_output_delay  -0.5 -clock [get_clocks {WCLK1_A_DCLK}] -add_delay [get_ports {OVC_NEG[1]}]
1
set_output_delay  -0.5 -clock [get_clocks {WCLK1_A_I2C}] -max [get_ports {Y1_TEST_EN[0]}]
1
set_output_delay  5 -clock [get_clocks {WCLK1_A_I2C}] -min [get_ports {Y1_TEST_EN[0]}]
1
set_output_delay  -0.5 -clock [get_clocks {WCLK1_A_DCLK}] -add_delay [get_ports {Y1_TEST_EN[0]}]
1
set_output_delay  -0.5 -clock [get_clocks {WCLK1_A_I2C}] -max [get_ports {Y1_TEST_EN[1]}]
1
set_output_delay  5 -clock [get_clocks {WCLK1_A_I2C}] -min [get_ports {Y1_TEST_EN[1]}]
1
set_output_delay  -0.5 -clock [get_clocks {WCLK1_A_DCLK}] -add_delay [get_ports {Y1_TEST_EN[1]}]
1
set_output_delay  -0.5 -clock [get_clocks {WCLK1_A_I2C}] -max [get_ports {Y1446_TEST_EN[0]}]
1
set_output_delay  5 -clock [get_clocks {WCLK1_A_I2C}] -min [get_ports {Y1446_TEST_EN[0]}]
1
set_output_delay  -0.5 -clock [get_clocks {WCLK1_A_DCLK}] -add_delay [get_ports {Y1446_TEST_EN[0]}]
1
set_output_delay  -0.5 -clock [get_clocks {WCLK1_A_I2C}] -max [get_ports {Y1446_TEST_EN[1]}]
1
set_output_delay  5 -clock [get_clocks {WCLK1_A_I2C}] -min [get_ports {Y1446_TEST_EN[1]}]
1
set_output_delay  -0.5 -clock [get_clocks {WCLK1_A_DCLK}] -add_delay [get_ports {Y1446_TEST_EN[1]}]
1
set_output_delay  -0.5 -clock [get_clocks {WCLK1_A_I2C}] -max [get_ports {R_VGMAI_SEL}]
1
set_output_delay  5 -clock [get_clocks {WCLK1_A_I2C}] -min [get_ports {R_VGMAI_SEL}]
1
set_output_delay  -0.5 -clock [get_clocks {WCLK1_A_DCLK}] -add_delay [get_ports {R_VGMAI_SEL}]
1
set_output_delay  -0.5 -clock [get_clocks {WCLK1_A_I2C}] -max [get_ports {PGM_VGMA14[5]}]
1
set_output_delay  5 -clock [get_clocks {WCLK1_A_I2C}] -min [get_ports {PGM_VGMA14[5]}]
1
set_output_delay  -0.5 -clock [get_clocks {WCLK1_A_DCLK}] -add_delay [get_ports {PGM_VGMA14[5]}]
1
set_output_delay  -0.5 -clock [get_clocks {WCLK1_A_I2C}] -max [get_ports {PGM_VGMA8[7]}]
1
set_output_delay  5 -clock [get_clocks {WCLK1_A_I2C}] -min [get_ports {PGM_VGMA8[7]}]
1
set_output_delay  -0.5 -clock [get_clocks {WCLK1_A_DCLK}] -add_delay [get_ports {PGM_VGMA8[7]}]
1
set_output_delay  -0.5 -clock [get_clocks {WCLK1_A_I2C}] -max [get_ports {PGM_VGMA10[2]}]
1
set_output_delay  5 -clock [get_clocks {WCLK1_A_I2C}] -min [get_ports {PGM_VGMA10[2]}]
1
set_output_delay  -0.5 -clock [get_clocks {WCLK1_A_DCLK}] -add_delay [get_ports {PGM_VGMA10[2]}]
1
set_output_delay  -0.5 -clock [get_clocks {WCLK1_A_I2C}] -max [get_ports {PGM_VGMA4[4]}]
1
set_output_delay  5 -clock [get_clocks {WCLK1_A_I2C}] -min [get_ports {PGM_VGMA4[4]}]
1
set_output_delay  -0.5 -clock [get_clocks {WCLK1_A_DCLK}] -add_delay [get_ports {PGM_VGMA4[4]}]
1
set_output_delay  -0.5 -clock [get_clocks {WCLK1_A_I2C}] -max [get_ports {PGM_VGMA9[3]}]
1
set_output_delay  5 -clock [get_clocks {WCLK1_A_I2C}] -min [get_ports {PGM_VGMA9[3]}]
1
set_output_delay  -0.5 -clock [get_clocks {WCLK1_A_DCLK}] -add_delay [get_ports {PGM_VGMA9[3]}]
1
set_output_delay  -0.5 -clock [get_clocks {WCLK1_A_I2C}] -max [get_ports {PGM_VGMA15[1]}]
1
set_output_delay  5 -clock [get_clocks {WCLK1_A_I2C}] -min [get_ports {PGM_VGMA15[1]}]
1
set_output_delay  -0.5 -clock [get_clocks {WCLK1_A_DCLK}] -add_delay [get_ports {PGM_VGMA15[1]}]
1
set_output_delay  -0.5 -clock [get_clocks {WCLK1_A_I2C}] -max [get_ports {PGM_VGMA5[0]}]
1
set_output_delay  5 -clock [get_clocks {WCLK1_A_I2C}] -min [get_ports {PGM_VGMA5[0]}]
1
set_output_delay  -0.5 -clock [get_clocks {WCLK1_A_DCLK}] -add_delay [get_ports {PGM_VGMA5[0]}]
1
set_output_delay  -0.5 -clock [get_clocks {WCLK1_A_I2C}] -max [get_ports {PGM_VGMA14[6]}]
1
set_output_delay  5 -clock [get_clocks {WCLK1_A_I2C}] -min [get_ports {PGM_VGMA14[6]}]
1
set_output_delay  -0.5 -clock [get_clocks {WCLK1_A_DCLK}] -add_delay [get_ports {PGM_VGMA14[6]}]
1
set_output_delay  -0.5 -clock [get_clocks {WCLK1_A_I2C}] -max [get_ports {PGM_VGMA10[3]}]
1
set_output_delay  5 -clock [get_clocks {WCLK1_A_I2C}] -min [get_ports {PGM_VGMA10[3]}]
1
set_output_delay  -0.5 -clock [get_clocks {WCLK1_A_DCLK}] -add_delay [get_ports {PGM_VGMA10[3]}]
1
set_output_delay  -0.5 -clock [get_clocks {WCLK1_A_I2C}] -max [get_ports {PGM_VGMA4[5]}]
1
set_output_delay  5 -clock [get_clocks {WCLK1_A_I2C}] -min [get_ports {PGM_VGMA4[5]}]
1
set_output_delay  -0.5 -clock [get_clocks {WCLK1_A_DCLK}] -add_delay [get_ports {PGM_VGMA4[5]}]
1
set_output_delay  -0.5 -clock [get_clocks {WCLK1_A_I2C}] -max [get_ports {PGM_VGMA15[2]}]
1
set_output_delay  5 -clock [get_clocks {WCLK1_A_I2C}] -min [get_ports {PGM_VGMA15[2]}]
1
set_output_delay  -0.5 -clock [get_clocks {WCLK1_A_DCLK}] -add_delay [get_ports {PGM_VGMA15[2]}]
1
set_output_delay  -0.5 -clock [get_clocks {WCLK1_A_I2C}] -max [get_ports {PGM_VGMA9[4]}]
1
set_output_delay  5 -clock [get_clocks {WCLK1_A_I2C}] -min [get_ports {PGM_VGMA9[4]}]
1
set_output_delay  -0.5 -clock [get_clocks {WCLK1_A_DCLK}] -add_delay [get_ports {PGM_VGMA9[4]}]
1
set_output_delay  -0.5 -clock [get_clocks {WCLK1_A_I2C}] -max [get_ports {PGM_VGMA5[1]}]
1
set_output_delay  5 -clock [get_clocks {WCLK1_A_I2C}] -min [get_ports {PGM_VGMA5[1]}]
1
set_output_delay  -0.5 -clock [get_clocks {WCLK1_A_DCLK}] -add_delay [get_ports {PGM_VGMA5[1]}]
1
set_output_delay  -0.5 -clock [get_clocks {WCLK1_A_I2C}] -max [get_ports {PGM_VGMA14[7]}]
1
set_output_delay  5 -clock [get_clocks {WCLK1_A_I2C}] -min [get_ports {PGM_VGMA14[7]}]
1
set_output_delay  -0.5 -clock [get_clocks {WCLK1_A_DCLK}] -add_delay [get_ports {PGM_VGMA14[7]}]
1
set_output_delay  -0.5 -clock [get_clocks {WCLK1_A_I2C}] -max [get_ports {PGM_VGMA10[4]}]
1
set_output_delay  5 -clock [get_clocks {WCLK1_A_I2C}] -min [get_ports {PGM_VGMA10[4]}]
1
set_output_delay  -0.5 -clock [get_clocks {WCLK1_A_DCLK}] -add_delay [get_ports {PGM_VGMA10[4]}]
1
set_output_delay  -0.5 -clock [get_clocks {WCLK1_A_I2C}] -max [get_ports {PGM_VGMA4[6]}]
1
set_output_delay  5 -clock [get_clocks {WCLK1_A_I2C}] -min [get_ports {PGM_VGMA4[6]}]
1
set_output_delay  -0.5 -clock [get_clocks {WCLK1_A_DCLK}] -add_delay [get_ports {PGM_VGMA4[6]}]
1
set_output_delay  -0.5 -clock [get_clocks {WCLK1_A_I2C}] -max [get_ports {PGM_VGMA15[3]}]
1
set_output_delay  5 -clock [get_clocks {WCLK1_A_I2C}] -min [get_ports {PGM_VGMA15[3]}]
1
set_output_delay  -0.5 -clock [get_clocks {WCLK1_A_DCLK}] -add_delay [get_ports {PGM_VGMA15[3]}]
1
set_output_delay  -0.5 -clock [get_clocks {WCLK1_A_I2C}] -max [get_ports {PGM_VGMA9[5]}]
1
set_output_delay  5 -clock [get_clocks {WCLK1_A_I2C}] -min [get_ports {PGM_VGMA9[5]}]
1
set_output_delay  -0.5 -clock [get_clocks {WCLK1_A_DCLK}] -add_delay [get_ports {PGM_VGMA9[5]}]
1
set_output_delay  -0.5 -clock [get_clocks {WCLK1_A_I2C}] -max [get_ports {PGM_VGMA5[2]}]
1
set_output_delay  5 -clock [get_clocks {WCLK1_A_I2C}] -min [get_ports {PGM_VGMA5[2]}]
1
set_output_delay  -0.5 -clock [get_clocks {WCLK1_A_DCLK}] -add_delay [get_ports {PGM_VGMA5[2]}]
1
set_output_delay  -0.5 -clock [get_clocks {WCLK1_A_I2C}] -max [get_ports {PGM_VGMA11[0]}]
1
set_output_delay  5 -clock [get_clocks {WCLK1_A_I2C}] -min [get_ports {PGM_VGMA11[0]}]
1
set_output_delay  -0.5 -clock [get_clocks {WCLK1_A_DCLK}] -add_delay [get_ports {PGM_VGMA11[0]}]
1
set_output_delay  -0.5 -clock [get_clocks {WCLK1_A_I2C}] -max [get_ports {PGM_VGMA10[5]}]
1
set_output_delay  5 -clock [get_clocks {WCLK1_A_I2C}] -min [get_ports {PGM_VGMA10[5]}]
1
set_output_delay  -0.5 -clock [get_clocks {WCLK1_A_DCLK}] -add_delay [get_ports {PGM_VGMA10[5]}]
1
set_output_delay  -0.5 -clock [get_clocks {WCLK1_A_I2C}] -max [get_ports {PGM_VGMA4[7]}]
1
set_output_delay  5 -clock [get_clocks {WCLK1_A_I2C}] -min [get_ports {PGM_VGMA4[7]}]
1
set_output_delay  -0.5 -clock [get_clocks {WCLK1_A_DCLK}] -add_delay [get_ports {PGM_VGMA4[7]}]
1
set_output_delay  -0.5 -clock [get_clocks {WCLK1_A_I2C}] -max [get_ports {PGM_VGMA15[4]}]
1
set_output_delay  5 -clock [get_clocks {WCLK1_A_I2C}] -min [get_ports {PGM_VGMA15[4]}]
1
set_output_delay  -0.5 -clock [get_clocks {WCLK1_A_DCLK}] -add_delay [get_ports {PGM_VGMA15[4]}]
1
set_output_delay  -0.5 -clock [get_clocks {WCLK1_A_I2C}] -max [get_ports {PGM_VGMA9[6]}]
1
set_output_delay  5 -clock [get_clocks {WCLK1_A_I2C}] -min [get_ports {PGM_VGMA9[6]}]
1
set_output_delay  -0.5 -clock [get_clocks {WCLK1_A_DCLK}] -add_delay [get_ports {PGM_VGMA9[6]}]
1
set_output_delay  -0.5 -clock [get_clocks {WCLK1_A_I2C}] -max [get_ports {PGM_VGMA11[1]}]
1
set_output_delay  5 -clock [get_clocks {WCLK1_A_I2C}] -min [get_ports {PGM_VGMA11[1]}]
1
set_output_delay  -0.5 -clock [get_clocks {WCLK1_A_DCLK}] -add_delay [get_ports {PGM_VGMA11[1]}]
1
set_output_delay  -0.5 -clock [get_clocks {WCLK1_A_I2C}] -max [get_ports {PGM_VGMA5[3]}]
1
set_output_delay  5 -clock [get_clocks {WCLK1_A_I2C}] -min [get_ports {PGM_VGMA5[3]}]
1
set_output_delay  -0.5 -clock [get_clocks {WCLK1_A_DCLK}] -add_delay [get_ports {PGM_VGMA5[3]}]
1
set_output_delay  -0.5 -clock [get_clocks {WCLK1_A_I2C}] -max [get_ports {PGM_VGMA1[0]}]
1
set_output_delay  5 -clock [get_clocks {WCLK1_A_I2C}] -min [get_ports {PGM_VGMA1[0]}]
1
set_output_delay  -0.5 -clock [get_clocks {WCLK1_A_DCLK}] -add_delay [get_ports {PGM_VGMA1[0]}]
1
set_output_delay  -0.5 -clock [get_clocks {WCLK1_A_I2C}] -max [get_ports {PGM_VGMA16[0]}]
1
set_output_delay  5 -clock [get_clocks {WCLK1_A_I2C}] -min [get_ports {PGM_VGMA16[0]}]
1
set_output_delay  -0.5 -clock [get_clocks {WCLK1_A_DCLK}] -add_delay [get_ports {PGM_VGMA16[0]}]
1
set_output_delay  -0.5 -clock [get_clocks {WCLK1_A_I2C}] -max [get_ports {PGM_VGMA10[6]}]
1
set_output_delay  5 -clock [get_clocks {WCLK1_A_I2C}] -min [get_ports {PGM_VGMA10[6]}]
1
set_output_delay  -0.5 -clock [get_clocks {WCLK1_A_DCLK}] -add_delay [get_ports {PGM_VGMA10[6]}]
1
set_output_delay  -0.5 -clock [get_clocks {WCLK1_A_I2C}] -max [get_ports {PGM_VGMA15[5]}]
1
set_output_delay  5 -clock [get_clocks {WCLK1_A_I2C}] -min [get_ports {PGM_VGMA15[5]}]
1
set_output_delay  -0.5 -clock [get_clocks {WCLK1_A_DCLK}] -add_delay [get_ports {PGM_VGMA15[5]}]
1
set_output_delay  -0.5 -clock [get_clocks {WCLK1_A_I2C}] -max [get_ports {PGM_VGMA9[7]}]
1
set_output_delay  5 -clock [get_clocks {WCLK1_A_I2C}] -min [get_ports {PGM_VGMA9[7]}]
1
set_output_delay  -0.5 -clock [get_clocks {WCLK1_A_DCLK}] -add_delay [get_ports {PGM_VGMA9[7]}]
1
set_output_delay  -0.5 -clock [get_clocks {WCLK1_A_I2C}] -max [get_ports {PGM_VGMA11[2]}]
1
set_output_delay  5 -clock [get_clocks {WCLK1_A_I2C}] -min [get_ports {PGM_VGMA11[2]}]
1
set_output_delay  -0.5 -clock [get_clocks {WCLK1_A_DCLK}] -add_delay [get_ports {PGM_VGMA11[2]}]
1
set_output_delay  -0.5 -clock [get_clocks {WCLK1_A_I2C}] -max [get_ports {PGM_VGMA5[4]}]
1
set_output_delay  5 -clock [get_clocks {WCLK1_A_I2C}] -min [get_ports {PGM_VGMA5[4]}]
1
set_output_delay  -0.5 -clock [get_clocks {WCLK1_A_DCLK}] -add_delay [get_ports {PGM_VGMA5[4]}]
1
set_output_delay  -0.5 -clock [get_clocks {WCLK1_A_I2C}] -max [get_ports {PGM_VGMA1[1]}]
1
set_output_delay  5 -clock [get_clocks {WCLK1_A_I2C}] -min [get_ports {PGM_VGMA1[1]}]
1
set_output_delay  -0.5 -clock [get_clocks {WCLK1_A_DCLK}] -add_delay [get_ports {PGM_VGMA1[1]}]
1
set_output_delay  -0.5 -clock [get_clocks {WCLK1_A_I2C}] -max [get_ports {PGM_VGMA16[1]}]
1
set_output_delay  5 -clock [get_clocks {WCLK1_A_I2C}] -min [get_ports {PGM_VGMA16[1]}]
1
set_output_delay  -0.5 -clock [get_clocks {WCLK1_A_DCLK}] -add_delay [get_ports {PGM_VGMA16[1]}]
1
set_output_delay  -0.5 -clock [get_clocks {WCLK1_A_I2C}] -max [get_ports {PGM_VGMA6[0]}]
1
set_output_delay  5 -clock [get_clocks {WCLK1_A_I2C}] -min [get_ports {PGM_VGMA6[0]}]
1
set_output_delay  -0.5 -clock [get_clocks {WCLK1_A_DCLK}] -add_delay [get_ports {PGM_VGMA6[0]}]
1
set_output_delay  -0.5 -clock [get_clocks {WCLK1_A_I2C}] -max [get_ports {PGM_VGMA10[7]}]
1
set_output_delay  5 -clock [get_clocks {WCLK1_A_I2C}] -min [get_ports {PGM_VGMA10[7]}]
1
set_output_delay  -0.5 -clock [get_clocks {WCLK1_A_DCLK}] -add_delay [get_ports {PGM_VGMA10[7]}]
1
set_output_delay  -0.5 -clock [get_clocks {WCLK1_A_I2C}] -max [get_ports {PGM_VGMA15[6]}]
1
set_output_delay  5 -clock [get_clocks {WCLK1_A_I2C}] -min [get_ports {PGM_VGMA15[6]}]
1
set_output_delay  -0.5 -clock [get_clocks {WCLK1_A_DCLK}] -add_delay [get_ports {PGM_VGMA15[6]}]
1
set_output_delay  -0.5 -clock [get_clocks {WCLK1_A_I2C}] -max [get_ports {PGM_VGMA11[3]}]
1
set_output_delay  5 -clock [get_clocks {WCLK1_A_I2C}] -min [get_ports {PGM_VGMA11[3]}]
1
set_output_delay  -0.5 -clock [get_clocks {WCLK1_A_DCLK}] -add_delay [get_ports {PGM_VGMA11[3]}]
1
set_output_delay  -0.5 -clock [get_clocks {WCLK1_A_I2C}] -max [get_ports {PGM_VGMA5[5]}]
1
set_output_delay  5 -clock [get_clocks {WCLK1_A_I2C}] -min [get_ports {PGM_VGMA5[5]}]
1
set_output_delay  -0.5 -clock [get_clocks {WCLK1_A_DCLK}] -add_delay [get_ports {PGM_VGMA5[5]}]
1
set_output_delay  -0.5 -clock [get_clocks {WCLK1_A_I2C}] -max [get_ports {PGM_VGMA1[2]}]
1
set_output_delay  5 -clock [get_clocks {WCLK1_A_I2C}] -min [get_ports {PGM_VGMA1[2]}]
1
set_output_delay  -0.5 -clock [get_clocks {WCLK1_A_DCLK}] -add_delay [get_ports {PGM_VGMA1[2]}]
1
set_output_delay  -0.5 -clock [get_clocks {WCLK1_A_I2C}] -max [get_ports {PGM_VGMA16[2]}]
1
set_output_delay  5 -clock [get_clocks {WCLK1_A_I2C}] -min [get_ports {PGM_VGMA16[2]}]
1
set_output_delay  -0.5 -clock [get_clocks {WCLK1_A_DCLK}] -add_delay [get_ports {PGM_VGMA16[2]}]
1
set_output_delay  -0.5 -clock [get_clocks {WCLK1_A_I2C}] -max [get_ports {PGM_VGMA6[1]}]
1
set_output_delay  5 -clock [get_clocks {WCLK1_A_I2C}] -min [get_ports {PGM_VGMA6[1]}]
1
set_output_delay  -0.5 -clock [get_clocks {WCLK1_A_DCLK}] -add_delay [get_ports {PGM_VGMA6[1]}]
1
set_output_delay  -0.5 -clock [get_clocks {WCLK1_A_I2C}] -max [get_ports {PGM_VGMA15[7]}]
1
set_output_delay  5 -clock [get_clocks {WCLK1_A_I2C}] -min [get_ports {PGM_VGMA15[7]}]
1
set_output_delay  -0.5 -clock [get_clocks {WCLK1_A_DCLK}] -add_delay [get_ports {PGM_VGMA15[7]}]
1
set_output_delay  -0.5 -clock [get_clocks {WCLK1_A_I2C}] -max [get_ports {PGM_VGMA11[4]}]
1
set_output_delay  5 -clock [get_clocks {WCLK1_A_I2C}] -min [get_ports {PGM_VGMA11[4]}]
1
set_output_delay  -0.5 -clock [get_clocks {WCLK1_A_DCLK}] -add_delay [get_ports {PGM_VGMA11[4]}]
1
set_output_delay  -0.5 -clock [get_clocks {WCLK1_A_I2C}] -max [get_ports {PGM_VGMA5[6]}]
1
set_output_delay  5 -clock [get_clocks {WCLK1_A_I2C}] -min [get_ports {PGM_VGMA5[6]}]
1
set_output_delay  -0.5 -clock [get_clocks {WCLK1_A_DCLK}] -add_delay [get_ports {PGM_VGMA5[6]}]
1
set_output_delay  -0.5 -clock [get_clocks {WCLK1_A_I2C}] -max [get_ports {PGM_VGMA1[3]}]
1
set_output_delay  5 -clock [get_clocks {WCLK1_A_I2C}] -min [get_ports {PGM_VGMA1[3]}]
1
set_output_delay  -0.5 -clock [get_clocks {WCLK1_A_DCLK}] -add_delay [get_ports {PGM_VGMA1[3]}]
1
set_output_delay  -0.5 -clock [get_clocks {WCLK1_A_I2C}] -max [get_ports {PGM_VGMA16[3]}]
1
set_output_delay  5 -clock [get_clocks {WCLK1_A_I2C}] -min [get_ports {PGM_VGMA16[3]}]
1
set_output_delay  -0.5 -clock [get_clocks {WCLK1_A_DCLK}] -add_delay [get_ports {PGM_VGMA16[3]}]
1
set_output_delay  -0.5 -clock [get_clocks {WCLK1_A_I2C}] -max [get_ports {PGM_VGMA6[2]}]
1
set_output_delay  5 -clock [get_clocks {WCLK1_A_I2C}] -min [get_ports {PGM_VGMA6[2]}]
1
set_output_delay  -0.5 -clock [get_clocks {WCLK1_A_DCLK}] -add_delay [get_ports {PGM_VGMA6[2]}]
1
set_output_delay  -0.5 -clock [get_clocks {WCLK1_A_I2C}] -max [get_ports {PGM_VGMA12[0]}]
1
set_output_delay  5 -clock [get_clocks {WCLK1_A_I2C}] -min [get_ports {PGM_VGMA12[0]}]
1
set_output_delay  -0.5 -clock [get_clocks {WCLK1_A_DCLK}] -add_delay [get_ports {PGM_VGMA12[0]}]
1
set_output_delay  -0.5 -clock [get_clocks {WCLK1_A_I2C}] -max [get_ports {PGM_VGMA11[5]}]
1
set_output_delay  5 -clock [get_clocks {WCLK1_A_I2C}] -min [get_ports {PGM_VGMA11[5]}]
1
set_output_delay  -0.5 -clock [get_clocks {WCLK1_A_DCLK}] -add_delay [get_ports {PGM_VGMA11[5]}]
1
set_output_delay  -0.5 -clock [get_clocks {WCLK1_A_I2C}] -max [get_ports {PGM_VGMA5[7]}]
1
set_output_delay  5 -clock [get_clocks {WCLK1_A_I2C}] -min [get_ports {PGM_VGMA5[7]}]
1
set_output_delay  -0.5 -clock [get_clocks {WCLK1_A_DCLK}] -add_delay [get_ports {PGM_VGMA5[7]}]
1
set_output_delay  -0.5 -clock [get_clocks {WCLK1_A_I2C}] -max [get_ports {PGM_VGMA1[4]}]
1
set_output_delay  5 -clock [get_clocks {WCLK1_A_I2C}] -min [get_ports {PGM_VGMA1[4]}]
1
set_output_delay  -0.5 -clock [get_clocks {WCLK1_A_DCLK}] -add_delay [get_ports {PGM_VGMA1[4]}]
1
set_output_delay  -0.5 -clock [get_clocks {WCLK1_A_I2C}] -max [get_ports {PGM_VGMA16[4]}]
1
set_output_delay  5 -clock [get_clocks {WCLK1_A_I2C}] -min [get_ports {PGM_VGMA16[4]}]
1
set_output_delay  -0.5 -clock [get_clocks {WCLK1_A_DCLK}] -add_delay [get_ports {PGM_VGMA16[4]}]
1
set_output_delay  -0.5 -clock [get_clocks {WCLK1_A_I2C}] -max [get_ports {PGM_VGMA6[3]}]
1
set_output_delay  5 -clock [get_clocks {WCLK1_A_I2C}] -min [get_ports {PGM_VGMA6[3]}]
1
set_output_delay  -0.5 -clock [get_clocks {WCLK1_A_DCLK}] -add_delay [get_ports {PGM_VGMA6[3]}]
1
set_output_delay  -0.5 -clock [get_clocks {WCLK1_A_I2C}] -max [get_ports {PGM_VGMA12[1]}]
1
set_output_delay  5 -clock [get_clocks {WCLK1_A_I2C}] -min [get_ports {PGM_VGMA12[1]}]
1
set_output_delay  -0.5 -clock [get_clocks {WCLK1_A_DCLK}] -add_delay [get_ports {PGM_VGMA12[1]}]
1
set_output_delay  -0.5 -clock [get_clocks {WCLK1_A_I2C}] -max [get_ports {PGM_VGMA2[0]}]
1
set_output_delay  5 -clock [get_clocks {WCLK1_A_I2C}] -min [get_ports {PGM_VGMA2[0]}]
1
set_output_delay  -0.5 -clock [get_clocks {WCLK1_A_DCLK}] -add_delay [get_ports {PGM_VGMA2[0]}]
1
set_output_delay  -0.5 -clock [get_clocks {WCLK1_A_I2C}] -max [get_ports {PGM_VGMA17[0]}]
1
set_output_delay  5 -clock [get_clocks {WCLK1_A_I2C}] -min [get_ports {PGM_VGMA17[0]}]
1
set_output_delay  -0.5 -clock [get_clocks {WCLK1_A_DCLK}] -add_delay [get_ports {PGM_VGMA17[0]}]
1
set_output_delay  -0.5 -clock [get_clocks {WCLK1_A_I2C}] -max [get_ports {PGM_VGMA11[6]}]
1
set_output_delay  5 -clock [get_clocks {WCLK1_A_I2C}] -min [get_ports {PGM_VGMA11[6]}]
1
set_output_delay  -0.5 -clock [get_clocks {WCLK1_A_DCLK}] -add_delay [get_ports {PGM_VGMA11[6]}]
1
set_output_delay  -0.5 -clock [get_clocks {WCLK1_A_I2C}] -max [get_ports {PGM_VGMA1[5]}]
1
set_output_delay  5 -clock [get_clocks {WCLK1_A_I2C}] -min [get_ports {PGM_VGMA1[5]}]
1
set_output_delay  -0.5 -clock [get_clocks {WCLK1_A_DCLK}] -add_delay [get_ports {PGM_VGMA1[5]}]
1
set_output_delay  -0.5 -clock [get_clocks {WCLK1_A_I2C}] -max [get_ports {PGM_VGMA16[5]}]
1
set_output_delay  5 -clock [get_clocks {WCLK1_A_I2C}] -min [get_ports {PGM_VGMA16[5]}]
1
set_output_delay  -0.5 -clock [get_clocks {WCLK1_A_DCLK}] -add_delay [get_ports {PGM_VGMA16[5]}]
1
set_output_delay  -0.5 -clock [get_clocks {WCLK1_A_I2C}] -max [get_ports {PGM_VGMA12[2]}]
1
set_output_delay  5 -clock [get_clocks {WCLK1_A_I2C}] -min [get_ports {PGM_VGMA12[2]}]
1
set_output_delay  -0.5 -clock [get_clocks {WCLK1_A_DCLK}] -add_delay [get_ports {PGM_VGMA12[2]}]
1
set_output_delay  -0.5 -clock [get_clocks {WCLK1_A_I2C}] -max [get_ports {PGM_VGMA6[4]}]
1
set_output_delay  5 -clock [get_clocks {WCLK1_A_I2C}] -min [get_ports {PGM_VGMA6[4]}]
1
set_output_delay  -0.5 -clock [get_clocks {WCLK1_A_DCLK}] -add_delay [get_ports {PGM_VGMA6[4]}]
1
set_output_delay  -0.5 -clock [get_clocks {WCLK1_A_I2C}] -max [get_ports {PGM_VGMA2[1]}]
1
set_output_delay  5 -clock [get_clocks {WCLK1_A_I2C}] -min [get_ports {PGM_VGMA2[1]}]
1
set_output_delay  -0.5 -clock [get_clocks {WCLK1_A_DCLK}] -add_delay [get_ports {PGM_VGMA2[1]}]
1
set_output_delay  -0.5 -clock [get_clocks {WCLK1_A_I2C}] -max [get_ports {PGM_VGMA17[1]}]
1
set_output_delay  5 -clock [get_clocks {WCLK1_A_I2C}] -min [get_ports {PGM_VGMA17[1]}]
1
set_output_delay  -0.5 -clock [get_clocks {WCLK1_A_DCLK}] -add_delay [get_ports {PGM_VGMA17[1]}]
1
set_output_delay  -0.5 -clock [get_clocks {WCLK1_A_I2C}] -max [get_ports {PGM_VGMA7[0]}]
1
set_output_delay  5 -clock [get_clocks {WCLK1_A_I2C}] -min [get_ports {PGM_VGMA7[0]}]
1
set_output_delay  -0.5 -clock [get_clocks {WCLK1_A_DCLK}] -add_delay [get_ports {PGM_VGMA7[0]}]
1
set_output_delay  -0.5 -clock [get_clocks {WCLK1_A_I2C}] -max [get_ports {PGM_VGMA11[7]}]
1
set_output_delay  5 -clock [get_clocks {WCLK1_A_I2C}] -min [get_ports {PGM_VGMA11[7]}]
1
set_output_delay  -0.5 -clock [get_clocks {WCLK1_A_DCLK}] -add_delay [get_ports {PGM_VGMA11[7]}]
1
set_output_delay  -0.5 -clock [get_clocks {WCLK1_A_I2C}] -max [get_ports {PGM_VGMA1[6]}]
1
set_output_delay  5 -clock [get_clocks {WCLK1_A_I2C}] -min [get_ports {PGM_VGMA1[6]}]
1
set_output_delay  -0.5 -clock [get_clocks {WCLK1_A_DCLK}] -add_delay [get_ports {PGM_VGMA1[6]}]
1
set_output_delay  -0.5 -clock [get_clocks {WCLK1_A_I2C}] -max [get_ports {PGM_VGMA16[6]}]
1
set_output_delay  5 -clock [get_clocks {WCLK1_A_I2C}] -min [get_ports {PGM_VGMA16[6]}]
1
set_output_delay  -0.5 -clock [get_clocks {WCLK1_A_DCLK}] -add_delay [get_ports {PGM_VGMA16[6]}]
1
set_output_delay  -0.5 -clock [get_clocks {WCLK1_A_I2C}] -max [get_ports {PGM_VGMA12[3]}]
1
set_output_delay  5 -clock [get_clocks {WCLK1_A_I2C}] -min [get_ports {PGM_VGMA12[3]}]
1
set_output_delay  -0.5 -clock [get_clocks {WCLK1_A_DCLK}] -add_delay [get_ports {PGM_VGMA12[3]}]
1
set_output_delay  -0.5 -clock [get_clocks {WCLK1_A_I2C}] -max [get_ports {PGM_VGMA6[5]}]
1
set_output_delay  5 -clock [get_clocks {WCLK1_A_I2C}] -min [get_ports {PGM_VGMA6[5]}]
1
set_output_delay  -0.5 -clock [get_clocks {WCLK1_A_DCLK}] -add_delay [get_ports {PGM_VGMA6[5]}]
1
set_output_delay  -0.5 -clock [get_clocks {WCLK1_A_I2C}] -max [get_ports {PGM_VGMA2[2]}]
1
set_output_delay  5 -clock [get_clocks {WCLK1_A_I2C}] -min [get_ports {PGM_VGMA2[2]}]
1
set_output_delay  -0.5 -clock [get_clocks {WCLK1_A_DCLK}] -add_delay [get_ports {PGM_VGMA2[2]}]
1
set_output_delay  -0.5 -clock [get_clocks {WCLK1_A_I2C}] -max [get_ports {PGM_VGMA17[2]}]
1
set_output_delay  5 -clock [get_clocks {WCLK1_A_I2C}] -min [get_ports {PGM_VGMA17[2]}]
1
set_output_delay  -0.5 -clock [get_clocks {WCLK1_A_DCLK}] -add_delay [get_ports {PGM_VGMA17[2]}]
1
set_output_delay  -0.5 -clock [get_clocks {WCLK1_A_I2C}] -max [get_ports {PGM_VGMA7[1]}]
1
set_output_delay  5 -clock [get_clocks {WCLK1_A_I2C}] -min [get_ports {PGM_VGMA7[1]}]
1
set_output_delay  -0.5 -clock [get_clocks {WCLK1_A_DCLK}] -add_delay [get_ports {PGM_VGMA7[1]}]
1
set_output_delay  -0.5 -clock [get_clocks {WCLK1_A_I2C}] -max [get_ports {PGM_VGMA1[7]}]
1
set_output_delay  5 -clock [get_clocks {WCLK1_A_I2C}] -min [get_ports {PGM_VGMA1[7]}]
1
set_output_delay  -0.5 -clock [get_clocks {WCLK1_A_DCLK}] -add_delay [get_ports {PGM_VGMA1[7]}]
1
set_output_delay  -0.5 -clock [get_clocks {WCLK1_A_I2C}] -max [get_ports {PGM_VGMA16[7]}]
1
set_output_delay  5 -clock [get_clocks {WCLK1_A_I2C}] -min [get_ports {PGM_VGMA16[7]}]
1
set_output_delay  -0.5 -clock [get_clocks {WCLK1_A_DCLK}] -add_delay [get_ports {PGM_VGMA16[7]}]
1
set_output_delay  -0.5 -clock [get_clocks {WCLK1_A_I2C}] -max [get_ports {PGM_VGMA12[4]}]
1
set_output_delay  5 -clock [get_clocks {WCLK1_A_I2C}] -min [get_ports {PGM_VGMA12[4]}]
1
set_output_delay  -0.5 -clock [get_clocks {WCLK1_A_DCLK}] -add_delay [get_ports {PGM_VGMA12[4]}]
1
set_output_delay  -0.5 -clock [get_clocks {WCLK1_A_I2C}] -max [get_ports {PGM_VGMA6[6]}]
1
set_output_delay  5 -clock [get_clocks {WCLK1_A_I2C}] -min [get_ports {PGM_VGMA6[6]}]
1
set_output_delay  -0.5 -clock [get_clocks {WCLK1_A_DCLK}] -add_delay [get_ports {PGM_VGMA6[6]}]
1
set_output_delay  -0.5 -clock [get_clocks {WCLK1_A_I2C}] -max [get_ports {PGM_VGMA2[3]}]
1
set_output_delay  5 -clock [get_clocks {WCLK1_A_I2C}] -min [get_ports {PGM_VGMA2[3]}]
1
set_output_delay  -0.5 -clock [get_clocks {WCLK1_A_DCLK}] -add_delay [get_ports {PGM_VGMA2[3]}]
1
set_output_delay  -0.5 -clock [get_clocks {WCLK1_A_I2C}] -max [get_ports {PGM_VGMA17[3]}]
1
set_output_delay  5 -clock [get_clocks {WCLK1_A_I2C}] -min [get_ports {PGM_VGMA17[3]}]
1
set_output_delay  -0.5 -clock [get_clocks {WCLK1_A_DCLK}] -add_delay [get_ports {PGM_VGMA17[3]}]
1
set_output_delay  -0.5 -clock [get_clocks {WCLK1_A_I2C}] -max [get_ports {PGM_VGMA7[2]}]
1
set_output_delay  5 -clock [get_clocks {WCLK1_A_I2C}] -min [get_ports {PGM_VGMA7[2]}]
1
set_output_delay  -0.5 -clock [get_clocks {WCLK1_A_DCLK}] -add_delay [get_ports {PGM_VGMA7[2]}]
1
set_output_delay  -0.5 -clock [get_clocks {WCLK1_A_I2C}] -max [get_ports {PGM_VGMA13[0]}]
1
set_output_delay  5 -clock [get_clocks {WCLK1_A_I2C}] -min [get_ports {PGM_VGMA13[0]}]
1
set_output_delay  -0.5 -clock [get_clocks {WCLK1_A_DCLK}] -add_delay [get_ports {PGM_VGMA13[0]}]
1
set_output_delay  -0.5 -clock [get_clocks {WCLK1_A_I2C}] -max [get_ports {PGM_VGMA12[5]}]
1
set_output_delay  5 -clock [get_clocks {WCLK1_A_I2C}] -min [get_ports {PGM_VGMA12[5]}]
1
set_output_delay  -0.5 -clock [get_clocks {WCLK1_A_DCLK}] -add_delay [get_ports {PGM_VGMA12[5]}]
1
set_output_delay  -0.5 -clock [get_clocks {WCLK1_A_I2C}] -max [get_ports {PGM_VGMA6[7]}]
1
set_output_delay  5 -clock [get_clocks {WCLK1_A_I2C}] -min [get_ports {PGM_VGMA6[7]}]
1
set_output_delay  -0.5 -clock [get_clocks {WCLK1_A_DCLK}] -add_delay [get_ports {PGM_VGMA6[7]}]
1
set_output_delay  -0.5 -clock [get_clocks {WCLK1_A_I2C}] -max [get_ports {PGM_VGMA2[4]}]
1
set_output_delay  5 -clock [get_clocks {WCLK1_A_I2C}] -min [get_ports {PGM_VGMA2[4]}]
1
set_output_delay  -0.5 -clock [get_clocks {WCLK1_A_DCLK}] -add_delay [get_ports {PGM_VGMA2[4]}]
1
set_output_delay  -0.5 -clock [get_clocks {WCLK1_A_I2C}] -max [get_ports {PGM_VGMA17[4]}]
1
set_output_delay  5 -clock [get_clocks {WCLK1_A_I2C}] -min [get_ports {PGM_VGMA17[4]}]
1
set_output_delay  -0.5 -clock [get_clocks {WCLK1_A_DCLK}] -add_delay [get_ports {PGM_VGMA17[4]}]
1
set_output_delay  -0.5 -clock [get_clocks {WCLK1_A_I2C}] -max [get_ports {PGM_VGMA7[3]}]
1
set_output_delay  5 -clock [get_clocks {WCLK1_A_I2C}] -min [get_ports {PGM_VGMA7[3]}]
1
set_output_delay  -0.5 -clock [get_clocks {WCLK1_A_DCLK}] -add_delay [get_ports {PGM_VGMA7[3]}]
1
set_output_delay  -0.5 -clock [get_clocks {WCLK1_A_I2C}] -max [get_ports {PGM_VGMA13[1]}]
1
set_output_delay  5 -clock [get_clocks {WCLK1_A_I2C}] -min [get_ports {PGM_VGMA13[1]}]
1
set_output_delay  -0.5 -clock [get_clocks {WCLK1_A_DCLK}] -add_delay [get_ports {PGM_VGMA13[1]}]
1
set_output_delay  -0.5 -clock [get_clocks {WCLK1_A_I2C}] -max [get_ports {PGM_VGMA3[0]}]
1
set_output_delay  5 -clock [get_clocks {WCLK1_A_I2C}] -min [get_ports {PGM_VGMA3[0]}]
1
set_output_delay  -0.5 -clock [get_clocks {WCLK1_A_DCLK}] -add_delay [get_ports {PGM_VGMA3[0]}]
1
set_output_delay  -0.5 -clock [get_clocks {WCLK1_A_I2C}] -max [get_ports {PGM_VGMA18[0]}]
1
set_output_delay  5 -clock [get_clocks {WCLK1_A_I2C}] -min [get_ports {PGM_VGMA18[0]}]
1
set_output_delay  -0.5 -clock [get_clocks {WCLK1_A_DCLK}] -add_delay [get_ports {PGM_VGMA18[0]}]
1
set_output_delay  -0.5 -clock [get_clocks {WCLK1_A_I2C}] -max [get_ports {PGM_VGMA12[6]}]
1
set_output_delay  5 -clock [get_clocks {WCLK1_A_I2C}] -min [get_ports {PGM_VGMA12[6]}]
1
set_output_delay  -0.5 -clock [get_clocks {WCLK1_A_DCLK}] -add_delay [get_ports {PGM_VGMA12[6]}]
1
set_output_delay  -0.5 -clock [get_clocks {WCLK1_A_I2C}] -max [get_ports {PGM_VGMA2[5]}]
1
set_output_delay  5 -clock [get_clocks {WCLK1_A_I2C}] -min [get_ports {PGM_VGMA2[5]}]
1
set_output_delay  -0.5 -clock [get_clocks {WCLK1_A_DCLK}] -add_delay [get_ports {PGM_VGMA2[5]}]
1
set_output_delay  -0.5 -clock [get_clocks {WCLK1_A_I2C}] -max [get_ports {PGM_VGMA17[5]}]
1
set_output_delay  5 -clock [get_clocks {WCLK1_A_I2C}] -min [get_ports {PGM_VGMA17[5]}]
1
set_output_delay  -0.5 -clock [get_clocks {WCLK1_A_DCLK}] -add_delay [get_ports {PGM_VGMA17[5]}]
1
set_output_delay  -0.5 -clock [get_clocks {WCLK1_A_I2C}] -max [get_ports {PGM_VGMA13[2]}]
1
set_output_delay  5 -clock [get_clocks {WCLK1_A_I2C}] -min [get_ports {PGM_VGMA13[2]}]
1
set_output_delay  -0.5 -clock [get_clocks {WCLK1_A_DCLK}] -add_delay [get_ports {PGM_VGMA13[2]}]
1
set_output_delay  -0.5 -clock [get_clocks {WCLK1_A_I2C}] -max [get_ports {PGM_VGMA7[4]}]
1
set_output_delay  5 -clock [get_clocks {WCLK1_A_I2C}] -min [get_ports {PGM_VGMA7[4]}]
1
set_output_delay  -0.5 -clock [get_clocks {WCLK1_A_DCLK}] -add_delay [get_ports {PGM_VGMA7[4]}]
1
set_output_delay  -0.5 -clock [get_clocks {WCLK1_A_I2C}] -max [get_ports {PGM_VGMA3[1]}]
1
set_output_delay  5 -clock [get_clocks {WCLK1_A_I2C}] -min [get_ports {PGM_VGMA3[1]}]
1
set_output_delay  -0.5 -clock [get_clocks {WCLK1_A_DCLK}] -add_delay [get_ports {PGM_VGMA3[1]}]
1
set_output_delay  -0.5 -clock [get_clocks {WCLK1_A_I2C}] -max [get_ports {PGM_VGMA18[1]}]
1
set_output_delay  5 -clock [get_clocks {WCLK1_A_I2C}] -min [get_ports {PGM_VGMA18[1]}]
1
set_output_delay  -0.5 -clock [get_clocks {WCLK1_A_DCLK}] -add_delay [get_ports {PGM_VGMA18[1]}]
1
set_output_delay  -0.5 -clock [get_clocks {WCLK1_A_I2C}] -max [get_ports {PGM_VGMA8[0]}]
1
set_output_delay  5 -clock [get_clocks {WCLK1_A_I2C}] -min [get_ports {PGM_VGMA8[0]}]
1
set_output_delay  -0.5 -clock [get_clocks {WCLK1_A_DCLK}] -add_delay [get_ports {PGM_VGMA8[0]}]
1
set_output_delay  -0.5 -clock [get_clocks {WCLK1_A_I2C}] -max [get_ports {PGM_VGMA12[7]}]
1
set_output_delay  5 -clock [get_clocks {WCLK1_A_I2C}] -min [get_ports {PGM_VGMA12[7]}]
1
set_output_delay  -0.5 -clock [get_clocks {WCLK1_A_DCLK}] -add_delay [get_ports {PGM_VGMA12[7]}]
1
set_output_delay  -0.5 -clock [get_clocks {WCLK1_A_I2C}] -max [get_ports {PGM_VGMA2[6]}]
1
set_output_delay  5 -clock [get_clocks {WCLK1_A_I2C}] -min [get_ports {PGM_VGMA2[6]}]
1
set_output_delay  -0.5 -clock [get_clocks {WCLK1_A_DCLK}] -add_delay [get_ports {PGM_VGMA2[6]}]
1
set_output_delay  -0.5 -clock [get_clocks {WCLK1_A_I2C}] -max [get_ports {PGM_VGMA17[6]}]
1
set_output_delay  5 -clock [get_clocks {WCLK1_A_I2C}] -min [get_ports {PGM_VGMA17[6]}]
1
set_output_delay  -0.5 -clock [get_clocks {WCLK1_A_DCLK}] -add_delay [get_ports {PGM_VGMA17[6]}]
1
set_output_delay  -0.5 -clock [get_clocks {WCLK1_A_I2C}] -max [get_ports {PGM_VGMA13[3]}]
1
set_output_delay  5 -clock [get_clocks {WCLK1_A_I2C}] -min [get_ports {PGM_VGMA13[3]}]
1
set_output_delay  -0.5 -clock [get_clocks {WCLK1_A_DCLK}] -add_delay [get_ports {PGM_VGMA13[3]}]
1
set_output_delay  -0.5 -clock [get_clocks {WCLK1_A_I2C}] -max [get_ports {PGM_VGMA7[5]}]
1
set_output_delay  5 -clock [get_clocks {WCLK1_A_I2C}] -min [get_ports {PGM_VGMA7[5]}]
1
set_output_delay  -0.5 -clock [get_clocks {WCLK1_A_DCLK}] -add_delay [get_ports {PGM_VGMA7[5]}]
1
set_output_delay  -0.5 -clock [get_clocks {WCLK1_A_I2C}] -max [get_ports {PGM_VGMA3[2]}]
1
set_output_delay  5 -clock [get_clocks {WCLK1_A_I2C}] -min [get_ports {PGM_VGMA3[2]}]
1
set_output_delay  -0.5 -clock [get_clocks {WCLK1_A_DCLK}] -add_delay [get_ports {PGM_VGMA3[2]}]
1
set_output_delay  -0.5 -clock [get_clocks {WCLK1_A_I2C}] -max [get_ports {PGM_VGMA18[2]}]
1
set_output_delay  5 -clock [get_clocks {WCLK1_A_I2C}] -min [get_ports {PGM_VGMA18[2]}]
1
set_output_delay  -0.5 -clock [get_clocks {WCLK1_A_DCLK}] -add_delay [get_ports {PGM_VGMA18[2]}]
1
set_output_delay  -0.5 -clock [get_clocks {WCLK1_A_I2C}] -max [get_ports {PGM_VGMA8[1]}]
1
set_output_delay  5 -clock [get_clocks {WCLK1_A_I2C}] -min [get_ports {PGM_VGMA8[1]}]
1
set_output_delay  -0.5 -clock [get_clocks {WCLK1_A_DCLK}] -add_delay [get_ports {PGM_VGMA8[1]}]
1
set_output_delay  -0.5 -clock [get_clocks {WCLK1_A_I2C}] -max [get_ports {PGM_VGMA2[7]}]
1
set_output_delay  5 -clock [get_clocks {WCLK1_A_I2C}] -min [get_ports {PGM_VGMA2[7]}]
1
set_output_delay  -0.5 -clock [get_clocks {WCLK1_A_DCLK}] -add_delay [get_ports {PGM_VGMA2[7]}]
1
set_output_delay  -0.5 -clock [get_clocks {WCLK1_A_I2C}] -max [get_ports {PGM_VGMA17[7]}]
1
set_output_delay  5 -clock [get_clocks {WCLK1_A_I2C}] -min [get_ports {PGM_VGMA17[7]}]
1
set_output_delay  -0.5 -clock [get_clocks {WCLK1_A_DCLK}] -add_delay [get_ports {PGM_VGMA17[7]}]
1
set_output_delay  -0.5 -clock [get_clocks {WCLK1_A_I2C}] -max [get_ports {PGM_VGMA13[4]}]
1
set_output_delay  5 -clock [get_clocks {WCLK1_A_I2C}] -min [get_ports {PGM_VGMA13[4]}]
1
set_output_delay  -0.5 -clock [get_clocks {WCLK1_A_DCLK}] -add_delay [get_ports {PGM_VGMA13[4]}]
1
set_output_delay  -0.5 -clock [get_clocks {WCLK1_A_I2C}] -max [get_ports {PGM_VGMA7[6]}]
1
set_output_delay  5 -clock [get_clocks {WCLK1_A_I2C}] -min [get_ports {PGM_VGMA7[6]}]
1
set_output_delay  -0.5 -clock [get_clocks {WCLK1_A_DCLK}] -add_delay [get_ports {PGM_VGMA7[6]}]
1
set_output_delay  -0.5 -clock [get_clocks {WCLK1_A_I2C}] -max [get_ports {PGM_VGMA3[3]}]
1
set_output_delay  5 -clock [get_clocks {WCLK1_A_I2C}] -min [get_ports {PGM_VGMA3[3]}]
1
set_output_delay  -0.5 -clock [get_clocks {WCLK1_A_DCLK}] -add_delay [get_ports {PGM_VGMA3[3]}]
1
set_output_delay  -0.5 -clock [get_clocks {WCLK1_A_I2C}] -max [get_ports {PGM_VGMA18[3]}]
1
set_output_delay  5 -clock [get_clocks {WCLK1_A_I2C}] -min [get_ports {PGM_VGMA18[3]}]
1
set_output_delay  -0.5 -clock [get_clocks {WCLK1_A_DCLK}] -add_delay [get_ports {PGM_VGMA18[3]}]
1
set_output_delay  -0.5 -clock [get_clocks {WCLK1_A_I2C}] -max [get_ports {PGM_VGMA8[2]}]
1
set_output_delay  5 -clock [get_clocks {WCLK1_A_I2C}] -min [get_ports {PGM_VGMA8[2]}]
1
set_output_delay  -0.5 -clock [get_clocks {WCLK1_A_DCLK}] -add_delay [get_ports {PGM_VGMA8[2]}]
1
set_output_delay  -0.5 -clock [get_clocks {WCLK1_A_I2C}] -max [get_ports {PGM_VGMA14[0]}]
1
set_output_delay  5 -clock [get_clocks {WCLK1_A_I2C}] -min [get_ports {PGM_VGMA14[0]}]
1
set_output_delay  -0.5 -clock [get_clocks {WCLK1_A_DCLK}] -add_delay [get_ports {PGM_VGMA14[0]}]
1
set_output_delay  -0.5 -clock [get_clocks {WCLK1_A_I2C}] -max [get_ports {PGM_VGMA13[5]}]
1
set_output_delay  5 -clock [get_clocks {WCLK1_A_I2C}] -min [get_ports {PGM_VGMA13[5]}]
1
set_output_delay  -0.5 -clock [get_clocks {WCLK1_A_DCLK}] -add_delay [get_ports {PGM_VGMA13[5]}]
1
set_output_delay  -0.5 -clock [get_clocks {WCLK1_A_I2C}] -max [get_ports {PGM_VGMA7[7]}]
1
set_output_delay  5 -clock [get_clocks {WCLK1_A_I2C}] -min [get_ports {PGM_VGMA7[7]}]
1
set_output_delay  -0.5 -clock [get_clocks {WCLK1_A_DCLK}] -add_delay [get_ports {PGM_VGMA7[7]}]
1
set_output_delay  -0.5 -clock [get_clocks {WCLK1_A_I2C}] -max [get_ports {PGM_VGMA3[4]}]
1
set_output_delay  5 -clock [get_clocks {WCLK1_A_I2C}] -min [get_ports {PGM_VGMA3[4]}]
1
set_output_delay  -0.5 -clock [get_clocks {WCLK1_A_DCLK}] -add_delay [get_ports {PGM_VGMA3[4]}]
1
set_output_delay  -0.5 -clock [get_clocks {WCLK1_A_I2C}] -max [get_ports {PGM_VGMA18[4]}]
1
set_output_delay  5 -clock [get_clocks {WCLK1_A_I2C}] -min [get_ports {PGM_VGMA18[4]}]
1
set_output_delay  -0.5 -clock [get_clocks {WCLK1_A_DCLK}] -add_delay [get_ports {PGM_VGMA18[4]}]
1
set_output_delay  -0.5 -clock [get_clocks {WCLK1_A_I2C}] -max [get_ports {PGM_VGMA8[3]}]
1
set_output_delay  5 -clock [get_clocks {WCLK1_A_I2C}] -min [get_ports {PGM_VGMA8[3]}]
1
set_output_delay  -0.5 -clock [get_clocks {WCLK1_A_DCLK}] -add_delay [get_ports {PGM_VGMA8[3]}]
1
set_output_delay  -0.5 -clock [get_clocks {WCLK1_A_I2C}] -max [get_ports {PGM_VGMA14[1]}]
1
set_output_delay  5 -clock [get_clocks {WCLK1_A_I2C}] -min [get_ports {PGM_VGMA14[1]}]
1
set_output_delay  -0.5 -clock [get_clocks {WCLK1_A_DCLK}] -add_delay [get_ports {PGM_VGMA14[1]}]
1
set_output_delay  -0.5 -clock [get_clocks {WCLK1_A_I2C}] -max [get_ports {PGM_VGMA4[0]}]
1
set_output_delay  5 -clock [get_clocks {WCLK1_A_I2C}] -min [get_ports {PGM_VGMA4[0]}]
1
set_output_delay  -0.5 -clock [get_clocks {WCLK1_A_DCLK}] -add_delay [get_ports {PGM_VGMA4[0]}]
1
set_output_delay  -0.5 -clock [get_clocks {WCLK1_A_I2C}] -max [get_ports {PGM_VGMA13[6]}]
1
set_output_delay  5 -clock [get_clocks {WCLK1_A_I2C}] -min [get_ports {PGM_VGMA13[6]}]
1
set_output_delay  -0.5 -clock [get_clocks {WCLK1_A_DCLK}] -add_delay [get_ports {PGM_VGMA13[6]}]
1
set_output_delay  -0.5 -clock [get_clocks {WCLK1_A_I2C}] -max [get_ports {PGM_VGMA3[5]}]
1
set_output_delay  5 -clock [get_clocks {WCLK1_A_I2C}] -min [get_ports {PGM_VGMA3[5]}]
1
set_output_delay  -0.5 -clock [get_clocks {WCLK1_A_DCLK}] -add_delay [get_ports {PGM_VGMA3[5]}]
1
set_output_delay  -0.5 -clock [get_clocks {WCLK1_A_I2C}] -max [get_ports {PGM_VGMA18[5]}]
1
set_output_delay  5 -clock [get_clocks {WCLK1_A_I2C}] -min [get_ports {PGM_VGMA18[5]}]
1
set_output_delay  -0.5 -clock [get_clocks {WCLK1_A_DCLK}] -add_delay [get_ports {PGM_VGMA18[5]}]
1
set_output_delay  -0.5 -clock [get_clocks {WCLK1_A_I2C}] -max [get_ports {PGM_VGMA14[2]}]
1
set_output_delay  5 -clock [get_clocks {WCLK1_A_I2C}] -min [get_ports {PGM_VGMA14[2]}]
1
set_output_delay  -0.5 -clock [get_clocks {WCLK1_A_DCLK}] -add_delay [get_ports {PGM_VGMA14[2]}]
1
set_output_delay  -0.5 -clock [get_clocks {WCLK1_A_I2C}] -max [get_ports {PGM_VGMA8[4]}]
1
set_output_delay  5 -clock [get_clocks {WCLK1_A_I2C}] -min [get_ports {PGM_VGMA8[4]}]
1
set_output_delay  -0.5 -clock [get_clocks {WCLK1_A_DCLK}] -add_delay [get_ports {PGM_VGMA8[4]}]
1
set_output_delay  -0.5 -clock [get_clocks {WCLK1_A_I2C}] -max [get_ports {PGM_VGMA4[1]}]
1
set_output_delay  5 -clock [get_clocks {WCLK1_A_I2C}] -min [get_ports {PGM_VGMA4[1]}]
1
set_output_delay  -0.5 -clock [get_clocks {WCLK1_A_DCLK}] -add_delay [get_ports {PGM_VGMA4[1]}]
1
set_output_delay  -0.5 -clock [get_clocks {WCLK1_A_I2C}] -max [get_ports {PGM_VGMA9[0]}]
1
set_output_delay  5 -clock [get_clocks {WCLK1_A_I2C}] -min [get_ports {PGM_VGMA9[0]}]
1
set_output_delay  -0.5 -clock [get_clocks {WCLK1_A_DCLK}] -add_delay [get_ports {PGM_VGMA9[0]}]
1
set_output_delay  -0.5 -clock [get_clocks {WCLK1_A_I2C}] -max [get_ports {PGM_VGMA13[7]}]
1
set_output_delay  5 -clock [get_clocks {WCLK1_A_I2C}] -min [get_ports {PGM_VGMA13[7]}]
1
set_output_delay  -0.5 -clock [get_clocks {WCLK1_A_DCLK}] -add_delay [get_ports {PGM_VGMA13[7]}]
1
set_output_delay  -0.5 -clock [get_clocks {WCLK1_A_I2C}] -max [get_ports {PGM_VGMA3[6]}]
1
set_output_delay  5 -clock [get_clocks {WCLK1_A_I2C}] -min [get_ports {PGM_VGMA3[6]}]
1
set_output_delay  -0.5 -clock [get_clocks {WCLK1_A_DCLK}] -add_delay [get_ports {PGM_VGMA3[6]}]
1
set_output_delay  -0.5 -clock [get_clocks {WCLK1_A_I2C}] -max [get_ports {PGM_VGMA18[6]}]
1
set_output_delay  5 -clock [get_clocks {WCLK1_A_I2C}] -min [get_ports {PGM_VGMA18[6]}]
1
set_output_delay  -0.5 -clock [get_clocks {WCLK1_A_DCLK}] -add_delay [get_ports {PGM_VGMA18[6]}]
1
set_output_delay  -0.5 -clock [get_clocks {WCLK1_A_I2C}] -max [get_ports {PGM_VGMA14[3]}]
1
set_output_delay  5 -clock [get_clocks {WCLK1_A_I2C}] -min [get_ports {PGM_VGMA14[3]}]
1
set_output_delay  -0.5 -clock [get_clocks {WCLK1_A_DCLK}] -add_delay [get_ports {PGM_VGMA14[3]}]
1
set_output_delay  -0.5 -clock [get_clocks {WCLK1_A_I2C}] -max [get_ports {PGM_VGMA8[5]}]
1
set_output_delay  5 -clock [get_clocks {WCLK1_A_I2C}] -min [get_ports {PGM_VGMA8[5]}]
1
set_output_delay  -0.5 -clock [get_clocks {WCLK1_A_DCLK}] -add_delay [get_ports {PGM_VGMA8[5]}]
1
set_output_delay  -0.5 -clock [get_clocks {WCLK1_A_I2C}] -max [get_ports {PGM_VGMA4[2]}]
1
set_output_delay  5 -clock [get_clocks {WCLK1_A_I2C}] -min [get_ports {PGM_VGMA4[2]}]
1
set_output_delay  -0.5 -clock [get_clocks {WCLK1_A_DCLK}] -add_delay [get_ports {PGM_VGMA4[2]}]
1
set_output_delay  -0.5 -clock [get_clocks {WCLK1_A_I2C}] -max [get_ports {PGM_VGMA10[0]}]
1
set_output_delay  5 -clock [get_clocks {WCLK1_A_I2C}] -min [get_ports {PGM_VGMA10[0]}]
1
set_output_delay  -0.5 -clock [get_clocks {WCLK1_A_DCLK}] -add_delay [get_ports {PGM_VGMA10[0]}]
1
set_output_delay  -0.5 -clock [get_clocks {WCLK1_A_I2C}] -max [get_ports {PGM_VGMA9[1]}]
1
set_output_delay  5 -clock [get_clocks {WCLK1_A_I2C}] -min [get_ports {PGM_VGMA9[1]}]
1
set_output_delay  -0.5 -clock [get_clocks {WCLK1_A_DCLK}] -add_delay [get_ports {PGM_VGMA9[1]}]
1
set_output_delay  -0.5 -clock [get_clocks {WCLK1_A_I2C}] -max [get_ports {PGM_VGMA3[7]}]
1
set_output_delay  5 -clock [get_clocks {WCLK1_A_I2C}] -min [get_ports {PGM_VGMA3[7]}]
1
set_output_delay  -0.5 -clock [get_clocks {WCLK1_A_DCLK}] -add_delay [get_ports {PGM_VGMA3[7]}]
1
set_output_delay  -0.5 -clock [get_clocks {WCLK1_A_I2C}] -max [get_ports {PGM_VGMA18[7]}]
1
set_output_delay  5 -clock [get_clocks {WCLK1_A_I2C}] -min [get_ports {PGM_VGMA18[7]}]
1
set_output_delay  -0.5 -clock [get_clocks {WCLK1_A_DCLK}] -add_delay [get_ports {PGM_VGMA18[7]}]
1
set_output_delay  -0.5 -clock [get_clocks {WCLK1_A_I2C}] -max [get_ports {PGM_VGMA14[4]}]
1
set_output_delay  5 -clock [get_clocks {WCLK1_A_I2C}] -min [get_ports {PGM_VGMA14[4]}]
1
set_output_delay  -0.5 -clock [get_clocks {WCLK1_A_DCLK}] -add_delay [get_ports {PGM_VGMA14[4]}]
1
set_output_delay  -0.5 -clock [get_clocks {WCLK1_A_I2C}] -max [get_ports {PGM_VGMA8[6]}]
1
set_output_delay  5 -clock [get_clocks {WCLK1_A_I2C}] -min [get_ports {PGM_VGMA8[6]}]
1
set_output_delay  -0.5 -clock [get_clocks {WCLK1_A_DCLK}] -add_delay [get_ports {PGM_VGMA8[6]}]
1
set_output_delay  -0.5 -clock [get_clocks {WCLK1_A_I2C}] -max [get_ports {PGM_VGMA10[1]}]
1
set_output_delay  5 -clock [get_clocks {WCLK1_A_I2C}] -min [get_ports {PGM_VGMA10[1]}]
1
set_output_delay  -0.5 -clock [get_clocks {WCLK1_A_DCLK}] -add_delay [get_ports {PGM_VGMA10[1]}]
1
set_output_delay  -0.5 -clock [get_clocks {WCLK1_A_I2C}] -max [get_ports {PGM_VGMA4[3]}]
1
set_output_delay  5 -clock [get_clocks {WCLK1_A_I2C}] -min [get_ports {PGM_VGMA4[3]}]
1
set_output_delay  -0.5 -clock [get_clocks {WCLK1_A_DCLK}] -add_delay [get_ports {PGM_VGMA4[3]}]
1
set_output_delay  -0.5 -clock [get_clocks {WCLK1_A_I2C}] -max [get_ports {PGM_VGMA9[2]}]
1
set_output_delay  5 -clock [get_clocks {WCLK1_A_I2C}] -min [get_ports {PGM_VGMA9[2]}]
1
set_output_delay  -0.5 -clock [get_clocks {WCLK1_A_DCLK}] -add_delay [get_ports {PGM_VGMA9[2]}]
1
set_output_delay  -0.5 -clock [get_clocks {WCLK1_A_I2C}] -max [get_ports {PGM_VGMA15[0]}]
1
set_output_delay  5 -clock [get_clocks {WCLK1_A_I2C}] -min [get_ports {PGM_VGMA15[0]}]
1
set_output_delay  -0.5 -clock [get_clocks {WCLK1_A_DCLK}] -add_delay [get_ports {PGM_VGMA15[0]}]
1
set_output_delay  -0.5 -clock [get_clocks {WCLK1_A_I2C}] -max [get_ports {MONO_E}]
1
set_output_delay  5 -clock [get_clocks {WCLK1_A_I2C}] -min [get_ports {MONO_E}]
1
set_output_delay  -0.5 -clock [get_clocks {WCLK1_A_DCLK}] -add_delay [get_ports {MONO_E}]
1
set_output_delay  -0.5 -clock [get_clocks {WCLK1_A_I2C}] -max [get_ports {reg_vos_ctrl_L0[0]}]
1
set_output_delay  5 -clock [get_clocks {WCLK1_A_I2C}] -min [get_ports {reg_vos_ctrl_L0[0]}]
1
set_output_delay  -0.5 -clock [get_clocks {WCLK1_A_DCLK}] -add_delay [get_ports {reg_vos_ctrl_L0[0]}]
1
set_output_delay  -0.5 -clock [get_clocks {WCLK1_A_I2C}] -max [get_ports {reg_vos_ctrl_L0[1]}]
1
set_output_delay  5 -clock [get_clocks {WCLK1_A_I2C}] -min [get_ports {reg_vos_ctrl_L0[1]}]
1
set_output_delay  -0.5 -clock [get_clocks {WCLK1_A_DCLK}] -add_delay [get_ports {reg_vos_ctrl_L0[1]}]
1
set_output_delay  -0.5 -clock [get_clocks {WCLK1_A_I2C}] -max [get_ports {reg_vos_ctrl_L0[2]}]
1
set_output_delay  5 -clock [get_clocks {WCLK1_A_I2C}] -min [get_ports {reg_vos_ctrl_L0[2]}]
1
set_output_delay  -0.5 -clock [get_clocks {WCLK1_A_DCLK}] -add_delay [get_ports {reg_vos_ctrl_L0[2]}]
1
set_output_delay  -0.5 -clock [get_clocks {WCLK1_A_I2C}] -max [get_ports {reg_vos_ctrl_L0[3]}]
1
set_output_delay  5 -clock [get_clocks {WCLK1_A_I2C}] -min [get_ports {reg_vos_ctrl_L0[3]}]
1
set_output_delay  -0.5 -clock [get_clocks {WCLK1_A_DCLK}] -add_delay [get_ports {reg_vos_ctrl_L0[3]}]
1
set_output_delay  -0.5 -clock [get_clocks {WCLK1_A_I2C}] -max [get_ports {reg_vos_ctrl_L0[4]}]
1
set_output_delay  5 -clock [get_clocks {WCLK1_A_I2C}] -min [get_ports {reg_vos_ctrl_L0[4]}]
1
set_output_delay  -0.5 -clock [get_clocks {WCLK1_A_DCLK}] -add_delay [get_ports {reg_vos_ctrl_L0[4]}]
1
set_output_delay  -0.5 -clock [get_clocks {WCLK1_A_I2C}] -max [get_ports {reg_vos_ctrl_L1[0]}]
1
set_output_delay  5 -clock [get_clocks {WCLK1_A_I2C}] -min [get_ports {reg_vos_ctrl_L1[0]}]
1
set_output_delay  -0.5 -clock [get_clocks {WCLK1_A_DCLK}] -add_delay [get_ports {reg_vos_ctrl_L1[0]}]
1
set_output_delay  -0.5 -clock [get_clocks {WCLK1_A_I2C}] -max [get_ports {reg_vos_ctrl_L0[5]}]
1
set_output_delay  5 -clock [get_clocks {WCLK1_A_I2C}] -min [get_ports {reg_vos_ctrl_L0[5]}]
1
set_output_delay  -0.5 -clock [get_clocks {WCLK1_A_DCLK}] -add_delay [get_ports {reg_vos_ctrl_L0[5]}]
1
set_output_delay  -0.5 -clock [get_clocks {WCLK1_A_I2C}] -max [get_ports {reg_vos_ctrl_L1[1]}]
1
set_output_delay  5 -clock [get_clocks {WCLK1_A_I2C}] -min [get_ports {reg_vos_ctrl_L1[1]}]
1
set_output_delay  -0.5 -clock [get_clocks {WCLK1_A_DCLK}] -add_delay [get_ports {reg_vos_ctrl_L1[1]}]
1
set_output_delay  -0.5 -clock [get_clocks {WCLK1_A_I2C}] -max [get_ports {reg_vos_ctrl_L1[2]}]
1
set_output_delay  5 -clock [get_clocks {WCLK1_A_I2C}] -min [get_ports {reg_vos_ctrl_L1[2]}]
1
set_output_delay  -0.5 -clock [get_clocks {WCLK1_A_DCLK}] -add_delay [get_ports {reg_vos_ctrl_L1[2]}]
1
set_output_delay  -0.5 -clock [get_clocks {WCLK1_A_I2C}] -max [get_ports {reg_vos_ctrl_L1[3]}]
1
set_output_delay  5 -clock [get_clocks {WCLK1_A_I2C}] -min [get_ports {reg_vos_ctrl_L1[3]}]
1
set_output_delay  -0.5 -clock [get_clocks {WCLK1_A_DCLK}] -add_delay [get_ports {reg_vos_ctrl_L1[3]}]
1
set_output_delay  -0.5 -clock [get_clocks {WCLK1_A_I2C}] -max [get_ports {reg_vos_ctrl_L1[4]}]
1
set_output_delay  5 -clock [get_clocks {WCLK1_A_I2C}] -min [get_ports {reg_vos_ctrl_L1[4]}]
1
set_output_delay  -0.5 -clock [get_clocks {WCLK1_A_DCLK}] -add_delay [get_ports {reg_vos_ctrl_L1[4]}]
1
set_output_delay  -0.5 -clock [get_clocks {WCLK1_A_I2C}] -max [get_ports {reg_vos_ctrl_L1[5]}]
1
set_output_delay  5 -clock [get_clocks {WCLK1_A_I2C}] -min [get_ports {reg_vos_ctrl_L1[5]}]
1
set_output_delay  -0.5 -clock [get_clocks {WCLK1_A_DCLK}] -add_delay [get_ports {reg_vos_ctrl_L1[5]}]
1
set_output_delay  -0.5 -clock [get_clocks {WCLK1_A_I2C}] -max [get_ports {reg_vos_cancel_en_L0}]
1
set_output_delay  5 -clock [get_clocks {WCLK1_A_I2C}] -min [get_ports {reg_vos_cancel_en_L0}]
1
set_output_delay  -0.5 -clock [get_clocks {WCLK1_A_DCLK}] -add_delay [get_ports {reg_vos_cancel_en_L0}]
1
set_output_delay  -0.5 -clock [get_clocks {WCLK1_A_I2C}] -max [get_ports {reg_vos_cancel_en_L1}]
1
set_output_delay  5 -clock [get_clocks {WCLK1_A_I2C}] -min [get_ports {reg_vos_cancel_en_L1}]
1
set_output_delay  -0.5 -clock [get_clocks {WCLK1_A_DCLK}] -add_delay [get_ports {reg_vos_cancel_en_L1}]
1
set_output_delay  -0.5 -clock [get_clocks {WCLK1_A_I2C}] -max [get_ports {reg_eq_rbc0_L0}]
1
set_output_delay  5 -clock [get_clocks {WCLK1_A_I2C}] -min [get_ports {reg_eq_rbc0_L0}]
1
set_output_delay  -0.5 -clock [get_clocks {WCLK1_A_DCLK}] -add_delay [get_ports {reg_eq_rbc0_L0}]
1
set_output_delay  -0.5 -clock [get_clocks {WCLK1_A_I2C}] -max [get_ports {reg_eq_rbc0_L1}]
1
set_output_delay  5 -clock [get_clocks {WCLK1_A_I2C}] -min [get_ports {reg_eq_rbc0_L1}]
1
set_output_delay  -0.5 -clock [get_clocks {WCLK1_A_DCLK}] -add_delay [get_ports {reg_eq_rbc0_L1}]
1
set_output_delay  -0.5 -clock [get_clocks {WCLK1_A_I2C}] -max [get_ports {reg_eq_rbc1_L0}]
1
set_output_delay  5 -clock [get_clocks {WCLK1_A_I2C}] -min [get_ports {reg_eq_rbc1_L0}]
1
set_output_delay  -0.5 -clock [get_clocks {WCLK1_A_DCLK}] -add_delay [get_ports {reg_eq_rbc1_L0}]
1
set_output_delay  -0.5 -clock [get_clocks {WCLK1_A_I2C}] -max [get_ports {reg_eq_rbc1_L1}]
1
set_output_delay  5 -clock [get_clocks {WCLK1_A_I2C}] -min [get_ports {reg_eq_rbc1_L1}]
1
set_output_delay  -0.5 -clock [get_clocks {WCLK1_A_DCLK}] -add_delay [get_ports {reg_eq_rbc1_L1}]
1
set_output_delay  -0.5 -clock [get_clocks {WCLK1_A_I2C}] -max [get_ports {LOD_EN_L}]
1
set_output_delay  5 -clock [get_clocks {WCLK1_A_I2C}] -min [get_ports {LOD_EN_L}]
1
set_output_delay  -0.5 -clock [get_clocks {WCLK1_A_DCLK}] -add_delay [get_ports {LOD_EN_L}]
1
set_output_delay  -0.5 -clock [get_clocks {WCLK1_A_I2C}] -max [get_ports {LOD_EN_R}]
1
set_output_delay  5 -clock [get_clocks {WCLK1_A_I2C}] -min [get_ports {LOD_EN_R}]
1
set_output_delay  -0.5 -clock [get_clocks {WCLK1_A_DCLK}] -add_delay [get_ports {LOD_EN_R}]
1
set_output_delay  -0.5 -clock [get_clocks {WCLK1_A_I2C}] -max [get_ports {R_GMA_LEAK}]
1
set_output_delay  5 -clock [get_clocks {WCLK1_A_I2C}] -min [get_ports {R_GMA_LEAK}]
1
set_output_delay  -0.5 -clock [get_clocks {WCLK1_A_DCLK}] -add_delay [get_ports {R_GMA_LEAK}]
1
set_output_delay  -0.5 -clock [get_clocks {WCLK1_A_I2C}] -max [get_ports {R_GMA_S}]
1
set_output_delay  5 -clock [get_clocks {WCLK1_A_I2C}] -min [get_ports {R_GMA_S}]
1
set_output_delay  -0.5 -clock [get_clocks {WCLK1_A_DCLK}] -add_delay [get_ports {R_GMA_S}]
1
set_output_delay  -0.5 -clock [get_clocks {WCLK1_A_I2C}] -max [get_ports {R_S6B8B}]
1
set_output_delay  5 -clock [get_clocks {WCLK1_A_I2C}] -min [get_ports {R_S6B8B}]
1
set_output_delay  -0.5 -clock [get_clocks {WCLK1_A_DCLK}] -add_delay [get_ports {R_S6B8B}]
1
set_output_delay  -0.5 -clock [get_clocks {WCLK1_A_I2C}] -max [get_ports {DBCO_DRV[0]}]
1
set_output_delay  5 -clock [get_clocks {WCLK1_A_I2C}] -min [get_ports {DBCO_DRV[0]}]
1
set_output_delay  -0.5 -clock [get_clocks {WCLK1_A_DCLK}] -add_delay [get_ports {DBCO_DRV[0]}]
1
set_output_delay  -0.5 -clock [get_clocks {WCLK1_A_I2C}] -max [get_ports {DBCO_DRV[1]}]
1
set_output_delay  5 -clock [get_clocks {WCLK1_A_I2C}] -min [get_ports {DBCO_DRV[1]}]
1
set_output_delay  -0.5 -clock [get_clocks {WCLK1_A_DCLK}] -add_delay [get_ports {DBCO_DRV[1]}]
1
set_output_delay  -0.5 -clock [get_clocks {WCLK1_A_I2C}] -max [get_ports {BGR_SEL[0]}]
1
set_output_delay  5 -clock [get_clocks {WCLK1_A_I2C}] -min [get_ports {BGR_SEL[0]}]
1
set_output_delay  -0.5 -clock [get_clocks {WCLK1_A_DCLK}] -add_delay [get_ports {BGR_SEL[0]}]
1
set_output_delay  -0.5 -clock [get_clocks {WCLK1_A_I2C}] -max [get_ports {BGR_SEL[1]}]
1
set_output_delay  5 -clock [get_clocks {WCLK1_A_I2C}] -min [get_ports {BGR_SEL[1]}]
1
set_output_delay  -0.5 -clock [get_clocks {WCLK1_A_DCLK}] -add_delay [get_ports {BGR_SEL[1]}]
1
set_output_delay  -0.5 -clock [get_clocks {WCLK1_A_I2C}] -max [get_ports {BGR_SEL[2]}]
1
set_output_delay  5 -clock [get_clocks {WCLK1_A_I2C}] -min [get_ports {BGR_SEL[2]}]
1
set_output_delay  -0.5 -clock [get_clocks {WCLK1_A_DCLK}] -add_delay [get_ports {BGR_SEL[2]}]
1
set_output_delay  -0.5 -clock [get_clocks {WCLK1_A_I2C}] -max [get_ports {BGR_SEL[3]}]
1
set_output_delay  5 -clock [get_clocks {WCLK1_A_I2C}] -min [get_ports {BGR_SEL[3]}]
1
set_output_delay  -0.5 -clock [get_clocks {WCLK1_A_DCLK}] -add_delay [get_ports {BGR_SEL[3]}]
1
set_output_delay  -0.5 -clock [get_clocks {WCLK1_A_I2C}] -max [get_ports {BGR_TRIM[0]}]
1
set_output_delay  5 -clock [get_clocks {WCLK1_A_I2C}] -min [get_ports {BGR_TRIM[0]}]
1
set_output_delay  -0.5 -clock [get_clocks {WCLK1_A_DCLK}] -add_delay [get_ports {BGR_TRIM[0]}]
1
set_output_delay  -0.5 -clock [get_clocks {WCLK1_A_I2C}] -max [get_ports {BGR_TRIM[1]}]
1
set_output_delay  5 -clock [get_clocks {WCLK1_A_I2C}] -min [get_ports {BGR_TRIM[1]}]
1
set_output_delay  -0.5 -clock [get_clocks {WCLK1_A_DCLK}] -add_delay [get_ports {BGR_TRIM[1]}]
1
set_output_delay  -0.5 -clock [get_clocks {WCLK1_A_I2C}] -max [get_ports {BGR_TRIM[2]}]
1
set_output_delay  5 -clock [get_clocks {WCLK1_A_I2C}] -min [get_ports {BGR_TRIM[2]}]
1
set_output_delay  -0.5 -clock [get_clocks {WCLK1_A_DCLK}] -add_delay [get_ports {BGR_TRIM[2]}]
1
set_output_delay  -0.5 -clock [get_clocks {WCLK1_A_I2C}] -max [get_ports {DCBIAS_CHOP[3]}]
1
set_output_delay  5 -clock [get_clocks {WCLK1_A_I2C}] -min [get_ports {DCBIAS_CHOP[3]}]
1
set_output_delay  -0.5 -clock [get_clocks {WCLK1_A_DCLK}] -add_delay [get_ports {DCBIAS_CHOP[3]}]
1
set_output_delay  -0.5 -clock [get_clocks {WCLK1_A_I2C}] -max [get_ports {DCBIAS_CHOP[0]}]
1
set_output_delay  5 -clock [get_clocks {WCLK1_A_I2C}] -min [get_ports {DCBIAS_CHOP[0]}]
1
set_output_delay  -0.5 -clock [get_clocks {WCLK1_A_DCLK}] -add_delay [get_ports {DCBIAS_CHOP[0]}]
1
set_output_delay  -0.5 -clock [get_clocks {WCLK1_A_I2C}] -max [get_ports {DCBIAS_CHOP[1]}]
1
set_output_delay  5 -clock [get_clocks {WCLK1_A_I2C}] -min [get_ports {DCBIAS_CHOP[1]}]
1
set_output_delay  -0.5 -clock [get_clocks {WCLK1_A_DCLK}] -add_delay [get_ports {DCBIAS_CHOP[1]}]
1
set_output_delay  -0.5 -clock [get_clocks {WCLK1_A_I2C}] -max [get_ports {DCBIAS_CHOP[2]}]
1
set_output_delay  5 -clock [get_clocks {WCLK1_A_I2C}] -min [get_ports {DCBIAS_CHOP[2]}]
1
set_output_delay  -0.5 -clock [get_clocks {WCLK1_A_DCLK}] -add_delay [get_ports {DCBIAS_CHOP[2]}]
1
set_output_delay  -0.5 -clock [get_clocks {WCLK1_A_I2C}] -max [get_ports {DCBIAS_TOT[0]}]
1
set_output_delay  5 -clock [get_clocks {WCLK1_A_I2C}] -min [get_ports {DCBIAS_TOT[0]}]
1
set_output_delay  -0.5 -clock [get_clocks {WCLK1_A_DCLK}] -add_delay [get_ports {DCBIAS_TOT[0]}]
1
set_output_delay  -0.5 -clock [get_clocks {WCLK1_A_I2C}] -max [get_ports {DCBIAS_TOT[1]}]
1
set_output_delay  5 -clock [get_clocks {WCLK1_A_I2C}] -min [get_ports {DCBIAS_TOT[1]}]
1
set_output_delay  -0.5 -clock [get_clocks {WCLK1_A_DCLK}] -add_delay [get_ports {DCBIAS_TOT[1]}]
1
set_output_delay  -0.5 -clock [get_clocks {WCLK1_A_I2C}] -max [get_ports {DC_MON_SEL[0]}]
1
set_output_delay  5 -clock [get_clocks {WCLK1_A_I2C}] -min [get_ports {DC_MON_SEL[0]}]
1
set_output_delay  -0.5 -clock [get_clocks {WCLK1_A_DCLK}] -add_delay [get_ports {DC_MON_SEL[0]}]
1
set_output_delay  -0.5 -clock [get_clocks {WCLK1_A_I2C}] -max [get_ports {DC_MON_SEL[1]}]
1
set_output_delay  5 -clock [get_clocks {WCLK1_A_I2C}] -min [get_ports {DC_MON_SEL[1]}]
1
set_output_delay  -0.5 -clock [get_clocks {WCLK1_A_DCLK}] -add_delay [get_ports {DC_MON_SEL[1]}]
1
set_output_delay  -0.5 -clock [get_clocks {WCLK1_A_I2C}] -max [get_ports {reg_ana_test_sel_L1[0]}]
1
set_output_delay  5 -clock [get_clocks {WCLK1_A_I2C}] -min [get_ports {reg_ana_test_sel_L1[0]}]
1
set_output_delay  -0.5 -clock [get_clocks {WCLK1_A_DCLK}] -add_delay [get_ports {reg_ana_test_sel_L1[0]}]
1
set_output_delay  -0.5 -clock [get_clocks {WCLK1_A_I2C}] -max [get_ports {reg_ana_test_sel_L1[1]}]
1
set_output_delay  5 -clock [get_clocks {WCLK1_A_I2C}] -min [get_ports {reg_ana_test_sel_L1[1]}]
1
set_output_delay  -0.5 -clock [get_clocks {WCLK1_A_DCLK}] -add_delay [get_ports {reg_ana_test_sel_L1[1]}]
1
set_output_delay  -0.5 -clock [get_clocks {WCLK1_A_I2C}] -max [get_ports {reg_ana_test_sel_L1[2]}]
1
set_output_delay  5 -clock [get_clocks {WCLK1_A_I2C}] -min [get_ports {reg_ana_test_sel_L1[2]}]
1
set_output_delay  -0.5 -clock [get_clocks {WCLK1_A_DCLK}] -add_delay [get_ports {reg_ana_test_sel_L1[2]}]
1
set_output_delay  -0.5 -clock [get_clocks {WCLK1_A_I2C}] -max [get_ports {reg_ana_test_sel_L1[3]}]
1
set_output_delay  5 -clock [get_clocks {WCLK1_A_I2C}] -min [get_ports {reg_ana_test_sel_L1[3]}]
1
set_output_delay  -0.5 -clock [get_clocks {WCLK1_A_DCLK}] -add_delay [get_ports {reg_ana_test_sel_L1[3]}]
1
set_output_delay  -0.5 -clock [get_clocks {WCLK1_A_I2C}] -max [get_ports {reg_ana_test_sel_L0[0]}]
1
set_output_delay  5 -clock [get_clocks {WCLK1_A_I2C}] -min [get_ports {reg_ana_test_sel_L0[0]}]
1
set_output_delay  -0.5 -clock [get_clocks {WCLK1_A_DCLK}] -add_delay [get_ports {reg_ana_test_sel_L0[0]}]
1
set_output_delay  -0.5 -clock [get_clocks {WCLK1_A_I2C}] -max [get_ports {reg_ana_test_sel_L0[1]}]
1
set_output_delay  5 -clock [get_clocks {WCLK1_A_I2C}] -min [get_ports {reg_ana_test_sel_L0[1]}]
1
set_output_delay  -0.5 -clock [get_clocks {WCLK1_A_DCLK}] -add_delay [get_ports {reg_ana_test_sel_L0[1]}]
1
set_output_delay  -0.5 -clock [get_clocks {WCLK1_A_I2C}] -max [get_ports {reg_ana_test_sel_L0[2]}]
1
set_output_delay  5 -clock [get_clocks {WCLK1_A_I2C}] -min [get_ports {reg_ana_test_sel_L0[2]}]
1
set_output_delay  -0.5 -clock [get_clocks {WCLK1_A_DCLK}] -add_delay [get_ports {reg_ana_test_sel_L0[2]}]
1
set_output_delay  -0.5 -clock [get_clocks {WCLK1_A_I2C}] -max [get_ports {reg_ana_test_sel_L0[3]}]
1
set_output_delay  5 -clock [get_clocks {WCLK1_A_I2C}] -min [get_ports {reg_ana_test_sel_L0[3]}]
1
set_output_delay  -0.5 -clock [get_clocks {WCLK1_A_DCLK}] -add_delay [get_ports {reg_ana_test_sel_L0[3]}]
1
set_output_delay  -0.5 -clock [get_clocks {WCLK1_A_I2C}] -max [get_ports {reg_cdr_icp_L1[3]}]
1
set_output_delay  5 -clock [get_clocks {WCLK1_A_I2C}] -min [get_ports {reg_cdr_icp_L1[3]}]
1
set_output_delay  -0.5 -clock [get_clocks {WCLK1_A_DCLK}] -add_delay [get_ports {reg_cdr_icp_L1[3]}]
1
set_output_delay  -0.5 -clock [get_clocks {WCLK1_A_I2C}] -max [get_ports {reg_cdr_icp_L0[0]}]
1
set_output_delay  5 -clock [get_clocks {WCLK1_A_I2C}] -min [get_ports {reg_cdr_icp_L0[0]}]
1
set_output_delay  -0.5 -clock [get_clocks {WCLK1_A_DCLK}] -add_delay [get_ports {reg_cdr_icp_L0[0]}]
1
set_output_delay  -0.5 -clock [get_clocks {WCLK1_A_I2C}] -max [get_ports {reg_cdr_icp_L0[1]}]
1
set_output_delay  5 -clock [get_clocks {WCLK1_A_I2C}] -min [get_ports {reg_cdr_icp_L0[1]}]
1
set_output_delay  -0.5 -clock [get_clocks {WCLK1_A_DCLK}] -add_delay [get_ports {reg_cdr_icp_L0[1]}]
1
set_output_delay  -0.5 -clock [get_clocks {WCLK1_A_I2C}] -max [get_ports {reg_cdr_icp_L0[2]}]
1
set_output_delay  5 -clock [get_clocks {WCLK1_A_I2C}] -min [get_ports {reg_cdr_icp_L0[2]}]
1
set_output_delay  -0.5 -clock [get_clocks {WCLK1_A_DCLK}] -add_delay [get_ports {reg_cdr_icp_L0[2]}]
1
set_output_delay  -0.5 -clock [get_clocks {WCLK1_A_I2C}] -max [get_ports {reg_cdr_icp_L0[3]}]
1
set_output_delay  5 -clock [get_clocks {WCLK1_A_I2C}] -min [get_ports {reg_cdr_icp_L0[3]}]
1
set_output_delay  -0.5 -clock [get_clocks {WCLK1_A_DCLK}] -add_delay [get_ports {reg_cdr_icp_L0[3]}]
1
set_output_delay  -0.5 -clock [get_clocks {WCLK1_A_I2C}] -max [get_ports {reg_cdr_icp_L1[0]}]
1
set_output_delay  5 -clock [get_clocks {WCLK1_A_I2C}] -min [get_ports {reg_cdr_icp_L1[0]}]
1
set_output_delay  -0.5 -clock [get_clocks {WCLK1_A_DCLK}] -add_delay [get_ports {reg_cdr_icp_L1[0]}]
1
set_output_delay  -0.5 -clock [get_clocks {WCLK1_A_I2C}] -max [get_ports {reg_cdr_icp_L1[1]}]
1
set_output_delay  5 -clock [get_clocks {WCLK1_A_I2C}] -min [get_ports {reg_cdr_icp_L1[1]}]
1
set_output_delay  -0.5 -clock [get_clocks {WCLK1_A_DCLK}] -add_delay [get_ports {reg_cdr_icp_L1[1]}]
1
set_output_delay  -0.5 -clock [get_clocks {WCLK1_A_I2C}] -max [get_ports {reg_cdr_icp_L1[2]}]
1
set_output_delay  5 -clock [get_clocks {WCLK1_A_I2C}] -min [get_ports {reg_cdr_icp_L1[2]}]
1
set_output_delay  -0.5 -clock [get_clocks {WCLK1_A_DCLK}] -add_delay [get_ports {reg_cdr_icp_L1[2]}]
1
set_output_delay  -0.5 -clock [get_clocks {WCLK1_A_I2C}] -max [get_ports {reg_cdr_rlpf_L1[3]}]
1
set_output_delay  5 -clock [get_clocks {WCLK1_A_I2C}] -min [get_ports {reg_cdr_rlpf_L1[3]}]
1
set_output_delay  -0.5 -clock [get_clocks {WCLK1_A_DCLK}] -add_delay [get_ports {reg_cdr_rlpf_L1[3]}]
1
set_output_delay  -0.5 -clock [get_clocks {WCLK1_A_I2C}] -max [get_ports {reg_cdr_rlpf_L0[0]}]
1
set_output_delay  5 -clock [get_clocks {WCLK1_A_I2C}] -min [get_ports {reg_cdr_rlpf_L0[0]}]
1
set_output_delay  -0.5 -clock [get_clocks {WCLK1_A_DCLK}] -add_delay [get_ports {reg_cdr_rlpf_L0[0]}]
1
set_output_delay  -0.5 -clock [get_clocks {WCLK1_A_I2C}] -max [get_ports {reg_cdr_rlpf_L0[1]}]
1
set_output_delay  5 -clock [get_clocks {WCLK1_A_I2C}] -min [get_ports {reg_cdr_rlpf_L0[1]}]
1
set_output_delay  -0.5 -clock [get_clocks {WCLK1_A_DCLK}] -add_delay [get_ports {reg_cdr_rlpf_L0[1]}]
1
set_output_delay  -0.5 -clock [get_clocks {WCLK1_A_I2C}] -max [get_ports {reg_cdr_rlpf_L0[2]}]
1
set_output_delay  5 -clock [get_clocks {WCLK1_A_I2C}] -min [get_ports {reg_cdr_rlpf_L0[2]}]
1
set_output_delay  -0.5 -clock [get_clocks {WCLK1_A_DCLK}] -add_delay [get_ports {reg_cdr_rlpf_L0[2]}]
1
set_output_delay  -0.5 -clock [get_clocks {WCLK1_A_I2C}] -max [get_ports {reg_cdr_rlpf_L0[3]}]
1
set_output_delay  5 -clock [get_clocks {WCLK1_A_I2C}] -min [get_ports {reg_cdr_rlpf_L0[3]}]
1
set_output_delay  -0.5 -clock [get_clocks {WCLK1_A_DCLK}] -add_delay [get_ports {reg_cdr_rlpf_L0[3]}]
1
set_output_delay  -0.5 -clock [get_clocks {WCLK1_A_I2C}] -max [get_ports {reg_cdr_rlpf_L1[0]}]
1
set_output_delay  5 -clock [get_clocks {WCLK1_A_I2C}] -min [get_ports {reg_cdr_rlpf_L1[0]}]
1
set_output_delay  -0.5 -clock [get_clocks {WCLK1_A_DCLK}] -add_delay [get_ports {reg_cdr_rlpf_L1[0]}]
1
set_output_delay  -0.5 -clock [get_clocks {WCLK1_A_I2C}] -max [get_ports {reg_cdr_rlpf_L1[1]}]
1
set_output_delay  5 -clock [get_clocks {WCLK1_A_I2C}] -min [get_ports {reg_cdr_rlpf_L1[1]}]
1
set_output_delay  -0.5 -clock [get_clocks {WCLK1_A_DCLK}] -add_delay [get_ports {reg_cdr_rlpf_L1[1]}]
1
set_output_delay  -0.5 -clock [get_clocks {WCLK1_A_I2C}] -max [get_ports {reg_cdr_rlpf_L1[2]}]
1
set_output_delay  5 -clock [get_clocks {WCLK1_A_I2C}] -min [get_ports {reg_cdr_rlpf_L1[2]}]
1
set_output_delay  -0.5 -clock [get_clocks {WCLK1_A_DCLK}] -add_delay [get_ports {reg_cdr_rlpf_L1[2]}]
1
set_output_delay  -0.5 -clock [get_clocks {WCLK1_A_I2C}] -max [get_ports {reg_cr_done_cnt_L0[0]}]
1
set_output_delay  5 -clock [get_clocks {WCLK1_A_I2C}] -min [get_ports {reg_cr_done_cnt_L0[0]}]
1
set_output_delay  -0.5 -clock [get_clocks {WCLK1_A_DCLK}] -add_delay [get_ports {reg_cr_done_cnt_L0[0]}]
1
set_output_delay  -0.5 -clock [get_clocks {WCLK1_A_I2C}] -max [get_ports {reg_cr_done_cnt_L0[1]}]
1
set_output_delay  5 -clock [get_clocks {WCLK1_A_I2C}] -min [get_ports {reg_cr_done_cnt_L0[1]}]
1
set_output_delay  -0.5 -clock [get_clocks {WCLK1_A_DCLK}] -add_delay [get_ports {reg_cr_done_cnt_L0[1]}]
1
set_output_delay  -0.5 -clock [get_clocks {WCLK1_A_I2C}] -max [get_ports {reg_cr_done_cnt_L0[2]}]
1
set_output_delay  5 -clock [get_clocks {WCLK1_A_I2C}] -min [get_ports {reg_cr_done_cnt_L0[2]}]
1
set_output_delay  -0.5 -clock [get_clocks {WCLK1_A_DCLK}] -add_delay [get_ports {reg_cr_done_cnt_L0[2]}]
1
set_output_delay  -0.5 -clock [get_clocks {WCLK1_A_I2C}] -max [get_ports {reg_cr_done_cnt_L0[3]}]
1
set_output_delay  5 -clock [get_clocks {WCLK1_A_I2C}] -min [get_ports {reg_cr_done_cnt_L0[3]}]
1
set_output_delay  -0.5 -clock [get_clocks {WCLK1_A_DCLK}] -add_delay [get_ports {reg_cr_done_cnt_L0[3]}]
1
set_output_delay  -0.5 -clock [get_clocks {WCLK1_A_I2C}] -max [get_ports {reg_cr_done_cnt_L0[4]}]
1
set_output_delay  5 -clock [get_clocks {WCLK1_A_I2C}] -min [get_ports {reg_cr_done_cnt_L0[4]}]
1
set_output_delay  -0.5 -clock [get_clocks {WCLK1_A_DCLK}] -add_delay [get_ports {reg_cr_done_cnt_L0[4]}]
1
set_output_delay  -0.5 -clock [get_clocks {WCLK1_A_I2C}] -max [get_ports {reg_cr_done_cnt_L1[0]}]
1
set_output_delay  5 -clock [get_clocks {WCLK1_A_I2C}] -min [get_ports {reg_cr_done_cnt_L1[0]}]
1
set_output_delay  -0.5 -clock [get_clocks {WCLK1_A_DCLK}] -add_delay [get_ports {reg_cr_done_cnt_L1[0]}]
1
set_output_delay  -0.5 -clock [get_clocks {WCLK1_A_I2C}] -max [get_ports {reg_cr_done_cnt_L0[5]}]
1
set_output_delay  5 -clock [get_clocks {WCLK1_A_I2C}] -min [get_ports {reg_cr_done_cnt_L0[5]}]
1
set_output_delay  -0.5 -clock [get_clocks {WCLK1_A_DCLK}] -add_delay [get_ports {reg_cr_done_cnt_L0[5]}]
1
set_output_delay  -0.5 -clock [get_clocks {WCLK1_A_I2C}] -max [get_ports {reg_cr_done_cnt_L1[1]}]
1
set_output_delay  5 -clock [get_clocks {WCLK1_A_I2C}] -min [get_ports {reg_cr_done_cnt_L1[1]}]
1
set_output_delay  -0.5 -clock [get_clocks {WCLK1_A_DCLK}] -add_delay [get_ports {reg_cr_done_cnt_L1[1]}]
1
set_output_delay  -0.5 -clock [get_clocks {WCLK1_A_I2C}] -max [get_ports {reg_cr_done_cnt_L1[2]}]
1
set_output_delay  5 -clock [get_clocks {WCLK1_A_I2C}] -min [get_ports {reg_cr_done_cnt_L1[2]}]
1
set_output_delay  -0.5 -clock [get_clocks {WCLK1_A_DCLK}] -add_delay [get_ports {reg_cr_done_cnt_L1[2]}]
1
set_output_delay  -0.5 -clock [get_clocks {WCLK1_A_I2C}] -max [get_ports {reg_cr_done_cnt_L1[3]}]
1
set_output_delay  5 -clock [get_clocks {WCLK1_A_I2C}] -min [get_ports {reg_cr_done_cnt_L1[3]}]
1
set_output_delay  -0.5 -clock [get_clocks {WCLK1_A_DCLK}] -add_delay [get_ports {reg_cr_done_cnt_L1[3]}]
1
set_output_delay  -0.5 -clock [get_clocks {WCLK1_A_I2C}] -max [get_ports {reg_cr_done_cnt_L1[4]}]
1
set_output_delay  5 -clock [get_clocks {WCLK1_A_I2C}] -min [get_ports {reg_cr_done_cnt_L1[4]}]
1
set_output_delay  -0.5 -clock [get_clocks {WCLK1_A_DCLK}] -add_delay [get_ports {reg_cr_done_cnt_L1[4]}]
1
set_output_delay  -0.5 -clock [get_clocks {WCLK1_A_I2C}] -max [get_ports {reg_cr_done_cnt_L1[5]}]
1
set_output_delay  5 -clock [get_clocks {WCLK1_A_I2C}] -min [get_ports {reg_cr_done_cnt_L1[5]}]
1
set_output_delay  -0.5 -clock [get_clocks {WCLK1_A_DCLK}] -add_delay [get_ports {reg_cr_done_cnt_L1[5]}]
1
set_output_delay  -0.5 -clock [get_clocks {WCLK1_A_I2C}] -max [get_ports {reg_fast_lock_icp_L0[0]}]
1
set_output_delay  5 -clock [get_clocks {WCLK1_A_I2C}] -min [get_ports {reg_fast_lock_icp_L0[0]}]
1
set_output_delay  -0.5 -clock [get_clocks {WCLK1_A_DCLK}] -add_delay [get_ports {reg_fast_lock_icp_L0[0]}]
1
set_output_delay  -0.5 -clock [get_clocks {WCLK1_A_I2C}] -max [get_ports {reg_fast_lock_icp_L0[1]}]
1
set_output_delay  5 -clock [get_clocks {WCLK1_A_I2C}] -min [get_ports {reg_fast_lock_icp_L0[1]}]
1
set_output_delay  -0.5 -clock [get_clocks {WCLK1_A_DCLK}] -add_delay [get_ports {reg_fast_lock_icp_L0[1]}]
1
set_output_delay  -0.5 -clock [get_clocks {WCLK1_A_I2C}] -max [get_ports {reg_fast_lock_icp_L0[2]}]
1
set_output_delay  5 -clock [get_clocks {WCLK1_A_I2C}] -min [get_ports {reg_fast_lock_icp_L0[2]}]
1
set_output_delay  -0.5 -clock [get_clocks {WCLK1_A_DCLK}] -add_delay [get_ports {reg_fast_lock_icp_L0[2]}]
1
set_output_delay  -0.5 -clock [get_clocks {WCLK1_A_I2C}] -max [get_ports {reg_fast_lock_icp_L0[3]}]
1
set_output_delay  5 -clock [get_clocks {WCLK1_A_I2C}] -min [get_ports {reg_fast_lock_icp_L0[3]}]
1
set_output_delay  -0.5 -clock [get_clocks {WCLK1_A_DCLK}] -add_delay [get_ports {reg_fast_lock_icp_L0[3]}]
1
set_output_delay  -0.5 -clock [get_clocks {WCLK1_A_I2C}] -max [get_ports {reg_fast_lock_icp_L1[0]}]
1
set_output_delay  5 -clock [get_clocks {WCLK1_A_I2C}] -min [get_ports {reg_fast_lock_icp_L1[0]}]
1
set_output_delay  -0.5 -clock [get_clocks {WCLK1_A_DCLK}] -add_delay [get_ports {reg_fast_lock_icp_L1[0]}]
1
set_output_delay  -0.5 -clock [get_clocks {WCLK1_A_I2C}] -max [get_ports {reg_fast_lock_icp_L1[1]}]
1
set_output_delay  5 -clock [get_clocks {WCLK1_A_I2C}] -min [get_ports {reg_fast_lock_icp_L1[1]}]
1
set_output_delay  -0.5 -clock [get_clocks {WCLK1_A_DCLK}] -add_delay [get_ports {reg_fast_lock_icp_L1[1]}]
1
set_output_delay  -0.5 -clock [get_clocks {WCLK1_A_I2C}] -max [get_ports {reg_fast_lock_icp_L1[2]}]
1
set_output_delay  5 -clock [get_clocks {WCLK1_A_I2C}] -min [get_ports {reg_fast_lock_icp_L1[2]}]
1
set_output_delay  -0.5 -clock [get_clocks {WCLK1_A_DCLK}] -add_delay [get_ports {reg_fast_lock_icp_L1[2]}]
1
set_output_delay  -0.5 -clock [get_clocks {WCLK1_A_I2C}] -max [get_ports {reg_fast_lock_icp_L1[3]}]
1
set_output_delay  5 -clock [get_clocks {WCLK1_A_I2C}] -min [get_ports {reg_fast_lock_icp_L1[3]}]
1
set_output_delay  -0.5 -clock [get_clocks {WCLK1_A_DCLK}] -add_delay [get_ports {reg_fast_lock_icp_L1[3]}]
1
set_output_delay  -0.5 -clock [get_clocks {WCLK1_A_I2C}] -max [get_ports {reg_fast_lock_rlpf_L0[0]}]
1
set_output_delay  5 -clock [get_clocks {WCLK1_A_I2C}] -min [get_ports {reg_fast_lock_rlpf_L0[0]}]
1
set_output_delay  -0.5 -clock [get_clocks {WCLK1_A_DCLK}] -add_delay [get_ports {reg_fast_lock_rlpf_L0[0]}]
1
set_output_delay  -0.5 -clock [get_clocks {WCLK1_A_I2C}] -max [get_ports {reg_fast_lock_rlpf_L0[1]}]
1
set_output_delay  5 -clock [get_clocks {WCLK1_A_I2C}] -min [get_ports {reg_fast_lock_rlpf_L0[1]}]
1
set_output_delay  -0.5 -clock [get_clocks {WCLK1_A_DCLK}] -add_delay [get_ports {reg_fast_lock_rlpf_L0[1]}]
1
set_output_delay  -0.5 -clock [get_clocks {WCLK1_A_I2C}] -max [get_ports {reg_fast_lock_rlpf_L0[2]}]
1
set_output_delay  5 -clock [get_clocks {WCLK1_A_I2C}] -min [get_ports {reg_fast_lock_rlpf_L0[2]}]
1
set_output_delay  -0.5 -clock [get_clocks {WCLK1_A_DCLK}] -add_delay [get_ports {reg_fast_lock_rlpf_L0[2]}]
1
set_output_delay  -0.5 -clock [get_clocks {WCLK1_A_I2C}] -max [get_ports {reg_fast_lock_rlpf_L0[3]}]
1
set_output_delay  5 -clock [get_clocks {WCLK1_A_I2C}] -min [get_ports {reg_fast_lock_rlpf_L0[3]}]
1
set_output_delay  -0.5 -clock [get_clocks {WCLK1_A_DCLK}] -add_delay [get_ports {reg_fast_lock_rlpf_L0[3]}]
1
set_output_delay  -0.5 -clock [get_clocks {WCLK1_A_I2C}] -max [get_ports {reg_fast_lock_rlpf_L1[0]}]
1
set_output_delay  5 -clock [get_clocks {WCLK1_A_I2C}] -min [get_ports {reg_fast_lock_rlpf_L1[0]}]
1
set_output_delay  -0.5 -clock [get_clocks {WCLK1_A_DCLK}] -add_delay [get_ports {reg_fast_lock_rlpf_L1[0]}]
1
set_output_delay  -0.5 -clock [get_clocks {WCLK1_A_I2C}] -max [get_ports {reg_fast_lock_rlpf_L1[1]}]
1
set_output_delay  5 -clock [get_clocks {WCLK1_A_I2C}] -min [get_ports {reg_fast_lock_rlpf_L1[1]}]
1
set_output_delay  -0.5 -clock [get_clocks {WCLK1_A_DCLK}] -add_delay [get_ports {reg_fast_lock_rlpf_L1[1]}]
1
set_output_delay  -0.5 -clock [get_clocks {WCLK1_A_I2C}] -max [get_ports {reg_fast_lock_rlpf_L1[2]}]
1
set_output_delay  5 -clock [get_clocks {WCLK1_A_I2C}] -min [get_ports {reg_fast_lock_rlpf_L1[2]}]
1
set_output_delay  -0.5 -clock [get_clocks {WCLK1_A_DCLK}] -add_delay [get_ports {reg_fast_lock_rlpf_L1[2]}]
1
set_output_delay  -0.5 -clock [get_clocks {WCLK1_A_I2C}] -max [get_ports {reg_fast_lock_rlpf_L1[3]}]
1
set_output_delay  5 -clock [get_clocks {WCLK1_A_I2C}] -min [get_ports {reg_fast_lock_rlpf_L1[3]}]
1
set_output_delay  -0.5 -clock [get_clocks {WCLK1_A_DCLK}] -add_delay [get_ports {reg_fast_lock_rlpf_L1[3]}]
1
set_output_delay  -0.5 -clock [get_clocks {WCLK1_A_I2C}] -max [get_ports {reg_icp_bias_tune_L0[0]}]
1
set_output_delay  5 -clock [get_clocks {WCLK1_A_I2C}] -min [get_ports {reg_icp_bias_tune_L0[0]}]
1
set_output_delay  -0.5 -clock [get_clocks {WCLK1_A_DCLK}] -add_delay [get_ports {reg_icp_bias_tune_L0[0]}]
1
set_output_delay  -0.5 -clock [get_clocks {WCLK1_A_I2C}] -max [get_ports {reg_icp_bias_tune_L0[1]}]
1
set_output_delay  5 -clock [get_clocks {WCLK1_A_I2C}] -min [get_ports {reg_icp_bias_tune_L0[1]}]
1
set_output_delay  -0.5 -clock [get_clocks {WCLK1_A_DCLK}] -add_delay [get_ports {reg_icp_bias_tune_L0[1]}]
1
set_output_delay  -0.5 -clock [get_clocks {WCLK1_A_I2C}] -max [get_ports {reg_icp_bias_tune_L0[2]}]
1
set_output_delay  5 -clock [get_clocks {WCLK1_A_I2C}] -min [get_ports {reg_icp_bias_tune_L0[2]}]
1
set_output_delay  -0.5 -clock [get_clocks {WCLK1_A_DCLK}] -add_delay [get_ports {reg_icp_bias_tune_L0[2]}]
1
set_output_delay  -0.5 -clock [get_clocks {WCLK1_A_I2C}] -max [get_ports {reg_icp_bias_tune_L1[0]}]
1
set_output_delay  5 -clock [get_clocks {WCLK1_A_I2C}] -min [get_ports {reg_icp_bias_tune_L1[0]}]
1
set_output_delay  -0.5 -clock [get_clocks {WCLK1_A_DCLK}] -add_delay [get_ports {reg_icp_bias_tune_L1[0]}]
1
set_output_delay  -0.5 -clock [get_clocks {WCLK1_A_I2C}] -max [get_ports {reg_icp_bias_tune_L1[1]}]
1
set_output_delay  5 -clock [get_clocks {WCLK1_A_I2C}] -min [get_ports {reg_icp_bias_tune_L1[1]}]
1
set_output_delay  -0.5 -clock [get_clocks {WCLK1_A_DCLK}] -add_delay [get_ports {reg_icp_bias_tune_L1[1]}]
1
set_output_delay  -0.5 -clock [get_clocks {WCLK1_A_I2C}] -max [get_ports {reg_icp_bias_tune_L1[2]}]
1
set_output_delay  5 -clock [get_clocks {WCLK1_A_I2C}] -min [get_ports {reg_icp_bias_tune_L1[2]}]
1
set_output_delay  -0.5 -clock [get_clocks {WCLK1_A_DCLK}] -add_delay [get_ports {reg_icp_bias_tune_L1[2]}]
1
set_output_delay  -0.5 -clock [get_clocks {WCLK1_A_I2C}] -max [get_ports {reg_kvco_ctrl_L1[3]}]
1
set_output_delay  5 -clock [get_clocks {WCLK1_A_I2C}] -min [get_ports {reg_kvco_ctrl_L1[3]}]
1
set_output_delay  -0.5 -clock [get_clocks {WCLK1_A_DCLK}] -add_delay [get_ports {reg_kvco_ctrl_L1[3]}]
1
set_output_delay  -0.5 -clock [get_clocks {WCLK1_A_I2C}] -max [get_ports {reg_kvco_ctrl_L0[0]}]
1
set_output_delay  5 -clock [get_clocks {WCLK1_A_I2C}] -min [get_ports {reg_kvco_ctrl_L0[0]}]
1
set_output_delay  -0.5 -clock [get_clocks {WCLK1_A_DCLK}] -add_delay [get_ports {reg_kvco_ctrl_L0[0]}]
1
set_output_delay  -0.5 -clock [get_clocks {WCLK1_A_I2C}] -max [get_ports {reg_kvco_ctrl_L0[1]}]
1
set_output_delay  5 -clock [get_clocks {WCLK1_A_I2C}] -min [get_ports {reg_kvco_ctrl_L0[1]}]
1
set_output_delay  -0.5 -clock [get_clocks {WCLK1_A_DCLK}] -add_delay [get_ports {reg_kvco_ctrl_L0[1]}]
1
set_output_delay  -0.5 -clock [get_clocks {WCLK1_A_I2C}] -max [get_ports {reg_kvco_ctrl_L0[2]}]
1
set_output_delay  5 -clock [get_clocks {WCLK1_A_I2C}] -min [get_ports {reg_kvco_ctrl_L0[2]}]
1
set_output_delay  -0.5 -clock [get_clocks {WCLK1_A_DCLK}] -add_delay [get_ports {reg_kvco_ctrl_L0[2]}]
1
set_output_delay  -0.5 -clock [get_clocks {WCLK1_A_I2C}] -max [get_ports {reg_kvco_ctrl_L0[3]}]
1
set_output_delay  5 -clock [get_clocks {WCLK1_A_I2C}] -min [get_ports {reg_kvco_ctrl_L0[3]}]
1
set_output_delay  -0.5 -clock [get_clocks {WCLK1_A_DCLK}] -add_delay [get_ports {reg_kvco_ctrl_L0[3]}]
1
set_output_delay  -0.5 -clock [get_clocks {WCLK1_A_I2C}] -max [get_ports {reg_kvco_ctrl_L1[0]}]
1
set_output_delay  5 -clock [get_clocks {WCLK1_A_I2C}] -min [get_ports {reg_kvco_ctrl_L1[0]}]
1
set_output_delay  -0.5 -clock [get_clocks {WCLK1_A_DCLK}] -add_delay [get_ports {reg_kvco_ctrl_L1[0]}]
1
set_output_delay  -0.5 -clock [get_clocks {WCLK1_A_I2C}] -max [get_ports {reg_kvco_ctrl_L1[1]}]
1
set_output_delay  5 -clock [get_clocks {WCLK1_A_I2C}] -min [get_ports {reg_kvco_ctrl_L1[1]}]
1
set_output_delay  -0.5 -clock [get_clocks {WCLK1_A_DCLK}] -add_delay [get_ports {reg_kvco_ctrl_L1[1]}]
1
set_output_delay  -0.5 -clock [get_clocks {WCLK1_A_I2C}] -max [get_ports {reg_kvco_ctrl_L1[2]}]
1
set_output_delay  5 -clock [get_clocks {WCLK1_A_I2C}] -min [get_ports {reg_kvco_ctrl_L1[2]}]
1
set_output_delay  -0.5 -clock [get_clocks {WCLK1_A_DCLK}] -add_delay [get_ports {reg_kvco_ctrl_L1[2]}]
1
set_output_delay  -0.5 -clock [get_clocks {WCLK1_A_I2C}] -max [get_ports {reg_lane_ck_inv_en_L0}]
1
set_output_delay  5 -clock [get_clocks {WCLK1_A_I2C}] -min [get_ports {reg_lane_ck_inv_en_L0}]
1
set_output_delay  -0.5 -clock [get_clocks {WCLK1_A_DCLK}] -add_delay [get_ports {reg_lane_ck_inv_en_L0}]
1
set_output_delay  -0.5 -clock [get_clocks {WCLK1_A_I2C}] -max [get_ports {reg_lane_ck_inv_en_L1}]
1
set_output_delay  5 -clock [get_clocks {WCLK1_A_I2C}] -min [get_ports {reg_lane_ck_inv_en_L1}]
1
set_output_delay  -0.5 -clock [get_clocks {WCLK1_A_DCLK}] -add_delay [get_ports {reg_lane_ck_inv_en_L1}]
1
set_output_delay  -0.5 -clock [get_clocks {WCLK1_A_I2C}] -max [get_ports {reg_lane_ctrl_L1[1]}]
1
set_output_delay  5 -clock [get_clocks {WCLK1_A_I2C}] -min [get_ports {reg_lane_ctrl_L1[1]}]
1
set_output_delay  -0.5 -clock [get_clocks {WCLK1_A_DCLK}] -add_delay [get_ports {reg_lane_ctrl_L1[1]}]
1
set_output_delay  -0.5 -clock [get_clocks {WCLK1_A_I2C}] -max [get_ports {reg_lane_ctrl_L0[0]}]
1
set_output_delay  5 -clock [get_clocks {WCLK1_A_I2C}] -min [get_ports {reg_lane_ctrl_L0[0]}]
1
set_output_delay  -0.5 -clock [get_clocks {WCLK1_A_DCLK}] -add_delay [get_ports {reg_lane_ctrl_L0[0]}]
1
set_output_delay  -0.5 -clock [get_clocks {WCLK1_A_I2C}] -max [get_ports {reg_lane_ctrl_L0[1]}]
1
set_output_delay  5 -clock [get_clocks {WCLK1_A_I2C}] -min [get_ports {reg_lane_ctrl_L0[1]}]
1
set_output_delay  -0.5 -clock [get_clocks {WCLK1_A_DCLK}] -add_delay [get_ports {reg_lane_ctrl_L0[1]}]
1
set_output_delay  -0.5 -clock [get_clocks {WCLK1_A_I2C}] -max [get_ports {reg_lane_ctrl_L1[0]}]
1
set_output_delay  5 -clock [get_clocks {WCLK1_A_I2C}] -min [get_ports {reg_lane_ctrl_L1[0]}]
1
set_output_delay  -0.5 -clock [get_clocks {WCLK1_A_DCLK}] -add_delay [get_ports {reg_lane_ctrl_L1[0]}]
1
set_output_delay  -0.5 -clock [get_clocks {RX0_CLK}] -max [get_ports {LENB_L}]
1
set_output_delay  5 -clock [get_clocks {RX0_CLK}] -min [get_ports {LENB_L}]
1
set_output_delay  -0.5 -clock [get_clocks {RX0_CLK}] -max [get_ports {LENB_R}]
1
set_output_delay  5 -clock [get_clocks {RX0_CLK}] -min [get_ports {LENB_R}]
1
set_output_delay  -0.5 -clock [get_clocks {RX0_CLK}] -max [get_ports {LOD_L}]
1
set_output_delay  5 -clock [get_clocks {RX0_CLK}] -min [get_ports {LOD_L}]
1
set_output_delay  -0.5 -clock [get_clocks {RX0_CLK}] -max [get_ports {LOD_R}]
1
set_output_delay  5 -clock [get_clocks {RX0_CLK}] -min [get_ports {LOD_R}]
1
set_output_delay  -0.5 -clock [get_clocks {RX0_CLK}] [get_ports {R_GMA_MNT}]
1
set_output_delay  -0.5 -clock [get_clocks {RX0_CLK}] -max [get_ports {GCHOP_1ST}]
1
set_output_delay  5 -clock [get_clocks {RX0_CLK}] -min [get_ports {GCHOP_1ST}]
1
set_output_delay  -0.5 -clock [get_clocks {RX0_CLK}] -max [get_ports {GCHOP_2ND}]
1
set_output_delay  5 -clock [get_clocks {RX0_CLK}] -min [get_ports {GCHOP_2ND}]
1
set_output_delay  -0.5 -clock [get_clocks {RX0_CLK}] -max [get_ports {DRA_CS}]
1
set_output_delay  5 -clock [get_clocks {RX0_CLK}] -min [get_ports {DRA_CS}]
1
set_output_delay  -0.5 -clock [get_clocks {RX0_CLK}] -max [get_ports {DRA_CHOP}]
1
set_output_delay  5 -clock [get_clocks {RX0_CLK}] -min [get_ports {DRA_CHOP}]
1
set_output_delay  -0.5 -clock [get_clocks {RX0_CLK}] -max [get_ports {POL1B_L}]
1
set_output_delay  5 -clock [get_clocks {RX0_CLK}] -min [get_ports {POL1B_L}]
1
set_output_delay  -0.5 -clock [get_clocks {RX0_CLK}] -max [get_ports {POL1B_R}]
1
set_output_delay  5 -clock [get_clocks {RX0_CLK}] -min [get_ports {POL1B_R}]
1
set_output_delay  -0.5 -clock [get_clocks {RX0_CLK}] -max [get_ports {POL2B_L}]
1
set_output_delay  5 -clock [get_clocks {RX0_CLK}] -min [get_ports {POL2B_L}]
1
set_output_delay  -0.5 -clock [get_clocks {RX0_CLK}] -max [get_ports {POL2B_R}]
1
set_output_delay  5 -clock [get_clocks {RX0_CLK}] -min [get_ports {POL2B_R}]
1
set_output_delay  -0.5 -clock [get_clocks {RX0_CLK}] -max [get_ports {POL1A_L}]
1
set_output_delay  5 -clock [get_clocks {RX0_CLK}] -min [get_ports {POL1A_L}]
1
set_output_delay  -0.5 -clock [get_clocks {RX0_CLK}] -max [get_ports {POL1A_R}]
1
set_output_delay  5 -clock [get_clocks {RX0_CLK}] -min [get_ports {POL1A_R}]
1
set_output_delay  -0.5 -clock [get_clocks {RX0_CLK}] -max [get_ports {POL2A_L}]
1
set_output_delay  5 -clock [get_clocks {RX0_CLK}] -min [get_ports {POL2A_L}]
1
set_output_delay  -0.5 -clock [get_clocks {RX0_CLK}] -max [get_ports {POL2A_R}]
1
set_output_delay  5 -clock [get_clocks {RX0_CLK}] -min [get_ports {POL2A_R}]
1
set_output_delay  -0.5 -clock [get_clocks {RX0_CLK}] -max [get_ports {HSREF_N}]
1
set_output_delay  5 -clock [get_clocks {RX0_CLK}] -min [get_ports {HSREF_N}]
1
set_output_delay  -0.5 -clock [get_clocks {RX0_CLK}] -max [get_ports {HSREF_P}]
1
set_output_delay  5 -clock [get_clocks {RX0_CLK}] -min [get_ports {HSREF_P}]
1
set_output_delay  -0.5 -clock [get_clocks {RX0_CLK}] -max [get_ports {HSRER_N}]
1
set_output_delay  5 -clock [get_clocks {RX0_CLK}] -min [get_ports {HSRER_N}]
1
set_output_delay  -0.5 -clock [get_clocks {RX0_CLK}] -max [get_ports {HSRER_P}]
1
set_output_delay  5 -clock [get_clocks {RX0_CLK}] -min [get_ports {HSRER_P}]
1
set_output_delay  -0.5 -clock [get_clocks {RX0_CLK}] -max [get_ports {HSRE}]
1
set_output_delay  5 -clock [get_clocks {RX0_CLK}] -min [get_ports {HSRE}]
1
set_output_delay  1 -clock [get_clocks {STB_CLK}] [get_ports {PWRCN[0]}]
1
set_output_delay  1 -clock [get_clocks {STB_CLK}] [get_ports {PWRCN[1]}]
1
set_output_delay  1 -clock [get_clocks {STB_CLK}] [get_ports {PWRCN[2]}]
1
set_output_delay  1 -clock [get_clocks {STB_CLK}] [get_ports {PWRCP[0]}]
1
set_output_delay  1 -clock [get_clocks {STB_CLK}] [get_ports {PWRCP[1]}]
1
set_output_delay  1 -clock [get_clocks {STB_CLK}] [get_ports {PWRCP[2]}]
1
set_output_delay  1 -clock [get_clocks {STB_CLK}] [get_ports {PWRC_GOP[0]}]
1
set_output_delay  1 -clock [get_clocks {STB_CLK}] [get_ports {PWRC_GOP[1]}]
1
set_output_delay  1 -clock [get_clocks {STB_CLK}] [get_ports {PWRC_LS[0]}]
1
set_output_delay  1 -clock [get_clocks {STB_CLK}] [get_ports {PWRC_LS[1]}]
1
set_output_delay  1 -clock [get_clocks {STB_CLK}] [get_ports {DBC}]
1
#set_ideal_network [get_ports {clk_lane_od_L1}]
#set_ideal_network [get_pins {u_LOGIC_CENTER/CENTER1/ANCTL/BUF_VS_CLK/O}]
#set_ideal_network [get_pins {u_LOGIC_CENTER/CLKGEN_U0/BUF_N_RST/O}]
#set_ideal_network [get_pins {u_LOGIC_CENTER/CENTER1/ANCTL/BUF_LS_CLK/O}]
#set_ideal_network [get_pins {u_LOGIC_CENTER/PAD_INBUF/SCL_BUF/O}]
#set_ideal_network [get_pins {u_LOGIC_CENTER/CLKGEN_U1/BUF_N_RST/O}]
#set_ideal_network [get_pins {u_LOGIC_CENTER/CLKGEN_U0/AND_N_RST_NLOCK0/O}]
#set_ideal_network [get_pins {u_LOGIC_CENTER/CENTER1/TOTAL_DTCTL/DTCTL_L0/DTCLK_1P_ORG_reg/Q}]
#set_ideal_network [get_pins {u_LOGIC_CENTER/CENTER1/ANCTL/BUF_POWERON_CLK/O}]
#set_ideal_network [get_pins {u_LOGIC_CENTER/CLKGEN_U0/AND_N_RST_NLOCK/O}]
#set_ideal_network [get_pins {u_LOGIC_CENTER/LINK_LOGIC/BUF_STB_CLK/O}]
#set_ideal_network [get_ports {OSC_CLK_I}]
#set_ideal_network [get_ports {XPONRST_I}]
#set_ideal_network [get_pins {u_LOGIC_CENTER/CLKGEN_U1/AND_N_RST_NLOCK1/O}]
#set_ideal_network [get_ports {clk_lane_L0}]
#set_ideal_network [get_ports {clk_lane_od_L0}]
#set_ideal_network [get_ports {clk_lane_L1}]
set_max_transition  1.2 [current_design]
1
set_max_transition  0.6 [get_clocks {RX1_OD_CLK}] -clock_path  -rise 
1
set_max_transition  0.6 [get_clocks {RX1_OD_CLK}] -clock_path  -fall 
1
set_max_transition  0.6 [get_clocks {RX0_OD_CLK}] -clock_path  -rise 
1
set_max_transition  0.6 [get_clocks {RX0_OD_CLK}] -clock_path  -fall 
1
set_max_transition  0.6 [get_clocks {RX1_CLK}] -clock_path  -rise 
1
set_max_transition  0.6 [get_clocks {RX1_CLK}] -clock_path  -fall 
1
set_max_transition  0.6 [get_clocks {RX0_CLK}] -clock_path  -rise 
1
set_max_transition  0.6 [get_clocks {RX0_CLK}] -clock_path  -fall 
1
set_max_transition  0.6 [get_clocks {RX0_CLK_DIV1P5_1P}] -clock_path  -rise 
1
set_max_transition  0.6 [get_clocks {RX0_CLK_DIV1P5_1P}] -clock_path  -fall 
1
set_max_transition  0.6 [get_clocks {I2C_CLK}] -clock_path  -rise 
1
set_max_transition  0.6 [get_clocks {I2C_CLK}] -clock_path  -fall 
1
set_max_transition  0.6 [get_clocks {OSC_CLK_IN}] -clock_path  -rise 
1
set_max_transition  0.6 [get_clocks {OSC_CLK_IN}] -clock_path  -fall 
1
set_max_transition  0.6 [get_clocks {POWERON_CLK}] -clock_path  -rise 
1
set_max_transition  0.6 [get_clocks {POWERON_CLK}] -clock_path  -fall 
1
set_max_transition  0.6 [get_clocks {STB_CLK}] -clock_path  -rise 
1
set_max_transition  0.6 [get_clocks {STB_CLK}] -clock_path  -fall 
1
set_max_transition  0.6 [get_clocks {LS_CLK}] -clock_path  -rise 
1
set_max_transition  0.6 [get_clocks {LS_CLK}] -clock_path  -fall 
1
set_max_transition  0.6 [get_clocks {VS_CLK}] -clock_path  -rise 
1
set_max_transition  0.6 [get_clocks {VS_CLK}] -clock_path  -fall 
1
###############################################################################
# POCV Information
###############################################################################
######### add on
##remove for easy APR 
set_multicycle_path -setup 0 -through [get_ports dout_lane_L0*]
1
set_multicycle_path -hold  0 -through [get_ports dout_lane_L0*]
1
#
set_multicycle_path -setup 0 -through [get_ports dout_lane_L1*]
1
set_multicycle_path -hold  0 -through [get_ports dout_lane_L1*]
1
1
1
