#@ # 
#@ # Running pt_shell Version M-2017.06-SP3-3 for linux64 -- Jul 27, 2018
#@ # Date:   Wed Jul 29 17:20:27 2026
#@ # Run by: ymzhu@node053
#@ 

source /eda/synopsys/pt1706/admin/setup/.synopsys_pt.setup
#@ # -- Starting source /eda/synopsys/pt1706/admin/setup/.synopsys_pt.setup

#@ #
#@ # .synopsys_pt.setup: Initialization File for PrimeTime
#@ #
#@ 
#@ 
#@ #
#@ # Enable stack trace output on fatal.  Not available for all architectures.
#@ #
#@ if { $sh_arch == "sparcOS5" || $sh_arch == "hpux10" ||      $sh_arch == "hp32" || $sh_arch == "linux" } {
#@   set_unix_variable SYNOPSYS_TRACE ""
#@ }
#@ 
#@ #
#@ # Variable settings
#@ #
#@ 
#@ #
#@ # Synopsys strongly recommends that you use new variable message
#@ # tracing for debugging purposes only.
#@ #
#@ set sh_new_variable_message true
#@ 
#@ #
#@ # Synopsys strongly recommends that you uncomment the following command
#@ # in order to set sh_command_abbrev_mode to the value "Command-Line-Only".
#@ # Command abbreviation is intended as an interactive convenience.  Using
#@ # abbreviations in scripts can cause commands to fail in subsequent releases.
#@ # 
#@ #set sh_command_abbrev_mode "Command-Line-Only"
#@ 
#@ #
#@ # Some useful aliases
#@ #
#@ alias list_commands		help
#@ alias report_constraints	report_constraint
#@ alias report_clocks		report_clock
#@ 
#@ #
#@ # The alias for get_clock was added when get_clock_network_objects
#@ # was introduced, as it conflicts with get_clocks (and get_clock is a
#@ # typical abbreviation for get_clocks)
#@ #
#@ alias get_clock get_clocks
#@ 
#@ 
#@ #
#@ #
#@ # The alias of q to quit is commented out.  Remove the comment 
#@ # character if you want this alias.  Some users find that having 
#@ # this particular alias causes problems when mixed with page-mode
#@ # for reports - an accidental repeated 'q' not only cancels the
#@ # output but exits the tool.
#@ #
#@ #alias q quit
#@ 
#@ # -- End source /eda/synopsys/pt1706/admin/setup/.synopsys_pt.setup

#@ # -- Starting source /eda/synopsys/pt1706/auxx/tcllib/lib/itcl4.0.2/itcl.tcl

#@ #
#@ # itcl.tcl
#@ # ----------------------------------------------------------------------
#@ # Invoked automatically upon startup to customize the interpreter
#@ # for [incr Tcl].
#@ # ----------------------------------------------------------------------
#@ #   AUTHOR:  Michael J. McLennan
#@ #            Bell Labs Innovations for Lucent Technologies
#@ #            mmclennan@lucent.com
#@ #            http://www.tcltk.com/itcl
#@ # ----------------------------------------------------------------------
#@ #            Copyright (c) 1993-1998  Lucent Technologies, Inc.
#@ # ======================================================================
#@ # See the file "license.terms" for information on usage and
#@ # redistribution of this file, and for a DISCLAIMER OF ALL WARRANTIES.
#@ 
#@ proc ::itcl::delete_helper { name args } {
#@     ::itcl::delete object $name
#@ }
#@ 
#@ # ----------------------------------------------------------------------
#@ #  USAGE:  local <className> <objName> ?<arg> <arg>...?
#@ #
#@ #  Creates a new object called <objName> in class <className>, passing
#@ #  the remaining <arg>'s to the constructor.  Unlike the usual
#@ #  [incr Tcl] objects, however, an object created by this procedure
#@ #  will be automatically deleted when the local call frame is destroyed.
#@ #  This command is useful for creating objects that should only remain
#@ #  alive until a procedure exits.
#@ # ----------------------------------------------------------------------
#@ proc ::itcl::local {class name args} {
#@     set ptr [uplevel [list $class $name] $args]
#@     uplevel [list set itcl-local-$ptr $ptr]
#@     set cmd [uplevel namespace which -command $ptr]
#@     uplevel [list trace variable itcl-local-$ptr u         "::itcl::delete_helper $cmd"]
#@     return $ptr
#@ }
#@ 
#@ # ----------------------------------------------------------------------
#@ # auto_mkindex
#@ # ----------------------------------------------------------------------
#@ # Define Itcl commands that will be recognized by the auto_mkindex
#@ # parser in Tcl...
#@ #
#@ 
#@ #
#@ # USAGE:  itcl::class name body
#@ # Adds an entry for the given class declaration.
#@ #
#@ foreach __cmd {itcl::class class itcl::type type ictl::widget widget itcl::widgetadaptor widgetadaptor itcl::extendedclass extendedclass} {
#@     auto_mkindex_parser::command $__cmd {name body} {
#@ 	variable index
#@ 	variable scriptFile
#@ 	append index "set [list auto_index([fullname $name])]"
#@ 	append index " \[list source \[file join \$dir [list $scriptFile]\]\]\n"
#@ 
#@ 	variable parser
#@ 	variable contextStack
#@ 	set contextStack [linsert $contextStack 0 $name]
#@ 	$parser eval $body
#@ 	set contextStack [lrange $contextStack 1 end]
#@     }
#@ }
#@ # -- Starting source /eda/synopsys/pt1706/auxx/tcllib/lib/tcl8.6/auto.tcl

#@ # auto.tcl --
#@ #
#@ # utility procs formerly in init.tcl dealing with auto execution of commands
#@ # and can be auto loaded themselves.
#@ #
#@ # Copyright (c) 1991-1993 The Regents of the University of California.
#@ # Copyright (c) 1994-1998 Sun Microsystems, Inc.
#@ #
#@ # See the file "license.terms" for information on usage and redistribution of
#@ # this file, and for a DISCLAIMER OF ALL WARRANTIES.
#@ #
#@ 
#@ # auto_reset --
#@ #
#@ # Destroy all cached information for auto-loading and auto-execution, so that
#@ # the information gets recomputed the next time it's needed.  Also delete any
#@ # commands that are listed in the auto-load index.
#@ #
#@ # Arguments:
#@ # None.
#@ 
#@ proc auto_reset {} {
#@     global auto_execs auto_index auto_path
#@     if {[array exists auto_index]} {
#@ 	foreach cmdName [array names auto_index] {
#@ 	    set fqcn [namespace which $cmdName]
#@ 	    if {$fqcn eq ""} {
#@ 		continue
#@ 	    }
#@ 	    rename $fqcn {}
#@ 	}
#@     }
#@     unset -nocomplain auto_execs auto_index ::tcl::auto_oldpath
#@     if {[catch {llength $auto_path}]} {
#@ 	set auto_path [list [info library]]
#@     } elseif {[info library] ni $auto_path} {
#@ 	lappend auto_path [info library]
#@     }
#@ }
#@ 
#@ # tcl_findLibrary --
#@ #
#@ #	This is a utility for extensions that searches for a library directory
#@ #	using a canonical searching algorithm. A side effect is to source the
#@ #	initialization script and set a global library variable.
#@ #
#@ # Arguments:
#@ # 	basename	Prefix of the directory name, (e.g., "tk")
#@ #	version		Version number of the package, (e.g., "8.0")
#@ #	patch		Patchlevel of the package, (e.g., "8.0.3")
#@ #	initScript	Initialization script to source (e.g., tk.tcl)
#@ #	enVarName	environment variable to honor (e.g., TK_LIBRARY)
#@ #	varName		Global variable to set when done (e.g., tk_library)
#@ 
#@ proc tcl_findLibrary {basename version patch initScript enVarName varName} {
#@     upvar #0 $varName the_library
#@     global auto_path env tcl_platform
#@ 
#@     set dirs {}
#@     set errors {}
#@ 
#@     # The C application may have hardwired a path, which we honor
#@ 
#@     if {[info exists the_library] && $the_library ne ""} {
#@ 	lappend dirs $the_library
#@     } else {
#@ 	# Do the canonical search
#@ 
#@ 	# 1. From an environment variable, if it exists.  Placing this first
#@ 	#    gives the end-user ultimate control to work-around any bugs, or
#@ 	#    to customize.
#@ 
#@         if {[info exists env($enVarName)]} {
#@             lappend dirs $env($enVarName)
#@         }
#@ 
#@ 	# 2. In the package script directory registered within the
#@ 	#    configuration of the package itself.
#@ 
#@ 	catch {
#@ 	    lappend dirs [::${basename}::pkgconfig get scriptdir,runtime]
#@ 	}
#@ 
#@ 	# 3. Relative to auto_path directories.  This checks relative to the
#@ 	# Tcl library as well as allowing loading of libraries added to the
#@ 	# auto_path that is not relative to the core library or binary paths.
#@ 	foreach d $auto_path {
#@ 	    lappend dirs [file join $d $basename$version]
#@ 	    if {$tcl_platform(platform) eq "unix"
#@ 		    && $tcl_platform(os) eq "Darwin"} {
#@ 		# 4. On MacOSX, check the Resources/Scripts subdir too
#@ 		lappend dirs [file join $d $basename$version Resources Scripts]
#@ 	    }
#@ 	}
#@ 
#@ 	# 3. Various locations relative to the executable
#@ 	# ../lib/foo1.0		(From bin directory in install hierarchy)
#@ 	# ../../lib/foo1.0	(From bin/arch directory in install hierarchy)
#@ 	# ../library		(From unix directory in build hierarchy)
#@ 	#
#@ 	# Remaining locations are out of date (when relevant, they ought to be
#@ 	# covered by the $::auto_path seach above) and disabled.
#@ 	#
#@ 	# ../../library		(From unix/arch directory in build hierarchy)
#@ 	# ../../foo1.0.1/library
#@ 	#		(From unix directory in parallel build hierarchy)
#@ 	# ../../../foo1.0.1/library
#@ 	#		(From unix/arch directory in parallel build hierarchy)
#@ 
#@         set parentDir [file dirname [file dirname [info nameofexecutable]]]
#@         set grandParentDir [file dirname $parentDir]
#@         lappend dirs [file join $parentDir lib $basename$version]
#@         lappend dirs [file join $grandParentDir lib $basename$version]
#@         lappend dirs [file join $parentDir library]
#@ 	if {0} {
#@ 	    lappend dirs [file join $grandParentDir library]
#@ 	    lappend dirs [file join $grandParentDir $basename$patch library]
#@ 	    lappend dirs [file join [file dirname $grandParentDir] 			      $basename$patch library]
#@ 	}
#@     }
#@     # uniquify $dirs in order
#@     array set seen {}
#@     foreach i $dirs {
#@ 	# Take note that the [file normalize] below has been noted to cause
#@ 	# difficulties for the freewrap utility.  See Bug 1072136.  Until
#@ 	# freewrap resolves the matter, one might work around the problem by
#@ 	# disabling that branch.
#@ 	if {[interp issafe]} {
#@ 	    set norm $i
#@ 	} else {
#@ 	    set norm [file normalize $i]
#@ 	}
#@ 	if {[info exists seen($norm)]} {
#@ 	    continue
#@ 	}
#@ 	set seen($norm) {}
#@ 	lappend uniqdirs $i
#@     }
#@     set dirs $uniqdirs
#@     foreach i $dirs {
#@         set the_library $i
#@         set file [file join $i $initScript]
#@ 
#@ 	# source everything when in a safe interpreter because we have a
#@ 	# source command, but no file exists command
#@ 
#@         if {[interp issafe] || [file exists $file]} {
#@             if {![catch {uplevel #0 [list source $file]} msg opts]} {
#@                 return
#@             }
#@ 	    append errors "$file: $msg\n"
#@ 	    append errors [dict get $opts -errorinfo]\n
#@         }
#@     }
#@     unset -nocomplain the_library
#@     set msg "Can't find a usable $initScript in the following directories: \n"
#@     append msg "    $dirs\n\n"
#@     append msg "$errors\n\n"
#@     append msg "This probably means that $basename wasn't installed properly.\n"
#@     error $msg
#@ }
#@ 
#@ 
#@ # ----------------------------------------------------------------------
#@ # auto_mkindex
#@ # ----------------------------------------------------------------------
#@ # The following procedures are used to generate the tclIndex file from Tcl
#@ # source files.  They use a special safe interpreter to parse Tcl source
#@ # files, writing out index entries as "proc" commands are encountered.  This
#@ # implementation won't work in a safe interpreter, since a safe interpreter
#@ # can't create the special parser and mess with its commands.
#@ 
#@ if {[interp issafe]} {
#@     return	;# Stop sourcing the file here
#@ }
#@ 
#@ # auto_mkindex --
#@ # Regenerate a tclIndex file from Tcl source files.  Takes as argument the
#@ # name of the directory in which the tclIndex file is to be placed, followed
#@ # by any number of glob patterns to use in that directory to locate all of the
#@ # relevant files.
#@ #
#@ # Arguments:
#@ # dir -		Name of the directory in which to create an index.
#@ 
#@ # args -	Any number of additional arguments giving the names of files
#@ #		within dir.  If no additional are given auto_mkindex will look
#@ #		for *.tcl.
#@ 
#@ proc auto_mkindex {dir args} {
#@     if {[interp issafe]} {
#@         error "can't generate index within safe interpreter"
#@     }
#@ 
#@     set oldDir [pwd]
#@     cd $dir
#@ 
#@     append index "# Tcl autoload index file, version 2.0\n"
#@     append index "# This file is generated by the \"auto_mkindex\" command\n"
#@     append index "# and sourced to set up indexing information for one or\n"
#@     append index "# more commands.  Typically each line is a command that\n"
#@     append index "# sets an element in the auto_index array, where the\n"
#@     append index "# element name is the name of a command and the value is\n"
#@     append index "# a script that loads the command.\n\n"
#@     if {![llength $args]} {
#@ 	set args *.tcl
#@     }
#@ 
#@     auto_mkindex_parser::init
#@     foreach file [glob -- {*}$args] {
#@ 	try {
#@ 	    append index [auto_mkindex_parser::mkindex $file]
#@ 	} on error {msg opts} {
#@ 	    cd $oldDir
#@ 	    return -options $opts $msg
#@ 	}
#@     }
#@     auto_mkindex_parser::cleanup
#@ 
#@     set fid [open "tclIndex" w]
#@     puts -nonewline $fid $index
#@     close $fid
#@     cd $oldDir
#@ }
#@ 
#@ # Original version of auto_mkindex that just searches the source code for
#@ # "proc" at the beginning of the line.
#@ 
#@ proc auto_mkindex_old {dir args} {
#@     set oldDir [pwd]
#@     cd $dir
#@     set dir [pwd]
#@     append index "# Tcl autoload index file, version 2.0\n"
#@     append index "# This file is generated by the \"auto_mkindex\" command\n"
#@     append index "# and sourced to set up indexing information for one or\n"
#@     append index "# more commands.  Typically each line is a command that\n"
#@     append index "# sets an element in the auto_index array, where the\n"
#@     append index "# element name is the name of a command and the value is\n"
#@     append index "# a script that loads the command.\n\n"
#@     if {![llength $args]} {
#@ 	set args *.tcl
#@     }
#@     foreach file [glob -- {*}$args] {
#@ 	set f ""
#@ 	set error [catch {
#@ 	    set f [open $file]
#@ 	    while {[gets $f line] >= 0} {
#@ 		if {[regexp {^proc[ 	]+([^ 	]*)} $line match procName]} {
#@ 		    set procName [lindex [auto_qualify $procName "::"] 0]
#@ 		    append index "set [list auto_index($procName)]"
#@ 		    append index " \[list source \[file join \$dir [list $file]\]\]\n"
#@ 		}
#@ 	    }
#@ 	    close $f
#@ 	} msg opts]
#@ 	if {$error} {
#@ 	    catch {close $f}
#@ 	    cd $oldDir
#@ 	    return -options $opts $msg
#@ 	}
#@     }
#@     set f ""
#@     set error [catch {
#@ 	set f [open tclIndex w]
#@ 	puts -nonewline $f $index
#@ 	close $f
#@ 	cd $oldDir
#@     } msg opts]
#@     if {$error} {
#@ 	catch {close $f}
#@ 	cd $oldDir
#@ 	error $msg $info $code
#@ 	return -options $opts $msg
#@     }
#@ }
#@ 
#@ # Create a safe interpreter that can be used to parse Tcl source files
#@ # generate a tclIndex file for autoloading.  This interp contains commands for
#@ # things that need index entries.  Each time a command is executed, it writes
#@ # an entry out to the index file.
#@ 
#@ namespace eval auto_mkindex_parser {
#@     variable parser ""          ;# parser used to build index
#@     variable index ""           ;# maintains index as it is built
#@     variable scriptFile ""      ;# name of file being processed
#@     variable contextStack ""    ;# stack of namespace scopes
#@     variable imports ""         ;# keeps track of all imported cmds
#@     variable initCommands       ;# list of commands that create aliases
#@     if {![info exists initCommands]} {
#@ 	set initCommands [list]
#@     }
#@ 
#@     proc init {} {
#@ 	variable parser
#@ 	variable initCommands
#@ 
#@ 	if {![interp issafe]} {
#@ 	    set parser [interp create -safe]
#@ 	    $parser hide info
#@ 	    $parser hide rename
#@ 	    $parser hide proc
#@ 	    $parser hide namespace
#@ 	    $parser hide eval
#@ 	    $parser hide puts
#@ 	    foreach ns [$parser invokehidden namespace children ::] {
#@ 		# MUST NOT DELETE "::tcl" OR BAD THINGS HAPPEN!
#@ 		if {$ns eq "::tcl"} continue
#@ 		$parser invokehidden namespace delete $ns
#@ 	    }
#@ 	    foreach cmd [$parser invokehidden info commands ::*] {
#@ 		$parser invokehidden rename $cmd {}
#@ 	    }
#@ 	    $parser invokehidden proc unknown {args} {}
#@ 
#@ 	    # We'll need access to the "namespace" command within the
#@ 	    # interp.  Put it back, but move it out of the way.
#@ 
#@ 	    $parser expose namespace
#@ 	    $parser invokehidden rename namespace _%@namespace
#@ 	    $parser expose eval
#@ 	    $parser invokehidden rename eval _%@eval
#@ 
#@ 	    # Install all the registered psuedo-command implementations
#@ 
#@ 	    foreach cmd $initCommands {
#@ 		eval $cmd
#@ 	    }
#@ 	}
#@     }
#@     proc cleanup {} {
#@ 	variable parser
#@ 	interp delete $parser
#@ 	unset parser
#@     }
#@ }
#@ 
#@ # auto_mkindex_parser::mkindex --
#@ #
#@ # Used by the "auto_mkindex" command to create a "tclIndex" file for the given
#@ # Tcl source file.  Executes the commands in the file, and handles things like
#@ # the "proc" command by adding an entry for the index file.  Returns a string
#@ # that represents the index file.
#@ #
#@ # Arguments:
#@ #	file	Name of Tcl source file to be indexed.
#@ 
#@ proc auto_mkindex_parser::mkindex {file} {
#@     variable parser
#@     variable index
#@     variable scriptFile
#@     variable contextStack
#@     variable imports
#@ 
#@     set scriptFile $file
#@ 
#@     set fid [open $file]
#@     set contents [read $fid]
#@     close $fid
#@ 
#@     # There is one problem with sourcing files into the safe interpreter:
#@     # references like "$x" will fail since code is not really being executed
#@     # and variables do not really exist.  To avoid this, we replace all $ with
#@     # \0 (literally, the null char) later, when getting proc names we will
#@     # have to reverse this replacement, in case there were any $ in the proc
#@     # name.  This will cause a problem if somebody actually tries to have a \0
#@     # in their proc name.  Too bad for them.
#@     set contents [string map [list \$ \0] $contents]
#@ 
#@     set index ""
#@     set contextStack ""
#@     set imports ""
#@ 
#@     $parser eval $contents
#@ 
#@     foreach name $imports {
#@         catch {$parser eval [list _%@namespace forget $name]}
#@     }
#@     return $index
#@ }
#@ 
#@ # auto_mkindex_parser::hook command
#@ #
#@ # Registers a Tcl command to evaluate when initializing the slave interpreter
#@ # used by the mkindex parser.  The command is evaluated in the master
#@ # interpreter, and can use the variable auto_mkindex_parser::parser to get to
#@ # the slave
#@ 
#@ proc auto_mkindex_parser::hook {cmd} {
#@     variable initCommands
#@ 
#@     lappend initCommands $cmd
#@ }
#@ 
#@ # auto_mkindex_parser::slavehook command
#@ #
#@ # Registers a Tcl command to evaluate when initializing the slave interpreter
#@ # used by the mkindex parser.  The command is evaluated in the slave
#@ # interpreter.
#@ 
#@ proc auto_mkindex_parser::slavehook {cmd} {
#@     variable initCommands
#@ 
#@     # The $parser variable is defined to be the name of the slave interpreter
#@     # when this command is used later.
#@ 
#@     lappend initCommands "\$parser eval [list $cmd]"
#@ }
#@ 
#@ # auto_mkindex_parser::command --
#@ #
#@ # Registers a new command with the "auto_mkindex_parser" interpreter that
#@ # parses Tcl files.  These commands are fake versions of things like the
#@ # "proc" command.  When you execute them, they simply write out an entry to a
#@ # "tclIndex" file for auto-loading.
#@ #
#@ # This procedure allows extensions to register their own commands with the
#@ # auto_mkindex facility.  For example, a package like [incr Tcl] might
#@ # register a "class" command so that class definitions could be added to a
#@ # "tclIndex" file for auto-loading.
#@ #
#@ # Arguments:
#@ #	name 	Name of command recognized in Tcl files.
#@ #	arglist	Argument list for command.
#@ #	body 	Implementation of command to handle indexing.
#@ 
#@ proc auto_mkindex_parser::command {name arglist body} {
#@     hook [list auto_mkindex_parser::commandInit $name $arglist $body]
#@ }
#@ 
#@ # auto_mkindex_parser::commandInit --
#@ #
#@ # This does the actual work set up by auto_mkindex_parser::command. This is
#@ # called when the interpreter used by the parser is created.
#@ #
#@ # Arguments:
#@ #	name 	Name of command recognized in Tcl files.
#@ #	arglist	Argument list for command.
#@ #	body 	Implementation of command to handle indexing.
#@ 
#@ proc auto_mkindex_parser::commandInit {name arglist body} {
#@     variable parser
#@ 
#@     set ns [namespace qualifiers $name]
#@     set tail [namespace tail $name]
#@     if {$ns eq ""} {
#@         set fakeName [namespace current]::_%@fake_$tail
#@     } else {
#@         set fakeName [namespace current]::[string map {:: _} _%@fake_$name]
#@     }
#@     proc $fakeName $arglist $body
#@ 
#@     # YUK!  Tcl won't let us alias fully qualified command names, so we can't
#@     # handle names like "::itcl::class".  Instead, we have to build procs with
#@     # the fully qualified names, and have the procs point to the aliases.
#@ 
#@     if {[string match *::* $name]} {
#@         set exportCmd [list _%@namespace export [namespace tail $name]]
#@         $parser eval [list _%@namespace eval $ns $exportCmd]
#@ 
#@ 	# The following proc definition does not work if you want to tolerate
#@ 	# space or something else diabolical in the procedure name, (i.e.,
#@ 	# space in $alias). The following does not work:
#@ 	#   "_%@eval {$alias} \$args"
#@ 	# because $alias gets concat'ed to $args.  The following does not work
#@ 	# because $cmd is somehow undefined
#@ 	#   "set cmd {$alias} \; _%@eval {\$cmd} \$args"
#@ 	# A gold star to someone that can make test autoMkindex-3.3 work
#@ 	# properly
#@ 
#@         set alias [namespace tail $fakeName]
#@         $parser invokehidden proc $name {args} "_%@eval {$alias} \$args"
#@         $parser alias $alias $fakeName
#@     } else {
#@         $parser alias $name $fakeName
#@     }
#@     return
#@ }
#@ 
#@ # auto_mkindex_parser::fullname --
#@ #
#@ # Used by commands like "proc" within the auto_mkindex parser.  Returns the
#@ # qualified namespace name for the "name" argument.  If the "name" does not
#@ # start with "::", elements are added from the current namespace stack to
#@ # produce a qualified name.  Then, the name is examined to see whether or not
#@ # it should really be qualified.  If the name has more than the leading "::",
#@ # it is returned as a fully qualified name.  Otherwise, it is returned as a
#@ # simple name.  That way, the Tcl autoloader will recognize it properly.
#@ #
#@ # Arguments:
#@ # name -		Name that is being added to index.
#@ 
#@ proc auto_mkindex_parser::fullname {name} {
#@     variable contextStack
#@ 
#@     if {![string match ::* $name]} {
#@         foreach ns $contextStack {
#@             set name "${ns}::$name"
#@             if {[string match ::* $name]} {
#@                 break
#@             }
#@         }
#@     }
#@ 
#@     if {[namespace qualifiers $name] eq ""} {
#@         set name [namespace tail $name]
#@     } elseif {![string match ::* $name]} {
#@         set name "::$name"
#@     }
#@ 
#@     # Earlier, mkindex replaced all $'s with \0.  Now, we have to reverse that
#@     # replacement.
#@     return [string map [list \0 \$] $name]
#@ }
#@ 
#@ # auto_mkindex_parser::indexEntry --
#@ #
#@ # Used by commands like "proc" within the auto_mkindex parser to add a
#@ # correctly-quoted entry to the index. This is shared code so it is done
#@ # *right*, in one place.
#@ #
#@ # Arguments:
#@ # name -		Name that is being added to index.
#@ 
#@ proc auto_mkindex_parser::indexEntry {name} {
#@     variable index
#@     variable scriptFile
#@ 
#@     # We convert all metacharacters to their backslashed form, and pre-split
#@     # the file name that we know about (which will be a proper list, and so
#@     # correctly quoted).
#@ 
#@     set name [string range [list \}[fullname $name]] 2 end]
#@     set filenameParts [file split $scriptFile]
#@ 
#@     append index [format 	    {set auto_index(%s) [list source [file join $dir %s]]%s} 	    $name $filenameParts \n]
#@     return
#@ }
#@ 
#@ if {[llength $::auto_mkindex_parser::initCommands]} {
#@     return
#@ }
#@ 
#@ # Register all of the procedures for the auto_mkindex parser that will build
#@ # the "tclIndex" file.
#@ 
#@ # AUTO MKINDEX:  proc name arglist body
#@ # Adds an entry to the auto index list for the given procedure name.
#@ 
#@ auto_mkindex_parser::command proc {name args} {
#@     indexEntry $name
#@ }
#@ 
#@ # Conditionally add support for Tcl byte code files.  There are some tricky
#@ # details here.  First, we need to get the tbcload library initialized in the
#@ # current interpreter.  We cannot load tbcload into the slave until we have
#@ # done so because it needs access to the tcl_patchLevel variable.  Second,
#@ # because the package index file may defer loading the library until we invoke
#@ # a command, we need to explicitly invoke auto_load to force it to be loaded.
#@ # This should be a noop if the package has already been loaded
#@ 
#@ auto_mkindex_parser::hook {
#@     try {
#@ 	package require tbcload
#@     } on error {} {
#@ 	# OK, don't have it so do nothing
#@     } on ok {} {
#@ 	if {[namespace which -command tbcload::bcproc] eq ""} {
#@ 	    auto_load tbcload::bcproc
#@ 	}
#@         if {[info commands load] == "load"} {
#@ 	    load {} tbcload $auto_mkindex_parser::parser
#@         }
#@ 
#@ 	# AUTO MKINDEX:  tbcload::bcproc name arglist body
#@ 	# Adds an entry to the auto index list for the given pre-compiled
#@ 	# procedure name.
#@ 
#@ 	auto_mkindex_parser::commandInit tbcload::bcproc {name args} {
#@ 	    indexEntry $name
#@ 	}
#@     }
#@ }
#@ 
#@ # AUTO MKINDEX:  namespace eval name command ?arg arg...?
#@ # Adds the namespace name onto the context stack and evaluates the associated
#@ # body of commands.
#@ #
#@ # AUTO MKINDEX:  namespace import ?-force? pattern ?pattern...?
#@ # Performs the "import" action in the parser interpreter.  This is important
#@ # for any commands contained in a namespace that affect the index.  For
#@ # example, a script may say "itcl::class ...", or it may import "itcl::*" and
#@ # then say "class ...".  This procedure does the import operation, but keeps
#@ # track of imported patterns so we can remove the imports later.
#@ 
#@ auto_mkindex_parser::command namespace {op args} {
#@     switch -- $op {
#@         eval {
#@             variable parser
#@             variable contextStack
#@ 
#@             set name [lindex $args 0]
#@             set args [lrange $args 1 end]
#@ 
#@             set contextStack [linsert $contextStack 0 $name]
#@ 	    $parser eval [list _%@namespace eval $name] $args
#@             set contextStack [lrange $contextStack 1 end]
#@         }
#@         import {
#@             variable parser
#@             variable imports
#@             foreach pattern $args {
#@                 if {$pattern ne "-force"} {
#@                     lappend imports $pattern
#@                 }
#@             }
#@             catch {$parser eval "_%@namespace import $args"}
#@         }
#@ 	ensemble {
#@ 	    variable parser
#@ 	    variable contextStack
#@ 	    if {[lindex $args 0] eq "create"} {
#@ 		set name ::[join [lreverse $contextStack] ::]
#@ 		catch {
#@ 		    set name [dict get [lrange $args 1 end] -command]
#@ 		    if {![string match ::* $name]} {
#@ 			set name ::[join [lreverse $contextStack] ::]$name
#@ 		    }
#@ 		    regsub -all ::+ $name :: name
#@ 		}
#@ 		# create artifical proc to force an entry in the tclIndex
#@ 		$parser eval [list ::proc $name {} {}]
#@ 	    }
#@ 	}
#@     }
#@ }
#@ 
#@ # AUTO MKINDEX:  oo::class create name ?definition?
#@ # Adds an entry to the auto index list for the given class name.
#@ auto_mkindex_parser::command oo::class {op name {body ""}} {
#@     if {$op eq "create"} {
#@ 	indexEntry $name
#@     }
#@ }
#@ auto_mkindex_parser::command class {op name {body ""}} {
#@     if {$op eq "create"} {
#@ 	indexEntry $name
#@     }
#@ }
#@ 
#@ return
#@ # -- End source /eda/synopsys/pt1706/auxx/tcllib/lib/tcl8.6/auto.tcl

#@ 
#@ #
#@ # USAGE:  itcl::body name arglist body
#@ # Adds an entry for the given method/proc body.
#@ #
#@ foreach __cmd {itcl::body body} {
#@     auto_mkindex_parser::command $__cmd {name arglist body} {
#@ 	variable index
#@ 	variable scriptFile
#@ 	append index "set [list auto_index([fullname $name])]"
#@ 	append index " \[list source \[file join \$dir [list $scriptFile]\]\]\n"
#@     }
#@ }
#@ 
#@ #
#@ # USAGE:  itcl::configbody name arglist body
#@ # Adds an entry for the given method/proc body.
#@ #
#@ foreach __cmd {itcl::configbody configbody} {
#@     auto_mkindex_parser::command $__cmd {name body} {
#@ 	variable index
#@ 	variable scriptFile
#@ 	append index "set [list auto_index([fullname $name])]"
#@ 	append index " \[list source \[file join \$dir [list $scriptFile]\]\]\n"
#@     }
#@ }
#@ 
#@ #
#@ # USAGE:  ensemble name ?body?
#@ # Adds an entry to the auto index list for the given ensemble name.
#@ #
#@ foreach __cmd {itcl::ensemble ensemble} {
#@     auto_mkindex_parser::command $__cmd {name {body ""}} {
#@ 	variable index
#@ 	variable scriptFile
#@ 	append index "set [list auto_index([fullname $name])]"
#@ 	append index " \[list source \[file join \$dir [list $scriptFile]\]\]\n"
#@     }
#@ }
#@ 
#@ #
#@ # USAGE:  public arg ?arg arg...?
#@ #         protected arg ?arg arg...?
#@ #         private arg ?arg arg...?
#@ #
#@ # Evaluates the arguments as commands, so we can recognize proc
#@ # declarations within classes.
#@ #
#@ foreach __cmd {public protected private} {
#@     auto_mkindex_parser::command $__cmd {args} {
#@         variable parser
#@         $parser eval $args
#@     }
#@ }
#@ 
#@ # SF bug #246 unset variable __cmd to avoid problems in user programs!!
#@ unset __cmd
#@ 
#@ # ----------------------------------------------------------------------
#@ # auto_import
#@ # ----------------------------------------------------------------------
#@ # This procedure overrides the usual "auto_import" function in the
#@ # Tcl library.  It is invoked during "namespace import" to make see
#@ # if the imported commands reside in an autoloaded library.  If so,
#@ # stubs are created to represent the commands.  Executing a stub
#@ # later on causes the real implementation to be autoloaded.
#@ #
#@ # Arguments -
#@ # pattern	The pattern of commands being imported (like "foo::*")
#@ #               a canonical namespace as returned by [namespace current]
#@ 
#@ proc auto_import {pattern} {
#@     global auto_index
#@ 
#@     set ns [uplevel namespace current]
#@     set patternList [auto_qualify $pattern $ns]
#@ 
#@     auto_load_index
#@ 
#@     foreach pattern $patternList {
#@         foreach name [array names auto_index $pattern] {
#@             if {"" == [info commands $name]} {
#@                 ::itcl::import::stub create $name
#@             }
#@         }
#@     }
#@ }
#@ # -- End source /eda/synopsys/pt1706/auxx/tcllib/lib/itcl4.0.2/itcl.tcl

source -echo -verbose ./px_setup.tcl
#@ # -- Starting source ./px_setup.tcl

#@ 
#@ source ./design.set -verbose -echo
#@ # -- Starting source ./design.set

#@ # vim: ft=tcl
#@ 
#@ set TOP_NAME HV2M23_digital_top
#@ 
#@ set PROJECT_PATH $env(PROJECT_PATH)
#@ #set PROJECT_NAME env(PROJECT_NAME)
#@ 
#@ set SYN_DIR              "."
#@ set TCL_DIR              [format "%s%s" $PROJECT_PATH "/SYNTHESIS/common/tcl_dir/"]
#@ set IP_CONS_DIR          [format "%s%s" $PROJECT_PATH "/SYNTHESIS/common/ip_cons/"]
#@ set TOP_CONS_DIR         [format "%s%s" $PROJECT_PATH "/SYNTHESIS/common/top_cons/"]
#@ set HDL_DIR              [format "%s%s" $PROJECT_PATH "/HDL/"]
#@ set UPF_DIR              [format "%s%s" $PROJECT_PATH "/SYNTHESIS/common/upf/"]
#@ 
#@ set UPPER_CASE           0
#@ set PARA_DESIGN          1 
#@ set USE_SAIF             0
#@ set USE_UPF              0
#@ # cell_lib you can sel   
#@ 
#@ # hlmc_55_snps_7t
#@ # hlmc_55_snps_9t
#@ 
#@ # umc_55_snps_7t
#@ # umc_55_snps_8t
#@ # umc_55_fara_7t
#@ # umc_55_fara_8t
#@ 
#@ 
#@ # umc_40_fara_7t
#@ # umc_40_snps_7t
#@ # umc_40_fara_9t
#@ # umc_40_snps_9t
#@ 
#@ #umc_28_arm_9t_hpc_c30
#@ 
#@ 
#@ 
#@ set LINK_LIB             "nexchip_145_9t"
#@ set TAR_LIB              "nexchip_145_9t"
#@ 
#@ #set NET_DEFINE          ["XX" "XX=0"]
#@ set NET_DEFINE0          "NETLIST"
#@ set NET_DEFINE1          "nexchip_145_9t"
#@ set NET_DEFINE           [list "NETLIST" "nexchip_145_9t"]
#@ 
#@ 
#@ set ANA_EN               0
#@ set MEM_EN               0
#@ set POSTPT_EN            1
#@ set MEM_SNPS_EN          0
#@ set MEM_FARA_EN          0
#@ set MEM_ARM_EN           0
#@ 
#@ set HVT_EN               0
#@ set LVT_EN               1 
#@ set SCAN_EN              0
#@ set CCS_EN               1
#@ 
#@ set POWER_OPTIMIZATION   1 
#@ 
#@ set INCR_OPT             1 
#@ set PT_HOLD              0 
#@ 
#@ set CORNER               "tt_typ"
#@ #???
#@ #set CORNER               "wc_cworst"
#@ 
#@ 
#@ #CORNER            PVT                 PVTM              RC_FILE
#@ #"wc_cworst"       "ss0p99v125c"       "ss0p99v125c"     "cworst_125" 
#@ #"wc_rcworst_max"  "ss0p99v125c"       "ss0p99v125c"     "rcworst_125" 
#@ #"wc_rcworst_min"  "ss0p99v125c"       "ss0p99v125c"     "rcworst_125"
#@ #"wcl_cworst"      "ss0p99vn40c"       "ss0p99vm40c"     "cworst_m40"
#@ #"lt_cbest"        "ff1p21vn40c"       "ff1p21vm40c"     "cbest_m40"
#@ #"ml_cbest"        "ff1p21v125c"       "ff1p21v125c"     "cbest_125"
#@ 
#@ set SLACK_EN             0
#@ 
#@ #version add
#@ #
#@ 
#@ # -- End source ./design.set

#@ source ./px_cfg.tcl
#@ # -- Starting source ./px_cfg.tcl

#@ 
#@ 
#@ set pr_dir "/project/HV2M23/DataBase/APR/${TOP_NAME}/latest/" 
#@ 
#@ #set CORNER "wc_cmax_125_setup"  
#@ #set CORNER "wc_rcmax_125_setup" 
#@ #set CORNER "wc_cmax_125_hold"   
#@ #set CORNER "wc_rcmax_125_hold"  
#@ 
#@ #set CORNER "wcz_cmax_0_hold"    
#@ #set CORNER "wcz_rcmax_0_hold"   
#@ #set CORNER "wcz_cmax_0_setup"   
#@ #set CORNER "wcz_rcmax_0_setup" 
#@ 
#@ #set CORNER "wcl_cmax_m40_setup" 
#@ #set CORNER "wcl_rcmax_m40_setup"
#@ #set CORNER "wcl_cmax_m40_hold"  
#@ #set CORNER "wcl_rcmax_m40_hold" 
#@ 
#@ #set CORNER "lt_cmax_m40_hold"   
#@ #set CORNER "lt_rcmax_m40_hold"  
#@ #set CORNER "lt_cmin_m40_hold"   
#@ #set CORNER "lt_rcmin_m40_hold"  
#@ #set CORNER "bc_cmax_0_hold"     
#@ #set CORNER "bc_rcmax_0_hold"    
#@ #set CORNER "bc_cmin_0_hold"     
#@ #set CORNER "bc_rcmin_0_hold"    
#@ #set CORNER "ml_cmax_125_hold"   
#@ #set CORNER "ml_rcmax_125_hold"  
#@ #set CORNER "ml_cmin_125_hold"   
#@ #set CORNER "ml_rcmin_125_hold"
#@ 
#@ set CORNER "tt_typ" 
#@ 
#@ #set verilog_file "/project/HK4U31/DataBase/Digital/Release/Netlist/APR/latest/HK4U31.v.gz"
#@ set verilog_file "/project/HV2M23/designer/AD/yzhao/release/HV2M23_digital_top/timing/latest/HV2M23_digital_top.v.gz"
#@ set sdc_file     [list "/project/HV2M23/DataBase/Digital/Release/HV2M23_digital_top_to_APR/latest/HV2M23_digital_top_postcts.sdc"]
#@ #set upf_file     [list "/project/HK6888/designer/DD/ttao/HK6888/Release/Netlist/Prescan/HK6888_PLANB_to_APR/latest/HK6888_final.upf"]
#@ set spef_dir     "/project/HV2M23/designer/AD/yzhao/release/HV2M23_digital_top/timing/latest/"
#@ 
#@ set saif_file    ""
#@ # vcd|saif
#@ set use_vcd_saif "vcd"
#@ 
#@ #set  power_mode "averaged" 
#@ set  power_mode "time_based" 
#@ 
#@ 
#@ set ip0_inst       "HV2M23_digital_top"
#@ set ip0_strip      "chip_tb_top/u_HV2M23/u_HV2M23_digital_top"
#@ #set ip0_vcd        "/simulation/yfzhong/HK6888/TOP_NETLIST_PLANB/t_4400_2250_120_8b8p2l_full_480/verilog.dump"
#@ #set ip0_vcd        "/simulation/ttao/HK3M31/TOP_NETLIST_POST/t_2560_1440_90_8b4p2l_1920chmod_1shl_0dotc_full_L/verilog1.dump" 
#@ set ip0_vcd        "/sim_dd/ymzhu/HV2M23/TOP_NETLIST_POST_TCON_C/four_line_fre1p8_2lane_tt_0729v0.dump" 
#@ #set ip0_vcd        "/simulation/ttao/HK3M31/TOP_NETLIST_POST/t_2560_1440_165_8b4p4l_1920chmod_1shl_0dotc_full_R/one_line.dump" 
#@ # inst strip_path vcd
#@ set vcd_file "            $ip0_inst $ip0_strip $ip0_vcd               "
#@ 
#@ #set vcd_stribe_path   "HV8107_testbench/HV8107/u_sub1_cap"
#@ # -- End source ./px_cfg.tcl

#@ 
#@ if {[file exist "rep_dir"] == 0} { [sh mkdir rep_dir]}
#@ 
#@ set CK_FLT_EN 0
#@ set CK_TIM_EN 1
#@ set CK_PWR_EN 1
#@ 
#@ set power_enable_analysis TRUE
#@ set power_analysis_mode $power_mode
#@ #set_power_analysis_options -waveform_interval 1.666 
#@ #below is default
#@ #set power_analysis_mode averaged
#@ 
#@ #source $TCL_DIR/common_pt.tcl -verbose -echo
#@ source ./common/common_ptpx.tcl -verbose -echo
#@ # -- Starting source ./common/common_ptpx.tcl

#@ set svr_keep_unconnected_nets                       true
#@ set timing_report_unconstrained_paths               true
#@ set sh_enable_page_mode                             false
#@ #for pre layout only
#@ set link_create_black_boxes                         true
#@ set sh_continue_on_error                            false
#@ set sh_source_uses_search_path                      true
#@ set timing_disable_internal_inout_net_arcs          true
#@ set timing_disable_clock_gating_checks              false
#@ set timing_remove_clock_reconvergence_pessimism     true
#@ set timing_report_always_use_valid_start_end_points false
#@ set report_default_significant_digits               6
#@ set timing_reduce_multi_drive_net_arcs              true
#@ set timing_crpr_threshold_ps                        10
#@ set case_analysis_log_file                          rep_dir/case_analysis.log
#@ set timing_clock_source_driver_pin_use_dirrver_arc_compatibility false
#@ set CONS_CHECK 1
#@ source /project/HK3671/designer/DD/ppchen/HK3671/SYNTHESIS/common/tcl_dir/common/common_db.tcl -verbose -echo
#@ # -- Starting source /project/HK3671/designer/DD/ppchen/HK3671/SYNTHESIS/common/tcl_dir/common/common_db.tcl

#@ source $TCL_DIR/common/common_db_pvt.tcl
#@ # -- Starting source /project/HV2M23/designer/DD/ymzhu/HV2M23/SYNTHESIS/common/tcl_dir//common/common_db_pvt.tcl

#@ 
#@ if {$synopsys_program_name != "pt_shell"} {
#@   if {[regexp {_40_} $LINK_LIB]} {
#@     set PVT         "ss0p99v125c"
#@     set PVT_MEM     "ss0p99v125c"
#@     set PVT_ANA     "ss0p99v125c"
#@ 
#@     if {[regexp {_1p2} $LINK_LIB]} {
#@       set PVT         "ss1p08v125c"
#@       set PVT_MEM     "ss1p08v125c"
#@       set PVT_ANA     "ss0p99v125c"
#@     }
#@ 
#@   } elseif { [regexp {_28_} $LINK_LIB]} {
#@     set PVT         "ss_cworst_max_0p81v_125c"
#@ 
#@   } elseif { [regexp {_22_arm_} $LINK_LIB]} {
#@            if { $VOLTAGE == "0p8"} {
#@               set PVT         "ssg_cworstt_max_0p72v_m40c"
#@               set PVT_MEM     "ssg_cworstt_0p72v_0p72v_m40c"
#@               set PVT_ANA     "ssg_0p72v_m40c"
#@            } elseif { $VOLTAGE == "0p9"} {
#@               set PVT         "ssg_cworstt_max_0p81v_m40c"
#@               set PVT_MEM     "ssg_cworstt_0p81v_0p81v_m40c"
#@               set PVT_ANA     "ssg_0p72v_m40c"
#@            }
#@   } elseif { [regexp {_28p_arm_} $LINK_LIB]} {
#@     set PVT         "ssg_cworstt_max_0p81v_m40c"
#@     set PVT_MEM     "ssg_cworstt_0p81v_0p81v_m40c"
#@     set PVT_ANA     "ssg_0p81v_m40c"
#@ 
#@   } elseif { [regexp {_28p_snps_} $LINK_LIB]} {
#@     set PVT         "ssgwc0p81vn40c"
#@     set PVT_MEM     "ssgwc0p81vn40c"
#@     set PVT_ANA     "ssg_0p81v_m40c"
#@ 
#@   } elseif { [regexp {_55_} $LINK_LIB]} {
#@     set PVT         "ss1p08v125c"
#@     set PVT_MEM     "ss1p08v125c"
#@ 
#@   } elseif { [regexp {tsmc_22ulp_} $LINK_LIB]} {
#@     set PVT      "ssg0p81vn40c"
#@     set PVTM     "ssg0p81vm40c"
#@     set PVT_HOLD "ssg_0p81_m40"
#@     set PVT_MEM  "ssgwct0p81vn40c"
#@     set PVTM_MEM "ssgwct0p81vm40c"
#@     set PVT40    "ss0p99v125c"
#@     set PVT_IO   "ssg0p81v1p62vm40c"
#@     set PVT_ANA  "ssg0p81vm40c"
#@     set PVT_DDR  "ss0p81vn40c_Cworst_pg"
#@     set PVT_DDR_UTILS "ss0p81vn40c_pg"
#@     set CORNER    "wcl_cmax_m40_setup"
#@     set PVT_MACRO "wcl_cmax_m40_setup"
#@ 
#@   } elseif { [regexp {_55eflp_} $LINK_LIB]} {
#@     set PVT         "108c125_wc"
#@     set PVT_MEM     "ss1p08v125c"
#@     set PVT_ANA     "ss1p08v125c"
#@ 
#@   } elseif { [regexp {nexchip_110_} $LINK_LIB]} {
#@     set PVT         "ss1p35v125c"
#@     set PVTM        "ss1p35v125c"
#@     set PVT_HOLD    "ss1p35v125c"
#@     set PVT_MEM     "ss1p35v125c"
#@     set PVTM_MEM    "ss1p35v125c"
#@     set PVT40       "ss1p35v125c"
#@     set PVT_IO      "ss1p35v125c"
#@     set PVT_ANA     "ss1p35v125c"
#@     set PVT_DDR     "ss1p35v125c"
#@     set PVT_DDR_UTILS "ss1p35v125c"
#@     set CORNER      "ss1p35v125c"
#@     set PVT_MACRO   "ss1p35v125c"
#@ 
#@   } elseif { [regexp {nexchip_145_} $LINK_LIB]} {
#@     set PVT         "125CSS1P62_cmax"
#@     set PVTM        "125CSS1P62_cmax"
#@     set PVT_HOLD    ""
#@     set PVT_MEM     ""
#@     set PVTM_MEM    ""
#@     set PVT40       ""
#@     set PVT_IO      ""
#@     set PVT_ANA     "125CSS1P62"
#@     set PVT_DDR     ""
#@     set PVT_DDR_UTILS ""
#@     set CORNER      ""
#@     set PVT_MACRO   ""
#@ 
#@   } else {
#@     set PVT         ""
#@     set PVTM        ""
#@     set PVT_MEM     ""
#@     set PVT_ANA     ""
#@ 
#@   }
#@ } else {
#@   if {[regexp {_40_} $LINK_LIB]} {
#@ 
#@     if {$CORNER == "wc_cworst"      }  { set PVT_ANA  "ss0p99v125c"    }
#@     if {$CORNER == "wc_cbest"       }  { set PVT_ANA  "ss0p99v125c"    }
#@     if {$CORNER == "wc_rcworst_max" }  { set PVT_ANA  "ss0p99v125c"    }
#@     if {$CORNER == "wc_rcworst_min" }  { set PVT_ANA  "ss0p99v125c"    }
#@     if {$CORNER == "wcl_cworst"     }  { set PVT_ANA  "ss0p99vn40c"    }
#@     if {$CORNER == "wcl_cbest"      }  { set PVT_ANA  "ss0p99vn40c"    }
#@     if {$CORNER == "lt_cbest"       }  { set PVT_ANA  "ff1p21vn40c"    }
#@     if {$CORNER == "lt_cworst"      }  { set PVT_ANA  "ff1p21vn40c"    }
#@     if {$CORNER == "lt_cbest_26"    }  { set PVT_ANA  "ff1p21vn40c"    }
#@     if {$CORNER == "lt_cworst_26"   }  { set PVT_ANA  "ff1p21vn40c"    }
#@     if {$CORNER == "ml_cbest"       }  { set PVT_ANA  "ff1p21v125c"    }
#@     if {$CORNER == "ml_cworst"      }  { set PVT_ANA  "ff1p21v125c"    }
#@     if {$CORNER == "ml_rcworst"     }  { set PVT_ANA  "ff1p21v125c"    }
#@     if {$CORNER == "ml_cbest_26"    }  { set PVT_ANA  "ff1p21v125c"    }
#@     if {$CORNER == "ml_rcworst_26"  }  { set PVT_ANA  "ff1p21v125c"    }
#@     if {$CORNER == "tt_cbest"       }  { set PVT_ANA  "tt1p1v25c"      }
#@ 
#@     if {$CORNER == "wc_cworst"      }  { set PVT      "ss0p99v125c"    }
#@     if {$CORNER == "wc_cbest"       }  { set PVT      "ss0p99v125c"    }
#@     if {$CORNER == "wc_rcworst_max" }  { set PVT      "ss0p99v125c"    }
#@     if {$CORNER == "wc_rcworst_min" }  { set PVT      "ss0p99v125c"    }
#@     if {$CORNER == "wcl_cworst"     }  { set PVT      "ss0p99vm40c"    }
#@     if {$CORNER == "wcl_cbest"      }  { set PVT      "ss0p99vm40c"    }
#@     if {$CORNER == "lt_cbest"       }  { set PVT      "ff1p21vm40c"    }
#@     if {$CORNER == "lt_cworst"      }  { set PVT      "ff1p21vm40c"    }
#@     if {$CORNER == "lt_cbest_26"    }  { set PVT      "ff1p26vm40c"    }
#@     if {$CORNER == "lt_cworst_26"   }  { set PVT      "ff1p26vm40c"    }
#@     if {$CORNER == "ml_cbest"       }  { set PVT      "ff1p21v125c"    }
#@     if {$CORNER == "ml_cworst"      }  { set PVT      "ff1p21v125c"    }
#@     if {$CORNER == "ml_rcworst"     }  { set PVT      "ff1p21v125c"    }
#@     if {$CORNER == "ml_cbest_26"    }  { set PVT      "ff1p26v125c"    }
#@     if {$CORNER == "ml_rcworst_26"  }  { set PVT      "ff1p26v125c"    }
#@     if {$CORNER == "tt_cbest"       }  { set PVT      "tt1p1v25c"      }
#@ 
#@     if {$CORNER == "wc_cworst"      }  { set PVT_MEM  "ss0p99v125c"    }
#@     if {$CORNER == "wc_cbest"       }  { set PVT_MEM  "ss0p99v125c"    }
#@     if {$CORNER == "wc_rcworst_max" }  { set PVT_MEM  "ss0p99v125c"    }
#@     if {$CORNER == "wc_rcworst_min" }  { set PVT_MEM  "ss0p99v125c"    }
#@     if {$CORNER == "wcl_cworst"     }  { set PVT_MEM  "ss0p99vn40c"    }
#@     if {$CORNER == "wcl_cbest"      }  { set PVT_MEM  "ss0p99vn40c"    }
#@     if {$CORNER == "lt_cbest"       }  { set PVT_MEM  "ff1p21vn40c"    }
#@     if {$CORNER == "lt_cworst"      }  { set PVT_MEM  "ff1p21vn40c"    }
#@     if {$CORNER == "lt_cbest_26"    }  { set PVT_MEM  "ff1p26vn40c"    }
#@     if {$CORNER == "lt_cworst_26"   }  { set PVT_MEM  "ff1p26vn40c"    }
#@     if {$CORNER == "ml_cbest"       }  { set PVT_MEM  "ff1p21v125c"    }
#@     if {$CORNER == "ml_cworst"      }  { set PVT_MEM  "ff1p21v125c"    }
#@     if {$CORNER == "ml_rcworst"     }  { set PVT_MEM  "ff1p21v125c"    }
#@     if {$CORNER == "ml_cbest_26"    }  { set PVT_MEM  "ff1p26v125c"    }
#@     if {$CORNER == "ml_rcworst_26"  }  { set PVT_MEM  "ff1p26v125c"    }
#@     if {$CORNER == "tt_cbest"       }  { set PVT_MEM  "tt1p1v25c"      }
#@ 
#@     if {$CORNER == "wc_cworst"      }  { set RC_FILE "cworst_125"      }
#@     if {$CORNER == "wc_cbest"       }  { set RC_FILE "cbest_125"       }
#@     if {$CORNER == "wc_rcworst_max" }  { set RC_FILE "rcworst_125"     }
#@     if {$CORNER == "wc_rcworst_min" }  { set RC_FILE "rcworst_125"     }
#@     if {$CORNER == "wcl_cworst"     }  { set RC_FILE "cworst_m40"      }
#@     if {$CORNER == "wcl_cbest"      }  { set RC_FILE "cbest_m40"      }
#@     if {$CORNER == "lt_cbest"       }  { set RC_FILE "cbest_m40"       }
#@     if {$CORNER == "lt_cworst"      }  { set RC_FILE "cworst_m40"      }
#@     if {$CORNER == "lt_cbest_26"    }  { set RC_FILE "cbest_m40"       }
#@     if {$CORNER == "lt_cworst_26"   }  { set RC_FILE "cworst_m40"      }
#@     if {$CORNER == "ml_cbest"       }  { set RC_FILE "cbest_125"       }
#@     if {$CORNER == "ml_cworst"      }  { set RC_FILE "cworst_125"      }
#@     if {$CORNER == "ml_rcworst"     }  { set RC_FILE "rcworst_125"     }
#@     if {$CORNER == "ml_cbest_26"    }  { set RC_FILE "cbest_125"       }
#@     if {$CORNER == "ml_rcworst_26"  }  { set RC_FILE "rcworst_125"     }
#@     if {$CORNER == "tt_cbest"       }  { set RC_FILE "typical_25"      }
#@ 
#@     if {[regexp {_1p2} $LINK_LIB]} {
#@ 
#@       if {$CORNER == "wc_cworst"      }  { set PVT "ss1p08v125c"     }
#@       if {$CORNER == "wc_cbest"       }  { set PVT "ss1p08v125c"     }
#@       if {$CORNER == "wc_rcworst_max" }  { set PVT "ss1p08v125c"     }
#@       if {$CORNER == "wc_rcworst_min" }  { set PVT "ss1p08v125c"     }
#@       if {$CORNER == "wcl_cworst"     }  { set PVT "ss1p08vm40c"     }
#@       if {$CORNER == "wcl_cbest"      }  { set PVT "ss1p08vm40c"     }
#@       if {$CORNER == "lt_cbest"       }  { set PVT "ff1p32vm40c"     }
#@       if {$CORNER == "lt_cworst"      }  { set PVT "ff1p32vm40c"     }
#@       if {$CORNER == "lt_cbest_26"    }  { set PVT "ff1p32vm40c"     }
#@       if {$CORNER == "lt_cworst_26"   }  { set PVT "ff1p32vm40c"     }
#@       if {$CORNER == "ml_cbest"       }  { set PVT "ff1p32v125c"     }
#@       if {$CORNER == "ml_cworst"      }  { set PVT "ff1p32v125c"     }
#@       if {$CORNER == "ml_rcworst"     }  { set PVT "ff1p32v125c"     }
#@       if {$CORNER == "ml_cbest_26"    }  { set PVT "ff1p32v125c"     }
#@       if {$CORNER == "ml_rcworst_26"  }  { set PVT "ff1p32v125c"     }
#@       if {$CORNER == "tt_cbest"       }  { set PVT "tt1p2v25c"       }
#@ 
#@     } 
#@ 
#@   } elseif { [regexp {_55_} $LINK_LIB]} {
#@ 
#@      #ss_125_cmax   ss1p08v125c      wc_cworst
#@      #ss_m40_cmax   ss1p08vn40c      wcl_cworst
#@      #ss_125_cmin   ss1p08v125c      wc_cbest
#@      #ss_m40_cmin   ss1p08vn40c      wcl_cbest
#@      #ff_m40_cmax   ff1p32vn40c      bcl_cworst
#@      #ff_m40_cmin   ff1p32vn40c      bcl_cbest
#@      #ff_125_cmax   ff1p32v          bc_cworst
#@      #ff_125_cmin   ff1p32v125c      bc_cbest
#@      #tt_125_cmin   tt1p2v25c        tt_cbest
#@ 
#@      if {$CORNER == "wc_cworst"      }  { set PVT "ss1p08v125c"      }
#@      if {$CORNER == "wcl_cworst"     }  { set PVT "ss1p08vm40c"      }
#@      if {$CORNER == "wc_cbest"       }  { set PVT "ss1p08v125c"      }
#@      if {$CORNER == "wcl_cbest"      }  { set PVT "ss1p08vm40c"      }
#@      if {$CORNER == "bcl_cworst"     }  { set PVT "ff1p32vm40c"      }
#@      if {$CORNER == "bcl_cbest"      }  { set PVT "ff1p32vm40c"      }
#@      if {$CORNER == "bc_cbest"       }  { set PVT "ff1p32v125c"      }
#@      if {$CORNER == "bc_cworst"      }  { set PVT "ff1p32v125c"      }
#@      if {$CORNER == "tt_cbest"       }  { set PVT "tt1p2v25c"        }
#@ 
#@      set PVT_MEM  $PVT
#@ 
#@      if {$CORNER == "wc_cworst"      }  { set RC_FILE "cworst_125"   }
#@      if {$CORNER == "wcl_cworst"     }  { set RC_FILE "cworst_m40"   }
#@      if {$CORNER == "wc_cbest"       }  { set RC_FILE "cbest_125"    }
#@      if {$CORNER == "wcl_cbest"      }  { set RC_FILE "cbest_m40"    }
#@      if {$CORNER == "bcl_cworst"     }  { set RC_FILE "cworst_m40"   }
#@      if {$CORNER == "bcl_cbest"      }  { set RC_FILE "cbest_m40"    }
#@      if {$CORNER == "bc_cbest"       }  { set RC_FILE "cbest_125"    }
#@      if {$CORNER == "bc_cworst"      }  { set RC_FILE "cworst_125"   }
#@      if {$CORNER == "tt_cbest"       }  { set RC_FILE "typical"      }
#@ 
#@   } elseif { [regexp {_28_} $LINK_LIB]} {
#@ 
#@      if {$CORNER == "wc_cworst"      }  { set PVT     "ss_cworst_max_0p81v_125c"    }
#@      if {$CORNER == "wc_rcworst_max" }  { set PVT     "ss_cworst_max_0p81v_125c"    }
#@      if {$CORNER == "wc_rcworst_min" }  { set PVT     "ss_cworst_max_0p81v_125c"    }
#@      if {$CORNER == "wcl_cworst"     }  { set PVT     "ss_cworst_max_0p81v_m40c"    }
#@      if {$CORNER == "lt_cbest"       }  { set PVT     "ff_cbest_min_0p99v_m40c"     }
#@      if {$CORNER == "ml_cbest"       }  { set PVT     "ff_cbest_min_0p99v_125c"     }
#@      if {$CORNER == "wc_cworst"      }  { set RC_FILE "cworst_125"                  }
#@      if {$CORNER == "wc_rcworst_max" }  { set RC_FILE "rcworst_125"                 }
#@      if {$CORNER == "wc_rcworst_min" }  { set RC_FILE "rcworst_125"                 }
#@      if {$CORNER == "wcl_cworst"     }  { set RC_FILE "cworst_m40"                  }
#@      if {$CORNER == "lt_cbest"       }  { set RC_FILE "cbest_m40"                   }
#@      if {$CORNER == "ml_cbest"       }  { set RC_FILE "cbest_125"                   }
#@   } elseif { [regexp {_28p_arm_} $LINK_LIB]} {
#@ 
#@     if {$CORNER == "wc_cmax_125_setup"  }  { set PVT_ANA "ssg_0p81v_125c"              }
#@     if {$CORNER == "wc_rcmax_125_setup" }  { set PVT_ANA "ssg_0p81v_125c"              }
#@     if {$CORNER == "wcl_cmax_m40_setup" }  { set PVT_ANA "ssg_0p81v_m40c"              }
#@     if {$CORNER == "wcl_rcmax_m40_setup"}  { set PVT_ANA "ssg_0p81v_m40c"              }
#@     if {$CORNER == "wc_cmax_125_hold"   }  { set PVT_ANA "ssg_0p81v_125c"              }
#@     if {$CORNER == "wc_rcmax_125_hold"  }  { set PVT_ANA "ssg_0p81v_125c"              }
#@     if {$CORNER == "wcl_cmax_m40_hold"  }  { set PVT_ANA "ssg_0p81v_m40c"              }
#@     if {$CORNER == "wcl_rcmax_m40_hold" }  { set PVT_ANA "ssg_0p81v_m40c"              }
#@     if {$CORNER == "wc_cmin_125_hold"   }  { set PVT_ANA "ssg_0p81v_125c"              }
#@     if {$CORNER == "wc_rcmin_125_hold"  }  { set PVT_ANA "ssg_0p81v_125c"              }
#@     if {$CORNER == "wcl_cmin_m40_hold"  }  { set PVT_ANA "ssg_0p81v_m40c"              }
#@     if {$CORNER == "wcl_rcmin_m40_hold" }  { set PVT_ANA "ssg_0p81v_m40c"              }
#@     if {$CORNER == "lt_cmax_m40_hold"   }  { set PVT_ANA "ffg_0p99v_m40c"              }
#@     if {$CORNER == "lt_rcmax_m40_hold"  }  { set PVT_ANA "ffg_0p99v_m40c"              }
#@     if {$CORNER == "ml_cmax_125_hold"   }  { set PVT_ANA "ffg_0p99v_125c"              }
#@     if {$CORNER == "ml_rcmax_125_hold"  }  { set PVT_ANA "ffg_0p99v_125c"              }
#@     if {$CORNER == "lt_cmin_m40_hold"   }  { set PVT_ANA "ffg_0p99v_m40c"              }
#@     if {$CORNER == "lt_rcmin_m40_hold"  }  { set PVT_ANA "ffg_0p99v_m40c"              }
#@     if {$CORNER == "ml_cmin_125_hold"   }  { set PVT_ANA "ffg_0p99v_125c"              }
#@     if {$CORNER == "ml_rcmin_125_hold"  }  { set PVT_ANA "ffg_0p99v_125c"              }
#@ 
#@     if {$CORNER == "wc_cmax_125_setup"  }  { set PVT     "ssg_cworstt_max_0p81v_125c"  }
#@     if {$CORNER == "wc_rcmax_125_setup" }  { set PVT     "ssg_cworstt_max_0p81v_125c"  }
#@     if {$CORNER == "wcl_cmax_m40_setup" }  { set PVT     "ssg_cworstt_max_0p81v_m40c"  }
#@     if {$CORNER == "wcl_rcmax_m40_setup"}  { set PVT     "ssg_cworstt_max_0p81v_m40c"  }
#@     if {$CORNER == "wc_cmax_125_hold"   }  { set PVT     "ssg_cworstt_max_0p81v_125c"  }
#@     if {$CORNER == "wc_rcmax_125_hold"  }  { set PVT     "ssg_cworstt_max_0p81v_125c"  }
#@     if {$CORNER == "wcl_cmax_m40_hold"  }  { set PVT     "ssg_cworstt_max_0p81v_m40c"  }
#@     if {$CORNER == "wcl_rcmax_m40_hold" }  { set PVT     "ssg_cworstt_max_0p81v_m40c"  }
#@     if {$CORNER == "wc_cmin_125_hold"   }  { set PVT     "ssg_cworstt_max_0p81v_125c"  }
#@     if {$CORNER == "wc_rcmin_125_hold"  }  { set PVT     "ssg_cworstt_max_0p81v_125c"  }
#@     if {$CORNER == "wcl_cmin_m40_hold"  }  { set PVT     "ssg_cworstt_max_0p81v_m40c"  }
#@     if {$CORNER == "wcl_rcmin_m40_hold" }  { set PVT     "ssg_cworstt_max_0p81v_m40c"  }
#@     if {$CORNER == "lt_cmax_m40_hold"   }  { set PVT     "ffg_cbestt_min_0p99v_m40c"   }
#@     if {$CORNER == "lt_rcmax_m40_hold"  }  { set PVT     "ffg_cbestt_min_0p99v_m40c"   }
#@     if {$CORNER == "ml_cmax_125_hold"   }  { set PVT     "ffg_cbestt_min_0p99v_125c"   }
#@     if {$CORNER == "ml_rcmax_125_hold"  }  { set PVT     "ffg_cbestt_min_0p99v_125c"   }
#@     if {$CORNER == "lt_cmin_m40_hold"   }  { set PVT     "ffg_cbestt_min_0p99v_m40c"   }
#@     if {$CORNER == "lt_rcmin_m40_hold"  }  { set PVT     "ffg_cbestt_min_0p99v_m40c"   }
#@     if {$CORNER == "ml_cmin_125_hold"   }  { set PVT     "ffg_cbestt_min_0p99v_125c"   }
#@     if {$CORNER == "ml_rcmin_125_hold"  }  { set PVT     "ffg_cbestt_min_0p99v_125c"   }
#@ 
#@     if {$CORNER == "wc_cmax_125_setup"  }  { set PVT_MEM "ssg_cworstt_0p81v_0p81v_125c"}
#@     if {$CORNER == "wc_rcmax_125_setup" }  { set PVT_MEM "ssg_cworstt_0p81v_0p81v_125c"}
#@     if {$CORNER == "wcl_cmax_m40_setup" }  { set PVT_MEM "ssg_cworstt_0p81v_0p81v_m40c"}
#@     if {$CORNER == "wcl_rcmax_m40_setup"}  { set PVT_MEM "ssg_cworstt_0p81v_0p81v_m40c"}
#@     if {$CORNER == "wc_cmax_125_hold"   }  { set PVT_MEM "ssg_cworstt_0p81v_0p81v_125c"}
#@     if {$CORNER == "wc_rcmax_125_hold"  }  { set PVT_MEM "ssg_cworstt_0p81v_0p81v_125c"}
#@     if {$CORNER == "wcl_cmax_m40_hold"  }  { set PVT_MEM "ssg_cworstt_0p81v_0p81v_m40c"}
#@     if {$CORNER == "wcl_rcmax_m40_hold" }  { set PVT_MEM "ssg_cworstt_0p81v_0p81v_m40c"}
#@     if {$CORNER == "wc_cmin_125_hold"   }  { set PVT_MEM "ssg_cworstt_0p81v_0p81v_125c"}
#@     if {$CORNER == "wc_rcmin_125_hold"  }  { set PVT_MEM "ssg_cworstt_0p81v_0p81v_125c"}
#@     if {$CORNER == "wcl_cmin_m40_hold"  }  { set PVT_MEM "ssg_cworstt_0p81v_0p81v_m40c"}
#@     if {$CORNER == "wcl_rcmin_m40_hold" }  { set PVT_MEM "ssg_cworstt_0p81v_0p81v_m40c"}
#@     if {$CORNER == "lt_cmax_m40_hold"   }  { set PVT_MEM "ffg_cbestt_0p99v_0p99v_m40c" }
#@     if {$CORNER == "lt_rcmax_m40_hold"  }  { set PVT_MEM "ffg_cbestt_0p99v_0p99v_m40c" }
#@     if {$CORNER == "ml_cmax_125_hold"   }  { set PVT_MEM "ffg_cbestt_0p99v_0p99v_125c" }
#@     if {$CORNER == "ml_rcmax_125_hold"  }  { set PVT_MEM "ffg_cbestt_0p99v_0p99v_125c" }
#@     if {$CORNER == "lt_cmin_m40_hold"   }  { set PVT_MEM "ffg_cbestt_0p99v_0p99v_m40c" }
#@     if {$CORNER == "lt_rcmin_m40_hold"  }  { set PVT_MEM "ffg_cbestt_0p99v_0p99v_m40c" }
#@     if {$CORNER == "ml_cmin_125_hold"   }  { set PVT_MEM "ffg_cbestt_0p99v_0p99v_125c" }
#@     if {$CORNER == "ml_rcmin_125_hold"  }  { set PVT_MEM "ffg_cbestt_0p99v_0p99v_125c" }
#@ 
#@     if {$CORNER == "wc_cmax_125_setup"  }  { set RC_FILE "cworst_125"   }
#@     if {$CORNER == "wc_rcmax_125_setup" }  { set RC_FILE "rcworst_125"  }
#@     if {$CORNER == "wcl_cmax_m40_setup" }  { set RC_FILE "cworst_m40"   }
#@     if {$CORNER == "wcl_rcmax_m40_setup"}  { set RC_FILE "rcworst_m40"  }
#@     if {$CORNER == "wc_cmax_125_hold"   }  { set RC_FILE "cworst_125"   }
#@     if {$CORNER == "wc_rcmax_125_hold"  }  { set RC_FILE "rcworst_125"  }
#@     if {$CORNER == "wcl_cmax_m40_hold"  }  { set RC_FILE "cworst_m40"   }
#@     if {$CORNER == "wcl_rcmax_m40_hold" }  { set RC_FILE "rcworst_m40"  }
#@     if {$CORNER == "wc_cmin_125_hold"   }  { set RC_FILE "cbest_125"    }
#@     if {$CORNER == "wc_rcmin_125_hold"  }  { set RC_FILE "rcbest_125"   }
#@     if {$CORNER == "wcl_cmin_m40_hold"  }  { set RC_FILE "cbest_m40"    }
#@     if {$CORNER == "wcl_rcmin_m40_hold" }  { set RC_FILE "rcbest_m40"   }
#@     if {$CORNER == "lt_cmax_m40_hold"   }  { set RC_FILE "cworst_m40"   }
#@     if {$CORNER == "lt_rcmax_m40_hold"  }  { set RC_FILE "rcworst_m40"  }
#@     if {$CORNER == "ml_cmax_125_hold"   }  { set RC_FILE "cworst_125"   }
#@     if {$CORNER == "ml_rcmax_125_hold"  }  { set RC_FILE "rcworst_125"  }
#@     if {$CORNER == "lt_cmin_m40_hold"   }  { set RC_FILE "cbest_m40"    }
#@     if {$CORNER == "lt_rcmin_m40_hold"  }  { set RC_FILE "rcbest_m40"   }
#@     if {$CORNER == "ml_cmin_125_hold"   }  { set RC_FILE "cbest_125"    }
#@     if {$CORNER == "ml_rcmin_125_hold"  }  { set RC_FILE "rcbest_125"   }
#@ 
#@   } elseif { [regexp {_22_arm_} $LINK_LIB]} {
#@ 
#@     if { $VOLTAGE == "0p8" } {
#@ 
#@     if {$CORNER == "wc_cmax_125_T_setup"  }  { set PVT_ANA "ssg_0p72v_125c"              }
#@     if {$CORNER == "wc_rcmax_125_T_setup" }  { set PVT_ANA "ssg_0p72v_125c"              }
#@     if {$CORNER == "wcl_cmax_m40_T_setup" }  { set PVT_ANA "ssg_0p72v_m40c"              }
#@     if {$CORNER == "wcl_rcmax_m40_T_setup"}  { set PVT_ANA "ssg_0p72v_m40c"              }
#@     if {$CORNER == "wc_cmax_125_hold"   }    { set PVT_ANA "ssg_0p72v_125c"              }
#@     if {$CORNER == "wc_rcmax_125_hold"  }    { set PVT_ANA "ssg_0p72v_125c"              }
#@     if {$CORNER == "wcl_cmax_m40_hold"  }    { set PVT_ANA "ssg_0p72v_m40c"              }
#@     if {$CORNER == "wcl_rcmax_m40_hold" }    { set PVT_ANA "ssg_0p72v_m40c"              }
#@     if {$CORNER == "wc_cmin_125_hold"   }    { set PVT_ANA "ssg_0p72v_125c"              }
#@     if {$CORNER == "wc_rcmin_125_hold"  }    { set PVT_ANA "ssg_0p72v_125c"              }
#@     if {$CORNER == "wcl_cmin_m40_hold"  }    { set PVT_ANA "ssg_0p72v_m40c"              }
#@     if {$CORNER == "wcl_rcmin_m40_hold" }    { set PVT_ANA "ssg_0p72v_m40c"              }
#@     if {$CORNER == "lt_cmax_m40_hold"   }    { set PVT_ANA "ffg_0p88v_m40c"              }
#@     if {$CORNER == "lt_rcmax_m40_hold"  }    { set PVT_ANA "ffg_0p88v_m40c"              }
#@     if {$CORNER == "ml_cmax_125_hold"   }    { set PVT_ANA "ffg_0p88v_125c"              }
#@     if {$CORNER == "ml_rcmax_125_hold"  }    { set PVT_ANA "ffg_0p88v_125c"              }
#@     if {$CORNER == "lt_cmin_m40_hold"   }    { set PVT_ANA "ffg_0p88v_m40c"              }
#@     if {$CORNER == "lt_rcmin_m40_hold"  }    { set PVT_ANA "ffg_0p88v_m40c"              }
#@     if {$CORNER == "ml_cmin_125_hold"   }    { set PVT_ANA "ffg_0p88v_125c"              }
#@     if {$CORNER == "ml_rcmin_125_hold"  }    { set PVT_ANA "ffg_0p88v_125c"              }
#@ 
#@     if {$CORNER == "wc_cmax_125_T_setup"  }  { set PVT     "ssg_cworstt_max_0p72v_125c"  }
#@     if {$CORNER == "wc_rcmax_125_T_setup" }  { set PVT     "ssg_cworstt_max_0p72v_125c"  }
#@     if {$CORNER == "wcl_cmax_m40_T_setup" }  { set PVT     "ssg_cworstt_max_0p72v_m40c"  }
#@     if {$CORNER == "wcl_rcmax_m40_T_setup"}  { set PVT     "ssg_cworstt_max_0p72v_m40c"  }
#@     if {$CORNER == "wc_cmax_125_hold"   }    { set PVT     "ssg_cworstt_max_0p72v_125c"  }
#@     if {$CORNER == "wc_rcmax_125_hold"  }    { set PVT     "ssg_cworstt_max_0p72v_125c"  }
#@     if {$CORNER == "wcl_cmax_m40_hold"  }    { set PVT     "ssg_cworstt_max_0p72v_m40c"  }
#@     if {$CORNER == "wcl_rcmax_m40_hold" }    { set PVT     "ssg_cworstt_max_0p72v_m40c"  }
#@     if {$CORNER == "wc_cmin_125_hold"   }    { set PVT     "ssg_cworstt_max_0p72v_125c"  }
#@     if {$CORNER == "wc_rcmin_125_hold"  }    { set PVT     "ssg_cworstt_max_0p72v_125c"  }
#@     if {$CORNER == "wcl_cmin_m40_hold"  }    { set PVT     "ssg_cworstt_max_0p72v_m40c"  }
#@     if {$CORNER == "wcl_rcmin_m40_hold" }    { set PVT     "ssg_cworstt_max_0p72v_m40c"  }
#@     if {$CORNER == "lt_cmax_m40_hold"   }    { set PVT     "ffg_cbestt_min_0p88v_m40c"   }
#@     if {$CORNER == "lt_rcmax_m40_hold"  }    { set PVT     "ffg_cbestt_min_0p88v_m40c"   }
#@     if {$CORNER == "ml_cmax_125_hold"   }    { set PVT     "ffg_cbestt_min_0p88v_125c"   }
#@     if {$CORNER == "ml_rcmax_125_hold"  }    { set PVT     "ffg_cbestt_min_0p88v_125c"   }
#@     if {$CORNER == "lt_cmin_m40_hold"   }    { set PVT     "ffg_cbestt_min_0p88v_m40c"   }
#@     if {$CORNER == "lt_rcmin_m40_hold"  }    { set PVT     "ffg_cbestt_min_0p88v_m40c"   }
#@     if {$CORNER == "ml_cmin_125_hold"   }    { set PVT     "ffg_cbestt_min_0p88v_125c"   }
#@     if {$CORNER == "ml_rcmin_125_hold"  }    { set PVT     "ffg_cbestt_min_0p88v_125c"   }
#@ 
#@     if {$CORNER == "wc_cmax_125_T_setup"  }  { set PVT_MEM "ssg_cworstt_0p72v_0p72v_125c"}
#@     if {$CORNER == "wc_rcmax_125_T_setup" }  { set PVT_MEM "ssg_cworstt_0p72v_0p72v_125c"}
#@     if {$CORNER == "wcl_cmax_m40_T_setup" }  { set PVT_MEM "ssg_cworstt_0p72v_0p72v_m40c"}
#@     if {$CORNER == "wcl_rcmax_m40_T_setup"}  { set PVT_MEM "ssg_cworstt_0p72v_0p72v_m40c"}
#@     if {$CORNER == "wc_cmax_125_hold"   }    { set PVT_MEM "ssg_cworstt_0p72v_0p72v_125c"}
#@     if {$CORNER == "wc_rcmax_125_hold"  }    { set PVT_MEM "ssg_cworstt_0p72v_0p72v_125c"}
#@     if {$CORNER == "wcl_cmax_m40_hold"  }    { set PVT_MEM "ssg_cworstt_0p72v_0p72v_m40c"}
#@     if {$CORNER == "wcl_rcmax_m40_hold" }    { set PVT_MEM "ssg_cworstt_0p72v_0p72v_m40c"}
#@     if {$CORNER == "wc_cmin_125_hold"   }    { set PVT_MEM "ssg_cworstt_0p72v_0p72v_125c"}
#@     if {$CORNER == "wc_rcmin_125_hold"  }    { set PVT_MEM "ssg_cworstt_0p72v_0p72v_125c"}
#@     if {$CORNER == "wcl_cmin_m40_hold"  }    { set PVT_MEM "ssg_cworstt_0p72v_0p72v_m40c"}
#@     if {$CORNER == "wcl_rcmin_m40_hold" }    { set PVT_MEM "ssg_cworstt_0p72v_0p72v_m40c"}
#@     if {$CORNER == "lt_cmax_m40_hold"   }    { set PVT_MEM "ffg_cbestt_0p88v_0p88v_m40c" }
#@     if {$CORNER == "lt_rcmax_m40_hold"  }    { set PVT_MEM "ffg_cbestt_0p88v_0p88v_m40c" }
#@     if {$CORNER == "ml_cmax_125_hold"   }    { set PVT_MEM "ffg_cbestt_0p88v_0p88v_125c" }
#@     if {$CORNER == "ml_rcmax_125_hold"  }    { set PVT_MEM "ffg_cbestt_0p88v_0p88v_125c" }
#@     if {$CORNER == "lt_cmin_m40_hold"   }    { set PVT_MEM "ffg_cbestt_0p88v_0p88v_m40c" }
#@     if {$CORNER == "lt_rcmin_m40_hold"  }    { set PVT_MEM "ffg_cbestt_0p88v_0p88v_m40c" }
#@     if {$CORNER == "ml_cmin_125_hold"   }    { set PVT_MEM "ffg_cbestt_0p88v_0p88v_125c" }
#@     if {$CORNER == "ml_rcmin_125_hold"  }    { set PVT_MEM "ffg_cbestt_0p88v_0p88v_125c" }
#@ 
#@     if {$CORNER == "wc_cmax_125_T_setup"  }  { set RC_FILE "tighten-Cmax_125"   }
#@     if {$CORNER == "wc_rcmax_125_T_setup" }  { set RC_FILE "tighten-RCmax_125"  }
#@     if {$CORNER == "wcl_cmax_m40_T_setup" }  { set RC_FILE "tighten-Cmax_m40"   }
#@     if {$CORNER == "wcl_rcmax_m40_T_setup"}  { set RC_FILE "tighten-RCmax_m40"  }
#@     if {$CORNER == "wc_cmax_125_hold"   }    { set RC_FILE "Cmax_125"   }
#@     if {$CORNER == "wc_rcmax_125_hold"  }    { set RC_FILE "RCmax_125"  }
#@     if {$CORNER == "wcl_cmax_m40_hold"  }    { set RC_FILE "Cmax_m40"   }
#@     if {$CORNER == "wcl_rcmax_m40_hold" }    { set RC_FILE "RCmax_m40"  }
#@     if {$CORNER == "wc_cmin_125_hold"   }    { set RC_FILE "Cmin_125"    }
#@     if {$CORNER == "wc_rcmin_125_hold"  }    { set RC_FILE "RCmin_125"   }
#@     if {$CORNER == "wcl_cmin_m40_hold"  }    { set RC_FILE "Cmin_m40"    }
#@     if {$CORNER == "wcl_rcmin_m40_hold" }    { set RC_FILE "RCmin_m40"   }
#@     if {$CORNER == "lt_cmax_m40_hold"   }    { set RC_FILE "Cmax_m40"   }
#@     if {$CORNER == "lt_rcmax_m40_hold"  }    { set RC_FILE "RCmax_m40"  }
#@     if {$CORNER == "ml_cmax_125_hold"   }    { set RC_FILE "Cmax_125"   }
#@     if {$CORNER == "ml_rcmax_125_hold"  }    { set RC_FILE "RCmax_125"  }
#@     if {$CORNER == "lt_cmin_m40_hold"   }    { set RC_FILE "Cmin_m40"    }
#@     if {$CORNER == "lt_rcmin_m40_hold"  }    { set RC_FILE "RCmin_m40"   }
#@     if {$CORNER == "ml_cmin_125_hold"   }    { set RC_FILE "Cmin_125"    }
#@     if {$CORNER == "ml_rcmin_125_hold"  }    { set RC_FILE "RCmin_125"   }
#@   } else {
#@ 
#@     if {$CORNER == "wc_cmax_125_T_setup"  }  { set PVT_ANA "ssg_0p72v_125c"              }
#@     if {$CORNER == "wc_rcmax_125_T_setup" }  { set PVT_ANA "ssg_0p72v_125c"              }
#@     if {$CORNER == "wcl_cmax_m40_T_setup" }  { set PVT_ANA "ssg_0p72v_m40c"              }
#@     if {$CORNER == "wcl_rcmax_m40_T_setup"}  { set PVT_ANA "ssg_0p72v_m40c"              }
#@     if {$CORNER == "wc_cmax_125_hold"   }    { set PVT_ANA "ssg_0p72v_125c"              }
#@     if {$CORNER == "wc_rcmax_125_hold"  }    { set PVT_ANA "ssg_0p72v_125c"              }
#@     if {$CORNER == "wcl_cmax_m40_hold"  }    { set PVT_ANA "ssg_0p72v_m40c"              }
#@     if {$CORNER == "wcl_rcmax_m40_hold" }    { set PVT_ANA "ssg_0p72v_m40c"              }
#@     if {$CORNER == "wc_cmin_125_hold"   }    { set PVT_ANA "ssg_0p72v_125c"              }
#@     if {$CORNER == "wc_rcmin_125_hold"  }    { set PVT_ANA "ssg_0p72v_125c"              }
#@     if {$CORNER == "wcl_cmin_m40_hold"  }    { set PVT_ANA "ssg_0p72v_m40c"              }
#@     if {$CORNER == "wcl_rcmin_m40_hold" }    { set PVT_ANA "ssg_0p72v_m40c"              }
#@     if {$CORNER == "lt_cmax_m40_hold"   }    { set PVT_ANA "ffg_0p88v_m40c"              }
#@     if {$CORNER == "lt_rcmax_m40_hold"  }    { set PVT_ANA "ffg_0p88v_m40c"              }
#@     if {$CORNER == "ml_cmax_125_hold"   }    { set PVT_ANA "ffg_0p88v_125c"              }
#@     if {$CORNER == "ml_rcmax_125_hold"  }    { set PVT_ANA "ffg_0p88v_125c"              }
#@     if {$CORNER == "lt_cmin_m40_hold"   }    { set PVT_ANA "ffg_0p88v_m40c"              }
#@     if {$CORNER == "lt_rcmin_m40_hold"  }    { set PVT_ANA "ffg_0p88v_m40c"              }
#@     if {$CORNER == "ml_cmin_125_hold"   }    { set PVT_ANA "ffg_0p88v_125c"              }
#@     if {$CORNER == "ml_rcmin_125_hold"  }    { set PVT_ANA "ffg_0p88v_125c"              }
#@ 
#@     if {$CORNER == "wc_cmax_125_T_setup"  }  { set PVT     "ssg_cworstt_max_0p81v_125c"  }
#@     if {$CORNER == "wc_rcmax_125_T_setup" }  { set PVT     "ssg_cworstt_max_0p81v_125c"  }
#@     if {$CORNER == "wcl_cmax_m40_T_setup" }  { set PVT     "ssg_cworstt_max_0p81v_m40c"  }
#@     if {$CORNER == "wcl_rcmax_m40_T_setup"}  { set PVT     "ssg_cworstt_max_0p81v_m40c"  }
#@     if {$CORNER == "wc_cmax_125_hold"   }    { set PVT     "ssg_cworstt_max_0p81v_125c"  }
#@     if {$CORNER == "wc_rcmax_125_hold"  }    { set PVT     "ssg_cworstt_max_0p81v_125c"  }
#@     if {$CORNER == "wcl_cmax_m40_hold"  }    { set PVT     "ssg_cworstt_max_0p81v_m40c"  }
#@     if {$CORNER == "wcl_rcmax_m40_hold" }    { set PVT     "ssg_cworstt_max_0p81v_m40c"  }
#@     if {$CORNER == "wc_cmin_125_hold"   }    { set PVT     "ssg_cworstt_max_0p81v_125c"  }
#@     if {$CORNER == "wc_rcmin_125_hold"  }    { set PVT     "ssg_cworstt_max_0p81v_125c"  }
#@     if {$CORNER == "wcl_cmin_m40_hold"  }    { set PVT     "ssg_cworstt_max_0p81v_m40c"  }
#@     if {$CORNER == "wcl_rcmin_m40_hold" }    { set PVT     "ssg_cworstt_max_0p81v_m40c"  }
#@     if {$CORNER == "lt_cmax_m40_hold"   }    { set PVT     "ffg_cbestt_min_0p99v_m40c"   }
#@     if {$CORNER == "lt_rcmax_m40_hold"  }    { set PVT     "ffg_cbestt_min_0p99v_m40c"   }
#@     if {$CORNER == "ml_cmax_125_hold"   }    { set PVT     "ffg_cbestt_min_0p99v_125c"   }
#@     if {$CORNER == "ml_rcmax_125_hold"  }    { set PVT     "ffg_cbestt_min_0p99v_125c"   }
#@     if {$CORNER == "lt_cmin_m40_hold"   }    { set PVT     "ffg_cbestt_min_0p99v_m40c"   }
#@     if {$CORNER == "lt_rcmin_m40_hold"  }    { set PVT     "ffg_cbestt_min_0p99v_m40c"   }
#@     if {$CORNER == "ml_cmin_125_hold"   }    { set PVT     "ffg_cbestt_min_0p99v_125c"   }
#@     if {$CORNER == "ml_rcmin_125_hold"  }    { set PVT     "ffg_cbestt_min_0p99v_125c"   }
#@ 
#@     if {$CORNER == "wc_cmax_125_T_setup"  }  { set PVT_MEM "ssg_cworstt_0p81v_0p81v_125c"}
#@     if {$CORNER == "wc_rcmax_125_T_setup" }  { set PVT_MEM "ssg_cworstt_0p81v_0p81v_125c"}
#@     if {$CORNER == "wcl_cmax_m40_T_setup" }  { set PVT_MEM "ssg_cworstt_0p81v_0p81v_m40c"}
#@     if {$CORNER == "wcl_rcmax_m40_T_setup"}  { set PVT_MEM "ssg_cworstt_0p81v_0p81v_m40c"}
#@     if {$CORNER == "wc_cmax_125_hold"   }    { set PVT_MEM "ssg_cworstt_0p81v_0p81v_125c"}
#@     if {$CORNER == "wc_rcmax_125_hold"  }    { set PVT_MEM "ssg_cworstt_0p81v_0p81v_125c"}
#@     if {$CORNER == "wcl_cmax_m40_hold"  }    { set PVT_MEM "ssg_cworstt_0p81v_0p81v_m40c"}
#@     if {$CORNER == "wcl_rcmax_m40_hold" }    { set PVT_MEM "ssg_cworstt_0p81v_0p81v_m40c"}
#@     if {$CORNER == "wc_cmin_125_hold"   }    { set PVT_MEM "ssg_cworstt_0p81v_0p81v_125c"}
#@     if {$CORNER == "wc_rcmin_125_hold"  }    { set PVT_MEM "ssg_cworstt_0p81v_0p81v_125c"}
#@     if {$CORNER == "wcl_cmin_m40_hold"  }    { set PVT_MEM "ssg_cworstt_0p81v_0p81v_m40c"}
#@     if {$CORNER == "wcl_rcmin_m40_hold" }    { set PVT_MEM "ssg_cworstt_0p81v_0p81v_m40c"}
#@     if {$CORNER == "lt_cmax_m40_hold"   }    { set PVT_MEM "ffg_cbestt_0p99v_0p99v_m40c" }
#@     if {$CORNER == "lt_rcmax_m40_hold"  }    { set PVT_MEM "ffg_cbestt_0p99v_0p99v_m40c" }
#@     if {$CORNER == "ml_cmax_125_hold"   }    { set PVT_MEM "ffg_cbestt_0p99v_0p99v_125c" }
#@     if {$CORNER == "ml_rcmax_125_hold"  }    { set PVT_MEM "ffg_cbestt_0p99v_0p99v_125c" }
#@     if {$CORNER == "lt_cmin_m40_hold"   }    { set PVT_MEM "ffg_cbestt_0p99v_0p99v_m40c" }
#@     if {$CORNER == "lt_rcmin_m40_hold"  }    { set PVT_MEM "ffg_cbestt_0p99v_0p99v_m40c" }
#@     if {$CORNER == "ml_cmin_125_hold"   }    { set PVT_MEM "ffg_cbestt_0p99v_0p99v_125c" }
#@     if {$CORNER == "ml_rcmin_125_hold"  }    { set PVT_MEM "ffg_cbestt_0p99v_0p99v_125c" }
#@ 
#@     if {$CORNER == "wc_cmax_125_T_setup"  }  { set RC_FILE "tighten-Cmax_125"   }
#@     if {$CORNER == "wc_rcmax_125_T_setup" }  { set RC_FILE "tighten-RCmax_125"  }
#@     if {$CORNER == "wcl_cmax_m40_T_setup" }  { set RC_FILE "tighten-Cmax_m40"   }
#@     if {$CORNER == "wcl_rcmax_m40_T_setup"}  { set RC_FILE "tighten-RCmax_m40"  }
#@     if {$CORNER == "wc_cmax_125_hold"   }    { set RC_FILE "Cmax_125"   }
#@     if {$CORNER == "wc_rcmax_125_hold"  }    { set RC_FILE "RCmax_125"  }
#@     if {$CORNER == "wcl_cmax_m40_hold"  }    { set RC_FILE "Cmax_m40"   }
#@     if {$CORNER == "wcl_rcmax_m40_hold" }    { set RC_FILE "RCmax_m40"  }
#@     if {$CORNER == "wc_cmin_125_hold"   }    { set RC_FILE "Cmin_125"    }
#@     if {$CORNER == "wc_rcmin_125_hold"  }    { set RC_FILE "RCmin_125"   }
#@     if {$CORNER == "wcl_cmin_m40_hold"  }    { set RC_FILE "Cmin_m40"    }
#@     if {$CORNER == "wcl_rcmin_m40_hold" }    { set RC_FILE "RCmin_m40"   }
#@     if {$CORNER == "lt_cmax_m40_hold"   }    { set RC_FILE "Cmax_m40"   }
#@     if {$CORNER == "lt_rcmax_m40_hold"  }    { set RC_FILE "RCmax_m40"  }
#@     if {$CORNER == "ml_cmax_125_hold"   }    { set RC_FILE "Cmax_125"   }
#@     if {$CORNER == "ml_rcmax_125_hold"  }    { set RC_FILE "RCmax_125"  }
#@     if {$CORNER == "lt_cmin_m40_hold"   }    { set RC_FILE "Cmin_m40"    }
#@     if {$CORNER == "lt_rcmin_m40_hold"  }    { set RC_FILE "RCmin_m40"   }
#@     if {$CORNER == "ml_cmin_125_hold"   }    { set RC_FILE "Cmin_125"    }
#@     if {$CORNER == "ml_rcmin_125_hold"  }    { set RC_FILE "RCmin_125"   }
#@ 
#@   }
#@ 
#@   } elseif { [regexp {_28p_snps_} $LINK_LIB]} {
#@ 
#@     if {$CORNER == "wc_cmax_125_setup"  }  { set PVT_ANA "ssg_0p81v_125c"    }
#@     if {$CORNER == "wc_rcmax_125_setup" }  { set PVT_ANA "ssg_0p81v_125c"    }
#@     if {$CORNER == "wcl_cmax_m40_setup" }  { set PVT_ANA "ssg_0p81v_m40c"    }
#@     if {$CORNER == "wcl_rcmax_m40_setup"}  { set PVT_ANA "ssg_0p81v_m40c"    }
#@     if {$CORNER == "wc_cmax_125_hold"   }  { set PVT_ANA "ssg_0p81v_125c"    }
#@     if {$CORNER == "wc_rcmax_125_hold"  }  { set PVT_ANA "ssg_0p81v_125c"    }
#@     if {$CORNER == "wcl_cmax_m40_hold"  }  { set PVT_ANA "ssg_0p81v_m40c"    }
#@     if {$CORNER == "wcl_rcmax_m40_hold" }  { set PVT_ANA "ssg_0p81v_m40c"    }
#@     if {$CORNER == "wc_cmin_125_hold"   }  { set PVT_ANA "ssg_0p81v_125c"    }
#@     if {$CORNER == "wc_rcmin_125_hold"  }  { set PVT_ANA "ssg_0p81v_125c"    }
#@     if {$CORNER == "wcl_cmin_m40_hold"  }  { set PVT_ANA "ssg_0p81v_m40c"    }
#@     if {$CORNER == "wcl_rcmin_m40_hold" }  { set PVT_ANA "ssg_0p81v_m40c"    }
#@     if {$CORNER == "lt_cmax_m40_hold"   }  { set PVT_ANA "ffg_0p99v_m40c"    }
#@     if {$CORNER == "lt_rcmax_m40_hold"  }  { set PVT_ANA "ffg_0p99v_m40c"    }
#@     if {$CORNER == "ml_cmax_125_hold"   }  { set PVT_ANA "ffg_0p99v_125c"    }
#@     if {$CORNER == "ml_rcmax_125_hold"  }  { set PVT_ANA "ffg_0p99v_125c"    }
#@     if {$CORNER == "lt_cmin_m40_hold"   }  { set PVT_ANA "ffg_0p99v_m40c"    }
#@     if {$CORNER == "lt_rcmin_m40_hold"  }  { set PVT_ANA "ffg_0p99v_m40c"    }
#@     if {$CORNER == "ml_cmin_125_hold"   }  { set PVT_ANA "ffg_0p99v_125c"    }
#@     if {$CORNER == "ml_rcmin_125_hold"  }  { set PVT_ANA "ffg_0p99v_125c"    }
#@ 
#@     if {$CORNER == "wc_cmax_125_setup"  }  { set PVT    "ssgwc0p81v125c"     }
#@     if {$CORNER == "wc_rcmax_125_setup" }  { set PVT    "ssgwc0p81v125c"     }
#@     if {$CORNER == "wcl_cmax_m40_setup" }  { set PVT    "ssgwc0p81vn40c"     }
#@     if {$CORNER == "wcl_rcmax_m40_setup"}  { set PVT    "ssgwc0p81vn40c"     }
#@     if {$CORNER == "wc_cmax_125_hold"   }  { set PVT    "ssgwc0p81v125c"     }
#@     if {$CORNER == "wc_rcmax_125_hold"  }  { set PVT    "ssgwc0p81v125c"     }
#@     if {$CORNER == "wcl_cmax_m40_hold"  }  { set PVT    "ssgwc0p81vn40c"     }
#@     if {$CORNER == "wcl_rcmax_m40_hold" }  { set PVT    "ssgwc0p81vn40c"     }
#@     if {$CORNER == "wc_cmin_125_hold"   }  { set PVT    "ssgwc0p81v125c"     }
#@     if {$CORNER == "wc_rcmin_125_hold"  }  { set PVT    "ssgwc0p81v125c"     }
#@     if {$CORNER == "wcl_cmin_m40_hold"  }  { set PVT    "ssgwc0p81vn40c"     }
#@     if {$CORNER == "wcl_rcmin_m40_hold" }  { set PVT    "ssgwc0p81vn40c"     }
#@     if {$CORNER == "lt_cmax_m40_hold"   }  { set PVT    "ffgbc0p99vn40c"     }
#@     if {$CORNER == "lt_rcmax_m40_hold"  }  { set PVT    "ffgbc0p99vn40c"     }
#@     if {$CORNER == "ml_cmax_125_hold"   }  { set PVT    "ffgbc0p99v125c"     }
#@     if {$CORNER == "ml_rcmax_125_hold"  }  { set PVT    "ffgbc0p99v125c"     }
#@     if {$CORNER == "lt_cmin_m40_hold"   }  { set PVT    "ffgbc0p99vn40c"     }
#@     if {$CORNER == "lt_rcmin_m40_hold"  }  { set PVT    "ffgbc0p99vn40c"     }
#@     if {$CORNER == "ml_cmin_125_hold"   }  { set PVT    "ffgbc0p99v125c"     }
#@     if {$CORNER == "ml_rcmin_125_hold"  }  { set PVT    "ffgbc0p99v125c"     }
#@ 
#@     if {$CORNER == "wc_cmax_125_setup"  }  { set PVT_MEM "ssgwc0p81v125c"    }
#@     if {$CORNER == "wc_rcmax_125_setup" }  { set PVT_MEM "ssgwc0p81v125c"    }
#@     if {$CORNER == "wcl_cmax_m40_setup" }  { set PVT_MEM "ssgwc0p81vn40c"    }
#@     if {$CORNER == "wcl_rcmax_m40_setup"}  { set PVT_MEM "ssgwc0p81vn40c"    }
#@     if {$CORNER == "wc_cmax_125_hold"   }  { set PVT_MEM "ssgwc0p81v125c"    }
#@     if {$CORNER == "wc_rcmax_125_hold"  }  { set PVT_MEM "ssgwc0p81v125c"    }
#@     if {$CORNER == "wcl_cmax_m40_hold"  }  { set PVT_MEM "ssgwc0p81vn40c"    }
#@     if {$CORNER == "wcl_rcmax_m40_hold" }  { set PVT_MEM "ssgwc0p81vn40c"    }
#@     if {$CORNER == "wc_cmin_125_hold"   }  { set PVT_MEM "ssgwc0p81v125c"    }
#@     if {$CORNER == "wc_rcmin_125_hold"  }  { set PVT_MEM "ssgwc0p81v125c"    }
#@     if {$CORNER == "wcl_cmin_m40_hold"  }  { set PVT_MEM "ssgwc0p81vn40c"    }
#@     if {$CORNER == "wcl_rcmin_m40_hold" }  { set PVT_MEM "ssgwc0p81vn40c"    }
#@     if {$CORNER == "lt_cmax_m40_hold"   }  { set PVT_MEM "ffgbc0p99vn40c"    }
#@     if {$CORNER == "lt_rcmax_m40_hold"  }  { set PVT_MEM "ffgbc0p99vn40c"    }
#@     if {$CORNER == "ml_cmax_125_hold"   }  { set PVT_MEM "ffgbc0p99v125c"    }
#@     if {$CORNER == "ml_rcmax_125_hold"  }  { set PVT_MEM "ffgbc0p99v125c"    }
#@     if {$CORNER == "lt_cmin_m40_hold"   }  { set PVT_MEM "ffgbc0p99vn40c"    }
#@     if {$CORNER == "lt_rcmin_m40_hold"  }  { set PVT_MEM "ffgbc0p99vn40c"    }
#@     if {$CORNER == "ml_cmin_125_hold"   }  { set PVT_MEM "ffgbc0p99v125c"    }
#@     if {$CORNER == "ml_rcmin_125_hold"  }  { set PVT_MEM "ffgbc0p99v125c"    }
#@ 
#@     if {$CORNER == "wc_cmax_125_setup"  }  { set RC_FILE "cworst_125"   }
#@     if {$CORNER == "wc_rcmax_125_setup" }  { set RC_FILE "rcworst_125"  }
#@     if {$CORNER == "wcl_cmax_m40_setup" }  { set RC_FILE "cworst_m40"   }
#@     if {$CORNER == "wcl_rcmax_m40_setup"}  { set RC_FILE "rcworst_m40"  }
#@     if {$CORNER == "wc_cmax_125_hold"   }  { set RC_FILE "cworst_125"   }
#@     if {$CORNER == "wc_rcmax_125_hold"  }  { set RC_FILE "rcworst_125"  }
#@     if {$CORNER == "wcl_cmax_m40_hold"  }  { set RC_FILE "cworst_m40"   }
#@     if {$CORNER == "wcl_rcmax_m40_hold" }  { set RC_FILE "rcworst_m40"  }
#@     if {$CORNER == "wc_cmin_125_hold"   }  { set RC_FILE "cbest_125"    }
#@     if {$CORNER == "wc_rcmin_125_hold"  }  { set RC_FILE "rcbest_125"   }
#@     if {$CORNER == "wcl_cmin_m40_hold"  }  { set RC_FILE "cbest_m40"    }
#@     if {$CORNER == "wcl_rcmin_m40_hold" }  { set RC_FILE "rcbest_m40"   }
#@     if {$CORNER == "lt_cmax_m40_hold"   }  { set RC_FILE "cworst_m40"   }
#@     if {$CORNER == "lt_rcmax_m40_hold"  }  { set RC_FILE "rcworst_m40"  }
#@     if {$CORNER == "ml_cmax_125_hold"   }  { set RC_FILE "cworst_125"   }
#@     if {$CORNER == "ml_rcmax_125_hold"  }  { set RC_FILE "rcworst_125"  }
#@     if {$CORNER == "lt_cmin_m40_hold"   }  { set RC_FILE "cbest_m40"    }
#@     if {$CORNER == "lt_rcmin_m40_hold"  }  { set RC_FILE "rcbest_m40"   }
#@     if {$CORNER == "ml_cmin_125_hold"   }  { set RC_FILE "cbest_125"    }
#@     if {$CORNER == "ml_rcmin_125_hold"  }  { set RC_FILE "rcbest_125"   }
#@ 
#@   } elseif { [regexp {tsmc_22ulp_} $LINK_LIB]} {
#@ 
#@     if {$CORNER == "wc_cmax_125_setup"  }  { set PVT_IO "ssg0p81v1p62v125c"  }
#@     if {$CORNER == "wc_rcmax_125_setup" }  { set PVT_IO "ssg0p81v1p62v125c"  }
#@     if {$CORNER == "wc0_cmax_0_setup"   }  { set PVT_IO "ssg0p81v1p62v125c"    }
#@     if {$CORNER == "wc0_rcmax_0_setup"  }  { set PVT_IO "ssg0p81v1p62v125c"    }
#@     if {$CORNER == "wcl_cmax_m40_setup" }  { set PVT_IO "ssg0p81v1p62vm40c"  }
#@     if {$CORNER == "wcl_rcmax_m40_setup"}  { set PVT_IO "ssg0p81v1p62vm40c"  }
#@     if {$CORNER == "wc_cmax_125_hold"   }  { set PVT_IO "ssg0p81v1p62v125c"  }
#@     if {$CORNER == "wc_rcmax_125_hold"  }  { set PVT_IO "ssg0p81v1p62v125c"  }
#@     if {$CORNER == "wc0_cmax_0_hold"    }  { set PVT_IO "ssg0p81v1p62v0c"    }
#@     if {$CORNER == "wc0_rcmax_0_hold"   }  { set PVT_IO "ssg0p81v1p62v0c"    }
#@     if {$CORNER == "wcl_cmax_m40_hold"  }  { set PVT_IO "ssg0p81v1p62vm40c"  }
#@     if {$CORNER == "wcl_rcmax_m40_hold" }  { set PVT_IO "ssg0p81v1p62vm40c"  }
#@     if {$CORNER == "lt_cmax_m40_hold"   }  { set PVT_IO "ffg0p99v1p98vm40c"  }
#@     if {$CORNER == "lt_rcmax_m40_hold"  }  { set PVT_IO "ffg0p99v1p98vm40c"  }
#@     if {$CORNER == "ml0_cmax_0_hold"     }  { set PVT_IO "ffg0p99v1p98v0c"    }
#@     if {$CORNER == "ml0_rcmax_0_hold"    }  { set PVT_IO "ffg0p99v1p98v0c"    }
#@     if {$CORNER == "ml_cmax_125_hold"   }  { set PVT_IO "ffg0p99v1p98v125c"  }
#@     if {$CORNER == "ml_rcmax_125_hold"  }  { set PVT_IO "ffg0p99v1p98v125c"  }
#@     if {$CORNER == "lt_cmin_m40_hold"   }  { set PVT_IO "ffg0p99v1p98vm40c"  }
#@     if {$CORNER == "lt_rcmin_m40_hold"  }  { set PVT_IO "ffg0p99v1p98vm40c"  }
#@     if {$CORNER == "ml0_cmin_0_hold"     }  { set PVT_IO "ffg0p99v1p98v0c"    }
#@     if {$CORNER == "ml0_rcmin_0_hold"    }  { set PVT_IO "ffg0p99v1p98v0c"    }
#@     if {$CORNER == "ml_cmin_125_hold"   }  { set PVT_IO "ffg0p99v1p98v125c"  }
#@     if {$CORNER == "ml_rcmin_125_hold"  }  { set PVT_IO "ffg0p99v1p98v125c"  }
#@ 
#@     if {$CORNER == "wc_cmax_125_setup"  }  { set PVT_ANA "ssg0p81v125c"  }
#@     if {$CORNER == "wc_rcmax_125_setup" }  { set PVT_ANA "ssg0p81v125c"  }
#@     if {$CORNER == "wc0_cmax_0_setup"   }  { set PVT_ANA "ssg0p81v125c"    }
#@     if {$CORNER == "wc0_rcmax_0_setup"  }  { set PVT_ANA "ssg0p81v125c"    }
#@     if {$CORNER == "wcl_cmax_m40_setup" }  { set PVT_ANA "ssg0p81vm40c"  }
#@     if {$CORNER == "wcl_rcmax_m40_setup"}  { set PVT_ANA "ssg0p81vm40c"  }
#@     if {$CORNER == "wc_cmax_125_hold"   }  { set PVT_ANA "ssg0p81v125c"  }
#@     if {$CORNER == "wc_rcmax_125_hold"  }  { set PVT_ANA "ssg0p81v125c"  }
#@     if {$CORNER == "wc0_cmax_0_hold"    }  { set PVT_ANA "ssg0p81v125c"    }
#@     if {$CORNER == "wc0_rcmax_0_hold"   }  { set PVT_ANA "ssg0p81v125c"    }
#@     if {$CORNER == "wcl_cmax_m40_hold"  }  { set PVT_ANA "ssg0p81vm40c"  }
#@     if {$CORNER == "wcl_rcmax_m40_hold" }  { set PVT_ANA "ssg0p81vm40c"  }
#@     if {$CORNER == "lt_cmax_m40_hold"   }  { set PVT_ANA "ffg0p99vm40c"  }
#@     if {$CORNER == "lt_rcmax_m40_hold"  }  { set PVT_ANA "ffg0p99vm40c"  }
#@     if {$CORNER == "ml0_cmax_0_hold"     }  { set PVT_ANA "ffg0p99v125c"    }
#@     if {$CORNER == "ml0_rcmax_0_hold"    }  { set PVT_ANA "ffg0p99v125c"    }
#@     if {$CORNER == "ml_cmax_125_hold"   }  { set PVT_ANA "ffg0p99v125c"  }
#@     if {$CORNER == "ml_rcmax_125_hold"  }  { set PVT_ANA "ffg0p99v125c"  }
#@     if {$CORNER == "lt_cmin_m40_hold"   }  { set PVT_ANA "ffg0p99vm40c"  }
#@     if {$CORNER == "lt_rcmin_m40_hold"  }  { set PVT_ANA "ffg0p99vm40c"  }
#@     if {$CORNER == "ml0_cmin_0_hold"     }  { set PVT_ANA "ffg0p99v125c"    }
#@     if {$CORNER == "ml0_rcmin_0_hold"    }  { set PVT_ANA "ffg0p99v125c"    }
#@     if {$CORNER == "ml_cmin_125_hold"   }  { set PVT_ANA "ffg0p99v125c"  }
#@     if {$CORNER == "ml_rcmin_125_hold"  }  { set PVT_ANA "ffg0p99v125c"  }
#@  # add by XQJ : ddr lib CLKSWITCH
#@     if {$CORNER == "wc_cmax_125_setup"  }  { set PVT_DDR_UTILS "ss0p81v125c_pg"  }
#@     if {$CORNER == "wc_rcmax_125_setup" }  { set PVT_DDR_UTILS "ss0p81v125c_pg"  }
#@     if {$CORNER == "wc0_cmax_0_setup"   }  { set PVT_DDR_UTILS "ss0p81v0c_pg"    }
#@     if {$CORNER == "wc0_rcmax_0_setup"  }  { set PVT_DDR_UTILS "ss0p81v0c_pg"    }
#@     if {$CORNER == "wcl_cmax_m40_setup" }  { set PVT_DDR_UTILS "ss0p81vn40c_pg"  }
#@     if {$CORNER == "wcl_rcmax_m40_setup"}  { set PVT_DDR_UTILS "ss0p81vn40c_pg"  }
#@     if {$CORNER == "wc_cmax_125_hold"   }  { set PVT_DDR_UTILS "ss0p81v125c_pg"  }
#@     if {$CORNER == "wc_rcmax_125_hold"  }  { set PVT_DDR_UTILS "ss0p81v125c_pg"  }
#@     if {$CORNER == "wc0_cmax_0_hold"    }  { set PVT_DDR_UTILS "ss0p81v0c_pg"    }
#@     if {$CORNER == "wc0_rcmax_0_hold"   }  { set PVT_DDR_UTILS "ss0p81v0c_pg"    }
#@     if {$CORNER == "wcl_cmax_m40_hold"  }  { set PVT_DDR_UTILS "ss0p81vn40c_pg"  }
#@     if {$CORNER == "wcl_rcmax_m40_hold" }  { set PVT_DDR_UTILS "ss0p81vn40c_pg"  }
#@     if {$CORNER == "lt_cmax_m40_hold"   }  { set PVT_DDR_UTILS "ff0p99vn40c_pg"  }
#@     if {$CORNER == "lt_rcmax_m40_hold"  }  { set PVT_DDR_UTILS "ff0p99vn40c_pg"  }
#@     if {$CORNER == "ml0_cmax_0_hold"     }  { set PVT_DDR_UTILS "ff0p99v0c_pg"    }
#@     if {$CORNER == "ml0_rcmax_0_hold"    }  { set PVT_DDR_UTILS "ff0p99v0c_pg"    }
#@     if {$CORNER == "ml_cmax_125_hold"   }  { set PVT_DDR_UTILS "ff0p99v125c_pg"  }
#@     if {$CORNER == "ml_rcmax_125_hold"  }  { set PVT_DDR_UTILS "ff0p99v125c_pg"  }
#@     if {$CORNER == "lt_cmin_m40_hold"   }  { set PVT_DDR_UTILS "ff0p99vn40c_pg"  }
#@     if {$CORNER == "lt_rcmin_m40_hold"  }  { set PVT_DDR_UTILS "ff0p99vn40c_pg"  }
#@     if {$CORNER == "ml0_cmin_0_hold"     }  { set PVT_DDR_UTILS "ff0p99v0c_pg"    }
#@     if {$CORNER == "ml0_rcmin_0_hold"    }  { set PVT_DDR_UTILS "ff0p99v0c_pg"    }
#@     if {$CORNER == "ml_cmin_125_hold"   }  { set PVT_DDR_UTILS "ff0p99v125c_pg"  }
#@     if {$CORNER == "ml_rcmin_125_hold"  }  { set PVT_DDR_UTILS "ff0p99v125c_pg"  }
#@     
#@     if {$CORNER == "wc_cmax_125_setup"  }  { set PVT_DDR "ss0p81v125c_Cworst_pg"  }
#@     if {$CORNER == "wc_rcmax_125_setup" }  { set PVT_DDR "ss0p81v125c_RCworst_pg" }
#@     if {$CORNER == "wc0_cmax_0_setup"   }  { set PVT_DDR "ss0p81v0c_Cworst_pg"    }
#@     if {$CORNER == "wc0_rcmax_0_setup"  }  { set PVT_DDR "ss0p81v0c_RCworst_pg"   }
#@     if {$CORNER == "wcl_cmax_m40_setup" }  { set PVT_DDR "ss0p81vn40c_Cworst_pg"  }
#@     if {$CORNER == "wcl_rcmax_m40_setup"}  { set PVT_DDR "ss0p81vn40c_RCworst_pg" }
#@     if {$CORNER == "wc_cmax_125_hold"   }  { set PVT_DDR "ss0p81v125c_Cworst_pg"  }
#@     if {$CORNER == "wc_rcmax_125_hold"  }  { set PVT_DDR "ss0p81v125c_RCworst_pg" }
#@     if {$CORNER == "wc0_cmax_0_hold"    }  { set PVT_DDR "ss0p81v0c_Cworst_pg"    }
#@     if {$CORNER == "wc0_rcmax_0_hold"   }  { set PVT_DDR "ss0p81v0c_RCworst_pg"   }
#@     if {$CORNER == "wcl_cmax_m40_hold"  }  { set PVT_DDR "ss0p81vn40c_Cworst_pg"  }
#@     if {$CORNER == "wcl_rcmax_m40_hold" }  { set PVT_DDR "ss0p81vn40c_RCworst_pg" }
#@     if {$CORNER == "lt_cmax_m40_hold"   }  { set PVT_DDR "ff0p99vn40c_Cworst_pg"  }
#@     if {$CORNER == "lt_rcmax_m40_hold"  }  { set PVT_DDR "ff0p99vn40c_RCworst_pg" }
#@     if {$CORNER == "ml0_cmax_0_hold"     }  { set PVT_DDR "ff0p99v0c_Cworst_pg"    }
#@     if {$CORNER == "ml0_rcmax_0_hold"    }  { set PVT_DDR "ff0p99v0c_RCworst_pg"   }
#@     if {$CORNER == "ml_cmax_125_hold"   }  { set PVT_DDR "ff0p99v125c_Cworst_pg"  }
#@     if {$CORNER == "ml_rcmax_125_hold"  }  { set PVT_DDR "ff0p99v125c_RCworst_pg" }
#@     if {$CORNER == "lt_cmin_m40_hold"   }  { set PVT_DDR "ff0p99vn40c_Cbest_pg"   }
#@     if {$CORNER == "lt_rcmin_m40_hold"  }  { set PVT_DDR "ff0p99vn40c_RCbest_pg"  }
#@     if {$CORNER == "ml0_cmin_0_hold"     }  { set PVT_DDR "ff0p99v0c_Cbest_pg"     }
#@     if {$CORNER == "ml0_rcmin_0_hold"    }  { set PVT_DDR "ff0p99v0c_RCbest_pg"    }
#@     if {$CORNER == "ml_cmin_125_hold"   }  { set PVT_DDR "ff0p99v125c_Cbest_pg"   }
#@     if {$CORNER == "ml_rcmin_125_hold"  }  { set PVT_DDR "ff0p99v125c_RCbest_pg"  }
#@ 
#@     if {$CORNER == "wc_cmax_125_setup"  }  { set PVT40 "ss0p99v125c"  }
#@     if {$CORNER == "wc_rcmax_125_setup" }  { set PVT40 "ss0p99v125c"  }
#@     if {$CORNER == "wc0_cmax_0_setup"   }  { set PVT40 "ss0p99v125c"    }
#@     if {$CORNER == "wc0_rcmax_0_setup"  }  { set PVT40 "ss0p99v125c"    }
#@     if {$CORNER == "wcl_cmax_m40_setup" }  { set PVT40 "ss0p99vn40c"  }
#@     if {$CORNER == "wcl_rcmax_m40_setup"}  { set PVT40 "ss0p99vn40c"  }
#@     if {$CORNER == "wc_cmax_125_hold"   }  { set PVT40 "ss0p99v125c"  }
#@     if {$CORNER == "wc_rcmax_125_hold"  }  { set PVT40 "ss0p99v125c"  }
#@     if {$CORNER == "wc0_cmax_0_hold"    }  { set PVT40 "ss0p99v0c"    }
#@     if {$CORNER == "wc0_rcmax_0_hold"   }  { set PVT40 "ss0p99v0c"    }
#@     if {$CORNER == "wcl_cmax_m40_hold"  }  { set PVT40 "ss0p99vn40c"  }
#@     if {$CORNER == "wcl_rcmax_m40_hold" }  { set PVT40 "ss0p99vn40c"  }
#@     if {$CORNER == "lt_cmax_m40_hold"   }  { set PVT40 "ff1p21vn40c"  }
#@     if {$CORNER == "lt_rcmax_m40_hold"  }  { set PVT40 "ff1p21vn40c"  }
#@     if {$CORNER == "ml0_cmax_0_hold"     }  { set PVT40 "ff1p21v125c"    }
#@     if {$CORNER == "ml0_rcmax_0_hold"    }  { set PVT40 "ff1p21v125c"    }
#@     if {$CORNER == "ml_cmax_125_hold"   }  { set PVT40 "ff1p21v125c"  }
#@     if {$CORNER == "ml_rcmax_125_hold"  }  { set PVT40 "ff1p21v125c"  }
#@     if {$CORNER == "lt_cmin_m40_hold"   }  { set PVT40 "ff1p21vn40c"  }
#@     if {$CORNER == "lt_rcmin_m40_hold"  }  { set PVT40 "ff1p21vn40c"  }
#@     if {$CORNER == "ml0_cmin_0_hold"     }  { set PVT40 "ff1p21v125c"    }
#@     if {$CORNER == "ml0_rcmin_0_hold"    }  { set PVT40 "ff1p21v125c"    }
#@     if {$CORNER == "ml_cmin_125_hold"   }  { set PVT40 "ff1p21v125c"  }
#@     if {$CORNER == "ml_rcmin_125_hold"  }  { set PVT40 "ff1p21v125c"  }
#@ # CLKSWITCH
#@     if {$CORNER == "wc_cmax_125_setup"  }  { set PVT_MACRO "wc_cmax_125_setup"  } 
#@     if {$CORNER == "wc_rcmax_125_setup" }  { set PVT_MACRO "wc_rcmax_125_setup" } 
#@     if {$CORNER == "wc0_cmax_0_setup"   }  { set PVT_MACRO "wc0_cmax_0_setup"   } 
#@     if {$CORNER == "wc0_rcmax_0_setup"  }  { set PVT_MACRO "wc0_rcmax_0_setup"  } 
#@     if {$CORNER == "wcl_cmax_m40_setup" }  { set PVT_MACRO "wcl_cmax_m40_setup" } 
#@     if {$CORNER == "wcl_rcmax_m40_setup"}  { set PVT_MACRO "wcl_rcmax_m40_setup"} 
#@     if {$CORNER == "wc_cmax_125_hold"   }  { set PVT_MACRO "wc_cmax_125_hold"   } 
#@     if {$CORNER == "wc_rcmax_125_hold"  }  { set PVT_MACRO "wc_rcmax_125_hold"  } 
#@     if {$CORNER == "wc0_cmax_0_hold"    }  { set PVT_MACRO "wc0_cmax_0_hold"    } 
#@     if {$CORNER == "wc0_rcmax_0_hold"   }  { set PVT_MACRO "wc0_rcmax_0_hold"   }
#@     if {$CORNER == "wcl_cmax_m40_hold"  }  { set PVT_MACRO "wcl_cmax_m40_hold"  }
#@     if {$CORNER == "wcl_rcmax_m40_hold" }  { set PVT_MACRO "wcl_rcmax_m40_hold" }
#@     if {$CORNER == "lt_cmax_m40_hold"   }  { set PVT_MACRO "lt_cmax_m40_hold"   }
#@     if {$CORNER == "lt_rcmax_m40_hold"  }  { set PVT_MACRO "lt_rcmax_m40_hold"  }
#@     if {$CORNER == "ml0_cmax_0_hold"     }  { set PVT_MACRO "bc_cmax_0_hold"     }
#@     if {$CORNER == "ml0_rcmax_0_hold"    }  { set PVT_MACRO "bc_rcmax_0_hold"    }
#@     if {$CORNER == "ml_cmax_125_hold"   }  { set PVT_MACRO "ml_cmax_125_hold"   }
#@     if {$CORNER == "ml_rcmax_125_hold"  }  { set PVT_MACRO "ml_rcmax_125_hold"  }
#@     if {$CORNER == "lt_cmin_m40_hold"   }  { set PVT_MACRO "lt_cmin_m40_hold"   }
#@     if {$CORNER == "lt_rcmin_m40_hold"  }  { set PVT_MACRO "lt_rcmin_m40_hold"  }
#@     if {$CORNER == "ml0_cmin_0_hold"     }  { set PVT_MACRO "bc_cmin_0_hold"     }
#@     if {$CORNER == "ml0_rcmin_0_hold"    }  { set PVT_MACRO "bc_rcmin_0_hold"    }
#@     if {$CORNER == "ml_cmin_125_hold"   }  { set PVT_MACRO "ml_cmin_125_hold"   }
#@     if {$CORNER == "ml_rcmin_125_hold"  }  { set PVT_MACRO "ml_rcmin_125_hold"  }
#@ #   
#@     if {$CORNER == "wc_cmax_125_setup"  }  { set PVT    "ssg0p81v125c"  }
#@     if {$CORNER == "wc_rcmax_125_setup" }  { set PVT    "ssg0p81v125c"  }
#@     if {$CORNER == "wc0_cmax_0_setup"   }  { set PVT    "ssg0p81v0c"    }
#@     if {$CORNER == "wc0_rcmax_0_setup"  }  { set PVT    "ssg0p81v0c"    }
#@     if {$CORNER == "wcl_cmax_m40_setup" }  { set PVT    "ssg0p81vn40c"  }
#@     if {$CORNER == "wcl_rcmax_m40_setup"}  { set PVT    "ssg0p81vn40c"  }
#@     if {$CORNER == "wc_cmax_125_hold"   }  { set PVT    "ssg0p81v125c"  }
#@     if {$CORNER == "wc_rcmax_125_hold"  }  { set PVT    "ssg0p81v125c"  }
#@     if {$CORNER == "wc0_cmax_0_hold"    }  { set PVT    "ssg0p81v0c"    }
#@     if {$CORNER == "wc0_rcmax_0_hold"   }  { set PVT    "ssg0p81v0c"    }
#@     if {$CORNER == "wcl_cmax_m40_hold"  }  { set PVT    "ssg0p81vn40c"  }
#@     if {$CORNER == "wcl_rcmax_m40_hold" }  { set PVT    "ssg0p81vn40c"  }
#@     if {$CORNER == "lt_cmax_m40_hold"   }  { set PVT    "ffg0p99vn40c"  }
#@     if {$CORNER == "lt_rcmax_m40_hold"  }  { set PVT    "ffg0p99vn40c"  }
#@     if {$CORNER == "ml0_cmax_0_hold"     }  { set PVT    "ffg0p99v0c"    }
#@     if {$CORNER == "ml0_rcmax_0_hold"    }  { set PVT    "ffg0p99v0c"    }
#@     if {$CORNER == "ml_cmax_125_hold"   }  { set PVT    "ffg0p99v125c"  }
#@     if {$CORNER == "ml_rcmax_125_hold"  }  { set PVT    "ffg0p99v125c"  }
#@     if {$CORNER == "lt_cmin_m40_hold"   }  { set PVT    "ffg0p99vn40c"  }
#@     if {$CORNER == "lt_rcmin_m40_hold"  }  { set PVT    "ffg0p99vn40c"  }
#@     if {$CORNER == "ml0_cmin_0_hold"     }  { set PVT    "ffg0p99v0c"    }
#@     if {$CORNER == "ml0_rcmin_0_hold"    }  { set PVT    "ffg0p99v0c"    }
#@     if {$CORNER == "ml_cmin_125_hold"   }  { set PVT    "ffg0p99v125c"  }
#@     if {$CORNER == "ml_rcmin_125_hold"  }  { set PVT    "ffg0p99v125c"  }
#@ 
#@     if {$CORNER == "wc_cmax_125_setup"  }  { set PVT_MEM "ssgwct0p81v125c"  }
#@     if {$CORNER == "wc_rcmax_125_setup" }  { set PVT_MEM "ssgwct0p81v125c"  }
#@     if {$CORNER == "wc0_cmax_0_setup"   }  { set PVT_MEM "ssgwct0p81v125c"    }
#@     if {$CORNER == "wc0_rcmax_0_setup"  }  { set PVT_MEM "ssgwct0p81v125c"    }
#@     if {$CORNER == "wcl_cmax_m40_setup" }  { set PVT_MEM "ssgwct0p81vn40c"  }
#@     if {$CORNER == "wcl_rcmax_m40_setup"}  { set PVT_MEM "ssgwct0p81vn40c"  }
#@     if {$CORNER == "wc_cmax_125_hold"   }  { set PVT_MEM "ssgwct0p81v125c"  }
#@     if {$CORNER == "wc_rcmax_125_hold"  }  { set PVT_MEM "ssgwct0p81v125c"  }
#@     if {$CORNER == "wc0_cmax_0_hold"    }  { set PVT_MEM "ssgwct0p81v0c"    }
#@     if {$CORNER == "wc0_rcmax_0_hold"   }  { set PVT_MEM "ssgwct0p81v0c"    }
#@     if {$CORNER == "wcl_cmax_m40_hold"  }  { set PVT_MEM "ssgwct0p81vn40c"  }
#@     if {$CORNER == "wcl_rcmax_m40_hold" }  { set PVT_MEM "ssgwct0p81vn40c"  }
#@     if {$CORNER == "lt_cmax_m40_hold"   }  { set PVT_MEM "ffgbct0p99vn40c"  }
#@     if {$CORNER == "lt_rcmax_m40_hold"  }  { set PVT_MEM "ffgbct0p99vn40c"  }
#@     if {$CORNER == "ml0_cmax_0_hold"     }  { set PVT_MEM "ffgbct0p99v0c"    }
#@     if {$CORNER == "ml0_rcmax_0_hold"    }  { set PVT_MEM "ffgbct0p99v0c"    }
#@     if {$CORNER == "ml_cmax_125_hold"   }  { set PVT_MEM "ffgbct0p99v125c"  }
#@     if {$CORNER == "ml_rcmax_125_hold"  }  { set PVT_MEM "ffgbct0p99v125c"  }
#@     if {$CORNER == "lt_cmin_m40_hold"   }  { set PVT_MEM "ffgbct0p99vn40c"  }
#@     if {$CORNER == "lt_rcmin_m40_hold"  }  { set PVT_MEM "ffgbct0p99vn40c"  }
#@     if {$CORNER == "ml0_cmin_0_hold"     }  { set PVT_MEM "ffgbct0p99v0c"    }
#@     if {$CORNER == "ml0_rcmin_0_hold"    }  { set PVT_MEM "ffgbct0p99v0c"    }
#@     if {$CORNER == "ml_cmin_125_hold"   }  { set PVT_MEM "ffgbct0p99v125c"  }
#@     if {$CORNER == "ml_rcmin_125_hold"  }  { set PVT_MEM "ffgbct0p99v125c"  }
#@     
#@     if {$CORNER == "wc_cmax_125_setup"  }  { set PVTM_MEM "ssgwcT0p81v125c"  }
#@     if {$CORNER == "wc_rcmax_125_setup" }  { set PVTM_MEM "ssgwcT0p81v125c"  }
#@     if {$CORNER == "wc0_cmax_0_setup"   }  { set PVTM_MEM "ssgwcT0p81v125c"    }
#@     if {$CORNER == "wc0_rcmax_0_setup"  }  { set PVTM_MEM "ssgwcT0p81v125c"    }
#@     if {$CORNER == "wcl_cmax_m40_setup" }  { set PVTM_MEM "ssgwcT0p81vm40c"  }
#@     if {$CORNER == "wcl_rcmax_m40_setup"}  { set PVTM_MEM "ssgwcT0p81vm40c"  }
#@     if {$CORNER == "wc_cmax_125_hold"   }  { set PVTM_MEM "ssgwcT0p81v125c"  }
#@     if {$CORNER == "wc_rcmax_125_hold"  }  { set PVTM_MEM "ssgwcT0p81v125c"  }
#@     if {$CORNER == "wc0_cmax_0_hold"    }  { set PVTM_MEM "ssgwcT0p81v0c"    }
#@     if {$CORNER == "wc0_rcmax_0_hold"   }  { set PVTM_MEM "ssgwcT0p81v0c"    }
#@     if {$CORNER == "wcl_cmax_m40_hold"  }  { set PVTM_MEM "ssgwcT0p81vm40c"  }
#@     if {$CORNER == "wcl_rcmax_m40_hold" }  { set PVTM_MEM "ssgwcT0p81vm40c"  }
#@     if {$CORNER == "lt_cmax_m40_hold"   }  { set PVTM_MEM "ffgbcT0p99vm40c"  }
#@     if {$CORNER == "lt_rcmax_m40_hold"  }  { set PVTM_MEM "ffgbcT0p99vm40c"  }
#@     if {$CORNER == "ml0_cmax_0_hold"     }  { set PVTM_MEM "ffgbcT0p99v0c"    }
#@     if {$CORNER == "ml0_rcmax_0_hold"    }  { set PVTM_MEM "ffgbcT0p99v0c"    }
#@     if {$CORNER == "ml_cmax_125_hold"   }  { set PVTM_MEM "ffgbcT0p99v125c"  }
#@     if {$CORNER == "ml_rcmax_125_hold"  }  { set PVTM_MEM "ffgbcT0p99v125c"  }
#@     if {$CORNER == "lt_cmin_m40_hold"   }  { set PVTM_MEM "ffgbcT0p99vm40c"  }
#@     if {$CORNER == "lt_rcmin_m40_hold"  }  { set PVTM_MEM "ffgbcT0p99vm40c"  }
#@     if {$CORNER == "ml0_cmin_0_hold"     }  { set PVTM_MEM "ffgbcT0p99v0c"    }
#@     if {$CORNER == "ml0_rcmin_0_hold"    }  { set PVTM_MEM "ffgbcT0p99v0c"    }
#@     if {$CORNER == "ml_cmin_125_hold"   }  { set PVTM_MEM "ffgbcT0p99v125c"  }
#@     if {$CORNER == "ml_rcmin_125_hold"  }  { set PVTM_MEM "ffgbcT0p99v125c"  }
#@     
#@     if {$CORNER == "wc_cmax_125_setup"  }  { set PVTM "ssg0p81v125c"  }
#@     if {$CORNER == "wc_rcmax_125_setup" }  { set PVTM "ssg0p81v125c"  }
#@     if {$CORNER == "wc0_cmax_0_setup"   }  { set PVTM "ssg0p81v0c"    }
#@     if {$CORNER == "wc0_rcmax_0_setup"  }  { set PVTM "ssg0p81v0c"    }
#@     if {$CORNER == "wcl_cmax_m40_setup" }  { set PVTM "ssg0p81vm40c"  }
#@     if {$CORNER == "wcl_rcmax_m40_setup"}  { set PVTM "ssg0p81vm40c"  }
#@     if {$CORNER == "wc_cmax_125_hold"   }  { set PVTM "ssg0p81v125c"  }
#@     if {$CORNER == "wc_rcmax_125_hold"  }  { set PVTM "ssg0p81v125c"  }
#@     if {$CORNER == "wc0_cmax_0_hold"    }  { set PVTM "ssg0p81v0c"    }
#@     if {$CORNER == "wc0_rcmax_0_hold"   }  { set PVTM "ssg0p81v0c"    }
#@     if {$CORNER == "wcl_cmax_m40_hold"  }  { set PVTM "ssg0p81vm40c"  }
#@     if {$CORNER == "wcl_rcmax_m40_hold" }  { set PVTM "ssg0p81vm40c"  }
#@     if {$CORNER == "lt_cmax_m40_hold"   }  { set PVTM "ffg0p99vm40c"  }
#@     if {$CORNER == "lt_rcmax_m40_hold"  }  { set PVTM "ffg0p99vm40c"  }
#@     if {$CORNER == "ml0_cmax_0_hold"     }  { set PVTM "ffg0p99v0c"    }
#@     if {$CORNER == "ml0_rcmax_0_hold"    }  { set PVTM "ffg0p99v0c"    }
#@     if {$CORNER == "ml_cmax_125_hold"   }  { set PVTM "ffg0p99v125c"  }
#@     if {$CORNER == "ml_rcmax_125_hold"  }  { set PVTM "ffg0p99v125c"  }
#@     if {$CORNER == "lt_cmin_m40_hold"   }  { set PVTM "ffg0p99vm40c"  }
#@     if {$CORNER == "lt_rcmin_m40_hold"  }  { set PVTM "ffg0p99vm40c"  }
#@     if {$CORNER == "ml0_cmin_0_hold"     }  { set PVTM "ffg0p99v0c"    }
#@     if {$CORNER == "ml0_rcmin_0_hold"    }  { set PVTM "ffg0p99v0c"    }
#@     if {$CORNER == "ml_cmin_125_hold"   }  { set PVTM "ffg0p99v125c"  }
#@     if {$CORNER == "ml_rcmin_125_hold"  }  { set PVTM "ffg0p99v125c"  }
#@ 
#@     if {$CORNER == "wc_cmax_125_setup"  }  { set PVT_HOLD "ssg_0p81_125"  }
#@     if {$CORNER == "wc_rcmax_125_setup" }  { set PVT_HOLD "ssg_0p81_125"  }
#@     if {$CORNER == "wc0_cmax_0_setup"   }  { set PVT_HOLD "ssg_0p81_0"    }
#@     if {$CORNER == "wc0_rcmax_0_setup"  }  { set PVT_HOLD "ssg_0p81_0"    }
#@     if {$CORNER == "wcl_cmax_m40_setup" }  { set PVT_HOLD "ssg_0p81_m40"  }
#@     if {$CORNER == "wcl_rcmax_m40_setup"}  { set PVT_HOLD "ssg_0p81_m40"  }
#@     if {$CORNER == "wc_cmax_125_hold"   }  { set PVT_HOLD "ssg_0p81_125"  }
#@     if {$CORNER == "wc_rcmax_125_hold"  }  { set PVT_HOLD "ssg_0p81_125"  }
#@     if {$CORNER == "wc0_cmax_0_hold"    }  { set PVT_HOLD "ssg_0p81_0"    }
#@     if {$CORNER == "wc0_rcmax_0_hold"   }  { set PVT_HOLD "ssg_0p81_0"    }
#@     if {$CORNER == "wcl_cmax_m40_hold"  }  { set PVT_HOLD "ssg_0p81_m40"  }
#@     if {$CORNER == "wcl_rcmax_m40_hold" }  { set PVT_HOLD "ssg_0p81_m40"  }
#@     if {$CORNER == "lt_cmax_m40_hold"   }  { set PVT_HOLD "ffg_0p99_m40"  }
#@     if {$CORNER == "lt_rcmax_m40_hold"  }  { set PVT_HOLD "ffg_0p99_m40"  }
#@     if {$CORNER == "ml0_cmax_0_hold"     }  { set PVT_HOLD "ffg_0p99_0"    }
#@     if {$CORNER == "ml0_rcmax_0_hold"    }  { set PVT_HOLD "ffg_0p99_0"    }
#@     if {$CORNER == "ml_cmax_125_hold"   }  { set PVT_HOLD "ffg_0p99_125"  }
#@     if {$CORNER == "ml_rcmax_125_hold"  }  { set PVT_HOLD "ffg_0p99_125"  }
#@     if {$CORNER == "lt_cmin_m40_hold"   }  { set PVT_HOLD "ffg_0p99_m40"  }
#@     if {$CORNER == "lt_rcmin_m40_hold"  }  { set PVT_HOLD "ffg_0p99_m40"  }
#@     if {$CORNER == "ml0_cmin_0_hold"     }  { set PVT_HOLD "ffg_0p99_0"    }
#@     if {$CORNER == "ml0_rcmin_0_hold"    }  { set PVT_HOLD "ffg_0p99_0"    }
#@     if {$CORNER == "ml_cmin_125_hold"   }  { set PVT_HOLD "ffg_0p99_125"  }
#@     if {$CORNER == "ml_rcmin_125_hold"  }  { set PVT_HOLD "ffg_0p99_125"  }
#@ 
#@     if {$CORNER == "wc_cmax_125_setup"  }  { set RC_FILE "cworst_T_125"   }
#@     if {$CORNER == "wc_rcmax_125_setup" }  { set RC_FILE "rcworst_T_125"}
#@     if {$CORNER == "wc0_cmax_0_setup"   }  { set RC_FILE "cworst_T_0"   }
#@     if {$CORNER == "wc0_rcmax_0_setup"  }  { set RC_FILE "rcworst_T_0"  }
#@     if {$CORNER == "wcl_cmax_m40_setup" }  { set RC_FILE "cworst_T_m40"   }
#@     if {$CORNER == "wcl_rcmax_m40_setup"}  { set RC_FILE "rcworst_T_m40"  }
#@     if {$CORNER == "wc_cmax_125_hold"   }  { set RC_FILE "cworst_125"   }
#@     if {$CORNER == "wc_rcmax_125_hold"  }  { set RC_FILE "rcworst_125"  }
#@     if {$CORNER == "wc0_cmax_0_hold"    }  { set RC_FILE "cworst_0"   }
#@     if {$CORNER == "wc0_rcmax_0_hold"   }  { set RC_FILE "rcworst_0"  }
#@     if {$CORNER == "wcl_cmax_m40_hold"  }  { set RC_FILE "cworst_m40"   }
#@     if {$CORNER == "wcl_rcmax_m40_hold" }  { set RC_FILE "rcworst_m40"  }
#@     if {$CORNER == "lt_cmax_m40_hold"   }  { set RC_FILE "cworst_m40"   }
#@     if {$CORNER == "lt_rcmax_m40_hold"  }  { set RC_FILE "rcworst_m40"  }
#@     if {$CORNER == "ml0_cmax_0_hold"     }  { set RC_FILE "cworst_0"   }
#@     if {$CORNER == "ml0_rcmax_0_hold"    }  { set RC_FILE "rcworst_0"  }
#@     if {$CORNER == "ml_cmax_125_hold"   }  { set RC_FILE "cworst_125"   }
#@     if {$CORNER == "ml_rcmax_125_hold"  }  { set RC_FILE "rcworst_125"  }
#@     if {$CORNER == "lt_cmin_m40_hold"   }  { set RC_FILE "cbest_m40"    }
#@     if {$CORNER == "lt_rcmin_m40_hold"  }  { set RC_FILE "rcbest_m40"   }
#@     if {$CORNER == "ml0_cmin_0_hold"     }  { set RC_FILE "cbest_0"    }
#@     if {$CORNER == "ml0_rcmin_0_hold"    }  { set RC_FILE "rcbest_0"   }
#@     if {$CORNER == "ml_cmin_125_hold"   }  { set RC_FILE "cbest_125"    }
#@     if {$CORNER == "ml_rcmin_125_hold"  }  { set RC_FILE "rcbest_125"   }
#@ 
#@   } elseif { [regexp {_110_} $LINK_LIB]} {
#@       if {$CORNER == "wc_cworst"      }  { set PVT "ss1p35v125c"     }
#@       if {$CORNER == "wc_cworst"      }  { set PVTM "ss1p35v125c"     }
#@       if {$CORNER == "wc_cworst"      }  { set PVT_MEM "ss1p35v125c"     }
#@       if {$CORNER == "wc_cworst"      }  { set PVT_ANA "ss1p35v125c"     }
#@       if {$CORNER == "wc_cworst"      }  { set PVT_HOLD "ss1p35v125c"     }
#@       if {$CORNER == "wc_cworst"      }  { set RC_FILE "cworst_125"     }
#@ 
#@       if {$CORNER == "wc_cbest"      }  { set PVT "ss1p35v125c"     }
#@       if {$CORNER == "wc_cbest"      }  { set PVTM "ss1p35v125c"     }
#@       if {$CORNER == "wc_cbest"      }  { set PVT_MEM "ss1p35v125c"     }
#@       if {$CORNER == "wc_cbest"      }  { set PVT_ANA "ss1p35v125c"     }
#@       if {$CORNER == "wc_cbest"      }  { set PVT_HOLD "ss1p35v125c"     }
#@       if {$CORNER == "wc_cbest"      }  { set RC_FILE "cbest_125"     }
#@ 
#@       if {$CORNER == "lt_cbest"      }  { set PVT "ff1p65vm40c"     }
#@       if {$CORNER == "lt_cbest"      }  { set PVTM "ff1p65vm40c"     }
#@       if {$CORNER == "lt_cbest"      }  { set PVT_MEM "ff1p65vm40c"     }
#@       if {$CORNER == "lt_cbest"      }  { set PVT_ANA "ff1p65vm40c"     }
#@       if {$CORNER == "lt_cbest"      }  { set PVT_HOLD "ff1p65vm40c"     }
#@       if {$CORNER == "lt_cbest"      }  { set RC_FILE "cbest_m40"     }
#@       
#@       if {$CORNER == "lt_cworst"      }  { set PVT "ff1p65vm40c"     }
#@       if {$CORNER == "lt_cworst"      }  { set PVTM "ff1p65vm40c"     }
#@       if {$CORNER == "lt_cworst"      }  { set PVT_MEM "ff1p65vm40c"     }
#@       if {$CORNER == "lt_cworst"      }  { set PVT_ANA "ff1p65vm40c"     }
#@       if {$CORNER == "lt_cworst"      }  { set PVT_HOLD "ff1p65vm40c"     }
#@       if {$CORNER == "lt_cworst"      }  { set RC_FILE "cworst_m40"     }
#@ 
#@       if {$CORNER == "ml_cbest"      }  { set PVT "ff1p65v125c"     }
#@       if {$CORNER == "ml_cbest"      }  { set PVTM "ff1p65v125c"     }
#@       if {$CORNER == "ml_cbest"      }  { set PVT_MEM "ff1p65v125c"     }
#@       if {$CORNER == "ml_cbest"      }  { set PVT_ANA "ff1p65v125c"     }
#@       if {$CORNER == "ml_cbest"      }  { set PVT_HOLD "ff1p65v125c"     }
#@       if {$CORNER == "ml_cbest"      }  { set RC_FILE "cbest_125"     }
#@ 
#@       if {$CORNER == "ml_cworst"      }  { set PVT "ff1p65v125c"     }
#@       if {$CORNER == "ml_cworst"      }  { set PVTM "ff1p65v125c"     }
#@       if {$CORNER == "ml_cworst"      }  { set PVT_MEM "ff1p65v125c"     }
#@       if {$CORNER == "ml_cworst"      }  { set PVT_ANA "ff1p65v125c"     }
#@       if {$CORNER == "ml_cworst"      }  { set PVT_HOLD "ff1p65v125c"     }
#@       if {$CORNER == "ml_cworst"      }  { set RC_FILE "cworst_125"     }
#@ 
#@      
#@       if {$CORNER == "wcl_cworst"      }  { set PVT "ss1p35vm40c"     }
#@       if {$CORNER == "wcl_cworst"      }  { set PVTM "ss1p35vm40c"     }
#@       if {$CORNER == "wcl_cworst"      }  { set PVT_MEM "ss1p35vm40c"     }
#@       if {$CORNER == "wcl_cworst"      }  { set PVT_ANA "ss1p35vm40c"     }
#@       if {$CORNER == "wcl_cworst"      }  { set PVT_HOLD "ss1p35vm40c"     }
#@       if {$CORNER == "wcl_cworst"      }  { set RC_FILE "cworst_m40"     }
#@ 
#@       if {$CORNER == "wcl_cbest"      }  { set PVT "ss1p35vm40c"     }
#@       if {$CORNER == "wcl_cbest"      }  { set PVTM "ss1p35vm40c"     }
#@       if {$CORNER == "wcl_cbest"      }  { set PVT_MEM "ss1p35vm40c"     }
#@       if {$CORNER == "wcl_cbest"      }  { set PVT_ANA "ss1p35vm40c"     }
#@       if {$CORNER == "wcl_cbest"      }  { set PVT_HOLD "ss1p35vm40c"     }
#@       if {$CORNER == "wcl_cbest"      }  { set RC_FILE "cbest_m40"     }
#@ 
#@       if {$CORNER == "tt_cbest"      }  { set PVT "tt1p5v25c"     }
#@       if {$CORNER == "tt_cbest"      }  { set PVTM "tt1p5v25c"     }
#@       if {$CORNER == "tt_cbest"      }  { set PVT_MEM "tt1p5v25c"     }
#@       if {$CORNER == "tt_cbest"      }  { set PVT_ANA "tt1p5v25c"     }
#@       if {$CORNER == "tt_cbest"      }  { set PVT_HOLD "tt1p5v25c"     }
#@       if {$CORNER == "tt_cbest"      }  { set RC_FILE "Typ_25"     }
#@ 
#@   } elseif { [regexp {_145_} $LINK_LIB]} {
#@       if {$CORNER == "wc_cworst"      }  { set PVT "125CSS1P62_cmax"     }
#@       if {$CORNER == "wc_cbest"       }  { set PVT "125CSS1P62_cmax"     }
#@       if {$CORNER == "wc_typ"         }  { set PVT "125CSS1P62_cmax"     }
#@       if {$CORNER == "lt_typ"         }  { set PVT "N40CFF1P98_cmin"     }
#@       if {$CORNER == "lt_cworst"      }  { set PVT "N40CFF1P98_cmin"     }
#@       if {$CORNER == "lt_cbest"       }  { set PVT "N40CFF1P98_cmin"     }
#@       if {$CORNER == "ml_cbest"       }  { set PVT "125CFF1P98_cmin"     }
#@       if {$CORNER == "tt_cworst"      }  { set PVT "25CTT1P8_typ"     }
#@       if {$CORNER == "tt_cbest"       }  { set PVT "25CTT1P8_typ"     }
#@       if {$CORNER == "tt_typ"         }  { set PVT "25CTT1P8_typ"     }
#@ 
#@       if {$CORNER == "wc_cworst"      }  { set PVTM "125CSS1P62_cmax"     }
#@       if {$CORNER == "wc_cbest"       }  { set PVTM "125CSS1P62_cmax"     }
#@       if {$CORNER == "wc_typ"         }  { set PVTM "125CSS1P62_cmax"     }
#@       if {$CORNER == "lt_typ"         }  { set PVTM "N40CFF1P98_cmin"     }
#@       if {$CORNER == "lt_cworst"      }  { set PVTM "N40CFF1P98_cmin"     }
#@       if {$CORNER == "lt_cbest"       }  { set PVTM "N40CFF1P98_cmin"     }
#@       if {$CORNER == "ml_cbest"       }  { set PVTM "125CFF1P98_cmin"     }
#@       if {$CORNER == "tt_cworst"      }  { set PVTM "25CTT1P8_typ"     }
#@       if {$CORNER == "tt_cbest"       }  { set PVTM "25CTT1P8_typ"     }
#@       if {$CORNER == "tt_typ"         }  { set PVTM "25CTT1P8_typ"     }
#@ 
#@       if {$CORNER == "wc_cworst"      }  { set PVT_MEM "125CSS1P62_cmax"     }
#@       if {$CORNER == "wc_cbest"       }  { set PVT_MEM "125CSS1P62_cmax"     }
#@       if {$CORNER == "wc_typ"         }  { set PVT_MEM "125CSS1P62_cmax"     }
#@       if {$CORNER == "lt_typ"         }  { set PVT_MEM "N40CFF1P98_cmin"     }
#@       if {$CORNER == "lt_cworst"      }  { set PVT_MEM "N40CFF1P98_cmin"     }
#@       if {$CORNER == "lt_cbest"       }  { set PVT_MEM "N40CFF1P98_cmin"     }
#@       if {$CORNER == "ml_cbest"       }  { set PVT_MEM "125CFF1P98_cmin"     }
#@       if {$CORNER == "tt_cworst"      }  { set PVT_MEM "25CTT1P8_typ"     }
#@       if {$CORNER == "tt_cbest"       }  { set PVT_MEM "25CTT1P8_typ"     }
#@       if {$CORNER == "tt_typ"         }  { set PVT_MEM "25CTT1P8_typ"     }
#@ 
#@       if {$CORNER == "wc_cworst"      }  { set PVT_ANA "125CSS1P62"     }
#@       if {$CORNER == "wc_cbest"       }  { set PVT_ANA "125CSS1P62"     }
#@       if {$CORNER == "wc_typ"         }  { set PVT_ANA "125CSS1P62"     }
#@       if {$CORNER == "lt_typ"         }  { set PVT_ANA "N40CFF1P98"     }
#@       if {$CORNER == "lt_cworst"      }  { set PVT_ANA "N40CFF1P98"     }
#@       if {$CORNER == "lt_cbest"       }  { set PVT_ANA "N40CFF1P98"     }
#@       if {$CORNER == "ml_cbest"       }  { set PVT_ANA "125CFF1P98"     }
#@       if {$CORNER == "tt_cworst"      }  { set PVT_ANA "25CTT1P8"     }
#@       if {$CORNER == "tt_cbest"       }  { set PVT_ANA "25CTT1P8"     }
#@       if {$CORNER == "tt_typ"         }  { set PVT_ANA "25CTT1P8"     }
#@ 
#@       if {$CORNER == "wc_cworst"      }  { set PVT_HOLD "125CSS1P62_cmax"     }
#@       if {$CORNER == "wc_cbest"       }  { set PVT_HOLD "125CSS1P62_cmax"     }
#@       if {$CORNER == "wc_typ"         }  { set PVT_HOLD "125CSS1P62_cmax"     }
#@       if {$CORNER == "lt_typ"         }  { set PVT_HOLD "N40CFF1P98_cmin"     }
#@       if {$CORNER == "lt_cworst"      }  { set PVT_HOLD "N40CFF1P98_cmin"     }
#@       if {$CORNER == "lt_cbest"       }  { set PVT_HOLD "N40CFF1P98_cmin"     }
#@       if {$CORNER == "ml_cbest"       }  { set PVT_HOLD "125CFF1P98_cmin"     }
#@       if {$CORNER == "tt_cworst"      }  { set PVT_HOLD "25CTT1P8_typ"     }
#@       if {$CORNER == "tt_cbest"       }  { set PVT_HOLD "25CTT1P8_typ"     }
#@       if {$CORNER == "tt_typ"         }  { set PVT_HOLD "25CTT1P8_typ"     }
#@ 
#@   } else {
#@       set PVT_ANA ""
#@       set PVT     ""
#@       set PVT_MEM ""
#@       set RC_FILE ""
#@   }
#@ }
#@ # -- End source /project/HV2M23/designer/DD/ymzhu/HV2M23/SYNTHESIS/common/tcl_dir//common/common_db_pvt.tcl

#@ 
#@ if {$synopsys_program_name == "genus" || $synopsys_program_name == "lec" || $synopsys_program_name == "spyglass"} {
#@   set db_type "lib"
#@   set CCS     "ccs"
#@ } else {
#@   set db_type "db"
#@   set CCS     "ccs_db"
#@ }
#@ 
#@ ###############################################################
#@ ## Memory setup
#@ ###############################################################
#@ 
#@ 
#@ #set MEM_DIR   "/project/HK3671/DataBase/Digital/memory_library/nexchip"
#@ #set LIB_MEM_NAME  "mem_nexchip_${PVT_MEM}_lib"
#@ #set mem_link_library   [list ]
#@ #if { $MEM_EN == 1 } {
#@ #if {$synopsys_program_name == "genus" || $synopsys_program_name == "lec" || $synopsys_program_name == "spyglass"} {
#@ #  set lib_mem [list "${MEM_DIR}/lib/${PVT_MEM}/${LIB_MEM_NAME}.lib"]
#@ #} else {
#@ #  set lib_mem [list "${MEM_DIR}/lib/${PVT_MEM}/${LIB_MEM_NAME}.db"]
#@ #}
#@ #  set mem_link_library [concat $mem_link_library $lib_mem]
#@ #}
#@ #
#@ #set mem_lef_file [list ]
#@ #if { $MEM_EN == 1 } {
#@ #  foreach lef_mem [glob ${MEM_DIR}/lef/*.lef] {
#@ #    set mem_lef_file [concat $mem_lef_file $lef_mem]
#@ #  }
#@ #}
#@ 
#@ ###############################################################
#@ ## Analog setup
#@ ###############################################################
#@ if {$synopsys_program_name == "pt"} {
#@   set wireload_type "post"
#@ } else {
#@   set wireload_type "pre"
#@ }
#@ 
#@ 
#@ #set ANA_DIR   "/project/HK3671/DataBase/Analog"
#@ #set ana_link_library [list ]
#@ #if { $ANA_EN==1 } {
#@ #  foreach lib_ana [glob ${ANA_DIR}/DB/updated/*/*_${PVT_ANA}.${db_type}] {
#@ #  set cdm_logic_lib [glob ${ANA_DIR}/DB/updated/CDM_LOGIC/*_${PVT}_nldm.${db_type}]
#@ #    set ana_link_library [concat $ana_link_library $lib_ana $cdm_logic_lib]
#@ #  } 
#@ #} 
#@ 
#@ #set ana_lef_file [list ]
#@ #if { $ANA_EN==1 } {
#@ #  foreach lef_ana [glob ${ANA_DIR}/LEF/updated/*.lef] {
#@ #    set ana_lef_file [concat $ana_lef_file $lef_ana]
#@ #  } 
#@ #}
#@ 
#@ ###############################################################
#@ ## Lef setup
#@ ###############################################################
#@ 
#@ 
#@ #set lef_file [list #  "/project/HK3671/cad/LEF_Techfile/header4m_V55.ori.lef" #]
#@ #
#@ #set qrc_tech_file  "/project/HK3671/cad/QRC/cmax/qrcTechFile"
#@ 
#@ 
#@ ###############################################################
#@ ## STD setup
#@ ###############################################################
#@ 
#@ 
#@ #library_snps_gtech
#@ if {$db_type == "db"} {
#@   set library_snps_gtech [list "/eda/synopsys/syn1603/libraries/syn/gtech.${db_type}"]
#@ } else {
#@   set library_snps_gtech [list ]
#@ }
#@ set ckgate_snps_gtech  ""
#@ 
#@ #library_hlmc_55_snps_7t
#@ set library_hlmc_55_snps_7t [list   "/eda/process/55/HLMC/standcell/synopsys/standcell_202a/v-logic_hu55npkhlogcasdut000f/DesignWare_logic_libs/huali55nlp/uhd/base/hvt/latest/liberty/ccs/hu55npkhdut_${PVT}.${db_type}"   "/eda/process/55/HLMC/standcell/synopsys/standcell_202a/v-logic_hu55npkslogcasdut000f/DesignWare_logic_libs/huali55nlp/uhd/base/svt/latest/liberty/ccs/hu55npksdut_${PVT}.${db_type}"   "/eda/process/55/HLMC/standcell/synopsys/standcell_202a/v-logic_hu55npkllogcasdut000f/DesignWare_logic_libs/huali55nlp/uhd/base/lvt/latest/liberty/ccs/hu55npkldut_${PVT}.${db_type}" ]
#@ set hvt_hlmc_55_snps_7t                  "hu55npkhdut_${PVT}"
#@ set svt_hlmc_55_snps_7t                  "hu55npksdut_${PVT}"
#@ set lvt_hlmc_55_snps_7t                  "hu55npkldut_${PVT}"
#@ set ckgate_hlmc_55_snps_7t               "SVL_CKGTPLT_8"
#@ 
#@ #library_hlmc_55_snps_9t
#@ set library_hlmc_55_snps_9t [list   "/eda/process/55/HLMC/standcell/synopsys/standcell_202a/v-logic_hu55npkhlogcasdst000f/DesignWare_logic_libs/huali55nlp/hd/base/hvt/latest/liberty/ccs/hu55npkhdst_${PVT}.${db_type}"   "/eda/process/55/HLMC/standcell/synopsys/standcell_202a/v-logic_hu55npkslogcasdst000f/DesignWare_logic_libs/huali55nlp/hd/base/svt/latest/liberty/ccs/hu55npksdst_${PVT}.${db_type}"   "/eda/process/55/HLMC/standcell/synopsys/standcell_202a/v-logic_hu55npkllogcasdst000f/DesignWare_logic_libs/huali55nlp/hd/base/lvt/latest/liberty/ccs/hu55npkldst_${PVT}.${db_type}" ]
#@ set hvt_hlmc_55_snps_9t                  "hu55npkhdst_${PVT}"
#@ set svt_hlmc_55_snps_9t                  "hu55npksdst_${PVT}"
#@ set lvt_hlmc_55_snps_9t                  "hu55npkldst_${PVT}"
#@ set ckgate_hlmc_55_snps_9t               ""
#@ 
#@ #library_umc_55_fara_7t
#@ set library_umc_55_fara_7t [list   "/eda/process/55/UMC_LP/standcell/Faraday/7t/2017Q1v2.0/fsf0l_ehs/2017Q1v2.0/GENERIC_CORE/FrontEnd/synopsys/synthesis/fsf0l_ehs_generic_core_${PVT}.${db_type}"   "/eda/process/55/UMC_LP/standcell/Faraday/7t/2017Q1v2.0/fsf0l_ers/2017Q1v2.0/GENERIC_CORE/FrontEnd/synopsys/synthesis/fsf0l_ers_generic_core_${PVT}.${db_type}"   "/eda/process/55/UMC_LP/standcell/Faraday/7t/2017Q1v2.0/fsf0l_els/2017Q1v2.0/GENERIC_CORE/FrontEnd/synopsys/synthesis/fsf0l_els_generic_core_${PVT}.${db_type}" ]
#@ set hvt_umc_55_fara_7t                   "fsf0l_ehs_generic_core_${PVT}"
#@ set svt_umc_55_fara_7t                   "fsf0l_ers_generic_core_${PVT}"
#@ set lvt_umc_55_fara_7t                   "fsf0l_els_generic_core_${PVT}"
#@ set ckgate_umc_55_fara_7t                "GCKESFB8LERMX8"
#@ 
#@ #library_umc_55_fara_8t
#@ set library_umc_55_fara_8t [list   "/eda/process/55/UMC_LP/standcell/Faraday/8t/2013Q1v1.0/fsf0l_drs/2013Q1v1.0/GENERIC_CORE/FrontEnd/synopsys/synthesis/fsf0l_drs_generic_core_${PVT}.${db_type}"   "/eda/process/55/UMC_LP/standcell/Faraday/8t/2013Q1v1.0/fsf0l_dls/2013Q1v1.0/GENERIC_CORE/FrontEnd/synopsys/synthesis/fsf0l_dls_generic_core_${PVT}.${db_type}" ]
#@ set hvt_umc_55_fara_8t                   ""
#@ set svt_umc_55_fara_8t                   "fsf0l_drs_generic_core_${PVT}"
#@ set lvt_umc_55_fara_8t                   "fsf0l_dls_generic_core_${PVT}"
#@ set ckgate_umc_55_fara_8t                ""
#@ 
#@ #library_umc_55_snps_7t
#@ set library_umc_55_snps_7t [list   "/eda/process/55/UMC_LP/standcell/UMC/G-9LT-LOGIC_MIXED_MODE55N-LP_LOW_K_UM055LSCLPMVBDH-LIBRARY_TAPE_OUT_KIT-Ver.B01_P.B/synopsys/ccs/u055lsclpmvbdh_108c125_wc_ccs.${db_type}" ]
#@ set hvt_umc_55_snps_7t                   ""
#@ set svt_umc_55_snps_7t                   "u055lsclpmvbdh_108c125_wc_ccs"
#@ set lvt_umc_55_snps_7t                   ""
#@ set ckgate_umc_55_snps_7t                ""
#@ 
#@ #library_umc_55_snps_8t
#@ set library_umc_55_snps_8t [list ]
#@ set hvt_umc_55_snps_8t                   ""
#@ set svt_umc_55_snps_8t                   ""
#@ set lvt_umc_55_snps_8t                   ""
#@ set ckgate_umc_55_snps_8t                ""
#@ 
#@ #library_umc_40_fara_7t
#@ #if {$db_type == "lib"} {
#@ # set db_type_sp "ccsnlib.gz"
#@ #} else {
#@ # set db_type_sp "ccsndb"    
#@ #}
#@ 
#@ # library_nexchip_145
#@ # library_nexchip_110
#@ if { [regexp {_145_} $LINK_LIB] } {
#@     if {$db_type == "lib"} {
#@       set db_type_sp "ccs.lib.gz"
#@       set CCS        "ccs"
#@     } else {
#@       set db_type_sp "ccs.db"
#@       set CCS        "ccs_db"
#@     }
#@ } else {
#@     if {$db_type == "lib"} {
#@       set db_type_sp "ccsnlib.gz"
#@     } else {
#@       set db_type_sp "ccsndb"    
#@     }
#@ 
#@ }
#@ 
#@ 
#@ set library_umc_40_fara_7t [list   "/eda/process/40/UMC_LP/standcell/Faraday/7t/2018Q2v2.2/fsh0l_ehs/2018Q2v2.2/GENERIC_CORE/FrontEnd/synopsys/ccsn/fsh0l_ehs_generic_core_${PVT}.${db_type_sp}"   "/eda/process/40/UMC_LP/standcell/Faraday/7t/2018Q2v2.2/fsh0l_ers/2018Q2v2.2/GENERIC_CORE/FrontEnd/synopsys/ccsn/fsh0l_ers_generic_core_${PVT}.${db_type_sp}"   "/eda/process/40/UMC_LP/standcell/Faraday/7t/2018Q2v2.2/fsh0l_els/2018Q2v2.2/GENERIC_CORE/FrontEnd/synopsys/ccsn/fsh0l_els_generic_core_${PVT}.${db_type_sp}" ]
#@ set hvt_umc_40_fara_7t                   "fsh0l_ehs_generic_core_${PVT}"
#@ set svt_umc_40_fara_7t                   "fsh0l_ers_generic_core_${PVT}"
#@ set lvt_umc_40_fara_7t                   "fsh0l_els_generic_core_${PVT}"
#@ set ckgate_umc_40_fara_7t                "GCKESLELMX8"
#@ set lef_umc_40_fara_7t [list   "/eda/process/40/UMC_LP/standcell/Faraday/7t/2018Q2v2.2/fsh0l_ehs/2018Q2v2.2/GENERIC_CORE/BackEnd/lef/fsh0l_ehs_generic_core.msv.lef"   "/eda/process/40/UMC_LP/standcell/Faraday/7t/2018Q2v2.2/fsh0l_ers/2018Q2v2.2/GENERIC_CORE/BackEnd/lef/fsh0l_ers_generic_core.msv.lef"   "/eda/process/40/UMC_LP/standcell/Faraday/7t/2018Q2v2.2/fsh0l_els/2018Q2v2.2/GENERIC_CORE/BackEnd/lef/fsh0l_els_generic_core.msv.lef" ]
#@ 
#@ #library_umc_40_fara_9t
#@ set library_umc_40_fara_9t [list   "/eda/process/40/UMC_LP/standcell/Faraday/9t/2017Q3v1.1/fsh0l_bhs/2017Q3v1.1/GENERIC_CORE/FrontEnd/synopsys/ccsn/fsh0l_bhs_generic_core_${PVT}.${db_type_sp}"   "/eda/process/40/UMC_LP/standcell/Faraday/9t/2018Q2v1.2/fsh0l_brs/2018Q2v1.2/GENERIC_CORE/FrontEnd/synopsys/ccsn/fsh0l_brs_generic_core_${PVT}.${db_type_sp}"   "/eda/process/40/UMC_LP/standcell/Faraday/9t/2018Q2v1.2/fsh0l_bls/2018Q2v1.2/GENERIC_CORE/FrontEnd/synopsys/ccsn/fsh0l_bls_generic_core_${PVT}.${db_type_sp}" ]
#@ set hvt_umc_40_fara_9t                   "fsh0l_bhs_generic_core_${PVT}"
#@ set svt_umc_40_fara_9t                   "fsh0l_brs_generic_core_${PVT}"
#@ set lvt_umc_40_fara_9t                   "fsh0l_bls_generic_core_${PVT}"
#@ set ckgate_umc_40_fara_9t                "GCKESLBLMX8"
#@ 
#@ set lef_hvt_umc_40_fara_9t [list   "/eda/process/40/UMC_LP/standcell/Faraday/9t/2017Q3v1.1/fsh0l_bhs/2017Q3v1.1/GENERIC_CORE/BackEnd/lef/fsh0l_bhs_generic_core.msv.lef"   "/eda/process/40/UMC_LP/standcell/Faraday/9t/2018Q2v1.2/fsh0l_brs/2018Q2v1.2/GENERIC_CORE/BackEnd/lef/fsh0l_brs_generic_core.msv.lef"   "/eda/process/40/UMC_LP/standcell/Faraday/9t/2018Q2v1.2/fsh0l_bls/2018Q2v1.2/GENERIC_CORE/BackEnd/lef/fsh0l_bls_generic_core.msv.lef" ]
#@ 
#@ #library_umc_40_fara_1p2_7t
#@ set library_umc_40_fara_1p2_7t [list   "/eda/process/40/UMC_LP/standcell/Faraday/7t/2018Q2v2.2/fsh0l_ehs/2018Q2v2.2/GENERIC_CORE/FrontEnd/synopsys/ccsn_1p2/fsh0l_ehs_${PVT}.ccsn${db_type}"   "/eda/process/40/UMC_LP/standcell/Faraday/7t/2018Q2v2.2/fsh0l_ers/2018Q2v2.2/GENERIC_CORE/FrontEnd/synopsys/ccsn_1p2/fsh0l_ers_${PVT}.ccsn${db_type}"   "/eda/process/40/UMC_LP/standcell/Faraday/7t/2018Q2v2.2/fsh0l_els/2018Q2v2.2/GENERIC_CORE/FrontEnd/synopsys/ccsn_1p2/fsh0l_els_${PVT}.ccsn${db_type}"]
#@ set hvt_umc_40_fara_1p2_7t                   "fsh0l_ehs_${PVT}"
#@ set svt_umc_40_fara_1p2_7t                   "fsh0l_ers_${PVT}"
#@ set lvt_umc_40_fara_1p2_7t                   "fsh0l_els_${PVT}"
#@ set ckgate_umc_40_fara_7t                    "GCKESLELMX8"
#@ 
#@ set lef_hvt_umc_40_fara_1p2_7t [list   "/eda/process/40/UMC_LP/standcell/Faraday/7t/2018Q2v2.2/fsh0l_ehs/2018Q2v2.2/GENERIC_CORE/BackEnd/lef/fsh0l_ehs_generic_core.msv.lef"   "/eda/process/40/UMC_LP/standcell/Faraday/7t/2018Q2v2.2/fsh0l_ers/2018Q2v2.2/GENERIC_CORE/BackEnd/lef/fsh0l_ers_generic_core.msv.lef"   "/eda/process/40/UMC_LP/standcell/Faraday/7t/2018Q2v2.2/fsh0l_els/2018Q2v2.2/GENERIC_CORE/BackEnd/lef/fsh0l_els_generic_core.msv.lef" ]
#@ 
#@ #library_umc_40_fara_1p2_9t
#@ set library_umc_40_fara_1p2_9t [list   "/eda/process/40/UMC_LP/standcell/Faraday/9t/2017Q3v1.1/fsh0l_bhs/2017Q3v1.1/GENERIC_CORE/FrontEnd/synopsys/ccsn_1p2/fsh0l_bhs_${PVT}.ccsn${db_type}"   "/eda/process/40/UMC_LP/standcell/Faraday/9t/2018Q2v1.2/fsh0l_brs/2018Q2v1.2/GENERIC_CORE/FrontEnd/synopsys/ccsn_1p2/fsh0l_brs_core_${PVT}.ccsn${db_type}"   "/eda/process/40/UMC_LP/standcell/Faraday/9t/2018Q2v1.2/fsh0l_bls/2018Q2v1.2/GENERIC_CORE/FrontEnd/synopsys/ccsn_1p2/fsh0l_bls_core_${PVT}.ccsn${db_type}"]
#@ set hvt_umc_40_fara_1p2_9t                   "fsh0l_bhs_${PVT}"
#@ set svt_umc_40_fara_1p2_9t                   "fsh0l_brs_core_${PVT}"
#@ set lvt_umc_40_fara_1p2_9t                   "fsh0l_bls_core_${PVT}"
#@ set ckgate_umc_40_fara_9t                    "GCKESLBLMX8"
#@ 
#@ set lef_hvt_umc_40_fara_1p2_9t [list   "/eda/process/40/UMC_LP/standcell/Faraday/9t/2017Q3v1.1/fsh0l_bhs/2017Q3v1.1/GENERIC_CORE/BackEnd/lef/fsh0l_bhs_generic_core.msv.lef"   "/eda/process/40/UMC_LP/standcell/Faraday/9t/2018Q2v1.2/fsh0l_brs/2018Q2v1.2/GENERIC_CORE/BackEnd/lef/fsh0l_brs_generic_core.msv.lef"   "/eda/process/40/UMC_LP/standcell/Faraday/9t/2018Q2v1.2/fsh0l_bls/2018Q2v1.2/GENERIC_CORE/BackEnd/lef/fsh0l_bls_generic_core.msv.lef" ]
#@ 
#@ #library_umc_40_snps_9t
#@ set library_umc_40_snps_9t [list   "/eda/process/40/UMC_LP/standcell/synopsys/V5.00A/v-logic_um40npkhlogcasdst000f/DesignWare_logic_libs/umc40nlp/hd/base/hvt/latest/liberty/ccs/um40npkhdst_${PVT}.db"   "/eda/process/40/UMC_LP/standcell/synopsys/V5.00A/v-logic_um40npkslogcasdst000f/DesignWare_logic_libs/umc40nlp/hd/base/svt/latest/liberty/ccs/um40npksdst_${PVT}.db"   "/eda/process/40/UMC_LP/standcell/synopsys/V5.00A/v-logic_um40npkllogcasdst000f/DesignWare_logic_libs/umc40nlp/hd/base/lvt/latest/liberty/ccs/um40npkldst_${PVT}.db"]
#@ set hvt_umc_40_snps_9t                   "um40npkhdst_${PVT}"
#@ set svt_umc_40_snps_9t                   "um40npksdst_${PVT}"
#@ set lvt_umc_40_snps_9t                   "um40npkldst_${PVT}"
#@ set ckgate_umc_40_snps_9t                ""
#@ 
#@ #library_umc_28_arm_9t_hpc_c30
#@ set library_umc_28_arm_9t_hpc_c30 [list   "/eda/process/28/UMC_HPC/standcell/UMC_L28HPC_SC9MCZ_FB/arm/umc/l28hpc/sc9mcpp140z_base_hvt_c30/r1p0/${db_type}/sc9mcpp140z_l28hpc_base_hvt_c30_${PVT}.${db_type}"   "/eda/process/28/UMC_HPC/standcell/UMC_L28HPC_SC9MCZ_FB/arm/umc/l28hpc/sc9mcpp140z_base_rvt_c30/r1p0/${db_type}/sc9mcpp140z_l28hpc_base_rvt_c30_${PVT}.${db_type}"   "/eda/process/28/UMC_HPC/standcell/UMC_L28HPC_SC9MCZ_FB/arm/umc/l28hpc/sc9mcpp140z_base_lvt_c30/r1p0/${db_type}/sc9mcpp140z_l28hpc_base_lvt_c30_${PVT}.${db_type}"]
#@ set hvt_umc_28_arm_9t_hpc_c30            "sc9mcpp140z_l28hpc_base_hvt_c30_${PVT}"
#@ set rvt_umc_28_arm_9t_hpc_c30            "sc9mcpp140z_l28hpc_base_rvt_c30_${PVT}"
#@ set lvt_umc_28_arm_9t_hpc_c30            "sc9mcpp140z_l28hpc_base_lvt_c30_${PVT}"
#@ set ckgate_umc_28_arm_9t_hpc_c30         "PREICG_X9B_A9PP140ZTL_C30"
#@ 
#@ #library_umc_28p_arm_7t_hpc
#@ set library_umc_28p_arm_7t_hpc [list   "/eda/process/28/UMC_HPC_PLUS/standcell/Arm/7t/arm/umc/l28hpcp/sc7mcpp140z_base_hvt_c40/r0p1/${db_type}-ccs-tn-scm/sc7mcpp140z_l28hpcp_base_hvt_c40_${PVT}.${db_type}_ccs_tn_sh5cm"   "/eda/process/28/UMC_HPC_PLUS/standcell/Arm/7t/arm/umc/l28hpcp/sc7mcpp140z_base_hvt_c35/r0p1/${db_type}-ccs-tn-scm/sc7mcpp140z_l28hpcp_base_hvt_c35_${PVT}.${db_type}_ccs_tn_sh5cm"   "/eda/process/28/UMC_HPC_PLUS/standcell/Arm/7t/arm/umc/l28hpcp/sc7mcpp140z_base_hvt_c30/r0p1/${db_type}-ccs-tn-scm/sc7mcpp140z_l28hpcp_base_hvt_c30_${PVT}.${db_type}_ccs_tn_sh5cm"   "/eda/process/28/UMC_HPC_PLUS/standcell/Arm/7t/arm/umc/l28hpcp/sc7mcpp140z_base_svt_c40/r0p1/${db_type}-ccs-tn-scm/sc7mcpp140z_l28hpcp_base_svt_c40_${PVT}.${db_type}_ccs_tn_sh5cm"   "/eda/process/28/UMC_HPC_PLUS/standcell/Arm/7t/arm/umc/l28hpcp/sc7mcpp140z_base_svt_c35/r0p1/${db_type}-ccs-tn-scm/sc7mcpp140z_l28hpcp_base_svt_c35_${PVT}.${db_type}_ccs_tn_sh5cm"   "/eda/process/28/UMC_HPC_PLUS/standcell/Arm/7t/arm/umc/l28hpcp/sc7mcpp140z_base_svt_c30/r0p1/${db_type}-ccs-tn-scm/sc7mcpp140z_l28hpcp_base_svt_c30_${PVT}.${db_type}_ccs_tn_sh5cm"   "/eda/process/28/UMC_HPC_PLUS/standcell/Arm/7t/arm/umc/l28hpcp/sc7mcpp140z_base_lvt_c40/r0p1/${db_type}-ccs-tn-scm/sc7mcpp140z_l28hpcp_base_lvt_c40_${PVT}.${db_type}_ccs_tn_sh5cm"   "/eda/process/28/UMC_HPC_PLUS/standcell/Arm/7t/arm/umc/l28hpcp/sc7mcpp140z_base_lvt_c35/r0p1/${db_type}-ccs-tn-scm/sc7mcpp140z_l28hpcp_base_lvt_c35_${PVT}.${db_type}_ccs_tn_sh5cm"   "/eda/process/28/UMC_HPC_PLUS/standcell/Arm/7t/arm/umc/l28hpcp/sc7mcpp140z_base_lvt_c30/r0p1/${db_type}-ccs-tn-scm/sc7mcpp140z_l28hpcp_base_lvt_c30_${PVT}.${db_type}_ccs_tn_sh5cm" ]
#@ set hvt_umc_28p_arm_7t_hpc_c40            "sc7mcpp140z_l28hpcp_base_hvt_c40_${PVT}"
#@ set hvt_umc_28p_arm_7t_hpc_c35            "sc7mcpp140z_l28hpcp_base_hvt_c35_${PVT}"
#@ set hvt_umc_28p_arm_7t_hpc_c30            "sc7mcpp140z_l28hpcp_base_hvt_c30_${PVT}"
#@ set svt_umc_28p_arm_7t_hpc_c40            "sc7mcpp140z_l28hpcp_base_svt_c40_${PVT}"
#@ set svt_umc_28p_arm_7t_hpc_c35            "sc7mcpp140z_l28hpcp_base_svt_c35_${PVT}"
#@ set svt_umc_28p_arm_7t_hpc_c30            "sc7mcpp140z_l28hpcp_base_svt_c30_${PVT}"
#@ set lvt_umc_28p_arm_7t_hpc_c40            "sc7mcpp140z_l28hpcp_base_lvt_c40_${PVT}"
#@ set lvt_umc_28p_arm_7t_hpc_c35            "sc7mcpp140z_l28hpcp_base_lvt_c35_${PVT}"
#@ set lvt_umc_28p_arm_7t_hpc_c30            "sc7mcpp140z_l28hpcp_base_lvt_c30_${PVT}"
#@ set ckgate_umc_28p_arm_7t_hpc             "PREICG_X9B_A7PP140ZTS_C30"
#@ 
#@ #library_umc_28p_arm_9t_hpc
#@ set library_umc_28p_arm_9t_hpc [list   "/eda/process/28/UMC_HPC_PLUS/standcell/Arm/9t/arm/umc/l28hpcp/sc9mcpp140z_base_hvt_c40/r0p1/${db_type}-ccs-tn-scm/sc9mcpp140z_l28hpcp_base_hvt_c40_${PVT}.${db_type}_ccs_tn_sh5cm"   "/eda/process/28/UMC_HPC_PLUS/standcell/Arm/9t/arm/umc/l28hpcp/sc9mcpp140z_base_hvt_c35/r0p1/${db_type}-ccs-tn-scm/sc9mcpp140z_l28hpcp_base_hvt_c35_${PVT}.${db_type}_ccs_tn_sh5cm"   "/eda/process/28/UMC_HPC_PLUS/standcell/Arm/9t/arm/umc/l28hpcp/sc9mcpp140z_base_hvt_c30/r0p1/${db_type}-ccs-tn-scm/sc9mcpp140z_l28hpcp_base_hvt_c30_${PVT}.${db_type}_ccs_tn_sh5cm"   "/eda/process/28/UMC_HPC_PLUS/standcell/Arm/9t/arm/umc/l28hpcp/sc9mcpp140z_base_svt_c40/r0p1/${db_type}-ccs-tn-scm/sc9mcpp140z_l28hpcp_base_svt_c40_${PVT}.${db_type}_ccs_tn_sh5cm"   "/eda/process/28/UMC_HPC_PLUS/standcell/Arm/9t/arm/umc/l28hpcp/sc9mcpp140z_base_svt_c35/r0p1/${db_type}-ccs-tn-scm/sc9mcpp140z_l28hpcp_base_svt_c35_${PVT}.${db_type}_ccs_tn_sh5cm"   "/eda/process/28/UMC_HPC_PLUS/standcell/Arm/9t/arm/umc/l28hpcp/sc9mcpp140z_base_svt_c30/r0p1/${db_type}-ccs-tn-scm/sc9mcpp140z_l28hpcp_base_svt_c30_${PVT}.${db_type}_ccs_tn_sh5cm"   "/eda/process/28/UMC_HPC_PLUS/standcell/Arm/9t/arm/umc/l28hpcp/sc9mcpp140z_base_lvt_c40/r0p1/${db_type}-ccs-tn-scm/sc9mcpp140z_l28hpcp_base_lvt_c40_${PVT}.${db_type}_ccs_tn_sh5cm"   "/eda/process/28/UMC_HPC_PLUS/standcell/Arm/9t/arm/umc/l28hpcp/sc9mcpp140z_base_lvt_c35/r0p1/${db_type}-ccs-tn-scm/sc9mcpp140z_l28hpcp_base_lvt_c35_${PVT}.${db_type}_ccs_tn_sh5cm"   "/eda/process/28/UMC_HPC_PLUS/standcell/Arm/9t/arm/umc/l28hpcp/sc9mcpp140z_base_lvt_c30/r0p1/${db_type}-ccs-tn-scm/sc9mcpp140z_l28hpcp_base_lvt_c30_${PVT}.${db_type}_ccs_tn_sh5cm" ]
#@ set hvt_umc_28p_arm_9t_hpc_c40            "sc9mcpp140z_l28hpcp_base_hvt_c40_${PVT}"
#@ set hvt_umc_28p_arm_9t_hpc_c35            "sc9mcpp140z_l28hpcp_base_hvt_c35_${PVT}"
#@ set hvt_umc_28p_arm_9t_hpc_c30            "sc9mcpp140z_l28hpcp_base_hvt_c30_${PVT}"
#@ set svt_umc_28p_arm_9t_hpc_c40            "sc9mcpp140z_l28hpcp_base_svt_c40_${PVT}"
#@ set svt_umc_28p_arm_9t_hpc_c35            "sc9mcpp140z_l28hpcp_base_svt_c35_${PVT}"
#@ set svt_umc_28p_arm_9t_hpc_c30            "sc9mcpp140z_l28hpcp_base_svt_c30_${PVT}"
#@ set lvt_umc_28p_arm_9t_hpc_c40            "sc9mcpp140z_l28hpcp_base_lvt_c40_${PVT}"
#@ set lvt_umc_28p_arm_9t_hpc_c35            "sc9mcpp140z_l28hpcp_base_lvt_c35_${PVT}"
#@ set lvt_umc_28p_arm_9t_hpc_c30            "sc9mcpp140z_l28hpcp_base_lvt_c30_${PVT}"
#@ set ckgate_umc_28p_arm_9t_hpc             "PREICG_X9B_A9PP140ZTS_C30"
#@ 
#@ #library_umc_28p_arm_12t_hpc
#@ set library_umc_28p_arm_12t_hpc [list   "/eda/process/28/UMC_HPC_PLUS/standcell/Arm/12t/arm/umc/l28hpcp/sc12mcpp140z_base_hvt_c40/r0p1/${db_type}-ccs-tn-scm/sc12mcpp140z_l28hpcp_base_hvt_c40_${PVT}.${db_type}_ccs_tn_sh5cm"   "/eda/process/28/UMC_HPC_PLUS/standcell/Arm/12t/arm/umc/l28hpcp/sc12mcpp140z_base_hvt_c35/r0p1/${db_type}-ccs-tn-scm/sc12mcpp140z_l28hpcp_base_hvt_c35_${PVT}.${db_type}_ccs_tn_sh5cm"   "/eda/process/28/UMC_HPC_PLUS/standcell/Arm/12t/arm/umc/l28hpcp/sc12mcpp140z_base_hvt_c30/r0p1/${db_type}-ccs-tn-scm/sc12mcpp140z_l28hpcp_base_hvt_c30_${PVT}.${db_type}_ccs_tn_sh5cm"   "/eda/process/28/UMC_HPC_PLUS/standcell/Arm/12t/arm/umc/l28hpcp/sc12mcpp140z_base_svt_c40/r0p1/${db_type}-ccs-tn-scm/sc12mcpp140z_l28hpcp_base_svt_c40_${PVT}.${db_type}_ccs_tn_sh5cm"   "/eda/process/28/UMC_HPC_PLUS/standcell/Arm/12t/arm/umc/l28hpcp/sc12mcpp140z_base_svt_c35/r0p1/${db_type}-ccs-tn-scm/sc12mcpp140z_l28hpcp_base_svt_c35_${PVT}.${db_type}_ccs_tn_sh5cm"   "/eda/process/28/UMC_HPC_PLUS/standcell/Arm/12t/arm/umc/l28hpcp/sc12mcpp140z_base_svt_c30/r0p1/${db_type}-ccs-tn-scm/sc12mcpp140z_l28hpcp_base_svt_c30_${PVT}.${db_type}_ccs_tn_sh5cm"   "/eda/process/28/UMC_HPC_PLUS/standcell/Arm/12t/arm/umc/l28hpcp/sc12mcpp140z_base_lvt_c40/r0p1/${db_type}-ccs-tn-scm/sc12mcpp140z_l28hpcp_base_lvt_c40_${PVT}.${db_type}_ccs_tn_sh5cm"   "/eda/process/28/UMC_HPC_PLUS/standcell/Arm/12t/arm/umc/l28hpcp/sc12mcpp140z_base_lvt_c35/r0p1/${db_type}-ccs-tn-scm/sc12mcpp140z_l28hpcp_base_lvt_c35_${PVT}.${db_type}_ccs_tn_sh5cm"   "/eda/process/28/UMC_HPC_PLUS/standcell/Arm/12t/arm/umc/l28hpcp/sc12mcpp140z_base_lvt_c30/r0p1/${db_type}-ccs-tn-scm/sc12mcpp140z_l28hpcp_base_lvt_c30_${PVT}.${db_type}_ccs_tn_sh5cm" ]
#@ set hvt_umc_28p_arm_12t_hpc_c40           "sc12mcpp140z_l28hpcp_base_hvt_c40_${PVT}"
#@ set hvt_umc_28p_arm_12t_hpc_c35           "sc12mcpp140z_l28hpcp_base_hvt_c35_${PVT}"
#@ set hvt_umc_28p_arm_12t_hpc_c30           "sc12mcpp140z_l28hpcp_base_hvt_c30_${PVT}"
#@ set svt_umc_28p_arm_12t_hpc_c40           "sc12mcpp140z_l28hpcp_base_svt_c40_${PVT}"
#@ set svt_umc_28p_arm_12t_hpc_c35           "sc12mcpp140z_l28hpcp_base_svt_c35_${PVT}"
#@ set svt_umc_28p_arm_12t_hpc_c30           "sc12mcpp140z_l28hpcp_base_svt_c30_${PVT}"
#@ set lvt_umc_28p_arm_12t_hpc_c40           "sc12mcpp140z_l28hpcp_base_lvt_c40_${PVT}"
#@ set lvt_umc_28p_arm_12t_hpc_c35           "sc12mcpp140z_l28hpcp_base_lvt_c35_${PVT}"
#@ set lvt_umc_28p_arm_12t_hpc_c30           "sc12mcpp140z_l28hpcp_base_lvt_c30_${PVT}"
#@ set ckgate_umc_28p_arm_12t_hpc            "PREICG_X9B_A12PP140ZTS_C30"
#@ 
#@ #yyren 20210315 add u22 arm
#@ #library_umc_22_arm_7t
#@ set library_umc_22_arm_7t [list   "/eda/process/22/UMC_ULP/standcell/arm/arm/umc/l22ulpull/sc7mcpp140z_base_hvt_c30/r0p0/${db_type}-ccs-tn-scm/sc7mcpp140z_l22ulpull_base_hvt_c30_${PVT}.${db_type}_ccs_tn_sh5cm"   "/eda/process/22/UMC_ULP/standcell/arm/arm/umc/l22ulpull/sc7mcpp140z_base_hvt_c35/r0p0/${db_type}-ccs-tn-scm/sc7mcpp140z_l22ulpull_base_hvt_c35_${PVT}.${db_type}_ccs_tn_sh5cm"   "/eda/process/22/UMC_ULP/standcell/arm/arm/umc/l22ulpull/sc7mcpp140z_base_hvt_c40/r0p0/${db_type}-ccs-tn-scm/sc7mcpp140z_l22ulpull_base_hvt_c40_${PVT}.${db_type}_ccs_tn_sh5cm"   "/eda/process/22/UMC_ULP/standcell/arm/arm/umc/l22ulpull/sc7mcpp140z_base_svt_c30/r0p0/${db_type}-ccs-tn-scm/sc7mcpp140z_l22ulpull_base_svt_c30_${PVT}.${db_type}_ccs_tn_sh5cm"   "/eda/process/22/UMC_ULP/standcell/arm/arm/umc/l22ulpull/sc7mcpp140z_base_svt_c35/r0p0/${db_type}-ccs-tn-scm/sc7mcpp140z_l22ulpull_base_svt_c35_${PVT}.${db_type}_ccs_tn_sh5cm"   "/eda/process/22/UMC_ULP/standcell/arm/arm/umc/l22ulpull/sc7mcpp140z_base_svt_c40/r0p0/${db_type}-ccs-tn-scm/sc7mcpp140z_l22ulpull_base_svt_c40_${PVT}.${db_type}_ccs_tn_sh5cm"   "/eda/process/22/UMC_ULP/standcell/arm/arm/umc/l22ulpull/sc7mcpp140z_hpk_hvt_c30/r0p0/${db_type}-ccs-tn-scm/sc7mcpp140z_l22ulpull_hpk_hvt_c30_${PVT}.${db_type}_ccs_tn_sh5cm"   "/eda/process/22/UMC_ULP/standcell/arm/arm/umc/l22ulpull/sc7mcpp140z_hpk_hvt_c35/r0p0/${db_type}-ccs-tn-scm/sc7mcpp140z_l22ulpull_hpk_hvt_c35_${PVT}.${db_type}_ccs_tn_sh5cm"   "/eda/process/22/UMC_ULP/standcell/arm/arm/umc/l22ulpull/sc7mcpp140z_hpk_hvt_c40/r0p0/${db_type}-ccs-tn-scm/sc7mcpp140z_l22ulpull_hpk_hvt_c40_${PVT}.${db_type}_ccs_tn_sh5cm"   "/eda/process/22/UMC_ULP/standcell/arm/arm/umc/l22ulpull/sc7mcpp140z_hpk_svt_c30/r0p0/${db_type}-ccs-tn-scm/sc7mcpp140z_l22ulpull_hpk_svt_c30_${PVT}.${db_type}_ccs_tn_sh5cm"   "/eda/process/22/UMC_ULP/standcell/arm/arm/umc/l22ulpull/sc7mcpp140z_hpk_svt_c35/r0p0/${db_type}-ccs-tn-scm/sc7mcpp140z_l22ulpull_hpk_svt_c35_${PVT}.${db_type}_ccs_tn_sh5cm"   "/eda/process/22/UMC_ULP/standcell/arm/arm/umc/l22ulpull/sc7mcpp140z_hpk_svt_c40/r0p0/${db_type}-ccs-tn-scm/sc7mcpp140z_l22ulpull_hpk_svt_c40_${PVT}.${db_type}_ccs_tn_sh5cm"   "/eda/process/22/UMC_ULP/standcell/arm/arm/umc/l22ulpull/sc7mcpp140z_pmk_hvt_c30/r0p0/${db_type}-ccs-tn-scm/sc7mcpp140z_l22ulpull_pmk_hvt_c30_${PVT}.${db_type}_ccs_tn_sh5cm"   "/eda/process/22/UMC_ULP/standcell/arm/arm/umc/l22ulpull/sc7mcpp140z_pmk_hvt_c35/r0p0/${db_type}-ccs-tn-scm/sc7mcpp140z_l22ulpull_pmk_hvt_c35_${PVT}.${db_type}_ccs_tn_sh5cm"   "/eda/process/22/UMC_ULP/standcell/arm/arm/umc/l22ulpull/sc7mcpp140z_pmk_hvt_c40/r0p0/${db_type}-ccs-tn-scm/sc7mcpp140z_l22ulpull_pmk_hvt_c40_${PVT}.${db_type}_ccs_tn_sh5cm"   "/eda/process/22/UMC_ULP/standcell/arm/arm/umc/l22ulpull/sc7mcpp140z_pmk_svt_c30/r0p0/${db_type}-ccs-tn-scm/sc7mcpp140z_l22ulpull_pmk_svt_c30_${PVT}.${db_type}_ccs_tn_sh5cm"   "/eda/process/22/UMC_ULP/standcell/arm/arm/umc/l22ulpull/sc7mcpp140z_pmk_svt_c35/r0p0/${db_type}-ccs-tn-scm/sc7mcpp140z_l22ulpull_pmk_svt_c35_${PVT}.${db_type}_ccs_tn_sh5cm"   "/eda/process/22/UMC_ULP/standcell/arm/arm/umc/l22ulpull/sc7mcpp140z_pmk_svt_c40/r0p0/${db_type}-ccs-tn-scm/sc7mcpp140z_l22ulpull_pmk_svt_c40_${PVT}.${db_type}_ccs_tn_sh5cm" ]
#@ set hvt_umc_22_arm_7t_base_c30            "sc7mcpp140z_l22ulpull_base_hvt_c30_${PVT}"
#@ set hvt_umc_22_arm_7t_base_c35            "sc7mcpp140z_l22ulpull_base_hvt_c35_${PVT}"
#@ set hvt_umc_22_arm_7t_base_c40            "sc7mcpp140z_l22ulpull_base_hvt_c40_${PVT}"
#@ set svt_umc_22_arm_7t_base_c30            "sc7mcpp140z_l22ulpull_base_svt_c30_${PVT}"
#@ set svt_umc_22_arm_7t_base_c35            "sc7mcpp140z_l22ulpull_base_svt_c35_${PVT}"
#@ set svt_umc_22_arm_7t_base_c40            "sc7mcpp140z_l22ulpull_base_svt_c40_${PVT}"
#@ set hvt_umc_22_arm_7t_hpk_c30             "sc7mcpp140z_l22ulpull_hpk_hvt_c30_${PVT}"
#@ set hvt_umc_22_arm_7t_hpk_c35             "sc7mcpp140z_l22ulpull_hpk_hvt_c35_${PVT}"
#@ set hvt_umc_22_arm_7t_hpk_c40             "sc7mcpp140z_l22ulpull_hpk_hvt_c40_${PVT}"
#@ set svt_umc_22_arm_7t_hpk_c30             "sc7mcpp140z_l22ulpull_hpk_svt_c30_${PVT}"
#@ set svt_umc_22_arm_7t_hpk_c35             "sc7mcpp140z_l22ulpull_hpk_svt_c35_${PVT}"
#@ set svt_umc_22_arm_7t_hpk_c40             "sc7mcpp140z_l22ulpull_hpk_svt_c40_${PVT}"
#@ set hvt_umc_22_arm_7t_pmk_c30             "sc7mcpp140z_l22ulpull_pmk_hvt_c30_${PVT}"
#@ set hvt_umc_22_arm_7t_pmk_c35             "sc7mcpp140z_l22ulpull_pmk_hvt_c35_${PVT}"
#@ set hvt_umc_22_arm_7t_pmk_c40             "sc7mcpp140z_l22ulpull_pmk_hvt_c40_${PVT}"
#@ set svt_umc_22_arm_7t_pmk_c30             "sc7mcpp140z_l22ulpull_pmk_svt_c30_${PVT}"
#@ set svt_umc_22_arm_7t_pmk_c35             "sc7mcpp140z_l22ulpull_pmk_svt_c35_${PVT}"
#@ set svt_umc_22_arm_7t_pmk_c40             "sc7mcpp140z_l22ulpull_pmk_svt_c40_${PVT}"
#@ set ckgate_umc_22_arm_7t                  "PREICG_X9B_A7PP140ZTS_C35"
#@ 
#@ #library_umc_22_arm_9t
#@ set library_umc_22_arm_9t [list   "/eda/process/22/UMC_ULP/standcell/arm/arm/umc/l22ulpull/sc9mcpp140z_base_hvt_c30/r0p0/${db_type}-ccs-tn-scm/sc9mcpp140z_l22ulpull_base_hvt_c30_${PVT}.${db_type}_ccs_tn_sh5cm"   "/eda/process/22/UMC_ULP/standcell/arm/arm/umc/l22ulpull/sc9mcpp140z_base_hvt_c35/r0p0/${db_type}-ccs-tn-scm/sc9mcpp140z_l22ulpull_base_hvt_c35_${PVT}.${db_type}_ccs_tn_sh5cm"   "/eda/process/22/UMC_ULP/standcell/arm/arm/umc/l22ulpull/sc9mcpp140z_base_hvt_c40/r0p0/${db_type}-ccs-tn-scm/sc9mcpp140z_l22ulpull_base_hvt_c40_${PVT}.${db_type}_ccs_tn_sh5cm"   "/eda/process/22/UMC_ULP/standcell/arm/arm/umc/l22ulpull/sc9mcpp140z_base_svt_c30/r0p0/${db_type}-ccs-tn-scm/sc9mcpp140z_l22ulpull_base_svt_c30_${PVT}.${db_type}_ccs_tn_sh5cm"   "/eda/process/22/UMC_ULP/standcell/arm/arm/umc/l22ulpull/sc9mcpp140z_base_svt_c35/r0p0/${db_type}-ccs-tn-scm/sc9mcpp140z_l22ulpull_base_svt_c35_${PVT}.${db_type}_ccs_tn_sh5cm"   "/eda/process/22/UMC_ULP/standcell/arm/arm/umc/l22ulpull/sc9mcpp140z_base_svt_c40/r0p0/${db_type}-ccs-tn-scm/sc9mcpp140z_l22ulpull_base_svt_c40_${PVT}.${db_type}_ccs_tn_sh5cm"   "/eda/process/22/UMC_ULP/standcell/arm/arm/umc/l22ulpull/sc9mcpp140z_hpk_hvt_c30/r0p0/${db_type}-ccs-tn-scm/sc9mcpp140z_l22ulpull_hpk_hvt_c30_${PVT}.${db_type}_ccs_tn_sh5cm"   "/eda/process/22/UMC_ULP/standcell/arm/arm/umc/l22ulpull/sc9mcpp140z_hpk_hvt_c35/r0p0/${db_type}-ccs-tn-scm/sc9mcpp140z_l22ulpull_hpk_hvt_c35_${PVT}.${db_type}_ccs_tn_sh5cm"   "/eda/process/22/UMC_ULP/standcell/arm/arm/umc/l22ulpull/sc9mcpp140z_hpk_hvt_c40/r0p0/${db_type}-ccs-tn-scm/sc9mcpp140z_l22ulpull_hpk_hvt_c40_${PVT}.${db_type}_ccs_tn_sh5cm"   "/eda/process/22/UMC_ULP/standcell/arm/arm/umc/l22ulpull/sc9mcpp140z_hpk_svt_c30/r0p0/${db_type}-ccs-tn-scm/sc9mcpp140z_l22ulpull_hpk_svt_c30_${PVT}.${db_type}_ccs_tn_sh5cm"   "/eda/process/22/UMC_ULP/standcell/arm/arm/umc/l22ulpull/sc9mcpp140z_hpk_svt_c35/r0p0/${db_type}-ccs-tn-scm/sc9mcpp140z_l22ulpull_hpk_svt_c35_${PVT}.${db_type}_ccs_tn_sh5cm"   "/eda/process/22/UMC_ULP/standcell/arm/arm/umc/l22ulpull/sc9mcpp140z_hpk_svt_c40/r0p0/${db_type}-ccs-tn-scm/sc9mcpp140z_l22ulpull_hpk_svt_c40_${PVT}.${db_type}_ccs_tn_sh5cm"   "/eda/process/22/UMC_ULP/standcell/arm/arm/umc/l22ulpull/sc9mcpp140z_pmk_hvt_c30/r0p0/${db_type}-ccs-tn-scm/sc9mcpp140z_l22ulpull_pmk_hvt_c30_${PVT}.${db_type}_ccs_tn_sh5cm"   "/eda/process/22/UMC_ULP/standcell/arm/arm/umc/l22ulpull/sc9mcpp140z_pmk_hvt_c35/r0p0/${db_type}-ccs-tn-scm/sc9mcpp140z_l22ulpull_pmk_hvt_c35_${PVT}.${db_type}_ccs_tn_sh5cm"   "/eda/process/22/UMC_ULP/standcell/arm/arm/umc/l22ulpull/sc9mcpp140z_pmk_hvt_c40/r0p0/${db_type}-ccs-tn-scm/sc9mcpp140z_l22ulpull_pmk_hvt_c40_${PVT}.${db_type}_ccs_tn_sh5cm"   "/eda/process/22/UMC_ULP/standcell/arm/arm/umc/l22ulpull/sc9mcpp140z_pmk_svt_c30/r0p0/${db_type}-ccs-tn-scm/sc9mcpp140z_l22ulpull_pmk_svt_c30_${PVT}.${db_type}_ccs_tn_sh5cm"   "/eda/process/22/UMC_ULP/standcell/arm/arm/umc/l22ulpull/sc9mcpp140z_pmk_svt_c35/r0p0/${db_type}-ccs-tn-scm/sc9mcpp140z_l22ulpull_pmk_svt_c35_${PVT}.${db_type}_ccs_tn_sh5cm"   "/eda/process/22/UMC_ULP/standcell/arm/arm/umc/l22ulpull/sc9mcpp140z_pmk_svt_c40/r0p0/${db_type}-ccs-tn-scm/sc9mcpp140z_l22ulpull_pmk_svt_c40_${PVT}.${db_type}_ccs_tn_sh5cm" ]
#@ set hvt_umc_22_arm_9t_base_c30            "sc9mcpp140z_l22ulpull_base_hvt_c30_${PVT}"
#@ set hvt_umc_22_arm_9t_base_c35            "sc9mcpp140z_l22ulpull_base_hvt_c35_${PVT}"
#@ set hvt_umc_22_arm_9t_base_c40            "sc9mcpp140z_l22ulpull_base_hvt_c40_${PVT}"
#@ set svt_umc_22_arm_9t_base_c30            "sc9mcpp140z_l22ulpull_base_svt_c30_${PVT}"
#@ set svt_umc_22_arm_9t_base_c35            "sc9mcpp140z_l22ulpull_base_svt_c35_${PVT}"
#@ set svt_umc_22_arm_9t_base_c40            "sc9mcpp140z_l22ulpull_base_svt_c40_${PVT}"
#@ set hvt_umc_22_arm_9t_hpk_c30             "sc9mcpp140z_l22ulpull_hpk_hvt_c30_${PVT}"
#@ set hvt_umc_22_arm_9t_hpk_c35             "sc9mcpp140z_l22ulpull_hpk_hvt_c35_${PVT}"
#@ set hvt_umc_22_arm_9t_hpk_c40             "sc9mcpp140z_l22ulpull_hpk_hvt_c40_${PVT}"
#@ set svt_umc_22_arm_9t_hpk_c30             "sc9mcpp140z_l22ulpull_hpk_svt_c30_${PVT}"
#@ set svt_umc_22_arm_9t_hpk_c35             "sc9mcpp140z_l22ulpull_hpk_svt_c35_${PVT}"
#@ set svt_umc_22_arm_9t_hpk_c40             "sc9mcpp140z_l22ulpull_hpk_svt_c40_${PVT}"
#@ set hvt_umc_22_arm_9t_pmk_c30             "sc9mcpp140z_l22ulpull_pmk_hvt_c30_${PVT}"
#@ set hvt_umc_22_arm_9t_pmk_c35             "sc9mcpp140z_l22ulpull_pmk_hvt_c35_${PVT}"
#@ set hvt_umc_22_arm_9t_pmk_c40             "sc9mcpp140z_l22ulpull_pmk_hvt_c40_${PVT}"
#@ set svt_umc_22_arm_9t_pmk_c30             "sc9mcpp140z_l22ulpull_pmk_svt_c30_${PVT}"
#@ set svt_umc_22_arm_9t_pmk_c35             "sc9mcpp140z_l22ulpull_pmk_svt_c35_${PVT}"
#@ set svt_umc_22_arm_9t_pmk_c40             "sc9mcpp140z_l22ulpull_pmk_svt_c40_${PVT}"
#@ set ckgate_umc_22_arm_9t                  "PREICG_X9B_A9PP140ZTS_C35"
#@ 
#@ #library_umc_28p_snps_ud
#@ set library_umc_28p_snps_ud [list     "/eda/process/28/UMC_HPC_PLUS/standcell/synopsys/hvt/v-logic_um28nphhlogl30udh140f/DesignWare_logic_libs/umc28nlph/30uhd/udh/hvt/latest/liberty/ccs/um28nphhlogl30udh140f_${PVT}.${db_type}"     "/eda/process/28/UMC_HPC_PLUS/standcell/synopsys/hvt/v-logic_um28nphhlogl30udl140f/DesignWare_logic_libs/umc28nlph/30uhd/udl/hvt/latest/liberty/ccs/um28nphhlogl30udl140f_${PVT}.${db_type}"     "/eda/process/28/UMC_HPC_PLUS/standcell/synopsys/hvt/v-logic_um28nphhlogl30udp140f/DesignWare_logic_libs/umc28nlph/30uhd/udp/hvt/latest/liberty/ccs/um28nphhlogl30udp140f_${PVT}.${db_type}"     "/eda/process/28/UMC_HPC_PLUS/standcell/synopsys/hvt/v-logic_um28nphhlogl35udh140f/DesignWare_logic_libs/umc28nlph/35uhd/udh/hvt/latest/liberty/ccs/um28nphhlogl35udh140f_${PVT}.${db_type}"     "/eda/process/28/UMC_HPC_PLUS/standcell/synopsys/hvt/v-logic_um28nphhlogl35udl140f/DesignWare_logic_libs/umc28nlph/35uhd/udl/hvt/latest/liberty/ccs/um28nphhlogl35udl140f_${PVT}.${db_type}"     "/eda/process/28/UMC_HPC_PLUS/standcell/synopsys/hvt/v-logic_um28nphhlogl35udp140f/DesignWare_logic_libs/umc28nlph/35uhd/udp/hvt/latest/liberty/ccs/um28nphhlogl35udp140f_${PVT}.${db_type}"     "/eda/process/28/UMC_HPC_PLUS/standcell/synopsys/hvt/v-logic_um28nphhlogl40udh140f/DesignWare_logic_libs/umc28nlph/40uhd/udh/hvt/latest/liberty/ccs/um28nphhlogl40udh140f_${PVT}.${db_type}"     "/eda/process/28/UMC_HPC_PLUS/standcell/synopsys/hvt/v-logic_um28nphhlogl40udl140f/DesignWare_logic_libs/umc28nlph/40uhd/udl/hvt/latest/liberty/ccs/um28nphhlogl40udl140f_${PVT}.${db_type}"     "/eda/process/28/UMC_HPC_PLUS/standcell/synopsys/hvt/v-logic_um28nphhlogl40udp140f/DesignWare_logic_libs/umc28nlph/40uhd/udp/hvt/latest/liberty/ccs/um28nphhlogl40udp140f_${PVT}.${db_type}"     "/eda/process/28/UMC_HPC_PLUS/standcell/synopsys/svt/v-logic_um28nphslogl30udl140f/DesignWare_logic_libs/umc28nlph/30uhd/udl/svt/latest/liberty/ccs/um28nphslogl30udh140f_${PVT}.${db_type}"     "/eda/process/28/UMC_HPC_PLUS/standcell/synopsys/svt/v-logic_um28nphslogl30udh140f/DesignWare_logic_libs/umc28nlph/30uhd/udh/svt/latest/liberty/ccs/um28nphslogl30udl140f_${PVT}.${db_type}"     "/eda/process/28/UMC_HPC_PLUS/standcell/synopsys/svt/v-logic_um28nphslogl30udp140f/DesignWare_logic_libs/umc28nlph/30uhd/udp/svt/latest/liberty/ccs/um28nphslogl30udp140f_${PVT}.${db_type}"     "/eda/process/28/UMC_HPC_PLUS/standcell/synopsys/svt/v-logic_um28nphslogl35udh140f/DesignWare_logic_libs/umc28nlph/35uhd/udh/svt/latest/liberty/ccs/um28nphslogl35udh140f_${PVT}.${db_type}"     "/eda/process/28/UMC_HPC_PLUS/standcell/synopsys/svt/v-logic_um28nphslogl35udl140f/DesignWare_logic_libs/umc28nlph/35uhd/udl/svt/latest/liberty/ccsum28nphslogl35udl140f_${PVT}.${db_type}"     "/eda/process/28/UMC_HPC_PLUS/standcell/synopsys/svt/v-logic_um28nphslogl35udp140f/DesignWare_logic_libs/umc28nlph/35uhd/udp/svt/latest/liberty/ccs/um28nphslogl35udp140f_${PVT}.${db_type}"     "/eda/process/28/UMC_HPC_PLUS/standcell/synopsys/svt/v-logic_um28nphslogl40udh140f/DesignWare_logic_libs/umc28nlph/40uhd/udh/svt/latest/liberty/ccs/um28nphslogl40udh140f_${PVT}.${db_type}"     "/eda/process/28/UMC_HPC_PLUS/standcell/synopsys/svt/v-logic_um28nphslogl40udl140f/DesignWare_logic_libs/umc28nlph/40uhd/udl/svt/latest/liberty/ccs/um28nphslogl40udl140f_${PVT}.${db_type}"     "/eda/process/28/UMC_HPC_PLUS/standcell/synopsys/svt/v-logic_um28nphslogl40udp140f/DesignWare_logic_libs/umc28nlph/40uhd/udp/svt/latest/liberty/ccsum28nphslogl40udp140f_${PVT}.${db_type}" ]
#@ 
#@ set hvt_umc_28p_snps_30udh                "um28nphhlogl30udh140f_${PVT}"
#@ set hvt_umc_28p_snps_30udl                "um28nphhlogl30udl140f_${PVT}"
#@ set hvt_umc_28p_snps_30udp                "um28nphhlogl30udp140f_${PVT}"
#@ set hvt_umc_28p_snps_35udh                "um28nphhlogl35udh140f_${PVT}"
#@ set hvt_umc_28p_snps_35udl                "um28nphhlogl35udl140f_${PVT}"
#@ set hvt_umc_28p_snps_35udp                "um28nphhlogl35udp140f_${PVT}"
#@ set hvt_umc_28p_snps_40udh                "um28nphhlogl40udh140f_${PVT}"
#@ set hvt_umc_28p_snps_40udl                "um28nphhlogl40udl140f_${PVT}"
#@ set hvt_umc_28p_snps_40udp                "um28nphhlogl40udp140f_${PVT}"
#@ set svt_umc_28p_snps_30udh                "um28nphslogl30udh140f_${PVT}"
#@ set svt_umc_28p_snps_30udl                "um28nphslogl30udl140f_${PVT}"
#@ set svt_umc_28p_snps_30udp                "um28nphslogl30udp140f_${PVT}"
#@ set svt_umc_28p_snps_35udh                "um28nphslogl35udh140f_${PVT}"
#@ set svt_umc_28p_snps_35udl                "um28nphslogl35udl140f_${PVT}"
#@ set svt_umc_28p_snps_35udp                "um28nphslogl35udp140f_${PVT}"
#@ set svt_umc_28p_snps_40udh                "um28nphslogl40udh140f_${PVT}"
#@ set svt_umc_28p_snps_40udl                "um28nphslogl40udl140f_${PVT}"
#@ set svt_umc_28p_snps_40udp                "um28nphslogl40udp140f_${PVT}"
#@ set ckgate_umc_28p_snps_ud                "SVP_CKGTPLT_V5_8"
#@ set lef_umc_28p_snps_ud_hvt [list   "/eda/process/28/UMC_HPC_PLUS/standcell/synopsys/hvt/v-logic_um28nphhlogl30udh140f/DesignWare_logic_libs/umc28nlph/30uhd/udh/hvt/latest/lef/5.6/um28nphhlogl30udh140f.lef"   "/eda/process/28/UMC_HPC_PLUS/standcell/synopsys/hvt/v-logic_um28nphhlogl30udl140f/DesignWare_logic_libs/umc28nlph/30uhd/udl/hvt/latest/lef/5.6/um28nphhlogl30udl140f.lef"   "/eda/process/28/UMC_HPC_PLUS/standcell/synopsys/hvt/v-logic_um28nphhlogl30udp140f/DesignWare_logic_libs/umc28nlph/30uhd/udp/hvt/latest/lef/5.6/um28nphhlogl30udp140f.lef"   "/eda/process/28/UMC_HPC_PLUS/standcell/synopsys/hvt/v-logic_um28nphhlogl35udh140f/DesignWare_logic_libs/umc28nlph/35uhd/udh/hvt/latest/lef/5.6/um28nphhlogl35udh140f.lef"   "/eda/process/28/UMC_HPC_PLUS/standcell/synopsys/hvt/v-logic_um28nphhlogl35udl140f/DesignWare_logic_libs/umc28nlph/35uhd/udl/hvt/latest/lef/5.6/um28nphhlogl35udl140f.lef"   "/eda/process/28/UMC_HPC_PLUS/standcell/synopsys/hvt/v-logic_um28nphhlogl35udp140f/DesignWare_logic_libs/umc28nlph/35uhd/udp/hvt/latest/lef/5.6/um28nphhlogl35udp140f.lef"   "/eda/process/28/UMC_HPC_PLUS/standcell/synopsys/hvt/v-logic_um28nphhlogl40udh140f/DesignWare_logic_libs/umc28nlph/40uhd/udh/hvt/latest/lef/5.6/um28nphhlogl40udh140f.lef"   "/eda/process/28/UMC_HPC_PLUS/standcell/synopsys/hvt/v-logic_um28nphhlogl40udl140f/DesignWare_logic_libs/umc28nlph/40uhd/udl/hvt/latest/lef/5.6/um28nphhlogl40udl140f.lef"   "/eda/process/28/UMC_HPC_PLUS/standcell/synopsys/hvt/v-logic_um28nphhlogl40udp140f/DesignWare_logic_libs/umc28nlph/40uhd/udp/hvt/latest/lef/5.6/um28nphhlogl40udp140f.lef" ]
#@ set lef_umc_28p_snps_ud_svt [list   "/eda/process/28/UMC_HPC_PLUS/standcell/synopsys/svt/v-logic_um28nphslogl30udh140f/DesignWare_logic_libs/umc28nlph/30uhd/udh/svt/latest/lef/5.6/um28nphslogl30udh140f.lef"   "/eda/process/28/UMC_HPC_PLUS/standcell/synopsys/svt/v-logic_um28nphslogl30udl140f/DesignWare_logic_libs/umc28nlph/30uhd/udl/svt/latest/lef/5.6/um28nphslogl30udl140f.lef"   "/eda/process/28/UMC_HPC_PLUS/standcell/synopsys/svt/v-logic_um28nphslogl30udp140f/DesignWare_logic_libs/umc28nlph/30uhd/udp/svt/latest/lef/5.6/um28nphslogl30udp140f.lef"   "/eda/process/28/UMC_HPC_PLUS/standcell/synopsys/svt/v-logic_um28nphslogl35udh140f/DesignWare_logic_libs/umc28nlph/35uhd/udh/svt/latest/lef/5.6/um28nphslogl35udh140f.lef"   "/eda/process/28/UMC_HPC_PLUS/standcell/synopsys/svt/v-logic_um28nphslogl35udl140f/DesignWare_logic_libs/umc28nlph/35uhd/udl/svt/latest/lef/5.6/um28nphslogl35udl140f.lef"   "/eda/process/28/UMC_HPC_PLUS/standcell/synopsys/svt/v-logic_um28nphslogl35udp140f/DesignWare_logic_libs/umc28nlph/35uhd/udp/svt/latest/lef/5.6/um28nphslogl35udp140f.lef"   "/eda/process/28/UMC_HPC_PLUS/standcell/synopsys/svt/v-logic_um28nphslogl40udh140f/DesignWare_logic_libs/umc28nlph/40uhd/udh/svt/latest/lef/5.6/um28nphslogl40udh140f.lef"   "/eda/process/28/UMC_HPC_PLUS/standcell/synopsys/svt/v-logic_um28nphslogl40udl140f/DesignWare_logic_libs/umc28nlph/40uhd/udl/svt/latest/lef/5.6/um28nphslogl40udl140f.lef"   "/eda/process/28/UMC_HPC_PLUS/standcell/synopsys/svt/v-logic_um28nphslogl40udp140f/DesignWare_logic_libs/umc28nlph/40uhd/udp/svt/latest/lef/5.6/um28nphslogl40udp140f.lef" ]
#@ set lef_umc_28p_snps_ud_lvt [list   "/eda/process/28/UMC_HPC_PLUS/standcell/synopsys/lvt/v-logic_um28nphllogl30udh140f/DesignWare_logic_libs/umc28nlph/30uhd/udh/lvt/latest/lef/5.6/um28nphllogl30udh140f.lef"   "/eda/process/28/UMC_HPC_PLUS/standcell/synopsys/lvt/v-logic_um28nphllogl30udl140f/DesignWare_logic_libs/umc28nlph/30uhd/udl/lvt/latest/lef/5.6/um28nphllogl30udl140f.lef"   "/eda/process/28/UMC_HPC_PLUS/standcell/synopsys/lvt/v-logic_um28nphllogl30udp140f/DesignWare_logic_libs/umc28nlph/30uhd/udp/lvt/latest/lef/5.6/um28nphllogl30udp140f.lef"   "/eda/process/28/UMC_HPC_PLUS/standcell/synopsys/lvt/v-logic_um28nphllogl35udh140f/DesignWare_logic_libs/umc28nlph/35uhd/udh/lvt/latest/lef/5.6/um28nphllogl35udh140f.lef"   "/eda/process/28/UMC_HPC_PLUS/standcell/synopsys/lvt/v-logic_um28nphllogl35udl140f/DesignWare_logic_libs/umc28nlph/35uhd/udl/lvt/latest/lef/5.6/um28nphllogl35udl140f.lef"   "/eda/process/28/UMC_HPC_PLUS/standcell/synopsys/lvt/v-logic_um28nphllogl35udp140f/DesignWare_logic_libs/umc28nlph/35uhd/udp/lvt/latest/lef/5.6/um28nphllogl35udp140f.lef"   "/eda/process/28/UMC_HPC_PLUS/standcell/synopsys/lvt/v-logic_um28nphllogl40udh140f/DesignWare_logic_libs/umc28nlph/40uhd/udh/lvt/latest/lef/5.6/um28nphllogl40udh140f.lef"   "/eda/process/28/UMC_HPC_PLUS/standcell/synopsys/lvt/v-logic_um28nphllogl40udl140f/DesignWare_logic_libs/umc28nlph/40uhd/udl/lvt/latest/lef/5.6/um28nphllogl40udl140f.lef"   "/eda/process/28/UMC_HPC_PLUS/standcell/synopsys/lvt/v-logic_um28nphllogl40udp140f/DesignWare_logic_libs/umc28nlph/40uhd/udp/lvt/latest/lef/5.6/um28nphllogl40udp140f.lef" ]
#@ 
#@ #library_tsmc_22ulp_tsmc_7t
#@ if { $synopsys_program_name != "pt_shell"} {
#@   set PT_HOLD 0
#@ }
#@ if { $PT_HOLD == 1 } {
#@ set library_tsmc_22ulp_tsmc_7t_hvt [list   "/project/HK4U61/cad/STD/7t/db/${PVT_HOLD}/tcbn22ulpbwp7t30p140hvt${PVTM}_ccs_hold_margin_inserted.${db_type}"   "/project/HK4U61/cad/STD/7t/db/${PVT_HOLD}/tcbn22ulpbwp7t35p140hvt${PVTM}_ccs_hold_margin_inserted.${db_type}"   "/project/HK4U61/cad/STD/7t/db/${PVT_HOLD}/tcbn22ulpbwp7t40p140hvt${PVTM}_ccs_hold_margin_inserted.${db_type}" ]
#@ set library_tsmc_22ulp_tsmc_7t_svt [list   "/project/HK4U61/cad/STD/7t/db/${PVT_HOLD}/tcbn22ulpbwp7t30p140${PVTM}_ccs_hold_margin_inserted.${db_type}"   "/project/HK4U61/cad/STD/7t/db/${PVT_HOLD}/tcbn22ulpbwp7t35p140${PVTM}_ccs_hold_margin_inserted.${db_type}"   "/project/HK4U61/cad/STD/7t/db/${PVT_HOLD}/tcbn22ulpbwp7t40p140${PVTM}_ccs_hold_margin_inserted.${db_type}" ]
#@ set library_tsmc_22ulp_tsmc_7t_lvt [list   "/project/HK4U61/cad/STD/7t/db/${PVT_HOLD}/tcbn22ulpbwp7t30p140lvt${PVTM}_ccs_hold_margin_inserted.${db_type}"   "/project/HK4U61/cad/STD/7t/db/${PVT_HOLD}/tcbn22ulpbwp7t35p140lvt${PVTM}_ccs_hold_margin_inserted.${db_type}"   "/project/HK4U61/cad/STD/7t/db/${PVT_HOLD}/tcbn22ulpbwp7t40p140lvt${PVTM}_ccs_hold_margin_inserted.${db_type}" ]
#@ 
#@ } else {
#@ set library_tsmc_22ulp_tsmc_7t_hvt [list   "/eda/process/22/TSMC_CLN/standcell/tsmc/tcbn22ulpbwp7t30p140hvt_100d/AN61001_20190412/TSMCHOME/digital/Front_End/timing_power_noise/CCS/tcbn22ulpbwp7t30p140hvt_100d/tcbn22ulpbwp7t30p140hvt${PVTM}_ccs.${db_type}"   "/eda/process/22/TSMC_CLN/standcell/tsmc/tcbn22ulpbwp7t35p140hvt_100d/AN61001_20190412/TSMCHOME/digital/Front_End/timing_power_noise/CCS/tcbn22ulpbwp7t35p140hvt_100d/tcbn22ulpbwp7t35p140hvt${PVTM}_ccs.${db_type}"   "/eda/process/22/TSMC_CLN/standcell/tsmc/tcbn22ulpbwp7t40p140hvt_100d/AN61001_20190412/TSMCHOME/digital/Front_End/timing_power_noise/CCS/tcbn22ulpbwp7t40p140hvt_100d/tcbn22ulpbwp7t40p140hvt${PVTM}_ccs.${db_type}"   "/eda/process/22/TSMC_CLN/standcell/tsmc/tcbn22ulpbwp7t30p140mbhvt_100d/0K56002_20200703/TSMCHOME/digital/Front_End/timing_power_noise/CCS/tcbn22ulpbwp7t30p140mbhvt_100d/tcbn22ulpbwp7t30p140mbhvt${PVTM}_ccs.${db_type}"   "/eda/process/22/TSMC_CLN/standcell/tsmc/tcbn22ulpbwp7t35p140mbhvt_100d/0K56002_20200703/TSMCHOME/digital/Front_End/timing_power_noise/CCS/tcbn22ulpbwp7t35p140mbhvt_100d/tcbn22ulpbwp7t35p140mbhvt${PVTM}_ccs.${db_type}"   "/eda/process/22/TSMC_CLN/standcell/tsmc/tcbn22ulpbwp7t40p140mbhvt_100d/0K56002_20200703/TSMCHOME/digital/Front_End/timing_power_noise/CCS/tcbn22ulpbwp7t40p140mbhvt_100d/tcbn22ulpbwp7t40p140mbhvt${PVTM}_ccs.${db_type}"   "/eda/process/22/TSMC_CLN/standcell/tsmc/tcbn22ulpbwp7t30p140pmhvt_100d/AN61001_20190412/TSMCHOME/digital/Front_End/timing_power_noise/CCS/tcbn22ulpbwp7t30p140pmhvt_100d/tcbn22ulpbwp7t30p140pmhvt${PVTM}_ccs.${db_type}"   "/eda/process/22/TSMC_CLN/standcell/tsmc/tcbn22ulpbwp7t35p140pmhvt_100d/AN61001_20190412/TSMCHOME/digital/Front_End/timing_power_noise/CCS/tcbn22ulpbwp7t35p140pmhvt_100d/tcbn22ulpbwp7t35p140pmhvt${PVTM}_ccs.${db_type}"   "/eda/process/22/TSMC_CLN/standcell/tsmc/tcbn22ulpbwp7t40p140pmhvt_100d/AN61001_20190412/TSMCHOME/digital/Front_End/timing_power_noise/CCS/tcbn22ulpbwp7t40p140pmhvt_100d/tcbn22ulpbwp7t40p140pmhvt${PVTM}_ccs.${db_type}" ]
#@ set library_tsmc_22ulp_tsmc_7t_svt [list   "/eda/process/22/TSMC_CLN/standcell/tsmc/tcbn22ulpbwp7t30p140_100d/AN61001_20190412/TSMCHOME/digital/Front_End/timing_power_noise/CCS/tcbn22ulpbwp7t30p140_100d/tcbn22ulpbwp7t30p140${PVTM}_ccs.${db_type}"   "/eda/process/22/TSMC_CLN/standcell/tsmc/tcbn22ulpbwp7t35p140_100d/AN61001_20190412/TSMCHOME/digital/Front_End/timing_power_noise/CCS/tcbn22ulpbwp7t35p140_100d/tcbn22ulpbwp7t35p140${PVTM}_ccs.${db_type}"   "/eda/process/22/TSMC_CLN/standcell/tsmc/tcbn22ulpbwp7t40p140_100d/AN61001_20190412/TSMCHOME/digital/Front_End/timing_power_noise/CCS/tcbn22ulpbwp7t40p140_100d/tcbn22ulpbwp7t40p140${PVTM}_ccs.${db_type}"   "/eda/process/22/TSMC_CLN/standcell/tsmc/tcbn22ulpbwp7t30p140mb_100d/0K56002_20200703/TSMCHOME/digital/Front_End/timing_power_noise/CCS/tcbn22ulpbwp7t30p140mb_100d/tcbn22ulpbwp7t30p140mb${PVTM}_ccs.${db_type}"   "/eda/process/22/TSMC_CLN/standcell/tsmc/tcbn22ulpbwp7t35p140mb_100d/0K56002_20200703/TSMCHOME/digital/Front_End/timing_power_noise/CCS/tcbn22ulpbwp7t35p140mb_100d/tcbn22ulpbwp7t35p140mb${PVTM}_ccs.${db_type}"   "/eda/process/22/TSMC_CLN/standcell/tsmc/tcbn22ulpbwp7t40p140mb_100d/0K56002_20200703/TSMCHOME/digital/Front_End/timing_power_noise/CCS/tcbn22ulpbwp7t40p140mb_100d/tcbn22ulpbwp7t40p140mb${PVTM}_ccs.${db_type}"   "/eda/process/22/TSMC_CLN/standcell/tsmc/tcbn22ulpbwp7t30p140pm_100d/AN61001_20190412/TSMCHOME/digital/Front_End/timing_power_noise/CCS/tcbn22ulpbwp7t30p140pm_100d/tcbn22ulpbwp7t30p140pm${PVTM}_ccs.${db_type}"   "/eda/process/22/TSMC_CLN/standcell/tsmc/tcbn22ulpbwp7t35p140pm_100d/AN61001_20190412/TSMCHOME/digital/Front_End/timing_power_noise/CCS/tcbn22ulpbwp7t35p140pm_100d/tcbn22ulpbwp7t35p140pm${PVTM}_ccs.${db_type}"   "/eda/process/22/TSMC_CLN/standcell/tsmc/tcbn22ulpbwp7t40p140pm_100d/AN61001_20190412/TSMCHOME/digital/Front_End/timing_power_noise/CCS/tcbn22ulpbwp7t40p140pm_100d/tcbn22ulpbwp7t40p140pm${PVTM}_ccs.${db_type}" ]
#@ set library_tsmc_22ulp_tsmc_7t_lvt [list   "/eda/process/22/TSMC_CLN/standcell/tsmc/tcbn22ulpbwp7t30p140lvt_100d/AN61001_20190412/TSMCHOME/digital/Front_End/timing_power_noise/CCS/tcbn22ulpbwp7t30p140lvt_100d/tcbn22ulpbwp7t30p140lvt${PVTM}_ccs.${db_type}"   "/eda/process/22/TSMC_CLN/standcell/tsmc/tcbn22ulpbwp7t35p140lvt_100d/AN61001_20190412/TSMCHOME/digital/Front_End/timing_power_noise/CCS/tcbn22ulpbwp7t35p140lvt_100d/tcbn22ulpbwp7t35p140lvt${PVTM}_ccs.${db_type}"   "/eda/process/22/TSMC_CLN/standcell/tsmc/tcbn22ulpbwp7t40p140lvt_100d/AN61001_20190412/TSMCHOME/digital/Front_End/timing_power_noise/CCS/tcbn22ulpbwp7t40p140lvt_100d/tcbn22ulpbwp7t40p140lvt${PVTM}_ccs.${db_type}"   "/eda/process/22/TSMC_CLN/standcell/tsmc/tcbn22ulpbwp7t30p140pmlvt_100d/AN61001_20190412/TSMCHOME/digital/Front_End/timing_power_noise/CCS/tcbn22ulpbwp7t30p140pmlvt_100d/tcbn22ulpbwp7t30p140pmlvt${PVTM}_ccs.${db_type}"   "/eda/process/22/TSMC_CLN/standcell/tsmc/tcbn22ulpbwp7t35p140pmlvt_100d/AN61001_20190412/TSMCHOME/digital/Front_End/timing_power_noise/CCS/tcbn22ulpbwp7t35p140pmlvt_100d/tcbn22ulpbwp7t35p140pmlvt${PVTM}_ccs.${db_type}"   "/eda/process/22/TSMC_CLN/standcell/tsmc/tcbn22ulpbwp7t40p140pmlvt_100d/AN61001_20190412/TSMCHOME/digital/Front_End/timing_power_noise/CCS/tcbn22ulpbwp7t40p140pmlvt_100d/tcbn22ulpbwp7t40p140pmlvt${PVTM}_ccs.${db_type}" ]
#@ }
#@ 
#@ set svt_tsmc_22ulp_tsmc_7t_c30                 "tcbn22ulpbwp7t30p140${PVTM}_ccs"
#@ set svt_tsmc_22ulp_tsmc_7t_c35                 "tcbn22ulpbwp7t35p140${PVTM}_ccs"
#@ set svt_tsmc_22ulp_tsmc_7t_c40                 "tcbn22ulpbwp7t40p140${PVTM}_ccs"
#@ set hvt_tsmc_22ulp_tsmc_7t_c30                 "tcbn22ulpbwp7t30p140hvt${PVTM}_ccs"
#@ set hvt_tsmc_22ulp_tsmc_7t_c35                 "tcbn22ulpbwp7t35p140hvt${PVTM}_ccs"
#@ set hvt_tsmc_22ulp_tsmc_7t_c40                 "tcbn22ulpbwp7t40p140hvt${PVTM}_ccs"
#@ set lvt_tsmc_22ulp_tsmc_7t_c30                 "tcbn22ulpbwp7t30p140lvt${PVTM}_ccs"
#@ set lvt_tsmc_22ulp_tsmc_7t_c35                 "tcbn22ulpbwp7t35p140lvt${PVTM}_ccs"
#@ set lvt_tsmc_22ulp_tsmc_7t_c40                 "tcbn22ulpbwp7t40p140lvt${PVTM}_ccs"
#@ 
#@ set hvt_tsmc_22ulp_tsmc_7t_c30mb              "tcbn22ulpbwp7t30p140mbhvt${PVTM}_ccs"
#@ set hvt_tsmc_22ulp_tsmc_7t_c35mb              "tcbn22ulpbwp7t35p140mbhvt${PVTM}_ccs"
#@ set hvt_tsmc_22ulp_tsmc_7t_c40mb              "tcbn22ulpbwp7t40p140mbhvt${PVTM}_ccs"
#@ set svt_tsmc_22ulp_tsmc_7t_c30mb              "tcbn22ulpbwp7t30p140mb${PVTM}_ccs"
#@ set svt_tsmc_22ulp_tsmc_7t_c35mb              "tcbn22ulpbwp7t35p140mb${PVTM}_ccs"
#@ set svt_tsmc_22ulp_tsmc_7t_c40mb              "tcbn22ulpbwp7t40p140mb${PVTM}_ccs"
#@ 
#@ set hvt_tsmc_22ulp_tsmc_7t_c30pm              "tcbn22ulpbwp7t30p140pmhvt${PVTM}_ccs"
#@ set hvt_tsmc_22ulp_tsmc_7t_c35pm              "tcbn22ulpbwp7t35p140pmhvt${PVTM}_ccs"
#@ set hvt_tsmc_22ulp_tsmc_7t_c40pm              "tcbn22ulpbwp7t40p140pmhvt${PVTM}_ccs"
#@ set svt_tsmc_22ulp_tsmc_7t_c30pm              "tcbn22ulpbwp7t30p140pm${PVTM}_ccs"
#@ set svt_tsmc_22ulp_tsmc_7t_c35pm              "tcbn22ulpbwp7t35p140pm${PVTM}_ccs"
#@ set svt_tsmc_22ulp_tsmc_7t_c40pm              "tcbn22ulpbwp7t40p140pm${PVTM}_ccs"
#@ set lvt_tsmc_22ulp_tsmc_7t_c30pm              "tcbn22ulpbwp7t30p140pmlvt${PVTM}_ccs"
#@ set lvt_tsmc_22ulp_tsmc_7t_c35pm              "tcbn22ulpbwp7t35p140pmlvt${PVTM}_ccs"
#@ set lvt_tsmc_22ulp_tsmc_7t_c40pm              "tcbn22ulpbwp7t40p140pmlvt${PVTM}_ccs"
#@ set ckgate_tsmc_22ulp_tsmc_7t                 "CKLNQD8BWP7T35P140"
#@ 
#@ set lef_tsmc_22ulp_tsmc_7t_hvt [list   "/eda/process/22/TSMC_CLN/standcell/tsmc/tcbn22ulpbwp7t30p140hvt_100d/AN61001_20190412/TSMCHOME/digital/Back_End/lef/tcbn22ulpbwp7t30p140hvt_100a/lef/tcbn22ulpbwp7t30p140hvt.lef"   "/eda/process/22/TSMC_CLN/standcell/tsmc/tcbn22ulpbwp7t35p140hvt_100d/AN61001_20190412/TSMCHOME/digital/Back_End/lef/tcbn22ulpbwp7t35p140hvt_100a/lef/tcbn22ulpbwp7t35p140hvt.lef"   "/eda/process/22/TSMC_CLN/standcell/tsmc/tcbn22ulpbwp7t40p140hvt_100d/AN61001_20190412/TSMCHOME/digital/Back_End/lef/tcbn22ulpbwp7t40p140hvt_100a/lef/tcbn22ulpbwp7t40p140hvt.lef"   "/eda/process/22/TSMC_CLN/standcell/tsmc/tcbn22ulpbwp7t30p140mbhvt_100d/0K56002_20200703/TSMCHOME/digital/Back_End/lef/tcbn22ulpbwp7t30p140mbhvt_090a/lef/tcbn22ulpbwp7t30p140mbhvt.lef"   "/eda/process/22/TSMC_CLN/standcell/tsmc/tcbn22ulpbwp7t35p140mbhvt_100d/0K56002_20200703/TSMCHOME/digital/Back_End/lef/tcbn22ulpbwp7t35p140mbhvt_090a/lef/tcbn22ulpbwp7t35p140mbhvt.lef"   "/eda/process/22/TSMC_CLN/standcell/tsmc/tcbn22ulpbwp7t40p140mbhvt_100d/0K56002_20200703/TSMCHOME/digital/Back_End/lef/tcbn22ulpbwp7t40p140mbhvt_090a/lef/tcbn22ulpbwp7t40p140mbhvt.lef"   "/eda/process/22/TSMC_CLN/standcell/tsmc/tcbn22ulpbwp7t30p140pmhvt_100d/AN61001_20190412/TSMCHOME/digital/Back_End/lef/tcbn22ulpbwp7t30p140pmhvt_090a/lef/tcbn22ulpbwp7t30p140pmhvt.lef"   "/eda/process/22/TSMC_CLN/standcell/tsmc/tcbn22ulpbwp7t35p140pmhvt_100d/AN61001_20190412/TSMCHOME/digital/Back_End/lef/tcbn22ulpbwp7t35p140pmhvt_090a/lef/tcbn22ulpbwp7t35p140pmhvt.lef"   "/eda/process/22/TSMC_CLN/standcell/tsmc/tcbn22ulpbwp7t40p140pmhvt_100d/AN61001_20190412/TSMCHOME/digital/Back_End/lef/tcbn22ulpbwp7t40p140pmhvt_090a/lef/tcbn22ulpbwp7t40p140pmhvt.lef" ]
#@ 
#@ set lef_tsmc_22ulp_tsmc_7t_svt [list   "/eda/process/22/TSMC_CLN/standcell/tsmc/tcbn22ulpbwp7t30p140_100d/AN61001_20190412/TSMCHOME/digital/Back_End/lef/tcbn22ulpbwp7t30p140_100a/lef/tcbn22ulpbwp7t30p140.lef"   "/eda/process/22/TSMC_CLN/standcell/tsmc/tcbn22ulpbwp7t35p140_100d/AN61001_20190412/TSMCHOME/digital/Back_End/lef/tcbn22ulpbwp7t35p140_100a/lef/tcbn22ulpbwp7t35p140.lef"   "/eda/process/22/TSMC_CLN/standcell/tsmc/tcbn22ulpbwp7t40p140_100d/AN61001_20190412/TSMCHOME/digital/Back_End/lef/tcbn22ulpbwp7t40p140_100a/lef/tcbn22ulpbwp7t40p140.lef"   "/eda/process/22/TSMC_CLN/standcell/tsmc/tcbn22ulpbwp7t30p140mb_100d/0K56002_20200703/TSMCHOME/digital/Back_End/lef/tcbn22ulpbwp7t30p140mb_090a/lef/tcbn22ulpbwp7t30p140mb.lef"   "/eda/process/22/TSMC_CLN/standcell/tsmc/tcbn22ulpbwp7t35p140mb_100d/0K56002_20200703/TSMCHOME/digital/Back_End/lef/tcbn22ulpbwp7t35p140mb_090a/lef/tcbn22ulpbwp7t35p140mb.lef"   "/eda/process/22/TSMC_CLN/standcell/tsmc/tcbn22ulpbwp7t40p140mb_100d/0K56002_20200703/TSMCHOME/digital/Back_End/lef/tcbn22ulpbwp7t40p140mb_090a/lef/tcbn22ulpbwp7t40p140mb.lef"   "/eda/process/22/TSMC_CLN/standcell/tsmc/tcbn22ulpbwp7t30p140pm_100d/AN61001_20190412/TSMCHOME/digital/Back_End/lef/tcbn22ulpbwp7t30p140pm_090a/lef/tcbn22ulpbwp7t30p140pm.lef"   "/eda/process/22/TSMC_CLN/standcell/tsmc/tcbn22ulpbwp7t35p140pm_100d/AN61001_20190412/TSMCHOME/digital/Back_End/lef/tcbn22ulpbwp7t35p140pm_090a/lef/tcbn22ulpbwp7t35p140pm.lef"   "/eda/process/22/TSMC_CLN/standcell/tsmc/tcbn22ulpbwp7t40p140pm_100d/AN61001_20190412/TSMCHOME/digital/Back_End/lef/tcbn22ulpbwp7t40p140pm_090a/lef/tcbn22ulpbwp7t40p140pm.lef" ]
#@ 
#@ set lef_tsmc_22ulp_tsmc_7t_lvt [list   "/eda/process/22/TSMC_CLN/standcell/tsmc/tcbn22ulpbwp7t30p140lvt_100d/AN61001_20190412/TSMCHOME/digital/Back_End/lef/tcbn22ulpbwp7t30p140lvt_100a/lef/tcbn22ulpbwp7t30p140lvt.lef"   "/eda/process/22/TSMC_CLN/standcell/tsmc/tcbn22ulpbwp7t35p140lvt_100d/AN61001_20190412/TSMCHOME/digital/Back_End/lef/tcbn22ulpbwp7t35p140lvt_100a/lef/tcbn22ulpbwp7t35p140lvt.lef"   "/eda/process/22/TSMC_CLN/standcell/tsmc/tcbn22ulpbwp7t40p140lvt_100d/AN61001_20190412/TSMCHOME/digital/Back_End/lef/tcbn22ulpbwp7t40p140lvt_100a/lef/tcbn22ulpbwp7t40p140lvt.lef"   "/eda/process/22/TSMC_CLN/standcell/tsmc/tcbn22ulpbwp7t30p140pmlvt_100d/AN61001_20190412/TSMCHOME/digital/Back_End/lef/tcbn22ulpbwp7t30p140pmlvt_090a/lef/tcbn22ulpbwp7t30p140pmlvt.lef"   "/eda/process/22/TSMC_CLN/standcell/tsmc/tcbn22ulpbwp7t35p140pmlvt_100d/AN61001_20190412/TSMCHOME/digital/Back_End/lef/tcbn22ulpbwp7t35p140pmlvt_090a/lef/tcbn22ulpbwp7t35p140pmlvt.lef"   "/eda/process/22/TSMC_CLN/standcell/tsmc/tcbn22ulpbwp7t40p140pmlvt_100d/AN61001_20190412/TSMCHOME/digital/Back_End/lef/tcbn22ulpbwp7t40p140pmlvt_090a/lef/tcbn22ulpbwp7t40p140pmlvt.lef" ]
#@ 
#@ 
#@ 
#@ 
#@ #library_tsmc_22ulp_tsmc_9t
#@ set library_tsmc_22ulp_tsmc_9t_hvt [list   "/eda/process/22/TSMC_CLN/standcell/tsmc/tcbn22ulpbwp30p140hvt_100d/AN61001_20190412/TSMCHOME/digital/Front_End/timing_power_noise/CCS/tcbn22ulpbwp30p140hvt_100d/tcbn22ulpbwp30p140hvt${PVTM}_ccs.${db_type}"   "/eda/process/22/TSMC_CLN/standcell/tsmc/tcbn22ulpbwp35p140hvt_100d/AN61001_20190412/TSMCHOME/digital/Front_End/timing_power_noise/CCS/tcbn22ulpbwp35p140hvt_100d/tcbn22ulpbwp35p140hvt${PVTM}_ccs.${db_type}"   "/eda/process/22/TSMC_CLN/standcell/tsmc/tcbn22ulpbwp40p140hvt_100d/AN61001_20190412/TSMCHOME/digital/Front_End/timing_power_noise/CCS/tcbn22ulpbwp40p140hvt_100d/tcbn22ulpbwp40p140hvt${PVTM}_ccs.${db_type}"   "/eda/process/22/TSMC_CLN/standcell/tsmc/tcbn22ulpbwp30p140mbhvt_100d/0K56002_20200714/TSMCHOME/digital/Front_End/timing_power_noise/CCS/tcbn22ulpbwp30p140mbhvt_100d/tcbn22ulpbwp30p140mbhvt${PVTM}_ccs.${db_type}"   "/eda/process/22/TSMC_CLN/standcell/tsmc/tcbn22ulpbwp35p140mbhvt_100d/0K56002_20200714/TSMCHOME/digital/Front_End/timing_power_noise/CCS/tcbn22ulpbwp35p140mbhvt_100d/tcbn22ulpbwp35p140mbhvt${PVTM}_ccs.${db_type}"   "/eda/process/22/TSMC_CLN/standcell/tsmc/tcbn22ulpbwp40p140mbhvt_100d/0K56002_20200714/TSMCHOME/digital/Front_End/timing_power_noise/CCS/tcbn22ulpbwp40p140mbhvt_100d/tcbn22ulpbwp40p140mbhvt${PVTM}_ccs.${db_type}"   "/eda/process/22/TSMC_CLN/standcell/tsmc/tcbn22ulpbwp30p140pmhvt_100d/AN61001_20190412/TSMCHOME/digital/Front_End/timing_power_noise/CCS/tcbn22ulpbwp30p140pmhvt_100d/tcbn22ulpbwp30p140pmhvt${PVTM}_ccs.${db_type}"   "/eda/process/22/TSMC_CLN/standcell/tsmc/tcbn22ulpbwp35p140pmhvt_100d/AN61001_20190412/TSMCHOME/digital/Front_End/timing_power_noise/CCS/tcbn22ulpbwp35p140pmhvt_100d/tcbn22ulpbwp35p140pmhvt${PVTM}_ccs.${db_type}"   "/eda/process/22/TSMC_CLN/standcell/tsmc/tcbn22ulpbwp40p140pmhvt_100d/AN61001_20190412/TSMCHOME/digital/Front_End/timing_power_noise/CCS/tcbn22ulpbwp40p140pmhvt_100d/tcbn22ulpbwp40p140pmhvt${PVTM}_ccs.${db_type}" ]
#@ set library_tsmc_22ulp_tsmc_9t_svt [list   "/eda/process/22/TSMC_CLN/standcell/tsmc/tcbn22ulpbwp30p140_100d/AN61001_20190412/TSMCHOME/digital/Front_End/timing_power_noise/CCS/tcbn22ulpbwp30p140_100d/tcbn22ulpbwp30p140${PVTM}_ccs.${db_type}"   "/eda/process/22/TSMC_CLN/standcell/tsmc/tcbn22ulpbwp35p140_100d/AN61001_20190412/TSMCHOME/digital/Front_End/timing_power_noise/CCS/tcbn22ulpbwp35p140_100d/tcbn22ulpbwp35p140${PVTM}_ccs.${db_type}"   "/eda/process/22/TSMC_CLN/standcell/tsmc/tcbn22ulpbwp40p140_100d/AN61001_20190412/TSMCHOME/digital/Front_End/timing_power_noise/CCS/tcbn22ulpbwp40p140_100d/tcbn22ulpbwp40p140${PVTM}_ccs.${db_type}"   "/eda/process/22/TSMC_CLN/standcell/tsmc/tcbn22ulpbwp30p140mb_100d/0K56002_20200714/TSMCHOME/digital/Front_End/timing_power_noise/CCS/tcbn22ulpbwp30p140mb_100d/tcbn22ulpbwp30p140mb${PVTM}_ccs.${db_type}"   "/eda/process/22/TSMC_CLN/standcell/tsmc/tcbn22ulpbwp35p140mb_100d/0K56002_20200714/TSMCHOME/digital/Front_End/timing_power_noise/CCS/tcbn22ulpbwp35p140mb_100d/tcbn22ulpbwp35p140mb${PVTM}_ccs.${db_type}"   "/eda/process/22/TSMC_CLN/standcell/tsmc/tcbn22ulpbwp40p140mb_100d/0K56002_20200714/TSMCHOME/digital/Front_End/timing_power_noise/CCS/tcbn22ulpbwp40p140mb_100d/tcbn22ulpbwp40p140mb${PVTM}_ccs.${db_type}"   "/eda/process/22/TSMC_CLN/standcell/tsmc/tcbn22ulpbwp30p140pm_100d/AN61001_20190412/TSMCHOME/digital/Front_End/timing_power_noise/CCS/tcbn22ulpbwp30p140pm_100d/tcbn22ulpbwp30p140pm${PVTM}_ccs.${db_type}"   "/eda/process/22/TSMC_CLN/standcell/tsmc/tcbn22ulpbwp35p140pm_100d/AN61001_20190412/TSMCHOME/digital/Front_End/timing_power_noise/CCS/tcbn22ulpbwp35p140pm_100d/tcbn22ulpbwp35p140pm${PVTM}_ccs.${db_type}"   "/eda/process/22/TSMC_CLN/standcell/tsmc/tcbn22ulpbwp40p140pm_100d/AN61001_20190412/TSMCHOME/digital/Front_End/timing_power_noise/CCS/tcbn22ulpbwp40p140pm_100d/tcbn22ulpbwp40p140pm${PVTM}_ccs.${db_type}" ]
#@ set library_tsmc_22ulp_tsmc_9t_lvt [list   "/eda/process/22/TSMC_CLN/standcell/tsmc/tcbn22ulpbwp30p140lvt_100d/AN61001_20190412/TSMCHOME/digital/Front_End/timing_power_noise/CCS/tcbn22ulpbwp30p140lvt_100d/tcbn22ulpbwp30p140lvt${PVTM}_ccs.${db_type}"   "/eda/process/22/TSMC_CLN/standcell/tsmc/tcbn22ulpbwp35p140lvt_100d/AN61001_20190412/TSMCHOME/digital/Front_End/timing_power_noise/CCS/tcbn22ulpbwp35p140lvt_100d/tcbn22ulpbwp35p140lvt${PVTM}_ccs.${db_type}"   "/eda/process/22/TSMC_CLN/standcell/tsmc/tcbn22ulpbwp40p140lvt_100d/AN61001_20190412/TSMCHOME/digital/Front_End/timing_power_noise/CCS/tcbn22ulpbwp40p140lvt_100d/tcbn22ulpbwp40p140lvt${PVTM}_ccs.${db_type}"   "/eda/process/22/TSMC_CLN/standcell/tsmc/tcbn22ulpbwp30p140pmlvt_100d/AN61001_20190412/TSMCHOME/digital/Front_End/timing_power_noise/CCS/tcbn22ulpbwp30p140pmlvt_100d/tcbn22ulpbwp30p140pmlvt${PVTM}_ccs.${db_type}"   "/eda/process/22/TSMC_CLN/standcell/tsmc/tcbn22ulpbwp35p140pmlvt_100d/AN61001_20190412/TSMCHOME/digital/Front_End/timing_power_noise/CCS/tcbn22ulpbwp35p140pmlvt_100d/tcbn22ulpbwp35p140pmlvt${PVTM}_ccs.${db_type}"   "/eda/process/22/TSMC_CLN/standcell/tsmc/tcbn22ulpbwp40p140pmlvt_100d/AN61001_20190412/TSMCHOME/digital/Front_End/timing_power_noise/CCS/tcbn22ulpbwp40p140pmlvt_100d/tcbn22ulpbwp40p140pmlvt${PVTM}_ccs.${db_type}" ]
#@ 
#@ ## lib_name
#@ set svt_tsmc_22ulp_tsmc_9t_c30                "tcbn22ulpbwp30p140${PVTM}_ccs"
#@ set svt_tsmc_22ulp_tsmc_9t_c35                "tcbn22ulpbwp35p140${PVTM}_ccs"
#@ set svt_tsmc_22ulp_tsmc_9t_c40                "tcbn22ulpbwp40p140${PVTM}_ccs"
#@ set hvt_tsmc_22ulp_tsmc_9t_c30                "tcbn22ulpbwp30p140hvt${PVTM}_ccs"
#@ set hvt_tsmc_22ulp_tsmc_9t_c35                "tcbn22ulpbwp35p140hvt${PVTM}_ccs"
#@ set hvt_tsmc_22ulp_tsmc_9t_c40                "tcbn22ulpbwp40p140hvt${PVTM}_ccs"
#@ set lvt_tsmc_22ulp_tsmc_9t_c30                "tcbn22ulpbwp30p140lvt${PVTM}_ccs"
#@ set lvt_tsmc_22ulp_tsmc_9t_c35                "tcbn22ulpbwp35p140lvt${PVTM}_ccs"
#@ set lvt_tsmc_22ulp_tsmc_9t_c40                "tcbn22ulpbwp40p140lvt${PVTM}_ccs"
#@ 
#@ set hvt_tsmc_22ulp_tsmc_9t_c30mb              "tcbn22ulpbwp30p140mbhvt${PVTM}_ccs"
#@ set hvt_tsmc_22ulp_tsmc_9t_c35mb              "tcbn22ulpbwp35p140mbhvt${PVTM}_ccs"
#@ set hvt_tsmc_22ulp_tsmc_9t_c40mb              "tcbn22ulpbwp40p140mbhvt${PVTM}_ccs"
#@ set svt_tsmc_22ulp_tsmc_9t_c30mb              "tcbn22ulpbwp30p140mb${PVTM}_ccs"
#@ set svt_tsmc_22ulp_tsmc_9t_c35mb              "tcbn22ulpbwp35p140mb${PVTM}_ccs"
#@ set svt_tsmc_22ulp_tsmc_9t_c40mb              "tcbn22ulpbwp40p140mb${PVTM}_ccs"
#@ 
#@ set hvt_tsmc_22ulp_tsmc_9t_c30pm              "tcbn22ulpbwp30p140pmhvt${PVTM}_ccs"
#@ set hvt_tsmc_22ulp_tsmc_9t_c35pm              "tcbn22ulpbwp35p140pmhvt${PVTM}_ccs"
#@ set hvt_tsmc_22ulp_tsmc_9t_c40pm              "tcbn22ulpbwp40p140pmhvt${PVTM}_ccs"
#@ set svt_tsmc_22ulp_tsmc_9t_c30pm              "tcbn22ulpbwp30p140pm${PVTM}_ccs"
#@ set svt_tsmc_22ulp_tsmc_9t_c35pm              "tcbn22ulpbwp35p140pm${PVTM}_ccs"
#@ set svt_tsmc_22ulp_tsmc_9t_c40pm              "tcbn22ulpbwp40p140pm${PVTM}_ccs"
#@ set lvt_tsmc_22ulp_tsmc_9t_c30pm              "tcbn22ulpbwp30p140pmlvt${PVTM}_ccs"
#@ set lvt_tsmc_22ulp_tsmc_9t_c35pm              "tcbn22ulpbwp35p140pmlvt${PVTM}_ccs"
#@ set lvt_tsmc_22ulp_tsmc_9t_c40pm              "tcbn22ulpbwp40p140pmlvt${PVTM}_ccs"
#@ set ckgate_tsmc_22ulp_tsmc_9t                 "CKLNQD8BWP35P140"
#@ 
#@ set lef_tsmc_22ulp_tsmc_9t_hvt [list   "/eda/process/22/TSMC_CLN/standcell/tsmc/tcbn22ulpbwp30p140hvt_100d/AN61001_20190412/TSMCHOME/digital/Back_End/lef/tcbn22ulpbwp30p140hvt_100a/lef/tcbn22ulpbwp30p140hvt.lef"   "/eda/process/22/TSMC_CLN/standcell/tsmc/tcbn22ulpbwp35p140hvt_100d/AN61001_20190412/TSMCHOME/digital/Back_End/lef/tcbn22ulpbwp35p140hvt_100a/lef/tcbn22ulpbwp35p140hvt.lef"   "/eda/process/22/TSMC_CLN/standcell/tsmc/tcbn22ulpbwp40p140hvt_100d/AN61001_20190412/TSMCHOME/digital/Back_End/lef/tcbn22ulpbwp40p140hvt_100a/lef/tcbn22ulpbwp40p140hvt.lef"   "/eda/process/22/TSMC_CLN/standcell/tsmc/tcbn22ulpbwp30p140pmhvt_100d/AN61001_20190412/TSMCHOME/digital/Back_End/lef/tcbn22ulpbwp30p140pmhvt_090a/lef/tcbn22ulpbwp30p140pmhvt.lef"   "/eda/process/22/TSMC_CLN/standcell/tsmc/tcbn22ulpbwp35p140pmhvt_100d/AN61001_20190412/TSMCHOME/digital/Back_End/lef/tcbn22ulpbwp35p140pmhvt_090a/lef/tcbn22ulpbwp35p140pmhvt.lef"   "/eda/process/22/TSMC_CLN/standcell/tsmc/tcbn22ulpbwp40p140pmhvt_100d/AN61001_20190412/TSMCHOME/digital/Back_End/lef/tcbn22ulpbwp40p140pmhvt_090a/lef/tcbn22ulpbwp40p140pmhvt.lef" ]
#@ 
#@ set lef_tsmc_22ulp_tsmc_9t_svt [list   "/eda/process/22/TSMC_CLN/standcell/tsmc/tcbn22ulpbwp30p140_100d/AN61001_20190412/TSMCHOME/digital/Back_End/lef/tcbn22ulpbwp30p140_100a/lef/tcbn22ulpbwp30p140.lef"   "/eda/process/22/TSMC_CLN/standcell/tsmc/tcbn22ulpbwp35p140_100d/AN61001_20190412/TSMCHOME/digital/Back_End/lef/tcbn22ulpbwp35p140_100a/lef/tcbn22ulpbwp35p140.lef"   "/eda/process/22/TSMC_CLN/standcell/tsmc/tcbn22ulpbwp40p140_100d/AN61001_20190412/TSMCHOME/digital/Back_End/lef/tcbn22ulpbwp40p140_100a/lef/tcbn22ulpbwp40p140.lef"   "/eda/process/22/TSMC_CLN/standcell/tsmc/tcbn22ulpbwp30p140pm_100d/AN61001_20190412/TSMCHOME/digital/Back_End/lef/tcbn22ulpbwp30p140pm_090a/lef/tcbn22ulpbwp30p140pm.lef"   "/eda/process/22/TSMC_CLN/standcell/tsmc/tcbn22ulpbwp35p140pm_100d/AN61001_20190412/TSMCHOME/digital/Back_End/lef/tcbn22ulpbwp35p140pm_090a/lef/tcbn22ulpbwp35p140pm.lef"   "/eda/process/22/TSMC_CLN/standcell/tsmc/tcbn22ulpbwp40p140pm_100d/AN61001_20190412/TSMCHOME/digital/Back_End/lef/tcbn22ulpbwp40p140pm_090a/lef/tcbn22ulpbwp40p140pm.lef" ]
#@ 
#@ set lef_tsmc_22ulp_tsmc_9t_lvt [list   "/eda/process/22/TSMC_CLN/standcell/tsmc/tcbn22ulpbwp30p140lvt_100d/AN61001_20190412/TSMCHOME/digital/Back_End/lef/tcbn22ulpbwp30p140lvt_100a/lef/tcbn22ulpbwp30p140lvt.lef"   "/eda/process/22/TSMC_CLN/standcell/tsmc/tcbn22ulpbwp35p140lvt_100d/AN61001_20190412/TSMCHOME/digital/Back_End/lef/tcbn22ulpbwp35p140lvt_100a/lef/tcbn22ulpbwp35p140lvt.lef"   "/eda/process/22/TSMC_CLN/standcell/tsmc/tcbn22ulpbwp40p140lvt_100d/AN61001_20190412/TSMCHOME/digital/Back_End/lef/tcbn22ulpbwp40p140lvt_100a/lef/tcbn22ulpbwp40p140lvt.lef"   "/eda/process/22/TSMC_CLN/standcell/tsmc/tcbn22ulpbwp30p140pmlvt_100d/AN61001_20190412/TSMCHOME/digital/Back_End/lef/tcbn22ulpbwp30p140pmlvt_090a/lef/tcbn22ulpbwp30p140pmlvt.lef"   "/eda/process/22/TSMC_CLN/standcell/tsmc/tcbn22ulpbwp35p140pmlvt_100d/AN61001_20190412/TSMCHOME/digital/Back_End/lef/tcbn22ulpbwp35p140pmlvt_090a/lef/tcbn22ulpbwp35p140pmlvt.lef"   "/eda/process/22/TSMC_CLN/standcell/tsmc/tcbn22ulpbwp40p140pmlvt_100d/AN61001_20190412/TSMCHOME/digital/Back_End/lef/tcbn22ulpbwp40p140pmlvt_090a/lef/tcbn22ulpbwp40p140pmlvt.lef" ]
#@ 
#@ 
#@ 
#@ #library_umc_55eflp_umc_7t
#@ set library_umc_55eflp_umc_7t [list   "/eda/process/55/UMC_EFLASH/standcell/UMC/UM055LSCEE12BDH-LIBRARY_TAPE_OUT_KIT-Ver.B02_PB/synopsys/ccs/u055lscee12bdh_${PVT}_ccs.${db_type}"   "/eda/process/55/UMC_EFLASH/standcell/UMC/UM055LSCEE12BDR-LIBRARY_TAPE_OUT_KIT-Ver.B02_PB/synopsys/ccs/u055lscee12bdr_${PVT}_ccs.${db_type}"   "/eda/process/55/UMC_EFLASH/standcell/UMC/UM055LSCEEMVL7BH-LIBRARY_TAPE_OUT_KIT-Ver.B02_PB/synopsys/ccs/u055lsceemvl7bh_${PVT}_ccs.${db_type}"   "/eda/process/55/UMC_EFLASH/standcell/UMC/UM055LSCEEMVL7BR-LIBRARY_TAPE_OUT_KIT-Ver.B02_PB/synopsys/ccs/u055lsceemvl7br_${PVT}_ccs.${db_type}" ]
#@ 
#@ set hvt_gen_umc_55eflp_umc_7t                   "u055lscee12bdh_${PVT}"
#@ set hvt_pwr_umc_55eflp_umc_7t                   "u055lsceemvl7bh_${PVT}"
#@ set svt_gen_umc_55eflp_umc_7t                   "u055lscee12bdr_${PVT}"
#@ set svt_pwr_umc_55eflp_umc_7t                   "u055lsceemvl7br_${PVT}"
#@ set ckgate_gen_umc_55eflp_umc_7t                "LAGCESM8TM"
#@ 
#@ 
#@ set lef_umc_55eflp_umc_7t [list   "/eda/process/55/UMC_EFLASH/standcell/UMC/UM055LSCEE12BDH-LIBRARY_TAPE_OUT_KIT-Ver.B02_PB/lef/u055lscee12bdh.lef"   "/eda/process/55/UMC_EFLASH/standcell/UMC/UM055LSCEE12BDR-LIBRARY_TAPE_OUT_KIT-Ver.B02_PB/lef/u055lscee12bdr.lef"   "/eda/process/55/UMC_EFLASH/standcell/UMC/UM055LSCEEMVL7BH-LIBRARY_TAPE_OUT_KIT-Ver.B02_PB/lef/u055lsceemvl7bh.lef"   "/eda/process/55/UMC_EFLASH/standcell/UMC/UM055LSCEEMVL7BR-LIBRARY_TAPE_OUT_KIT-Ver.B02_PB/lef/u055lsceemvl7br.lef"]
#@ 
#@ # library_nexchip_110_7t
#@ set library_nexchip_110_7t [list   "/eda/process/110/ENEXCHIP/standcell/innopower/isrgt_d/2023Q4v0.13/GENERIC_CORE/FrontEnd/synopsys/ccsn/isrgt_d_generic_core_${PVTM}.${db_type_sp}"   "/eda/process/110/ENEXCHIP/standcell/innopower/isrgu_d/2023Q3v0.12/GENERIC_CORE/FrontEnd/synopsys/ccsn/isrgu_d_generic_core_${PVTM}.${db_type_sp}" ]
#@ set hvt_nexchip_110_7t            ""
#@ set svt_nexchip_110_7t            "isrgt_d_generic_core_${PVTM}"
#@ set lvt_nexchip_110_7t            "isrgu_d_generic_core_${PVTM}"
#@ set ckgate_nexchip_110_7t         "GCKESTDX6"
#@ set lef_nexchip_110_7t [list   "/eda/process/110/ENEXCHIP/standcell/innopower/isrgt_d/2023Q4v0.13/GENERIC_CORE/BackEnd/lef/isrgt_d_generic_core.msv.lef"   "/eda/process/110/ENEXCHIP/standcell/innopower/isrgu_d/2023Q3v0.12/GENERIC_CORE/BackEnd/lef/isrgu_d_generic_core.msv.lef" ]
#@ 
#@ # library_nexchip_110_9t
#@ set library_nexchip_110_9t [list   "/eda/process/110/ENEXCHIP/standcell/innopower/isrgt_a/2023Q4v0.12/GENERIC_CORE/FrontEnd/synopsys/ccsn/isrgt_a_generic_core_${PVTM}.${db_type_sp}"   "/eda/process/110/ENEXCHIP/standcell/innopower/isrgu_a/2023Q4v0.12/GENERIC_CORE/FrontEnd/synopsys/ccsn/isrgu_a_generic_core_${PVTM}.${db_type_sp}" ]
#@ set hvt_nexchip_110_9t            ""
#@ set svt_nexchip_110_9t            "isrgt_a_generic_core_${PVTM}"
#@ set lvt_nexchip_110_9t            "isrgu_a_generic_core_${PVTM}"
#@ set ckgate_nexchip_110_9t         "GCKESUAX6"
#@ set lef_nexchip_110_9t [list   "/eda/process/110/ENEXCHIP/standcell/innopower/isrgt_a/2023Q4v0.12/GENERIC_CORE/BackEnd/lef/isrgt_a_generic_core.msv.lef"   "/eda/process/110/ENEXCHIP/standcell/innopower/isrgu_a/2023Q4v0.12/GENERIC_CORE/BackEnd/lef/isrgu_a_generic_core.msv.lef" ]
#@ 
#@ # nexchip_145_12t
#@ set library_nexchip_145_12t [list   "/eda/process/015/ENEXCHIP/standcell/M31HSSC1200EL150SL_00.01.000/${CCS}/M31HSSC1200EL150SL_${PVTM}_${db_type_sp}"   "/eda/process/015/ENEXCHIP/standcell/M31HSSC1200EL150SS_01.02.000/${CCS}/M31HSSC1200EL150SS_${PVTM}_${db_type_sp}" ]
#@ set lvt_nexchip_145_12t           "M31HSSC1200EL150SL_${PVTM}_ccs"
#@ set svt_nexchip_145_12t           "M31HSSC1200EL150SS_${PVTM}_ccs"
#@ set ckgate_nexchip_145_12t        "GCKHBQX8AL12"
#@ set lef_nexchip_145_12t [list   "/eda/process/015/ENEXCHIP/standcell/M31HSSC1200EL150SL_00.01.000/lef/M31HSSC1200EL150SL.lef"   "/eda/process/015/ENEXCHIP/standcell/M31HSSC1200EL150SS_01.02.000/lef/M31HSSC1200EL150SS.lef" ]
#@ 
#@ # nexchip_145_9t
#@ set library_nexchip_145_9t [list   "/eda/process/015/ENEXCHIP/standcell/M31HSSC900EL150SL_00.01.000/${CCS}/M31HSSC900EL150SL_${PVTM}_${db_type_sp}"   "/eda/process/015/ENEXCHIP/standcell/M31HSSC900EL150SS_01.05.000/${CCS}/M31HSSC900EL150SS_${PVTM}_${db_type_sp}" ]
#@ set lvt_nexchip_145_9t            "M31HSSC900EL150SL_${PVTM}_ccs"
#@ set svt_nexchip_145_9t            "M31HSSC900EL150SS_${PVTM}_ccs"
#@ set ckgate_nexchip_145_9t        "GCKHBQX8AL9"
#@ set lef_nexchip_145_9t [list   "/eda/process/015/ENEXCHIP/standcell/M31HSSC900EL150SL_00.01.000/lef/M31HSSC900EL150SL.lef"   "/eda/process/015/ENEXCHIP/standcell/M31HSSC900EL150SS_01.05.000/lef/M31HSSC900EL150SS.lef" ]
#@ 
#@ #link_library
#@ set link_library     [list ]
#@ if { [regexp {hlmc_55_snps_7t} $LINK_LIB] } {
#@   set link_library [concat $link_library $library_hlmc_55_snps_7t]
#@ }
#@ if { [regexp {hlmc_55_snps_9t} $LINK_LIB] } {
#@   set link_library [concat $link_library $library_hlmc_55_snps_9t]
#@ }
#@ if { [regexp {umc_55_fara_7t} $LINK_LIB]  } {
#@   set link_library [concat $link_library $library_umc_55_fara_7t]
#@ 
#@ }
#@ if { [regexp {umc_55_fara_8t} $LINK_LIB]  } {
#@   set link_library [concat $link_library $library_umc_55_fara_8t]
#@ 
#@ }
#@ if { [regexp {umc_55_snps_7t} $LINK_LIB]  } {
#@   set link_library [concat $link_library $library_umc_55_snps_7t]
#@ 
#@ }
#@ if { [regexp {umc_55_snps_8t} $LINK_LIB]  } {
#@   set link_library [concat $link_library $library_umc_55_snps_8t]
#@ 
#@ }
#@ if { [regexp {umc_40_fara_7t} $LINK_LIB]  } {
#@   set link_library [concat $link_library $library_umc_40_fara_7t]
#@ 
#@ }
#@ if { [regexp {umc_40_fara_9t} $LINK_LIB]  } {
#@   set link_library [concat $link_library $library_umc_40_fara_9t]
#@ 
#@ }
#@ 
#@ if { [regexp {umc_40_fara_1p2_7t} $LINK_LIB]  } {
#@   set link_library [concat $link_library $library_umc_40_fara_1p2_7t]
#@ 
#@ }
#@ if { [regexp {umc_40_fara_1p2_9t} $LINK_LIB]  } {
#@   set link_library [concat $link_library $library_umc_40_fara_1p2_9t]
#@ 
#@ }
#@ 
#@ if { [regexp {umc_40_snps_9t} $LINK_LIB]  } {
#@   set link_library [concat $link_library $library_umc_40_snps_9t]
#@ 
#@ }
#@ if { [regexp {umc_28_arm_9t_hpc} $LINK_LIB]  } {
#@   set link_library [concat $link_library $library_umc_28_arm_9t_hpc]
#@ }
#@ 
#@ if { [regexp {umc_28p_arm_7t_hpc} $LINK_LIB]  } {
#@   set link_library [concat $link_library $library_umc_28p_arm_7t_hpc]
#@ }
#@ if { [regexp {umc_28p_arm_9t_hpc} $LINK_LIB]  } {
#@   set link_library [concat $link_library $library_umc_28p_arm_9t_hpc]
#@ }
#@ if { [regexp {umc_28p_arm_12t_hpc} $LINK_LIB]  } {
#@   set link_library [concat $link_library $library_umc_28p_arm_12t_hpc]
#@ }
#@ if { [regexp {umc_28p_snps_ud} $LINK_LIB]  } {
#@   set link_library [concat $link_library $library_umc_28p_snps_ud]
#@ }
#@ 
#@ if { [regexp {umc_22_arm_7t} $LINK_LIB]  } {
#@   set link_library [concat $link_library $library_umc_22_arm_7t]
#@ }
#@ if { [regexp {umc_22_arm_9t} $LINK_LIB]  } {
#@   set link_library [concat $link_library $library_umc_22_arm_9t]
#@ }
#@ 
#@ if { [regexp {tsmc_22ulp_tsmc_7t} $TAR_LIB]  } {
#@   set link_library [concat $link_library $library_tsmc_22ulp_tsmc_7t_hvt]
#@   set link_library [concat $link_library $library_tsmc_22ulp_tsmc_7t_svt]
#@   set link_library [concat $link_library $library_tsmc_22ulp_tsmc_7t_lvt]
#@ }
#@ if { [regexp {tsmc_22ulp_tsmc_9t} $TAR_LIB]  } {
#@   set link_library [concat $link_library $library_tsmc_22ulp_tsmc_9t_hvt]
#@   set link_library [concat $link_library $library_tsmc_22ulp_tsmc_9t_svt]
#@   set link_library [concat $link_library $library_tsmc_22ulp_tsmc_9t_lvt]
#@ }
#@ if { [regexp {umc_55eflp_umc_7t} $TAR_LIB]  } {
#@   set link_library [concat $link_library $library_umc_55eflp_umc_7t]
#@ }
#@ 
#@ if { [regexp {nexchip_110_7t} $LINK_LIB]  } {
#@   set link_library [concat $link_library $library_nexchip_110_7t]
#@ 
#@ }
#@ if { [regexp {nexchip_110_9t} $LINK_LIB]  } {
#@   set link_library [concat $link_library $library_nexchip_110_9t]
#@ 
#@ }
#@ if { [regexp {nexchip_145_9t} $LINK_LIB]  } {  
#@   set link_library [concat $link_library $library_nexchip_145_9t]
#@  
#@ }
#@ if { [regexp {nexchip_145_12t} $LINK_LIB]  } {  
#@   set link_library [concat $link_library $library_nexchip_145_12t]
#@  
#@ }
#@ 
#@ 
#@ #target_library
#@ set target_library   [list ]
#@ set lib_svt_name     [list ]
#@ set lib_hvt_name     [list ]
#@ set lib_lvt_name     [list ]
#@ if { [regexp {snps_gtech} $TAR_LIB]  } {
#@   set target_library [concat $target_library $library_snps_gtech]
#@   set lib_svt_name [concat $lib_svt_name "gtech"]
#@   set lib_hvt_name [concat $lib_hvt_name "gtech"]
#@   set lib_lvt_name [concat $lib_lvt_name "gtech"]
#@   set ckgate_name  $ckgate_snps_gtech
#@ }
#@ if { [regexp {hlmc_55_snps_7t} $TAR_LIB] } {
#@   set target_library [concat $target_library $library_hlmc_55_snps_7t]
#@   set lib_svt_name [concat $lib_svt_name $svt_hlmc_55_snps_7t]
#@   set lib_hvt_name [concat $lib_hvt_name $hvt_hlmc_55_snps_7t]
#@   set lib_lvt_name [concat $lib_lvt_name $lvt_hlmc_55_snps_7t]
#@   set ckgate_name  $ckgate_hlmc_55_snps_7t
#@ }
#@ if { [regexp {hlmc_55_snps_9t} $TAR_LIB] } {
#@   set target_library [concat $target_library $library_hlmc_55_snps_9t]
#@   set lib_svt_name [concat $lib_svt_name $svt_hlmc_55_snps_9t]
#@   set lib_hvt_name [concat $lib_hvt_name $hvt_hlmc_55_snps_9t]
#@   set lib_lvt_name [concat $lib_lvt_name $lvt_hlmc_55_snps_9t]
#@   set ckgate_name  $ckgate_hlmc_55_snps_9t
#@ }
#@ if { [regexp {umc_55_fara_7t} $TAR_LIB]  } {
#@   set target_library [concat $target_library $library_umc_55_fara_7t]
#@   set lib_svt_name [concat $lib_svt_name $svt_umc_55_fara_7t]
#@   set lib_hvt_name [concat $lib_hvt_name $hvt_umc_55_fara_7t]
#@   set lib_lvt_name [concat $lib_lvt_name $lvt_umc_55_fara_7t]
#@   set ckgate_name  $ckgate_umc_55_fara_7t
#@ }
#@ if { [regexp {umc_55_fara_8t} $TAR_LIB]  } {
#@   set target_library [concat $target_library $library_umc_55_fara_8t]
#@   set lib_svt_name [concat $lib_svt_name $svt_umc_55_fara_8t]
#@   set lib_hvt_name [concat $lib_hvt_name $hvt_umc_55_fara_8t]
#@   set lib_lvt_name [concat $lib_lvt_name $lvt_umc_55_fara_8t]
#@   set ckgate_name  $ckgate_umc_55_fara_8t
#@ }
#@ if { [regexp {umc_55_snps_7t} $TAR_LIB]  } {
#@   set target_library [concat $target_library $library_umc_55_snps_7t]
#@   set lib_svt_name [concat $lib_svt_name $svt_umc_55_snps_7t]
#@   set lib_hvt_name [concat $lib_hvt_name $hvt_umc_55_snps_7t]
#@   set lib_lvt_name [concat $lib_lvt_name $lvt_umc_55_snps_7t]
#@   set ckgate_name  $ckgate_umc_55_snps_7t
#@ }
#@ if { [regexp {umc_55_snps_8t} $TAR_LIB]  } {
#@   set target_library [concat $target_library $library_umc_55_snps_8t]
#@   set lib_svt_name [concat $lib_svt_name $svt_umc_55_snps_8t]
#@   set lib_hvt_name [concat $lib_hvt_name $hvt_umc_55_snps_8t]
#@   set lib_lvt_name [concat $lib_lvt_name $lvt_umc_55_snps_8t]
#@   set ckgate_name  $ckgate_umc_55_snps_8t
#@ }
#@ if { [regexp {umc_40_fara_7t} $TAR_LIB]  } {
#@   set target_library [concat $target_library $library_umc_40_fara_7t]
#@   set lib_svt_name [concat $lib_svt_name $svt_umc_40_fara_7t]
#@   set lib_hvt_name [concat $lib_hvt_name $hvt_umc_40_fara_7t]
#@   set lib_lvt_name [concat $lib_lvt_name $lvt_umc_40_fara_7t]
#@   set lef_file     [concat $lef_file $lef_umc_40_fara_7t]
#@   set ckgate_name  $ckgate_umc_40_fara_7t
#@ }
#@ if { [regexp {umc_40_fara_9t} $TAR_LIB]  } {
#@   set target_library [concat $target_library $library_umc_40_fara_9t]
#@   set lib_svt_name [concat $lib_svt_name $svt_umc_40_fara_9t]
#@   set lib_hvt_name [concat $lib_hvt_name $hvt_umc_40_fara_9t]
#@   set lib_lvt_name [concat $lib_lvt_name $lvt_umc_40_fara_9t]
#@   set lef_file     [concat $lef_file $lef_umc_40_fara_9t]
#@   set ckgate_name  $ckgate_umc_40_fara_9t
#@ }
#@ 
#@ if { [regexp {umc_40_fara_1p2_7t} $TAR_LIB]  } {
#@   set target_library [concat $target_library $library_umc_40_fara_1p2_7t]
#@   set lib_svt_name [concat $lib_svt_name $svt_umc_40_fara_1p2_7t]
#@   set lib_hvt_name [concat $lib_hvt_name $hvt_umc_40_fara_1p2_7t]
#@   set lib_lvt_name [concat $lib_lvt_name $lvt_umc_40_fara_1p2_7t]
#@   set lef_file     [concat $lef_file $umc_40_fara_1p2_7t]
#@   set ckgate_name  $ckgate_umc_40_fara_1p2_7t
#@ }
#@ if { [regexp {umc_40_fara_1p2_9t} $TAR_LIB]  } {
#@   set target_library [concat $target_library $library_umc_40_fara_1p2_9t]
#@   set lib_svt_name [concat $lib_svt_name $svt_umc_40_fara_1p2_9t]
#@   set lib_hvt_name [concat $lib_hvt_name $hvt_umc_40_fara_1p2_9t]
#@   set lib_lvt_name [concat $lib_lvt_name $lvt_umc_40_fara_1p2_9t]
#@   set lef_file     [concat $lef_file $umc_40_fara_1p2_7t]
#@   set ckgate_name  $ckgate_umc_40_fara_1p2_9t
#@ }
#@ 
#@ if { [regexp {umc_40_snps_9t} $TAR_LIB]  } {
#@   set target_library [concat $target_library $library_umc_40_snps_9t]
#@   set lib_svt_name [concat $lib_svt_name $svt_umc_40_snps_9t]
#@   set lib_hvt_name [concat $lib_hvt_name $hvt_umc_40_snps_9t]
#@   set lib_lvt_name [concat $lib_lvt_name $lvt_umc_40_snps_9t]
#@   set ckgate_name  $ckgate_umc_40_snps_9t
#@ }
#@ 
#@ if { [regexp {umc_28_arm_9t_hpc} $TAR_LIB]  } {
#@   set target_library [concat $target_library $library_umc_28_arm_9t_hpc]
#@   set lib_hvt_name [concat $lib_hvt_name $hvt_umc_28_arm_9t_hpc_c30]
#@   set lib_svt_name [concat $lib_svt_name $rvt_umc_28_arm_9t_hpc_c30]
#@   set lib_lvt_name [concat $lib_lvt_name $lvt_umc_28_arm_9t_hpc_c30]
#@   set ckgate_name $ckgate_umc_28_arm_9t_hpc
#@ }
#@ 
#@ if { [regexp {umc_28p_arm_7t_hpc} $TAR_LIB]  } {
#@   set target_library [concat $target_library $library_umc_28p_arm_7t_hpc]
#@   set lib_hvt_name [concat $lib_hvt_name $hvt_umc_28p_arm_7t_hpc_c40 $hvt_umc_28p_arm_7t_hpc_c35 $hvt_umc_28p_arm_7t_hpc_c30]
#@   set lib_svt_name [concat $lib_svt_name $svt_umc_28p_arm_7t_hpc_c40 $svt_umc_28p_arm_7t_hpc_c35 $svt_umc_28p_arm_7t_hpc_c30]
#@   set lib_lvt_name [concat $lib_lvt_name $lvt_umc_28p_arm_7t_hpc_c40 $lvt_umc_28p_arm_7t_hpc_c35 $lvt_umc_28p_arm_7t_hpc_c30]
#@   set ckgate_name $ckgate_umc_28p_arm_7t_hpc
#@ }
#@ if { [regexp {umc_28p_arm_9t_hpc} $TAR_LIB]  } {
#@   set target_library [concat $target_library $library_umc_28p_arm_9t_hpc]
#@   set lib_hvt_name [concat $lib_hvt_name $hvt_umc_28p_arm_9t_hpc_c40 $hvt_umc_28p_arm_9t_hpc_c35 $hvt_umc_28p_arm_9t_hpc_c30]
#@   set lib_svt_name [concat $lib_svt_name $svt_umc_28p_arm_9t_hpc_c40 $svt_umc_28p_arm_9t_hpc_c35 $svt_umc_28p_arm_9t_hpc_c30]
#@   set lib_lvt_name [concat $lib_lvt_name $lvt_umc_28p_arm_9t_hpc_c40 $lvt_umc_28p_arm_9t_hpc_c35 $lvt_umc_28p_arm_9t_hpc_c30]
#@   set ckgate_name $ckgate_umc_28p_arm_9t_hpc
#@ }
#@ if { [regexp {umc_28p_arm_12t_hpc} $TAR_LIB]  } {
#@   set target_library [concat $target_library $library_umc_28p_arm_12t_hpc]
#@   set lib_hvt_name [concat $lib_hvt_name $hvt_umc_28p_arm_12t_hpc_c40 $hvt_umc_28p_arm_12t_hpc_c35 $hvt_umc_28p_arm_12t_hpc_c30]
#@   set lib_svt_name [concat $lib_svt_name $svt_umc_28p_arm_12t_hpc_c40 $svt_umc_28p_arm_12t_hpc_c35 $svt_umc_28p_arm_12t_hpc_c30]
#@   set lib_lvt_name [concat $lib_lvt_name $lvt_umc_28p_arm_12t_hpc_c40 $lvt_umc_28p_arm_12t_hpc_c35 $lvt_umc_28p_arm_12t_hpc_c30]
#@   set ckgate_name $ckgate_umc_28p_arm_12t_hpc
#@ }
#@ 
#@ if { [regexp {umc_22_arm_7t} $TAR_LIB]  } {
#@   set target_library [concat $target_library $library_umc_22_arm_7t]
#@   set lib_hvt_name [concat $lib_hvt_name $hvt_umc_22_arm_7t_base_c40 $hvt_umc_22_arm_7t_base_c35 $hvt_umc_22_arm_7t_base_c30                                          $hvt_umc_22_arm_7t_hpk_c40  $hvt_umc_22_arm_7t_hpk_c35  $hvt_umc_22_arm_7t_hpk_c30                                          $hvt_umc_22_arm_7t_pmk_c40  $hvt_umc_22_arm_7t_pmk_c35  $hvt_umc_22_arm_7t_pmk_c30]
#@   set lib_svt_name [concat $lib_svt_name $svt_umc_22_arm_7t_base_c40 $svt_umc_22_arm_7t_base_c35 $svt_umc_22_arm_7t_base_c30                                          $svt_umc_22_arm_7t_hpk_c40  $svt_umc_22_arm_7t_hpk_c35  $svt_umc_22_arm_7t_hpk_c30                                          $svt_umc_22_arm_7t_pmk_c40  $svt_umc_22_arm_7t_pmk_c35  $svt_umc_22_arm_7t_pmk_c30]
#@   set ckgate_name $ckgate_umc_22_arm_7t
#@ }
#@ if { [regexp {umc_22_arm_9t} $TAR_LIB]  } {
#@   set target_library [concat $target_library $library_umc_22_arm_9t]
#@   set lib_hvt_name [concat $lib_hvt_name $hvt_umc_22_arm_9t_base_c40 $hvt_umc_22_arm_9t_base_c35 $hvt_umc_22_arm_9t_base_c30                                          $hvt_umc_22_arm_9t_hpk_c40  $hvt_umc_22_arm_9t_hpk_c35  $hvt_umc_22_arm_9t_hpk_c30                                          $hvt_umc_22_arm_9t_pmk_c40  $hvt_umc_22_arm_9t_pmk_c35  $hvt_umc_22_arm_9t_pmk_c30]
#@   set lib_svt_name [concat $lib_svt_name $svt_umc_22_arm_9t_base_c40 $svt_umc_22_arm_9t_base_c35 $svt_umc_22_arm_9t_base_c30                                          $svt_umc_22_arm_9t_hpk_c40  $svt_umc_22_arm_9t_hpk_c35  $svt_umc_22_arm_9t_hpk_c30                                          $svt_umc_22_arm_9t_pmk_c40  $svt_umc_22_arm_9t_pmk_c35  $svt_umc_22_arm_9t_pmk_c30]
#@   set ckgate_name $ckgate_umc_22_arm_9t
#@ }
#@ 
#@ if { [regexp {umc_28p_snps_ud} $TAR_LIB]  } {
#@   set target_library [concat $target_library $library_umc_28p_snps_ud]
#@   set lib_hvt_name [concat $lib_hvt_name $hvt_umc_28p_snps_30udh $hvt_umc_28p_snps_30udl $hvt_umc_28p_snps_30udp                                          $hvt_umc_28p_snps_35udh $hvt_umc_28p_snps_35udl $hvt_umc_28p_snps_35udp                                          $hvt_umc_28p_snps_40udh $hvt_umc_28p_snps_40udl $hvt_umc_28p_snps_40udp]
#@   set lib_svt_name [concat $lib_svt_name $svt_umc_28p_snps_30udh $svt_umc_28p_snps_30udl $svt_umc_28p_snps_30udp                                          $svt_umc_28p_snps_35udh $svt_umc_28p_snps_35udl $svt_umc_28p_snps_35udp                                          $svt_umc_28p_snps_40udh $svt_umc_28p_snps_40udl $svt_umc_28p_snps_40udp]
#@   set lef_file     [concat $lef_file $lef_umc_28p_snps_ud_hvt $lef_umc_28p_snps_ud_svt $lef_umc_28p_snps_ud_lvt]
#@   set ckgate_name $ckgate_umc_28p_snps_ud
#@ 
#@ }
#@ if { [regexp {tsmc_22ulp_tsmc_7t} $TAR_LIB]  } {
#@   set target_library [concat $target_library $library_tsmc_22ulp_tsmc_7t_hvt]
#@   set target_library [concat $target_library $library_tsmc_22ulp_tsmc_7t_svt]
#@   set target_library [concat $target_library $library_tsmc_22ulp_tsmc_7t_lvt]
#@   set lib_hvt_name [concat $lib_hvt_name $hvt_tsmc_22ulp_tsmc_7t_c30 $hvt_tsmc_22ulp_tsmc_7t_c30mb $hvt_tsmc_22ulp_tsmc_7t_c30pm                                          $hvt_tsmc_22ulp_tsmc_7t_c35 $hvt_tsmc_22ulp_tsmc_7t_c35mb $hvt_tsmc_22ulp_tsmc_7t_c35pm                                          $hvt_tsmc_22ulp_tsmc_7t_c40 $hvt_tsmc_22ulp_tsmc_7t_c40mb $hvt_tsmc_22ulp_tsmc_7t_c40pm ]
#@   set lib_svt_name [concat $lib_svt_name $svt_tsmc_22ulp_tsmc_7t_c30 $svt_tsmc_22ulp_tsmc_7t_c30mb $svt_tsmc_22ulp_tsmc_7t_c30pm                                          $svt_tsmc_22ulp_tsmc_7t_c35 $svt_tsmc_22ulp_tsmc_7t_c35mb $svt_tsmc_22ulp_tsmc_7t_c35pm                                          $svt_tsmc_22ulp_tsmc_7t_c40 $svt_tsmc_22ulp_tsmc_7t_c40mb $svt_tsmc_22ulp_tsmc_7t_c40pm ]
#@   set lib_lvt_name [concat $lib_lvt_name $lvt_tsmc_22ulp_tsmc_7t_c30                               $lvt_tsmc_22ulp_tsmc_7t_c30pm                                          $lvt_tsmc_22ulp_tsmc_7t_c35                               $lvt_tsmc_22ulp_tsmc_7t_c35pm                                          $lvt_tsmc_22ulp_tsmc_7t_c40                               $lvt_tsmc_22ulp_tsmc_7t_c40pm ]
#@   set lef_file  [concat $lef_file $lef_tsmc_22ulp_tsmc_7t_hvt $lef_tsmc_22ulp_tsmc_7t_svt $lef_tsmc_22ulp_tsmc_7t_lvt]
#@   set ckgate_name $ckgate_tsmc_22ulp_tsmc_7t
#@ 
#@ }
#@ 
#@ if { [regexp {tsmc_22ulp_tsmc_9t} $TAR_LIB]  } {
#@   set target_library [concat $target_library $library_tsmc_22ulp_tsmc_9t_hvt]
#@   set target_library [concat $target_library $library_tsmc_22ulp_tsmc_9t_svt]
#@   set target_library [concat $target_library $library_tsmc_22ulp_tsmc_9t_lvt]
#@   set lib_hvt_name [concat $lib_hvt_name $hvt_tsmc_22ulp_tsmc_9t_c30 $hvt_tsmc_22ulp_tsmc_9t_c30mb $hvt_tsmc_22ulp_tsmc_9t_c30pm                                          $hvt_tsmc_22ulp_tsmc_9t_c35 $hvt_tsmc_22ulp_tsmc_9t_c35mb $hvt_tsmc_22ulp_tsmc_9t_c35pm                                          $hvt_tsmc_22ulp_tsmc_9t_c40 $hvt_tsmc_22ulp_tsmc_9t_c40mb $hvt_tsmc_22ulp_tsmc_9t_c40pm ]
#@   set lib_svt_name [concat $lib_svt_name $svt_tsmc_22ulp_tsmc_9t_c30 $svt_tsmc_22ulp_tsmc_9t_c30mb $svt_tsmc_22ulp_tsmc_9t_c30pm                                          $svt_tsmc_22ulp_tsmc_9t_c35 $svt_tsmc_22ulp_tsmc_9t_c35mb $svt_tsmc_22ulp_tsmc_9t_c35pm                                          $svt_tsmc_22ulp_tsmc_9t_c40 $svt_tsmc_22ulp_tsmc_9t_c40mb $svt_tsmc_22ulp_tsmc_9t_c40pm ]
#@   set lib_lvt_name [concat $lib_lvt_name $lvt_tsmc_22ulp_tsmc_9t_c30                               $lvt_tsmc_22ulp_tsmc_9t_c30pm                                          $lvt_tsmc_22ulp_tsmc_9t_c35                               $lvt_tsmc_22ulp_tsmc_9t_c35pm                                          $lvt_tsmc_22ulp_tsmc_9t_c40   
#@   set lef_file  [concat $lef_file $lef_tsmc_22ulp_tsmc_9t_hvt $lef_tsmc_22ulp_tsmc_9t_svt $lef_tsmc_22ulp_tsmc_9t_lvt]
#@   set ckgate_name $ckgate_tsmc_22ulp_tsmc_9t
#@ 
#@ }
#@ if { [regexp {umc_55eflp_umc_7t} $TAR_LIB]  } {
#@   set target_library [concat $target_library $library_umc_55eflp_umc_7t]
#@   set lib_hvt_name [concat $lib_hvt_name  $hvt_gen_umc_55eflp_umc_7t $hvt_pwr_umc_55eflp_umc_7t]
#@   set lib_svt_name [concat $lib_svt_name  $svt_gen_umc_55eflp_umc_7t $svt_pwr_umc_55eflp_umc_7t]
#@   set lib_lvt_name [concat $lib_lvt_name  $lvt_gen_umc_55eflp_umc_7t $lvt_pwr_umc_55eflp_umc_7t]
#@ 
#@   set lef_file  [concat $lef_file $lef_umc_55eflp_umc_7t]
#@   set ckgate_name $ckgate_umc_55eflp_umc_7t
#@ }
#@ 
#@ if { [regexp {nexchip_110_7t} $TAR_LIB]  } {
#@   set target_library [concat $target_library $library_nexchip_110_7t]
#@   set lib_hvt_name [concat $lib_hvt_name $hvt_nexchip_110_7t]
#@   set lib_svt_name [concat $lib_svt_name $svt_nexchip_110_7t]
#@   set lib_lvt_name [concat $lib_lvt_name $lvt_nexchip_110_7t]
#@ #  set lef_file     [concat $lef_file $lef_nexchip_110_7t]
#@   set ckgate_name  $ckgate_nexchip_110_7t
#@ }
#@ if { [regexp {nexchip_110_9t} $TAR_LIB]  } {  
#@   set target_library [concat $target_library $library_nexchip_110_9t]
#@   set lib_hvt_name [concat $lib_hvt_name $hvt_nexchip_110_9t]
#@   set lib_svt_name [concat $lib_svt_name $svt_nexchip_110_9t]
#@   set lib_lvt_name [concat $lib_lvt_name $lvt_nexchip_110_9t]
#@ #  set lef_file     [concat $lef_file $lef_nexchip_110_9t]
#@   set ckgate_name  $ckgate_nexchip_110_9t
#@ }
#@ if { [regexp {nexchip_145_9t} $TAR_LIB]  } {
#@   set target_library [concat $target_library $library_nexchip_145_9t]
#@   set lib_svt_name [concat $lib_svt_name $svt_nexchip_145_9t]
#@   set lib_lvt_name [concat $lib_lvt_name $lvt_nexchip_145_9t]
#@ #  set lef_file     [concat $lef_file $lef_nexchip_145_9t]
#@   set ckgate_name  $ckgate_nexchip_145_9t
#@ }
#@ if { [regexp {nexchip_145_12t} $TAR_LIB]  } {
#@   set target_library [concat $target_library $library_nexchip_145_12t]
#@   set lib_svt_name [concat $lib_svt_name $svt_nexchip_145_12t]
#@   set lib_lvt_name [concat $lib_lvt_name $lvt_nexchip_145_12t]
#@ #  set lef_file     [concat $lef_file $lef_nexchip_145_12t]
#@   set ckgate_name  $ckgate_nexchip_145_12t
#@ }
#@ 
#@ #set link_library [concat $link_library $ana_link_library $mem_link_library]
#@ #set target_library [concat $target_library $ana_link_library $mem_link_library]
#@ #set lef_file  [concat $lef_file $mem_lef_file $ana_lef_file]
#@ set link_library [concat $link_library ]
#@ set target_library [concat $target_library ]
#@ #set lef_file  [concat $lef_file $ana_lef_file]
#@ 
#@ #source $TCL_DIR/common/common_db_dig_macro.tcl
#@ #set link_library [concat $link_library $ana_link_library_dig_macro]
#@ #set target_library [concat $target_library $ana_link_library_dig_macro]
#@ # -- End source /project/HK3671/designer/DD/ppchen/HK3671/SYNTHESIS/common/tcl_dir/common/common_db.tcl

#@ set link_path [concat "*" $link_library]
#@ 
#@ ## read_verilog
#@ set verilog_file_num [llength $verilog_file]
#@ echo "" > rep_dir/read_verilog.log
#@ foreach vfile $verilog_file {
#@   echo "read_verilog ${vfile}"
#@   read_verilog $vfile  >> rep_dir/read_verilog.log
#@ }
#@ 
#@ 
#@ 
#@ current_design $TOP_NAME
#@ link_design $TOP_NAME > rep_dir/link_design.log
#@ 
#@ #source $TCL_DIR/design_rule.tcl -verbose -echo
#@ 
#@ 
#@ #set auto_wire_load_selection false
#@ ##set_wire_load_mode enclosed
#@ #set_wire_load_mode top
#@ #set_wire_load_model -name G0K -library $lib_hvt_name
#@ #set_operating_conditions WCCOM -library $lib_hvt_name
#@ echo "" > ./rep_dir/sdc.log
#@ foreach sfile $sdc_file {
#@   puts "source ${sfile}"
#@   source $sfile -verbose -echo >> ./rep_dir/sdc.log
#@ }
#@ # -- Starting source /project/HV2M23/DataBase/Digital/Release/HV2M23_digital_top_to_APR/latest/HV2M23_digital_top_postcts.sdc

#@ ###############################################################################
#@ #
#@ # Created by PrimeTime write_sdc on Wed Jul 29 15:02:17 2026
#@ #
#@ ###############################################################################
#@ 
#@ set sdc_version 2.0
#@ 
#@ #set_units -time ns -capacitance pF -current mA -voltage V -resistance kOhm
#@ ###############################################################################
#@ #  
#@ # Units
#@ # capacitive_load_unit           : 1 pF
#@ # current_unit                   : 0.001 A
#@ # resistance_unit                : 1 kOhm
#@ # time_unit                      : 1 ns
#@ # voltage_unit                   : 1 V
#@ ###############################################################################
#@ #set_operating_conditions -analysis_type on_chip_variation  -library [get_libs {M31HSSC900EL150SL_125CSS1P62_cmax_ccs.db:M31HSSC900EL150SL_125CSS1P62_cmax_ccs}] 
#@ ###############################################################################
#@ # Clock Related Information
#@ ###############################################################################
#@ create_clock -name RX0_CLK -period 9.5 -waveform { 0 4.75 } [get_ports {clk_lane_L0}]
#@ set_clock_uncertainty -setup  0.475 [get_clocks {RX0_CLK}]
#@ set_clock_uncertainty -hold  0.15 [get_clocks {RX0_CLK}]
#@ create_clock -name RX1_CLK -period 17.1 -waveform { 0 8.55 } [get_ports {clk_lane_L1}]
#@ set_clock_uncertainty -setup  0.855 [get_clocks {RX1_CLK}]
#@ set_clock_uncertainty -hold  0.15 [get_clocks {RX1_CLK}]
#@ create_clock -name RX0_OD_CLK -period 4.75 -waveform { 0 2.375 } [get_ports {clk_lane_od_L0}]
#@ set_clock_uncertainty -setup  0.4 [get_clocks {RX0_OD_CLK}]
#@ set_clock_uncertainty -hold  0.15 [get_clocks {RX0_OD_CLK}]
#@ create_clock -name RX1_OD_CLK -period 8.55 -waveform { 0 4.275 } [get_ports {clk_lane_od_L1}]
#@ set_clock_uncertainty -setup  0.4275 [get_clocks {RX1_OD_CLK}]
#@ set_clock_uncertainty -hold  0.15 [get_clocks {RX1_OD_CLK}]
#@ create_clock -name VS_CLK -period 100 -waveform { 0 50 } [get_pins {u_LOGIC_CENTER/CENTER1/ANCTL/BUF_VS_CLK/O}]
#@ set_clock_uncertainty -setup  2 [get_clocks {VS_CLK}]
#@ set_clock_uncertainty -hold  0.15 [get_clocks {VS_CLK}]
#@ create_clock -name LS_CLK -period 100 -waveform { 0 50 } [get_pins {u_LOGIC_CENTER/CENTER1/ANCTL/BUF_LS_CLK/O}]
#@ set_clock_uncertainty -setup  2 [get_clocks {LS_CLK}]
#@ set_clock_uncertainty -hold  0.15 [get_clocks {LS_CLK}]
#@ create_clock -name POWERON_CLK -period 100 -waveform { 0 50 } [get_pins {u_LOGIC_CENTER/CENTER1/ANCTL/BUF_POWERON_CLK/O}]
#@ set_clock_uncertainty -setup  2 [get_clocks {POWERON_CLK}]
#@ set_clock_uncertainty -hold  0.15 [get_clocks {POWERON_CLK}]
#@ create_clock -name OSC_CLK_IN -period 20 -waveform { 0 10 } [get_ports {OSC_CLK_I}]
#@ set_clock_uncertainty -setup  1 [get_clocks {OSC_CLK_IN}]
#@ set_clock_uncertainty -hold  0.15 [get_clocks {OSC_CLK_IN}]
#@ create_clock -name I2C_CLK -period 500 -waveform { 0 250 } [get_pins {u_LOGIC_CENTER/PAD_INBUF/SCL_BUF/O}]
#@ set_clock_uncertainty -setup  2 [get_clocks {I2C_CLK}]
#@ set_clock_uncertainty -hold  0.15 [get_clocks {I2C_CLK}]
#@ create_clock -name STB_CLK -period 6.43 -waveform { 0 3.215 } [get_pins {u_LOGIC_CENTER/LINK_LOGIC/BUF_STB_CLK/O}]
#@ set_clock_uncertainty -setup  0.4 [get_clocks {STB_CLK}]
#@ set_clock_uncertainty -hold  0.15 [get_clocks {STB_CLK}]
#@ ###############################################################################
#@ # Derived Clock related information
#@ ###############################################################################
#@ create_generated_clock -name RX1_OD_CLK_DIV2 -source [get_ports {clk_lane_od_L1}] -edges { 2 4 6}  -add -master_clock [get_clocks {RX1_OD_CLK}] [get_pins {u_LOGIC_CENTER/CLKGEN_U1/U_DCLK1_OD_DIV2/BUF_DCLK_DIV2/O}] 
#@ create_generated_clock -name CLK_L0_DTCTL_OD_DIV1P5 -source [get_ports {clk_lane_od_L0}] -edges { 1 3 4}  -add -master_clock [get_clocks {RX0_OD_CLK}] [get_pins {u_LOGIC_CENTER/CLKGEN_U0/U_DCLK0_OD_DIV1P5/BUF_DCLK_DIV_ORG/O}] 
#@ create_generated_clock -name CLK_L1_DTCTL_OD_DIV1P5 -source [get_ports {clk_lane_od_L0}] -edges { 1 3 4}  -add -master_clock [get_clocks {RX0_OD_CLK}] [get_pins {u_LOGIC_CENTER/CLKGEN_U1/U_DCLK1_OD_DIV1P5/BUF_DCLK_DIV_ORG/O}] 
#@ create_generated_clock -name WCLK1_A_I2C -source [get_pins {u_LOGIC_CENTER/PAD_INBUF/SCL_BUF/O}]  -divide_by 1  -add -master_clock [get_clocks {I2C_CLK}] [get_pins {u_LOGIC_CENTER/CLKGEN_U0/MUX_WCK1_ASEL/O}] 
#@ create_generated_clock -name RX0_OD_CLK_DIV2 -source [get_ports {clk_lane_od_L0}] -edges { 2 4 6}  -add -master_clock [get_clocks {RX0_OD_CLK}] [get_pins {u_LOGIC_CENTER/CLKGEN_U0/U_DCLK0_OD_DIV2/BUF_DCLK_DIV2/O}] 
#@ create_generated_clock -name CLK_L1_ADJ_DTCTL_OD_DIV1P5 -source [get_ports {clk_lane_od_L0}] -edges { 2 4 5}  -add -master_clock [get_clocks {RX0_OD_CLK}] [get_pins {u_LOGIC_CENTER/CLKGEN_U1/U_DCLK1_OD_DIV1P5/BUF_DCLK_DIV_ORG_ADJ/O}] 
#@ create_generated_clock -name RX1_CLK_DIV1P5_ADJ -source [get_pins {u_LOGIC_CENTER/CLKGEN_U0/BUF_DCLK0/O}] -edges { 2 4 5}  -add -master_clock [get_clocks {RX0_OD_CLK_DIV2}] [get_pins {u_LOGIC_CENTER/CLKGEN_U1/BUF_DCLK1_DIV_ADJ/O}] 
#@ create_generated_clock -name RX0_CLK_DIV1P5 -source [get_pins {u_LOGIC_CENTER/CLKGEN_U0/BUF_DCLK0/O}] -edges { 1 3 4}  -add -master_clock [get_clocks {RX0_OD_CLK_DIV2}] [get_pins {u_LOGIC_CENTER/CLKGEN_U0/BUF_DCLK0_DIV/O}] 
#@ create_generated_clock -name RX1_CLK_DIV1P5 -source [get_pins {u_LOGIC_CENTER/CLKGEN_U0/BUF_DCLK0/O}] -edges { 1 3 4}  -add -master_clock [get_clocks {RX0_OD_CLK_DIV2}] [get_pins {u_LOGIC_CENTER/CLKGEN_U1/BUF_DCLK1_DIV/O}] 
#@ create_generated_clock -name RX0_CLK_DIV1P5_1P -source [get_pins {u_LOGIC_CENTER/CLKGEN_U0/BUF_DCLK0_DIV/O}]  -divide_by 2 [get_pins {u_LOGIC_CENTER/CENTER1/TOTAL_DTCTL/DTCTL_L0/DTCLK_1P_ORG_reg/Q}] 
#@ set_clock_uncertainty -setup  0.95 [get_clocks {RX0_CLK_DIV1P5_1P}]
#@ set_clock_uncertainty -hold  0.15 [get_clocks {RX0_CLK_DIV1P5_1P}]
#@ create_generated_clock -name WCLK1_A_DCLK -source [get_pins {u_LOGIC_CENTER/CLKGEN_U0/BUF_DCLK0_DIV/O}]  -divide_by 1  -add -master_clock [get_clocks {RX0_CLK_DIV1P5}] [get_pins {u_LOGIC_CENTER/CLKGEN_U0/MUX_WCK1_ASEL/O}] 
#@ set_clock_groups -logically_exclusive -name RX0_CLK_DIV1P5_1 -group [get_clocks {RX0_CLK_DIV1P5 RX1_CLK_DIV1P5 RX1_CLK_DIV1P5_ADJ}] -group [get_clocks {CLK_L0_DTCTL_OD_DIV1P5 CLK_L1_DTCTL_OD_DIV1P5 CLK_L1_ADJ_DTCTL_OD_DIV1P5}]
#@ set_clock_groups -asynchronous -name RX0_CLK_1 -group [get_clocks {RX0_CLK RX0_OD_CLK RX0_OD_CLK_DIV2 RX0_CLK_DIV1P5 RX1_CLK_DIV1P5 RX1_CLK_DIV1P5_ADJ CLK_L0_DTCTL_OD_DIV1P5 CLK_L1_DTCTL_OD_DIV1P5 CLK_L1_ADJ_DTCTL_OD_DIV1P5 WCLK1_A_DCLK RX0_CLK_DIV1P5_1P}] -group [get_clocks {RX1_CLK RX1_OD_CLK RX1_OD_CLK_DIV2}] -group [get_clocks {OSC_CLK_IN}] -group [get_clocks {I2C_CLK WCLK1_A_I2C}] -group [get_clocks {STB_CLK}] -group [get_clocks {VS_CLK}] -group [get_clocks {POWERON_CLK}] -group [get_clocks {LS_CLK}]
#@ ###############################################################################
#@ # Point to Point exceptions
#@ ###############################################################################
#@ set_false_path -from [get_clocks {RX1_CLK RX1_OD_CLK RX1_OD_CLK_DIV2 OSC_CLK_IN I2C_CLK WCLK1_A_I2C STB_CLK VS_CLK POWERON_CLK LS_CLK}] -to [get_clocks {RX0_CLK RX0_OD_CLK RX0_OD_CLK_DIV2 RX0_CLK_DIV1P5 RX1_CLK_DIV1P5 RX1_CLK_DIV1P5_ADJ CLK_L0_DTCTL_OD_DIV1P5 CLK_L1_DTCTL_OD_DIV1P5 CLK_L1_ADJ_DTCTL_OD_DIV1P5 WCLK1_A_DCLK RX0_CLK_DIV1P5_1P}]
#@ set_false_path -from [get_clocks {RX0_CLK RX0_OD_CLK RX0_OD_CLK_DIV2 RX0_CLK_DIV1P5 RX1_CLK_DIV1P5 RX1_CLK_DIV1P5_ADJ CLK_L0_DTCTL_OD_DIV1P5 CLK_L1_DTCTL_OD_DIV1P5 CLK_L1_ADJ_DTCTL_OD_DIV1P5 WCLK1_A_DCLK RX0_CLK_DIV1P5_1P OSC_CLK_IN I2C_CLK WCLK1_A_I2C STB_CLK VS_CLK POWERON_CLK LS_CLK}] -to [get_clocks {RX1_CLK RX1_OD_CLK RX1_OD_CLK_DIV2}]
#@ set_false_path -from [get_clocks {RX0_CLK RX0_OD_CLK RX0_OD_CLK_DIV2 RX0_CLK_DIV1P5 RX1_CLK_DIV1P5 RX1_CLK_DIV1P5_ADJ CLK_L0_DTCTL_OD_DIV1P5 CLK_L1_DTCTL_OD_DIV1P5 CLK_L1_ADJ_DTCTL_OD_DIV1P5 WCLK1_A_DCLK RX0_CLK_DIV1P5_1P RX1_CLK RX1_OD_CLK RX1_OD_CLK_DIV2 I2C_CLK WCLK1_A_I2C STB_CLK VS_CLK POWERON_CLK LS_CLK}] -to [get_clocks {OSC_CLK_IN}]
#@ set_false_path -from [get_clocks {RX0_CLK RX0_OD_CLK RX0_OD_CLK_DIV2 RX0_CLK_DIV1P5 RX1_CLK_DIV1P5 RX1_CLK_DIV1P5_ADJ CLK_L0_DTCTL_OD_DIV1P5 CLK_L1_DTCTL_OD_DIV1P5 CLK_L1_ADJ_DTCTL_OD_DIV1P5 WCLK1_A_DCLK RX0_CLK_DIV1P5_1P RX1_CLK RX1_OD_CLK RX1_OD_CLK_DIV2 OSC_CLK_IN STB_CLK VS_CLK POWERON_CLK LS_CLK}] -to [get_clocks {I2C_CLK WCLK1_A_I2C}]
#@ set_false_path -from [get_clocks {RX0_CLK RX0_OD_CLK RX0_OD_CLK_DIV2 RX0_CLK_DIV1P5 RX1_CLK_DIV1P5 RX1_CLK_DIV1P5_ADJ CLK_L0_DTCTL_OD_DIV1P5 CLK_L1_DTCTL_OD_DIV1P5 CLK_L1_ADJ_DTCTL_OD_DIV1P5 WCLK1_A_DCLK RX0_CLK_DIV1P5_1P RX1_CLK RX1_OD_CLK RX1_OD_CLK_DIV2 OSC_CLK_IN I2C_CLK WCLK1_A_I2C VS_CLK POWERON_CLK LS_CLK}] -to [get_clocks {STB_CLK}]
#@ set_false_path -from [get_clocks {RX0_CLK RX0_OD_CLK RX0_OD_CLK_DIV2 RX0_CLK_DIV1P5 RX1_CLK_DIV1P5 RX1_CLK_DIV1P5_ADJ CLK_L0_DTCTL_OD_DIV1P5 CLK_L1_DTCTL_OD_DIV1P5 CLK_L1_ADJ_DTCTL_OD_DIV1P5 WCLK1_A_DCLK RX0_CLK_DIV1P5_1P RX1_CLK RX1_OD_CLK RX1_OD_CLK_DIV2 OSC_CLK_IN I2C_CLK WCLK1_A_I2C STB_CLK POWERON_CLK LS_CLK}] -to [get_clocks {VS_CLK}]
#@ set_false_path -from [get_clocks {RX0_CLK RX0_OD_CLK RX0_OD_CLK_DIV2 RX0_CLK_DIV1P5 RX1_CLK_DIV1P5 RX1_CLK_DIV1P5_ADJ CLK_L0_DTCTL_OD_DIV1P5 CLK_L1_DTCTL_OD_DIV1P5 CLK_L1_ADJ_DTCTL_OD_DIV1P5 WCLK1_A_DCLK RX0_CLK_DIV1P5_1P RX1_CLK RX1_OD_CLK RX1_OD_CLK_DIV2 OSC_CLK_IN I2C_CLK WCLK1_A_I2C STB_CLK VS_CLK LS_CLK}] -to [get_clocks {POWERON_CLK}]
#@ set_false_path -from [get_clocks {RX0_CLK RX0_OD_CLK RX0_OD_CLK_DIV2 RX0_CLK_DIV1P5 RX1_CLK_DIV1P5 RX1_CLK_DIV1P5_ADJ CLK_L0_DTCTL_OD_DIV1P5 CLK_L1_DTCTL_OD_DIV1P5 CLK_L1_ADJ_DTCTL_OD_DIV1P5 WCLK1_A_DCLK RX0_CLK_DIV1P5_1P RX1_CLK RX1_OD_CLK RX1_OD_CLK_DIV2 OSC_CLK_IN I2C_CLK WCLK1_A_I2C STB_CLK VS_CLK POWERON_CLK}] -to [get_clocks {LS_CLK}]
#@ set_false_path -from [get_clocks {CLK_L0_DTCTL_OD_DIV1P5 CLK_L1_DTCTL_OD_DIV1P5 CLK_L1_ADJ_DTCTL_OD_DIV1P5}] -to [get_clocks {RX0_CLK_DIV1P5 RX1_CLK_DIV1P5 RX1_CLK_DIV1P5_ADJ}]
#@ set_false_path -from [get_clocks {RX0_CLK_DIV1P5 RX1_CLK_DIV1P5 RX1_CLK_DIV1P5_ADJ}] -to [get_clocks {CLK_L0_DTCTL_OD_DIV1P5 CLK_L1_DTCTL_OD_DIV1P5 CLK_L1_ADJ_DTCTL_OD_DIV1P5}]
#@ set_false_path -through [get_ports {XPONRST_I}] 
#@ set_false_path -through [get_pins {u_LOGIC_CENTER/CLKGEN_U0/BUF_N_RST/O}] 
#@ set_false_path -through [get_pins {u_LOGIC_CENTER/CLKGEN_U0/AND_N_RST_NLOCK/O}] 
#@ set_false_path -through [get_pins {u_LOGIC_CENTER/CLKGEN_U0/AND_N_RST_NLOCK0/O}] 
#@ set_false_path -through [get_pins {u_LOGIC_CENTER/CLKGEN_U1/BUF_N_RST/O}] 
#@ set_false_path -through [get_pins {u_LOGIC_CENTER/CLKGEN_U1/AND_N_RST_NLOCK1/O}] 
#@ set_max_delay  10 -to [get_ports {CLKA_L}]
#@ set_max_delay  10 -to [get_ports {CLKB_L}]
#@ set_max_delay  10 -to [get_ports {CLKA_R}]
#@ set_max_delay  10 -to [get_ports {CLKB_R}]
#@ set_multicycle_path  2 -setup -start -through [get_pins {u_LOGIC_CENTER/LINK_LOGIC/LC_CPUWR_HV2M23_VGMA/R_VGMA1[7] u_LOGIC_CENTER/LINK_LOGIC/LC_CPUWR_HV2M23_VGMA/R_VGMA1[6] u_LOGIC_CENTER/LINK_LOGIC/LC_CPUWR_HV2M23_VGMA/R_VGMA1[5] u_LOGIC_CENTER/LINK_LOGIC/LC_CPUWR_HV2M23_VGMA/R_VGMA1[4] u_LOGIC_CENTER/LINK_LOGIC/LC_CPUWR_HV2M23_VGMA/R_VGMA1[3] u_LOGIC_CENTER/LINK_LOGIC/LC_CPUWR_HV2M23_VGMA/R_VGMA1[2] u_LOGIC_CENTER/LINK_LOGIC/LC_CPUWR_HV2M23_VGMA/R_VGMA1[1] u_LOGIC_CENTER/LINK_LOGIC/LC_CPUWR_HV2M23_VGMA/R_VGMA1[0] u_LOGIC_CENTER/LINK_LOGIC/LC_CPUWR_HV2M23_VGMA/R_VGMA2[7] u_LOGIC_CENTER/LINK_LOGIC/LC_CPUWR_HV2M23_VGMA/R_VGMA2[6] u_LOGIC_CENTER/LINK_LOGIC/LC_CPUWR_HV2M23_VGMA/R_VGMA2[5] u_LOGIC_CENTER/LINK_LOGIC/LC_CPUWR_HV2M23_VGMA/R_VGMA2[4] u_LOGIC_CENTER/LINK_LOGIC/LC_CPUWR_HV2M23_VGMA/R_VGMA2[3] u_LOGIC_CENTER/LINK_LOGIC/LC_CPUWR_HV2M23_VGMA/R_VGMA2[2] u_LOGIC_CENTER/LINK_LOGIC/LC_CPUWR_HV2M23_VGMA/R_VGMA2[1] u_LOGIC_CENTER/LINK_LOGIC/LC_CPUWR_HV2M23_VGMA/R_VGMA2[0] u_LOGIC_CENTER/LINK_LOGIC/LC_CPUWR_HV2M23_VGMA/R_VGMA3[7] u_LOGIC_CENTER/LINK_LOGIC/LC_CPUWR_HV2M23_VGMA/R_VGMA3[6] u_LOGIC_CENTER/LINK_LOGIC/LC_CPUWR_HV2M23_VGMA/R_VGMA3[5] u_LOGIC_CENTER/LINK_LOGIC/LC_CPUWR_HV2M23_VGMA/R_VGMA3[4] u_LOGIC_CENTER/LINK_LOGIC/LC_CPUWR_HV2M23_VGMA/R_VGMA3[3] u_LOGIC_CENTER/LINK_LOGIC/LC_CPUWR_HV2M23_VGMA/R_VGMA3[2] u_LOGIC_CENTER/LINK_LOGIC/LC_CPUWR_HV2M23_VGMA/R_VGMA3[1] u_LOGIC_CENTER/LINK_LOGIC/LC_CPUWR_HV2M23_VGMA/R_VGMA3[0] u_LOGIC_CENTER/LINK_LOGIC/LC_CPUWR_HV2M23_VGMA/R_VGMA4[7] u_LOGIC_CENTER/LINK_LOGIC/LC_CPUWR_HV2M23_VGMA/R_VGMA4[6] u_LOGIC_CENTER/LINK_LOGIC/LC_CPUWR_HV2M23_VGMA/R_VGMA4[5] u_LOGIC_CENTER/LINK_LOGIC/LC_CPUWR_HV2M23_VGMA/R_VGMA4[4] u_LOGIC_CENTER/LINK_LOGIC/LC_CPUWR_HV2M23_VGMA/R_VGMA4[3] u_LOGIC_CENTER/LINK_LOGIC/LC_CPUWR_HV2M23_VGMA/R_VGMA4[2] u_LOGIC_CENTER/LINK_LOGIC/LC_CPUWR_HV2M23_VGMA/R_VGMA4[1] u_LOGIC_CENTER/LINK_LOGIC/LC_CPUWR_HV2M23_VGMA/R_VGMA4[0] u_LOGIC_CENTER/LINK_LOGIC/LC_CPUWR_HV2M23_VGMA/R_VGMA5[7] u_LOGIC_CENTER/LINK_LOGIC/LC_CPUWR_HV2M23_VGMA/R_VGMA5[6] u_LOGIC_CENTER/LINK_LOGIC/LC_CPUWR_HV2M23_VGMA/R_VGMA5[5] u_LOGIC_CENTER/LINK_LOGIC/LC_CPUWR_HV2M23_VGMA/R_VGMA5[4] u_LOGIC_CENTER/LINK_LOGIC/LC_CPUWR_HV2M23_VGMA/R_VGMA5[3] u_LOGIC_CENTER/LINK_LOGIC/LC_CPUWR_HV2M23_VGMA/R_VGMA5[2] u_LOGIC_CENTER/LINK_LOGIC/LC_CPUWR_HV2M23_VGMA/R_VGMA5[1] u_LOGIC_CENTER/LINK_LOGIC/LC_CPUWR_HV2M23_VGMA/R_VGMA5[0] u_LOGIC_CENTER/LINK_LOGIC/LC_CPUWR_HV2M23_VGMA/R_VGMA6[7] u_LOGIC_CENTER/LINK_LOGIC/LC_CPUWR_HV2M23_VGMA/R_VGMA6[6] u_LOGIC_CENTER/LINK_LOGIC/LC_CPUWR_HV2M23_VGMA/R_VGMA6[5] u_LOGIC_CENTER/LINK_LOGIC/LC_CPUWR_HV2M23_VGMA/R_VGMA6[4] u_LOGIC_CENTER/LINK_LOGIC/LC_CPUWR_HV2M23_VGMA/R_VGMA6[3] u_LOGIC_CENTER/LINK_LOGIC/LC_CPUWR_HV2M23_VGMA/R_VGMA6[2] u_LOGIC_CENTER/LINK_LOGIC/LC_CPUWR_HV2M23_VGMA/R_VGMA6[1] u_LOGIC_CENTER/LINK_LOGIC/LC_CPUWR_HV2M23_VGMA/R_VGMA6[0] u_LOGIC_CENTER/LINK_LOGIC/LC_CPUWR_HV2M23_VGMA/R_VGMA7[7] u_LOGIC_CENTER/LINK_LOGIC/LC_CPUWR_HV2M23_VGMA/R_VGMA7[6] u_LOGIC_CENTER/LINK_LOGIC/LC_CPUWR_HV2M23_VGMA/R_VGMA7[5] u_LOGIC_CENTER/LINK_LOGIC/LC_CPUWR_HV2M23_VGMA/R_VGMA7[4] u_LOGIC_CENTER/LINK_LOGIC/LC_CPUWR_HV2M23_VGMA/R_VGMA7[3] u_LOGIC_CENTER/LINK_LOGIC/LC_CPUWR_HV2M23_VGMA/R_VGMA7[2] u_LOGIC_CENTER/LINK_LOGIC/LC_CPUWR_HV2M23_VGMA/R_VGMA7[1] u_LOGIC_CENTER/LINK_LOGIC/LC_CPUWR_HV2M23_VGMA/R_VGMA7[0] u_LOGIC_CENTER/LINK_LOGIC/LC_CPUWR_HV2M23_VGMA/R_VGMA8[7] u_LOGIC_CENTER/LINK_LOGIC/LC_CPUWR_HV2M23_VGMA/R_VGMA8[6] u_LOGIC_CENTER/LINK_LOGIC/LC_CPUWR_HV2M23_VGMA/R_VGMA8[5] u_LOGIC_CENTER/LINK_LOGIC/LC_CPUWR_HV2M23_VGMA/R_VGMA8[4] u_LOGIC_CENTER/LINK_LOGIC/LC_CPUWR_HV2M23_VGMA/R_VGMA8[3] u_LOGIC_CENTER/LINK_LOGIC/LC_CPUWR_HV2M23_VGMA/R_VGMA8[2] u_LOGIC_CENTER/LINK_LOGIC/LC_CPUWR_HV2M23_VGMA/R_VGMA8[1] u_LOGIC_CENTER/LINK_LOGIC/LC_CPUWR_HV2M23_VGMA/R_VGMA8[0] u_LOGIC_CENTER/LINK_LOGIC/LC_CPUWR_HV2M23_VGMA/R_VGMA9[7] u_LOGIC_CENTER/LINK_LOGIC/LC_CPUWR_HV2M23_VGMA/R_VGMA9[6] u_LOGIC_CENTER/LINK_LOGIC/LC_CPUWR_HV2M23_VGMA/R_VGMA9[5] u_LOGIC_CENTER/LINK_LOGIC/LC_CPUWR_HV2M23_VGMA/R_VGMA9[4] u_LOGIC_CENTER/LINK_LOGIC/LC_CPUWR_HV2M23_VGMA/R_VGMA9[3] u_LOGIC_CENTER/LINK_LOGIC/LC_CPUWR_HV2M23_VGMA/R_VGMA9[2] u_LOGIC_CENTER/LINK_LOGIC/LC_CPUWR_HV2M23_VGMA/R_VGMA9[1] u_LOGIC_CENTER/LINK_LOGIC/LC_CPUWR_HV2M23_VGMA/R_VGMA9[0] u_LOGIC_CENTER/LINK_LOGIC/LC_CPUWR_HV2M23_VGMA/R_VGMA10[7] u_LOGIC_CENTER/LINK_LOGIC/LC_CPUWR_HV2M23_VGMA/R_VGMA10[6] u_LOGIC_CENTER/LINK_LOGIC/LC_CPUWR_HV2M23_VGMA/R_VGMA10[5] u_LOGIC_CENTER/LINK_LOGIC/LC_CPUWR_HV2M23_VGMA/R_VGMA10[4] u_LOGIC_CENTER/LINK_LOGIC/LC_CPUWR_HV2M23_VGMA/R_VGMA10[3] u_LOGIC_CENTER/LINK_LOGIC/LC_CPUWR_HV2M23_VGMA/R_VGMA10[2] u_LOGIC_CENTER/LINK_LOGIC/LC_CPUWR_HV2M23_VGMA/R_VGMA10[1] u_LOGIC_CENTER/LINK_LOGIC/LC_CPUWR_HV2M23_VGMA/R_VGMA10[0] u_LOGIC_CENTER/LINK_LOGIC/LC_CPUWR_HV2M23_VGMA/R_VGMA11[7] u_LOGIC_CENTER/LINK_LOGIC/LC_CPUWR_HV2M23_VGMA/R_VGMA11[6] u_LOGIC_CENTER/LINK_LOGIC/LC_CPUWR_HV2M23_VGMA/R_VGMA11[5] u_LOGIC_CENTER/LINK_LOGIC/LC_CPUWR_HV2M23_VGMA/R_VGMA11[4] u_LOGIC_CENTER/LINK_LOGIC/LC_CPUWR_HV2M23_VGMA/R_VGMA11[3] u_LOGIC_CENTER/LINK_LOGIC/LC_CPUWR_HV2M23_VGMA/R_VGMA11[2] u_LOGIC_CENTER/LINK_LOGIC/LC_CPUWR_HV2M23_VGMA/R_VGMA11[1] u_LOGIC_CENTER/LINK_LOGIC/LC_CPUWR_HV2M23_VGMA/R_VGMA11[0] u_LOGIC_CENTER/LINK_LOGIC/LC_CPUWR_HV2M23_VGMA/R_VGMA12[7] u_LOGIC_CENTER/LINK_LOGIC/LC_CPUWR_HV2M23_VGMA/R_VGMA12[6] u_LOGIC_CENTER/LINK_LOGIC/LC_CPUWR_HV2M23_VGMA/R_VGMA12[5] u_LOGIC_CENTER/LINK_LOGIC/LC_CPUWR_HV2M23_VGMA/R_VGMA12[4] u_LOGIC_CENTER/LINK_LOGIC/LC_CPUWR_HV2M23_VGMA/R_VGMA12[3] u_LOGIC_CENTER/LINK_LOGIC/LC_CPUWR_HV2M23_VGMA/R_VGMA12[2] u_LOGIC_CENTER/LINK_LOGIC/LC_CPUWR_HV2M23_VGMA/R_VGMA12[1] u_LOGIC_CENTER/LINK_LOGIC/LC_CPUWR_HV2M23_VGMA/R_VGMA12[0] u_LOGIC_CENTER/LINK_LOGIC/LC_CPUWR_HV2M23_VGMA/R_VGMA13[7] u_LOGIC_CENTER/LINK_LOGIC/LC_CPUWR_HV2M23_VGMA/R_VGMA13[6] u_LOGIC_CENTER/LINK_LOGIC/LC_CPUWR_HV2M23_VGMA/R_VGMA13[5] u_LOGIC_CENTER/LINK_LOGIC/LC_CPUWR_HV2M23_VGMA/R_VGMA13[4] u_LOGIC_CENTER/LINK_LOGIC/LC_CPUWR_HV2M23_VGMA/R_VGMA13[3] u_LOGIC_CENTER/LINK_LOGIC/LC_CPUWR_HV2M23_VGMA/R_VGMA13[2] u_LOGIC_CENTER/LINK_LOGIC/LC_CPUWR_HV2M23_VGMA/R_VGMA13[1] u_LOGIC_CENTER/LINK_LOGIC/LC_CPUWR_HV2M23_VGMA/R_VGMA13[0] u_LOGIC_CENTER/LINK_LOGIC/LC_CPUWR_HV2M23_VGMA/R_VGMA14[7] u_LOGIC_CENTER/LINK_LOGIC/LC_CPUWR_HV2M23_VGMA/R_VGMA14[6] u_LOGIC_CENTER/LINK_LOGIC/LC_CPUWR_HV2M23_VGMA/R_VGMA14[5] u_LOGIC_CENTER/LINK_LOGIC/LC_CPUWR_HV2M23_VGMA/R_VGMA14[4] u_LOGIC_CENTER/LINK_LOGIC/LC_CPUWR_HV2M23_VGMA/R_VGMA14[3] u_LOGIC_CENTER/LINK_LOGIC/LC_CPUWR_HV2M23_VGMA/R_VGMA14[2] u_LOGIC_CENTER/LINK_LOGIC/LC_CPUWR_HV2M23_VGMA/R_VGMA14[1] u_LOGIC_CENTER/LINK_LOGIC/LC_CPUWR_HV2M23_VGMA/R_VGMA14[0] u_LOGIC_CENTER/LINK_LOGIC/LC_CPUWR_HV2M23_VGMA/R_VGMA15[7] u_LOGIC_CENTER/LINK_LOGIC/LC_CPUWR_HV2M23_VGMA/R_VGMA15[6] u_LOGIC_CENTER/LINK_LOGIC/LC_CPUWR_HV2M23_VGMA/R_VGMA15[5] u_LOGIC_CENTER/LINK_LOGIC/LC_CPUWR_HV2M23_VGMA/R_VGMA15[4] u_LOGIC_CENTER/LINK_LOGIC/LC_CPUWR_HV2M23_VGMA/R_VGMA15[3] u_LOGIC_CENTER/LINK_LOGIC/LC_CPUWR_HV2M23_VGMA/R_VGMA15[2] u_LOGIC_CENTER/LINK_LOGIC/LC_CPUWR_HV2M23_VGMA/R_VGMA15[1] u_LOGIC_CENTER/LINK_LOGIC/LC_CPUWR_HV2M23_VGMA/R_VGMA15[0] u_LOGIC_CENTER/LINK_LOGIC/LC_CPUWR_HV2M23_VGMA/R_VGMA16[7] u_LOGIC_CENTER/LINK_LOGIC/LC_CPUWR_HV2M23_VGMA/R_VGMA16[6] u_LOGIC_CENTER/LINK_LOGIC/LC_CPUWR_HV2M23_VGMA/R_VGMA16[5] u_LOGIC_CENTER/LINK_LOGIC/LC_CPUWR_HV2M23_VGMA/R_VGMA16[4] u_LOGIC_CENTER/LINK_LOGIC/LC_CPUWR_HV2M23_VGMA/R_VGMA16[3] u_LOGIC_CENTER/LINK_LOGIC/LC_CPUWR_HV2M23_VGMA/R_VGMA16[2] u_LOGIC_CENTER/LINK_LOGIC/LC_CPUWR_HV2M23_VGMA/R_VGMA16[1] u_LOGIC_CENTER/LINK_LOGIC/LC_CPUWR_HV2M23_VGMA/R_VGMA16[0] u_LOGIC_CENTER/LINK_LOGIC/LC_CPUWR_HV2M23/R_EMI_DLY[1] u_LOGIC_CENTER/LINK_LOGIC/LC_CPUWR_HV2M23/R_EMI_DLY[0] u_LOGIC_CENTER/LINK_LOGIC/LC_CPUWR_HV2M23/R_EMI_BYPASS u_LOGIC_CENTER/LINK_LOGIC/LC_CPUWR_HV2M23/R_CH12_HIZ u_LOGIC_CENTER/LINK_LOGIC/LC_CPUWR_HV2M23/R_CH34_HIZ u_LOGIC_CENTER/LINK_LOGIC/LC_CPUWR_HV2M23/R_PD_GOP u_LOGIC_CENTER/LINK_LOGIC/LC_CPUWR_HV2M23/R_PD_GBIAS u_LOGIC_CENTER/LINK_LOGIC/LC_CPUWR_HV2M23/R_VGMAI_SEL u_LOGIC_CENTER/LINK_LOGIC/LC_CPUWR_HV2M23/R_S6B8B u_LOGIC_CENTER/LINK_LOGIC/LC_CPUWR_HV2M23/R_GMA_S u_LOGIC_CENTER/LINK_LOGIC/LC_CPUWR_HV2M23/R_GMA_MON u_LOGIC_CENTER/LINK_LOGIC/LC_CPUWR_HV2M23/R_GMA_LEAK u_LOGIC_CENTER/LINK_LOGIC/LC_CPUWR_HV2M23/R_PWRC_GOP[1] u_LOGIC_CENTER/LINK_LOGIC/LC_CPUWR_HV2M23/R_PWRC_GOP[0] u_LOGIC_CENTER/LINK_LOGIC/LC_CPUWR_HV2M23/R_PTAT_EN u_LOGIC_CENTER/LINK_LOGIC/LC_CPUWR_HV2M23/R_MON_DC_VOL[2] u_LOGIC_CENTER/LINK_LOGIC/LC_CPUWR_HV2M23/R_MON_DC_VOL[1] u_LOGIC_CENTER/LINK_LOGIC/LC_CPUWR_HV2M23/R_MON_DC_VOL[0] u_LOGIC_CENTER/LINK_LOGIC/LC_CPUWR_HV2M23/R_UTC[3] u_LOGIC_CENTER/LINK_LOGIC/LC_CPUWR_HV2M23/R_UTC[2] u_LOGIC_CENTER/LINK_LOGIC/LC_CPUWR_HV2M23/R_UTC[1] u_LOGIC_CENTER/LINK_LOGIC/LC_CPUWR_HV2M23/R_UTC[0] u_LOGIC_CENTER/LINK_LOGIC/LC_CPUWR_HV2M23/R_MARK_6PIX u_LOGIC_CENTER/LINK_LOGIC/LC_CPUWR_HV2M23/R_FRM_CHK_MODE u_LOGIC_CENTER/LINK_LOGIC/LC_CPUWR_HV2M23/R_BAC u_LOGIC_CENTER/LINK_LOGIC/LC_CPUWR_HV2M23_VGMA/R_VGMA17[7] u_LOGIC_CENTER/LINK_LOGIC/LC_CPUWR_HV2M23_VGMA/R_VGMA17[6] u_LOGIC_CENTER/LINK_LOGIC/LC_CPUWR_HV2M23_VGMA/R_VGMA17[5] u_LOGIC_CENTER/LINK_LOGIC/LC_CPUWR_HV2M23_VGMA/R_VGMA17[4] u_LOGIC_CENTER/LINK_LOGIC/LC_CPUWR_HV2M23_VGMA/R_VGMA17[3] u_LOGIC_CENTER/LINK_LOGIC/LC_CPUWR_HV2M23_VGMA/R_VGMA17[2] u_LOGIC_CENTER/LINK_LOGIC/LC_CPUWR_HV2M23_VGMA/R_VGMA17[1] u_LOGIC_CENTER/LINK_LOGIC/LC_CPUWR_HV2M23_VGMA/R_VGMA17[0] u_LOGIC_CENTER/LINK_LOGIC/LC_CPUWR_HV2M23_VGMA/R_VGMA18[7] u_LOGIC_CENTER/LINK_LOGIC/LC_CPUWR_HV2M23_VGMA/R_VGMA18[6] u_LOGIC_CENTER/LINK_LOGIC/LC_CPUWR_HV2M23_VGMA/R_VGMA18[5] u_LOGIC_CENTER/LINK_LOGIC/LC_CPUWR_HV2M23_VGMA/R_VGMA18[4] u_LOGIC_CENTER/LINK_LOGIC/LC_CPUWR_HV2M23_VGMA/R_VGMA18[3] u_LOGIC_CENTER/LINK_LOGIC/LC_CPUWR_HV2M23_VGMA/R_VGMA18[2] u_LOGIC_CENTER/LINK_LOGIC/LC_CPUWR_HV2M23_VGMA/R_VGMA18[1] u_LOGIC_CENTER/LINK_LOGIC/LC_CPUWR_HV2M23_VGMA/R_VGMA18[0]}] 
#@ set_multicycle_path  1 -hold -through [get_pins {u_LOGIC_CENTER/LINK_LOGIC/LC_CPUWR_HV2M23_VGMA/R_VGMA1[7] u_LOGIC_CENTER/LINK_LOGIC/LC_CPUWR_HV2M23_VGMA/R_VGMA1[6] u_LOGIC_CENTER/LINK_LOGIC/LC_CPUWR_HV2M23_VGMA/R_VGMA1[5] u_LOGIC_CENTER/LINK_LOGIC/LC_CPUWR_HV2M23_VGMA/R_VGMA1[4] u_LOGIC_CENTER/LINK_LOGIC/LC_CPUWR_HV2M23_VGMA/R_VGMA1[3] u_LOGIC_CENTER/LINK_LOGIC/LC_CPUWR_HV2M23_VGMA/R_VGMA1[2] u_LOGIC_CENTER/LINK_LOGIC/LC_CPUWR_HV2M23_VGMA/R_VGMA1[1] u_LOGIC_CENTER/LINK_LOGIC/LC_CPUWR_HV2M23_VGMA/R_VGMA1[0] u_LOGIC_CENTER/LINK_LOGIC/LC_CPUWR_HV2M23_VGMA/R_VGMA2[7] u_LOGIC_CENTER/LINK_LOGIC/LC_CPUWR_HV2M23_VGMA/R_VGMA2[6] u_LOGIC_CENTER/LINK_LOGIC/LC_CPUWR_HV2M23_VGMA/R_VGMA2[5] u_LOGIC_CENTER/LINK_LOGIC/LC_CPUWR_HV2M23_VGMA/R_VGMA2[4] u_LOGIC_CENTER/LINK_LOGIC/LC_CPUWR_HV2M23_VGMA/R_VGMA2[3] u_LOGIC_CENTER/LINK_LOGIC/LC_CPUWR_HV2M23_VGMA/R_VGMA2[2] u_LOGIC_CENTER/LINK_LOGIC/LC_CPUWR_HV2M23_VGMA/R_VGMA2[1] u_LOGIC_CENTER/LINK_LOGIC/LC_CPUWR_HV2M23_VGMA/R_VGMA2[0] u_LOGIC_CENTER/LINK_LOGIC/LC_CPUWR_HV2M23_VGMA/R_VGMA3[7] u_LOGIC_CENTER/LINK_LOGIC/LC_CPUWR_HV2M23_VGMA/R_VGMA3[6] u_LOGIC_CENTER/LINK_LOGIC/LC_CPUWR_HV2M23_VGMA/R_VGMA3[5] u_LOGIC_CENTER/LINK_LOGIC/LC_CPUWR_HV2M23_VGMA/R_VGMA3[4] u_LOGIC_CENTER/LINK_LOGIC/LC_CPUWR_HV2M23_VGMA/R_VGMA3[3] u_LOGIC_CENTER/LINK_LOGIC/LC_CPUWR_HV2M23_VGMA/R_VGMA3[2] u_LOGIC_CENTER/LINK_LOGIC/LC_CPUWR_HV2M23_VGMA/R_VGMA3[1] u_LOGIC_CENTER/LINK_LOGIC/LC_CPUWR_HV2M23_VGMA/R_VGMA3[0] u_LOGIC_CENTER/LINK_LOGIC/LC_CPUWR_HV2M23_VGMA/R_VGMA4[7] u_LOGIC_CENTER/LINK_LOGIC/LC_CPUWR_HV2M23_VGMA/R_VGMA4[6] u_LOGIC_CENTER/LINK_LOGIC/LC_CPUWR_HV2M23_VGMA/R_VGMA4[5] u_LOGIC_CENTER/LINK_LOGIC/LC_CPUWR_HV2M23_VGMA/R_VGMA4[4] u_LOGIC_CENTER/LINK_LOGIC/LC_CPUWR_HV2M23_VGMA/R_VGMA4[3] u_LOGIC_CENTER/LINK_LOGIC/LC_CPUWR_HV2M23_VGMA/R_VGMA4[2] u_LOGIC_CENTER/LINK_LOGIC/LC_CPUWR_HV2M23_VGMA/R_VGMA4[1] u_LOGIC_CENTER/LINK_LOGIC/LC_CPUWR_HV2M23_VGMA/R_VGMA4[0] u_LOGIC_CENTER/LINK_LOGIC/LC_CPUWR_HV2M23_VGMA/R_VGMA5[7] u_LOGIC_CENTER/LINK_LOGIC/LC_CPUWR_HV2M23_VGMA/R_VGMA5[6] u_LOGIC_CENTER/LINK_LOGIC/LC_CPUWR_HV2M23_VGMA/R_VGMA5[5] u_LOGIC_CENTER/LINK_LOGIC/LC_CPUWR_HV2M23_VGMA/R_VGMA5[4] u_LOGIC_CENTER/LINK_LOGIC/LC_CPUWR_HV2M23_VGMA/R_VGMA5[3] u_LOGIC_CENTER/LINK_LOGIC/LC_CPUWR_HV2M23_VGMA/R_VGMA5[2] u_LOGIC_CENTER/LINK_LOGIC/LC_CPUWR_HV2M23_VGMA/R_VGMA5[1] u_LOGIC_CENTER/LINK_LOGIC/LC_CPUWR_HV2M23_VGMA/R_VGMA5[0] u_LOGIC_CENTER/LINK_LOGIC/LC_CPUWR_HV2M23_VGMA/R_VGMA6[7] u_LOGIC_CENTER/LINK_LOGIC/LC_CPUWR_HV2M23_VGMA/R_VGMA6[6] u_LOGIC_CENTER/LINK_LOGIC/LC_CPUWR_HV2M23_VGMA/R_VGMA6[5] u_LOGIC_CENTER/LINK_LOGIC/LC_CPUWR_HV2M23_VGMA/R_VGMA6[4] u_LOGIC_CENTER/LINK_LOGIC/LC_CPUWR_HV2M23_VGMA/R_VGMA6[3] u_LOGIC_CENTER/LINK_LOGIC/LC_CPUWR_HV2M23_VGMA/R_VGMA6[2] u_LOGIC_CENTER/LINK_LOGIC/LC_CPUWR_HV2M23_VGMA/R_VGMA6[1] u_LOGIC_CENTER/LINK_LOGIC/LC_CPUWR_HV2M23_VGMA/R_VGMA6[0] u_LOGIC_CENTER/LINK_LOGIC/LC_CPUWR_HV2M23_VGMA/R_VGMA7[7] u_LOGIC_CENTER/LINK_LOGIC/LC_CPUWR_HV2M23_VGMA/R_VGMA7[6] u_LOGIC_CENTER/LINK_LOGIC/LC_CPUWR_HV2M23_VGMA/R_VGMA7[5] u_LOGIC_CENTER/LINK_LOGIC/LC_CPUWR_HV2M23_VGMA/R_VGMA7[4] u_LOGIC_CENTER/LINK_LOGIC/LC_CPUWR_HV2M23_VGMA/R_VGMA7[3] u_LOGIC_CENTER/LINK_LOGIC/LC_CPUWR_HV2M23_VGMA/R_VGMA7[2] u_LOGIC_CENTER/LINK_LOGIC/LC_CPUWR_HV2M23_VGMA/R_VGMA7[1] u_LOGIC_CENTER/LINK_LOGIC/LC_CPUWR_HV2M23_VGMA/R_VGMA7[0] u_LOGIC_CENTER/LINK_LOGIC/LC_CPUWR_HV2M23_VGMA/R_VGMA8[7] u_LOGIC_CENTER/LINK_LOGIC/LC_CPUWR_HV2M23_VGMA/R_VGMA8[6] u_LOGIC_CENTER/LINK_LOGIC/LC_CPUWR_HV2M23_VGMA/R_VGMA8[5] u_LOGIC_CENTER/LINK_LOGIC/LC_CPUWR_HV2M23_VGMA/R_VGMA8[4] u_LOGIC_CENTER/LINK_LOGIC/LC_CPUWR_HV2M23_VGMA/R_VGMA8[3] u_LOGIC_CENTER/LINK_LOGIC/LC_CPUWR_HV2M23_VGMA/R_VGMA8[2] u_LOGIC_CENTER/LINK_LOGIC/LC_CPUWR_HV2M23_VGMA/R_VGMA8[1] u_LOGIC_CENTER/LINK_LOGIC/LC_CPUWR_HV2M23_VGMA/R_VGMA8[0] u_LOGIC_CENTER/LINK_LOGIC/LC_CPUWR_HV2M23_VGMA/R_VGMA9[7] u_LOGIC_CENTER/LINK_LOGIC/LC_CPUWR_HV2M23_VGMA/R_VGMA9[6] u_LOGIC_CENTER/LINK_LOGIC/LC_CPUWR_HV2M23_VGMA/R_VGMA9[5] u_LOGIC_CENTER/LINK_LOGIC/LC_CPUWR_HV2M23_VGMA/R_VGMA9[4] u_LOGIC_CENTER/LINK_LOGIC/LC_CPUWR_HV2M23_VGMA/R_VGMA9[3] u_LOGIC_CENTER/LINK_LOGIC/LC_CPUWR_HV2M23_VGMA/R_VGMA9[2] u_LOGIC_CENTER/LINK_LOGIC/LC_CPUWR_HV2M23_VGMA/R_VGMA9[1] u_LOGIC_CENTER/LINK_LOGIC/LC_CPUWR_HV2M23_VGMA/R_VGMA9[0] u_LOGIC_CENTER/LINK_LOGIC/LC_CPUWR_HV2M23_VGMA/R_VGMA10[7] u_LOGIC_CENTER/LINK_LOGIC/LC_CPUWR_HV2M23_VGMA/R_VGMA10[6] u_LOGIC_CENTER/LINK_LOGIC/LC_CPUWR_HV2M23_VGMA/R_VGMA10[5] u_LOGIC_CENTER/LINK_LOGIC/LC_CPUWR_HV2M23_VGMA/R_VGMA10[4] u_LOGIC_CENTER/LINK_LOGIC/LC_CPUWR_HV2M23_VGMA/R_VGMA10[3] u_LOGIC_CENTER/LINK_LOGIC/LC_CPUWR_HV2M23_VGMA/R_VGMA10[2] u_LOGIC_CENTER/LINK_LOGIC/LC_CPUWR_HV2M23_VGMA/R_VGMA10[1] u_LOGIC_CENTER/LINK_LOGIC/LC_CPUWR_HV2M23_VGMA/R_VGMA10[0] u_LOGIC_CENTER/LINK_LOGIC/LC_CPUWR_HV2M23_VGMA/R_VGMA11[7] u_LOGIC_CENTER/LINK_LOGIC/LC_CPUWR_HV2M23_VGMA/R_VGMA11[6] u_LOGIC_CENTER/LINK_LOGIC/LC_CPUWR_HV2M23_VGMA/R_VGMA11[5] u_LOGIC_CENTER/LINK_LOGIC/LC_CPUWR_HV2M23_VGMA/R_VGMA11[4] u_LOGIC_CENTER/LINK_LOGIC/LC_CPUWR_HV2M23_VGMA/R_VGMA11[3] u_LOGIC_CENTER/LINK_LOGIC/LC_CPUWR_HV2M23_VGMA/R_VGMA11[2] u_LOGIC_CENTER/LINK_LOGIC/LC_CPUWR_HV2M23_VGMA/R_VGMA11[1] u_LOGIC_CENTER/LINK_LOGIC/LC_CPUWR_HV2M23_VGMA/R_VGMA11[0] u_LOGIC_CENTER/LINK_LOGIC/LC_CPUWR_HV2M23_VGMA/R_VGMA12[7] u_LOGIC_CENTER/LINK_LOGIC/LC_CPUWR_HV2M23_VGMA/R_VGMA12[6] u_LOGIC_CENTER/LINK_LOGIC/LC_CPUWR_HV2M23_VGMA/R_VGMA12[5] u_LOGIC_CENTER/LINK_LOGIC/LC_CPUWR_HV2M23_VGMA/R_VGMA12[4] u_LOGIC_CENTER/LINK_LOGIC/LC_CPUWR_HV2M23_VGMA/R_VGMA12[3] u_LOGIC_CENTER/LINK_LOGIC/LC_CPUWR_HV2M23_VGMA/R_VGMA12[2] u_LOGIC_CENTER/LINK_LOGIC/LC_CPUWR_HV2M23_VGMA/R_VGMA12[1] u_LOGIC_CENTER/LINK_LOGIC/LC_CPUWR_HV2M23_VGMA/R_VGMA12[0] u_LOGIC_CENTER/LINK_LOGIC/LC_CPUWR_HV2M23_VGMA/R_VGMA13[7] u_LOGIC_CENTER/LINK_LOGIC/LC_CPUWR_HV2M23_VGMA/R_VGMA13[6] u_LOGIC_CENTER/LINK_LOGIC/LC_CPUWR_HV2M23_VGMA/R_VGMA13[5] u_LOGIC_CENTER/LINK_LOGIC/LC_CPUWR_HV2M23_VGMA/R_VGMA13[4] u_LOGIC_CENTER/LINK_LOGIC/LC_CPUWR_HV2M23_VGMA/R_VGMA13[3] u_LOGIC_CENTER/LINK_LOGIC/LC_CPUWR_HV2M23_VGMA/R_VGMA13[2] u_LOGIC_CENTER/LINK_LOGIC/LC_CPUWR_HV2M23_VGMA/R_VGMA13[1] u_LOGIC_CENTER/LINK_LOGIC/LC_CPUWR_HV2M23_VGMA/R_VGMA13[0] u_LOGIC_CENTER/LINK_LOGIC/LC_CPUWR_HV2M23_VGMA/R_VGMA14[7] u_LOGIC_CENTER/LINK_LOGIC/LC_CPUWR_HV2M23_VGMA/R_VGMA14[6] u_LOGIC_CENTER/LINK_LOGIC/LC_CPUWR_HV2M23_VGMA/R_VGMA14[5] u_LOGIC_CENTER/LINK_LOGIC/LC_CPUWR_HV2M23_VGMA/R_VGMA14[4] u_LOGIC_CENTER/LINK_LOGIC/LC_CPUWR_HV2M23_VGMA/R_VGMA14[3] u_LOGIC_CENTER/LINK_LOGIC/LC_CPUWR_HV2M23_VGMA/R_VGMA14[2] u_LOGIC_CENTER/LINK_LOGIC/LC_CPUWR_HV2M23_VGMA/R_VGMA14[1] u_LOGIC_CENTER/LINK_LOGIC/LC_CPUWR_HV2M23_VGMA/R_VGMA14[0] u_LOGIC_CENTER/LINK_LOGIC/LC_CPUWR_HV2M23_VGMA/R_VGMA15[7] u_LOGIC_CENTER/LINK_LOGIC/LC_CPUWR_HV2M23_VGMA/R_VGMA15[6] u_LOGIC_CENTER/LINK_LOGIC/LC_CPUWR_HV2M23_VGMA/R_VGMA15[5] u_LOGIC_CENTER/LINK_LOGIC/LC_CPUWR_HV2M23_VGMA/R_VGMA15[4] u_LOGIC_CENTER/LINK_LOGIC/LC_CPUWR_HV2M23_VGMA/R_VGMA15[3] u_LOGIC_CENTER/LINK_LOGIC/LC_CPUWR_HV2M23_VGMA/R_VGMA15[2] u_LOGIC_CENTER/LINK_LOGIC/LC_CPUWR_HV2M23_VGMA/R_VGMA15[1] u_LOGIC_CENTER/LINK_LOGIC/LC_CPUWR_HV2M23_VGMA/R_VGMA15[0] u_LOGIC_CENTER/LINK_LOGIC/LC_CPUWR_HV2M23_VGMA/R_VGMA16[7] u_LOGIC_CENTER/LINK_LOGIC/LC_CPUWR_HV2M23_VGMA/R_VGMA16[6] u_LOGIC_CENTER/LINK_LOGIC/LC_CPUWR_HV2M23_VGMA/R_VGMA16[5] u_LOGIC_CENTER/LINK_LOGIC/LC_CPUWR_HV2M23_VGMA/R_VGMA16[4] u_LOGIC_CENTER/LINK_LOGIC/LC_CPUWR_HV2M23_VGMA/R_VGMA16[3] u_LOGIC_CENTER/LINK_LOGIC/LC_CPUWR_HV2M23_VGMA/R_VGMA16[2] u_LOGIC_CENTER/LINK_LOGIC/LC_CPUWR_HV2M23_VGMA/R_VGMA16[1] u_LOGIC_CENTER/LINK_LOGIC/LC_CPUWR_HV2M23_VGMA/R_VGMA16[0] u_LOGIC_CENTER/LINK_LOGIC/LC_CPUWR_HV2M23/R_EMI_DLY[1] u_LOGIC_CENTER/LINK_LOGIC/LC_CPUWR_HV2M23/R_EMI_DLY[0] u_LOGIC_CENTER/LINK_LOGIC/LC_CPUWR_HV2M23/R_EMI_BYPASS u_LOGIC_CENTER/LINK_LOGIC/LC_CPUWR_HV2M23/R_CH12_HIZ u_LOGIC_CENTER/LINK_LOGIC/LC_CPUWR_HV2M23/R_CH34_HIZ u_LOGIC_CENTER/LINK_LOGIC/LC_CPUWR_HV2M23/R_PD_GOP u_LOGIC_CENTER/LINK_LOGIC/LC_CPUWR_HV2M23/R_PD_GBIAS u_LOGIC_CENTER/LINK_LOGIC/LC_CPUWR_HV2M23/R_VGMAI_SEL u_LOGIC_CENTER/LINK_LOGIC/LC_CPUWR_HV2M23/R_S6B8B u_LOGIC_CENTER/LINK_LOGIC/LC_CPUWR_HV2M23/R_GMA_S u_LOGIC_CENTER/LINK_LOGIC/LC_CPUWR_HV2M23/R_GMA_MON u_LOGIC_CENTER/LINK_LOGIC/LC_CPUWR_HV2M23/R_GMA_LEAK u_LOGIC_CENTER/LINK_LOGIC/LC_CPUWR_HV2M23/R_PWRC_GOP[1] u_LOGIC_CENTER/LINK_LOGIC/LC_CPUWR_HV2M23/R_PWRC_GOP[0] u_LOGIC_CENTER/LINK_LOGIC/LC_CPUWR_HV2M23/R_PTAT_EN u_LOGIC_CENTER/LINK_LOGIC/LC_CPUWR_HV2M23/R_MON_DC_VOL[2] u_LOGIC_CENTER/LINK_LOGIC/LC_CPUWR_HV2M23/R_MON_DC_VOL[1] u_LOGIC_CENTER/LINK_LOGIC/LC_CPUWR_HV2M23/R_MON_DC_VOL[0] u_LOGIC_CENTER/LINK_LOGIC/LC_CPUWR_HV2M23/R_UTC[3] u_LOGIC_CENTER/LINK_LOGIC/LC_CPUWR_HV2M23/R_UTC[2] u_LOGIC_CENTER/LINK_LOGIC/LC_CPUWR_HV2M23/R_UTC[1] u_LOGIC_CENTER/LINK_LOGIC/LC_CPUWR_HV2M23/R_UTC[0] u_LOGIC_CENTER/LINK_LOGIC/LC_CPUWR_HV2M23/R_MARK_6PIX u_LOGIC_CENTER/LINK_LOGIC/LC_CPUWR_HV2M23/R_FRM_CHK_MODE u_LOGIC_CENTER/LINK_LOGIC/LC_CPUWR_HV2M23/R_BAC u_LOGIC_CENTER/LINK_LOGIC/LC_CPUWR_HV2M23_VGMA/R_VGMA17[7] u_LOGIC_CENTER/LINK_LOGIC/LC_CPUWR_HV2M23_VGMA/R_VGMA17[6] u_LOGIC_CENTER/LINK_LOGIC/LC_CPUWR_HV2M23_VGMA/R_VGMA17[5] u_LOGIC_CENTER/LINK_LOGIC/LC_CPUWR_HV2M23_VGMA/R_VGMA17[4] u_LOGIC_CENTER/LINK_LOGIC/LC_CPUWR_HV2M23_VGMA/R_VGMA17[3] u_LOGIC_CENTER/LINK_LOGIC/LC_CPUWR_HV2M23_VGMA/R_VGMA17[2] u_LOGIC_CENTER/LINK_LOGIC/LC_CPUWR_HV2M23_VGMA/R_VGMA17[1] u_LOGIC_CENTER/LINK_LOGIC/LC_CPUWR_HV2M23_VGMA/R_VGMA17[0] u_LOGIC_CENTER/LINK_LOGIC/LC_CPUWR_HV2M23_VGMA/R_VGMA18[7] u_LOGIC_CENTER/LINK_LOGIC/LC_CPUWR_HV2M23_VGMA/R_VGMA18[6] u_LOGIC_CENTER/LINK_LOGIC/LC_CPUWR_HV2M23_VGMA/R_VGMA18[5] u_LOGIC_CENTER/LINK_LOGIC/LC_CPUWR_HV2M23_VGMA/R_VGMA18[4] u_LOGIC_CENTER/LINK_LOGIC/LC_CPUWR_HV2M23_VGMA/R_VGMA18[3] u_LOGIC_CENTER/LINK_LOGIC/LC_CPUWR_HV2M23_VGMA/R_VGMA18[2] u_LOGIC_CENTER/LINK_LOGIC/LC_CPUWR_HV2M23_VGMA/R_VGMA18[1] u_LOGIC_CENTER/LINK_LOGIC/LC_CPUWR_HV2M23_VGMA/R_VGMA18[0]}] 
#@ set_multicycle_path  2 -setup -start -through [get_pins {u_LOGIC_CENTER/LINK_LOGIC/LC_CSPIF_L0/POL_DET_reg/Q}] -to [get_ports {DBL4[2] DBCO_DRV[0] DBR1[5] DBR2[1] DBL3[7] DBL4[3] DBCO_DRV[1] DBL0[0] DBR1[6] DBR2[2] DBL4[4] DBL0[1] DBR1[7] DBL5[0] DBR2[3] DBL4[5] DBL0[2] DBL5[1] DBR2[4] DBR3[0] DBL4[6] DBL0[3] DBL5[2] DBR2[5] DBR3[1] DBL4[7] DBL0[4] DBL5[3] DBL1[0] DBR2[6] DBR3[2] DBL0[5] DBL5[4] DBL1[1] DBR2[7] DBR3[3] DBL0[6] DBL5[5] DBL1[2] DBR3[4] DBL0[7] DBR4[0] DBL5[6] DBL1[3] DBR3[5] DBR4[1] DBL5[7] DBL1[4] DBL2[0] DBR3[6] DBR4[2] DBL1[5] DBL2[1] DBR3[7] DBR4[3] DBR0[0] DBL1[6] DBL2[2] DBR4[4] DBR0[1] DBL1[7] DBR5[0] DBL2[3] DBR4[5] DBR0[2] DBR5[1] DBL2[4] DBL3[0] DBR4[6] DBR0[3] DBR5[2] DBL2[5] DBL3[1] DBR4[7] DBR0[4] DBR5[3] DBR1[0] DBL2[6] DBL3[2] DBR0[5] DBR5[4] DBR1[1] DBL2[7] DBL3[3] DBR0[6] DBR5[5] DBR1[2] DBL3[4] DBR0[7] DBC DBL4[0] DBR5[6] DBR1[3] DBL3[5] DBL4[1] DBR5[7] DBR1[4] DBR2[0] DBL3[6]}]
#@ set_multicycle_path  1 -hold -through [get_pins {u_LOGIC_CENTER/LINK_LOGIC/LC_CSPIF_L0/POL_DET_reg/Q}] -to [get_ports {DBL4[2] DBCO_DRV[0] DBR1[5] DBR2[1] DBL3[7] DBL4[3] DBCO_DRV[1] DBL0[0] DBR1[6] DBR2[2] DBL4[4] DBL0[1] DBR1[7] DBL5[0] DBR2[3] DBL4[5] DBL0[2] DBL5[1] DBR2[4] DBR3[0] DBL4[6] DBL0[3] DBL5[2] DBR2[5] DBR3[1] DBL4[7] DBL0[4] DBL5[3] DBL1[0] DBR2[6] DBR3[2] DBL0[5] DBL5[4] DBL1[1] DBR2[7] DBR3[3] DBL0[6] DBL5[5] DBL1[2] DBR3[4] DBL0[7] DBR4[0] DBL5[6] DBL1[3] DBR3[5] DBR4[1] DBL5[7] DBL1[4] DBL2[0] DBR3[6] DBR4[2] DBL1[5] DBL2[1] DBR3[7] DBR4[3] DBR0[0] DBL1[6] DBL2[2] DBR4[4] DBR0[1] DBL1[7] DBR5[0] DBL2[3] DBR4[5] DBR0[2] DBR5[1] DBL2[4] DBL3[0] DBR4[6] DBR0[3] DBR5[2] DBL2[5] DBL3[1] DBR4[7] DBR0[4] DBR5[3] DBR1[0] DBL2[6] DBL3[2] DBR0[5] DBR5[4] DBR1[1] DBL2[7] DBL3[3] DBR0[6] DBR5[5] DBR1[2] DBL3[4] DBR0[7] DBC DBL4[0] DBR5[6] DBR1[3] DBL3[5] DBL4[1] DBR5[7] DBR1[4] DBR2[0] DBL3[6]}]
#@ set_multicycle_path  2 -setup -from [get_pins {u_LOGIC_CENTER/LINK_LOGIC/LC_CSPIF_L0/POL_DET_reg/CK}] -to [get_pins {u_LOGIC_CENTER/CENTER1/TOTAL_DTCTL/DTCTL_L1/DATA1_L1_reg_3_/D u_LOGIC_CENTER/CENTER1/TOTAL_DTCTL/DTCTL_L1/DATA1_L1_reg_3_/RB u_LOGIC_CENTER/CENTER1/TOTAL_DTCTL/DTCTL_L1/DATA5_L1_reg_7_/D u_LOGIC_CENTER/CENTER1/TOTAL_DTCTL/DTCTL_L1/DATA5_L1_reg_7_/RB u_LOGIC_CENTER/CENTER1/TOTAL_DTCTL/DTCTL_L1/DATA1_L1_reg_4_/D u_LOGIC_CENTER/CENTER1/TOTAL_DTCTL/DTCTL_L1/DATA1_L1_reg_4_/RB u_LOGIC_CENTER/CENTER1/TOTAL_DTCTL/DTCTL_L1/DATA3_L1_PRE_reg_0_/D u_LOGIC_CENTER/CENTER1/TOTAL_DTCTL/DTCTL_L1/DATA3_L1_PRE_reg_0_/RB u_LOGIC_CENTER/CENTER1/TOTAL_DTCTL/DTCTL_L1/DATA3_L1_PRE_reg_5_/D u_LOGIC_CENTER/CENTER1/TOTAL_DTCTL/DTCTL_L1/DATA3_L1_PRE_reg_5_/RB u_LOGIC_CENTER/CENTER1/TOTAL_DTCTL/DTCTL_L1/DATA1_L1_PRE_reg_4_/D u_LOGIC_CENTER/CENTER1/TOTAL_DTCTL/DTCTL_L1/DATA1_L1_PRE_reg_4_/RB u_LOGIC_CENTER/CENTER1/TOTAL_DTCTL/DTCTL_L1/DATA5_L1_reg_3_/D u_LOGIC_CENTER/CENTER1/TOTAL_DTCTL/DTCTL_L1/DATA5_L1_reg_3_/RB u_LOGIC_CENTER/CENTER1/TOTAL_DTCTL/DTCTL_L1/DATA5_L1_PRE_reg_4_/D u_LOGIC_CENTER/CENTER1/TOTAL_DTCTL/DTCTL_L1/DATA5_L1_PRE_reg_4_/RB u_LOGIC_CENTER/CENTER1/TOTAL_DTCTL/DTCTL_L1/DATA3_L1_reg_5_/D u_LOGIC_CENTER/CENTER1/TOTAL_DTCTL/DTCTL_L1/DATA3_L1_reg_5_/RB u_LOGIC_CENTER/CENTER1/TOTAL_DTCTL/DTCTL_L1/DATA3_L1_PRE_reg_6_/D u_LOGIC_CENTER/CENTER1/TOTAL_DTCTL/DTCTL_L1/DATA3_L1_PRE_reg_6_/RB u_LOGIC_CENTER/CENTER1/TOTAL_DTCTL/DTCTL_L1/DATA1_L1_PRE_reg_5_/D u_LOGIC_CENTER/CENTER1/TOTAL_DTCTL/DTCTL_L1/DATA1_L1_PRE_reg_5_/RB u_LOGIC_CENTER/CENTER1/TOTAL_DTCTL/DTCTL_L1/DATA1_L1_reg_0_/D u_LOGIC_CENTER/CENTER1/TOTAL_DTCTL/DTCTL_L1/DATA1_L1_reg_0_/RB u_LOGIC_CENTER/CENTER1/TOTAL_DTCTL/DTCTL_L1/DATA5_L1_reg_4_/D u_LOGIC_CENTER/CENTER1/TOTAL_DTCTL/DTCTL_L1/DATA5_L1_reg_4_/RB u_LOGIC_CENTER/CENTER1/TOTAL_DTCTL/DTCTL_L1/DATA5_L1_PRE_reg_5_/D u_LOGIC_CENTER/CENTER1/TOTAL_DTCTL/DTCTL_L1/DATA5_L1_PRE_reg_5_/SB u_LOGIC_CENTER/CENTER1/TOTAL_DTCTL/DTCTL_L1/DATA5_L1_PRE_reg_5_/RB u_LOGIC_CENTER/CENTER1/TOTAL_DTCTL/DTCTL_L1/DATA3_L1_reg_6_/D u_LOGIC_CENTER/CENTER1/TOTAL_DTCTL/DTCTL_L1/DATA3_L1_reg_6_/RB u_LOGIC_CENTER/CENTER1/TOTAL_DTCTL/DTCTL_L1/DATA3_L1_PRE_reg_7_/D u_LOGIC_CENTER/CENTER1/TOTAL_DTCTL/DTCTL_L1/DATA3_L1_PRE_reg_7_/RB u_LOGIC_CENTER/CENTER1/TOTAL_DTCTL/DTCTL_L1/DATA1_L1_reg_1_/D u_LOGIC_CENTER/CENTER1/TOTAL_DTCTL/DTCTL_L1/DATA1_L1_reg_1_/RB u_LOGIC_CENTER/CENTER1/TOTAL_DTCTL/DTCTL_L1/DATA1_L1_PRE_reg_6_/D u_LOGIC_CENTER/CENTER1/TOTAL_DTCTL/DTCTL_L1/DATA1_L1_PRE_reg_6_/RB u_LOGIC_CENTER/CENTER1/TOTAL_DTCTL/DTCTL_L1/DATA5_L1_reg_5_/D u_LOGIC_CENTER/CENTER1/TOTAL_DTCTL/DTCTL_L1/DATA5_L1_reg_5_/RB u_LOGIC_CENTER/CENTER1/TOTAL_DTCTL/DTCTL_L1/DATA5_L1_PRE_reg_6_/D u_LOGIC_CENTER/CENTER1/TOTAL_DTCTL/DTCTL_L1/DATA5_L1_PRE_reg_6_/RB u_LOGIC_CENTER/CENTER1/TOTAL_DTCTL/DTCTL_L1/DATA3_L1_reg_7_/D u_LOGIC_CENTER/CENTER1/TOTAL_DTCTL/DTCTL_L1/DATA3_L1_reg_7_/RB u_LOGIC_CENTER/CENTER1/TOTAL_DTCTL/DTCTL_L1/DATA1_L1_reg_2_/D u_LOGIC_CENTER/CENTER1/TOTAL_DTCTL/DTCTL_L1/DATA1_L1_reg_2_/RB u_LOGIC_CENTER/CENTER1/TOTAL_DTCTL/DTCTL_L1/DATA1_L1_PRE_reg_7_/D u_LOGIC_CENTER/CENTER1/TOTAL_DTCTL/DTCTL_L1/DATA1_L1_PRE_reg_7_/RB u_LOGIC_CENTER/CENTER1/TOTAL_DTCTL/DTCTL_L1/DATA5_L1_reg_6_/D u_LOGIC_CENTER/CENTER1/TOTAL_DTCTL/DTCTL_L1/DATA5_L1_reg_6_/RB u_LOGIC_CENTER/CENTER1/TOTAL_DTCTL/DTCTL_L1/DATA5_L1_PRE_reg_7_/D u_LOGIC_CENTER/CENTER1/TOTAL_DTCTL/DTCTL_L1/DATA5_L1_PRE_reg_7_/RB u_LOGIC_CENTER/CENTER1/TOTAL_DTCTL/DTCTL_L1/DATA3_L1_reg_0_/D u_LOGIC_CENTER/CENTER1/TOTAL_DTCTL/DTCTL_L1/DATA3_L1_reg_0_/RB u_LOGIC_CENTER/CENTER1/TOTAL_DTCTL/DTCTL_L1/DATA1_L1_reg_5_/D u_LOGIC_CENTER/CENTER1/TOTAL_DTCTL/DTCTL_L1/DATA1_L1_reg_5_/RB u_LOGIC_CENTER/CENTER1/TOTAL_DTCTL/DTCTL_L1/DATA3_L1_PRE_reg_1_/D u_LOGIC_CENTER/CENTER1/TOTAL_DTCTL/DTCTL_L1/DATA3_L1_PRE_reg_1_/RB u_LOGIC_CENTER/CENTER1/TOTAL_DTCTL/DTCTL_L1/DATA1_L1_PRE_reg_0_/D u_LOGIC_CENTER/CENTER1/TOTAL_DTCTL/DTCTL_L1/DATA1_L1_PRE_reg_0_/RB u_LOGIC_CENTER/CENTER1/TOTAL_DTCTL/DTCTL_L1/DATA5_L1_PRE_reg_0_/D u_LOGIC_CENTER/CENTER1/TOTAL_DTCTL/DTCTL_L1/DATA5_L1_PRE_reg_0_/RB u_LOGIC_CENTER/CENTER1/TOTAL_DTCTL/DTCTL_L1/DATA3_L1_reg_1_/D u_LOGIC_CENTER/CENTER1/TOTAL_DTCTL/DTCTL_L1/DATA3_L1_reg_1_/RB u_LOGIC_CENTER/CENTER1/TOTAL_DTCTL/DTCTL_L1/DATA1_L1_reg_6_/D u_LOGIC_CENTER/CENTER1/TOTAL_DTCTL/DTCTL_L1/DATA1_L1_reg_6_/RB u_LOGIC_CENTER/CENTER1/TOTAL_DTCTL/DTCTL_L1/DATA3_L1_PRE_reg_2_/D u_LOGIC_CENTER/CENTER1/TOTAL_DTCTL/DTCTL_L1/DATA3_L1_PRE_reg_2_/RB u_LOGIC_CENTER/CENTER1/TOTAL_DTCTL/DTCTL_L1/DATA1_L1_PRE_reg_1_/D u_LOGIC_CENTER/CENTER1/TOTAL_DTCTL/DTCTL_L1/DATA1_L1_PRE_reg_1_/RB u_LOGIC_CENTER/CENTER1/TOTAL_DTCTL/DTCTL_L1/DATA5_L1_reg_0_/D u_LOGIC_CENTER/CENTER1/TOTAL_DTCTL/DTCTL_L1/DATA5_L1_reg_0_/RB u_LOGIC_CENTER/CENTER1/TOTAL_DTCTL/DTCTL_L1/DATA5_L1_PRE_reg_1_/D u_LOGIC_CENTER/CENTER1/TOTAL_DTCTL/DTCTL_L1/DATA5_L1_PRE_reg_1_/RB u_LOGIC_CENTER/CENTER1/TOTAL_DTCTL/DTCTL_L1/DATA3_L1_reg_2_/D u_LOGIC_CENTER/CENTER1/TOTAL_DTCTL/DTCTL_L1/DATA3_L1_reg_2_/RB u_LOGIC_CENTER/CENTER1/TOTAL_DTCTL/DTCTL_L1/DATA1_L1_reg_7_/D u_LOGIC_CENTER/CENTER1/TOTAL_DTCTL/DTCTL_L1/DATA1_L1_reg_7_/RB u_LOGIC_CENTER/CENTER1/TOTAL_DTCTL/DTCTL_L1/DATA3_L1_PRE_reg_3_/D u_LOGIC_CENTER/CENTER1/TOTAL_DTCTL/DTCTL_L1/DATA3_L1_PRE_reg_3_/RB u_LOGIC_CENTER/CENTER1/TOTAL_DTCTL/DTCTL_L1/DATA1_L1_PRE_reg_2_/D u_LOGIC_CENTER/CENTER1/TOTAL_DTCTL/DTCTL_L1/DATA1_L1_PRE_reg_2_/RB u_LOGIC_CENTER/CENTER1/TOTAL_DTCTL/DTCTL_L1/DATA5_L1_reg_1_/D u_LOGIC_CENTER/CENTER1/TOTAL_DTCTL/DTCTL_L1/DATA5_L1_reg_1_/RB u_LOGIC_CENTER/CENTER1/TOTAL_DTCTL/DTCTL_L1/DATA5_L1_PRE_reg_2_/D u_LOGIC_CENTER/CENTER1/TOTAL_DTCTL/DTCTL_L1/DATA5_L1_PRE_reg_2_/RB u_LOGIC_CENTER/CENTER1/TOTAL_DTCTL/DTCTL_L1/DATA3_L1_reg_3_/D u_LOGIC_CENTER/CENTER1/TOTAL_DTCTL/DTCTL_L1/DATA3_L1_reg_3_/RB u_LOGIC_CENTER/CENTER1/TOTAL_DTCTL/DTCTL_L1/DATA3_L1_PRE_reg_4_/D u_LOGIC_CENTER/CENTER1/TOTAL_DTCTL/DTCTL_L1/DATA3_L1_PRE_reg_4_/RB u_LOGIC_CENTER/CENTER1/TOTAL_DTCTL/DTCTL_L1/DATA1_L1_PRE_reg_3_/D u_LOGIC_CENTER/CENTER1/TOTAL_DTCTL/DTCTL_L1/DATA1_L1_PRE_reg_3_/RB u_LOGIC_CENTER/CENTER1/TOTAL_DTCTL/DTCTL_L1/DATA5_L1_reg_2_/D u_LOGIC_CENTER/CENTER1/TOTAL_DTCTL/DTCTL_L1/DATA5_L1_reg_2_/RB u_LOGIC_CENTER/CENTER1/TOTAL_DTCTL/DTCTL_L1/DATA5_L1_PRE_reg_3_/D u_LOGIC_CENTER/CENTER1/TOTAL_DTCTL/DTCTL_L1/DATA5_L1_PRE_reg_3_/RB u_LOGIC_CENTER/CENTER1/TOTAL_DTCTL/DTCTL_L1/DATA3_L1_reg_4_/D u_LOGIC_CENTER/CENTER1/TOTAL_DTCTL/DTCTL_L1/DATA3_L1_reg_4_/RB}]
#@ set_multicycle_path  1 -hold -from [get_pins {u_LOGIC_CENTER/LINK_LOGIC/LC_CSPIF_L0/POL_DET_reg/CK}] -to [get_pins {u_LOGIC_CENTER/CENTER1/TOTAL_DTCTL/DTCTL_L1/DATA1_L1_reg_3_/D u_LOGIC_CENTER/CENTER1/TOTAL_DTCTL/DTCTL_L1/DATA1_L1_reg_3_/RB u_LOGIC_CENTER/CENTER1/TOTAL_DTCTL/DTCTL_L1/DATA5_L1_reg_7_/D u_LOGIC_CENTER/CENTER1/TOTAL_DTCTL/DTCTL_L1/DATA5_L1_reg_7_/RB u_LOGIC_CENTER/CENTER1/TOTAL_DTCTL/DTCTL_L1/DATA1_L1_reg_4_/D u_LOGIC_CENTER/CENTER1/TOTAL_DTCTL/DTCTL_L1/DATA1_L1_reg_4_/RB u_LOGIC_CENTER/CENTER1/TOTAL_DTCTL/DTCTL_L1/DATA3_L1_PRE_reg_0_/D u_LOGIC_CENTER/CENTER1/TOTAL_DTCTL/DTCTL_L1/DATA3_L1_PRE_reg_0_/RB u_LOGIC_CENTER/CENTER1/TOTAL_DTCTL/DTCTL_L1/DATA3_L1_PRE_reg_5_/D u_LOGIC_CENTER/CENTER1/TOTAL_DTCTL/DTCTL_L1/DATA3_L1_PRE_reg_5_/RB u_LOGIC_CENTER/CENTER1/TOTAL_DTCTL/DTCTL_L1/DATA1_L1_PRE_reg_4_/D u_LOGIC_CENTER/CENTER1/TOTAL_DTCTL/DTCTL_L1/DATA1_L1_PRE_reg_4_/RB u_LOGIC_CENTER/CENTER1/TOTAL_DTCTL/DTCTL_L1/DATA5_L1_reg_3_/D u_LOGIC_CENTER/CENTER1/TOTAL_DTCTL/DTCTL_L1/DATA5_L1_reg_3_/RB u_LOGIC_CENTER/CENTER1/TOTAL_DTCTL/DTCTL_L1/DATA5_L1_PRE_reg_4_/D u_LOGIC_CENTER/CENTER1/TOTAL_DTCTL/DTCTL_L1/DATA5_L1_PRE_reg_4_/RB u_LOGIC_CENTER/CENTER1/TOTAL_DTCTL/DTCTL_L1/DATA3_L1_reg_5_/D u_LOGIC_CENTER/CENTER1/TOTAL_DTCTL/DTCTL_L1/DATA3_L1_reg_5_/RB u_LOGIC_CENTER/CENTER1/TOTAL_DTCTL/DTCTL_L1/DATA3_L1_PRE_reg_6_/D u_LOGIC_CENTER/CENTER1/TOTAL_DTCTL/DTCTL_L1/DATA3_L1_PRE_reg_6_/RB u_LOGIC_CENTER/CENTER1/TOTAL_DTCTL/DTCTL_L1/DATA1_L1_PRE_reg_5_/D u_LOGIC_CENTER/CENTER1/TOTAL_DTCTL/DTCTL_L1/DATA1_L1_PRE_reg_5_/RB u_LOGIC_CENTER/CENTER1/TOTAL_DTCTL/DTCTL_L1/DATA1_L1_reg_0_/D u_LOGIC_CENTER/CENTER1/TOTAL_DTCTL/DTCTL_L1/DATA1_L1_reg_0_/RB u_LOGIC_CENTER/CENTER1/TOTAL_DTCTL/DTCTL_L1/DATA5_L1_reg_4_/D u_LOGIC_CENTER/CENTER1/TOTAL_DTCTL/DTCTL_L1/DATA5_L1_reg_4_/RB u_LOGIC_CENTER/CENTER1/TOTAL_DTCTL/DTCTL_L1/DATA5_L1_PRE_reg_5_/D u_LOGIC_CENTER/CENTER1/TOTAL_DTCTL/DTCTL_L1/DATA5_L1_PRE_reg_5_/SB u_LOGIC_CENTER/CENTER1/TOTAL_DTCTL/DTCTL_L1/DATA5_L1_PRE_reg_5_/RB u_LOGIC_CENTER/CENTER1/TOTAL_DTCTL/DTCTL_L1/DATA3_L1_reg_6_/D u_LOGIC_CENTER/CENTER1/TOTAL_DTCTL/DTCTL_L1/DATA3_L1_reg_6_/RB u_LOGIC_CENTER/CENTER1/TOTAL_DTCTL/DTCTL_L1/DATA3_L1_PRE_reg_7_/D u_LOGIC_CENTER/CENTER1/TOTAL_DTCTL/DTCTL_L1/DATA3_L1_PRE_reg_7_/RB u_LOGIC_CENTER/CENTER1/TOTAL_DTCTL/DTCTL_L1/DATA1_L1_reg_1_/D u_LOGIC_CENTER/CENTER1/TOTAL_DTCTL/DTCTL_L1/DATA1_L1_reg_1_/RB u_LOGIC_CENTER/CENTER1/TOTAL_DTCTL/DTCTL_L1/DATA1_L1_PRE_reg_6_/D u_LOGIC_CENTER/CENTER1/TOTAL_DTCTL/DTCTL_L1/DATA1_L1_PRE_reg_6_/RB u_LOGIC_CENTER/CENTER1/TOTAL_DTCTL/DTCTL_L1/DATA5_L1_reg_5_/D u_LOGIC_CENTER/CENTER1/TOTAL_DTCTL/DTCTL_L1/DATA5_L1_reg_5_/RB u_LOGIC_CENTER/CENTER1/TOTAL_DTCTL/DTCTL_L1/DATA5_L1_PRE_reg_6_/D u_LOGIC_CENTER/CENTER1/TOTAL_DTCTL/DTCTL_L1/DATA5_L1_PRE_reg_6_/RB u_LOGIC_CENTER/CENTER1/TOTAL_DTCTL/DTCTL_L1/DATA3_L1_reg_7_/D u_LOGIC_CENTER/CENTER1/TOTAL_DTCTL/DTCTL_L1/DATA3_L1_reg_7_/RB u_LOGIC_CENTER/CENTER1/TOTAL_DTCTL/DTCTL_L1/DATA1_L1_reg_2_/D u_LOGIC_CENTER/CENTER1/TOTAL_DTCTL/DTCTL_L1/DATA1_L1_reg_2_/RB u_LOGIC_CENTER/CENTER1/TOTAL_DTCTL/DTCTL_L1/DATA1_L1_PRE_reg_7_/D u_LOGIC_CENTER/CENTER1/TOTAL_DTCTL/DTCTL_L1/DATA1_L1_PRE_reg_7_/RB u_LOGIC_CENTER/CENTER1/TOTAL_DTCTL/DTCTL_L1/DATA5_L1_reg_6_/D u_LOGIC_CENTER/CENTER1/TOTAL_DTCTL/DTCTL_L1/DATA5_L1_reg_6_/RB u_LOGIC_CENTER/CENTER1/TOTAL_DTCTL/DTCTL_L1/DATA5_L1_PRE_reg_7_/D u_LOGIC_CENTER/CENTER1/TOTAL_DTCTL/DTCTL_L1/DATA5_L1_PRE_reg_7_/RB u_LOGIC_CENTER/CENTER1/TOTAL_DTCTL/DTCTL_L1/DATA3_L1_reg_0_/D u_LOGIC_CENTER/CENTER1/TOTAL_DTCTL/DTCTL_L1/DATA3_L1_reg_0_/RB u_LOGIC_CENTER/CENTER1/TOTAL_DTCTL/DTCTL_L1/DATA1_L1_reg_5_/D u_LOGIC_CENTER/CENTER1/TOTAL_DTCTL/DTCTL_L1/DATA1_L1_reg_5_/RB u_LOGIC_CENTER/CENTER1/TOTAL_DTCTL/DTCTL_L1/DATA3_L1_PRE_reg_1_/D u_LOGIC_CENTER/CENTER1/TOTAL_DTCTL/DTCTL_L1/DATA3_L1_PRE_reg_1_/RB u_LOGIC_CENTER/CENTER1/TOTAL_DTCTL/DTCTL_L1/DATA1_L1_PRE_reg_0_/D u_LOGIC_CENTER/CENTER1/TOTAL_DTCTL/DTCTL_L1/DATA1_L1_PRE_reg_0_/RB u_LOGIC_CENTER/CENTER1/TOTAL_DTCTL/DTCTL_L1/DATA5_L1_PRE_reg_0_/D u_LOGIC_CENTER/CENTER1/TOTAL_DTCTL/DTCTL_L1/DATA5_L1_PRE_reg_0_/RB u_LOGIC_CENTER/CENTER1/TOTAL_DTCTL/DTCTL_L1/DATA3_L1_reg_1_/D u_LOGIC_CENTER/CENTER1/TOTAL_DTCTL/DTCTL_L1/DATA3_L1_reg_1_/RB u_LOGIC_CENTER/CENTER1/TOTAL_DTCTL/DTCTL_L1/DATA1_L1_reg_6_/D u_LOGIC_CENTER/CENTER1/TOTAL_DTCTL/DTCTL_L1/DATA1_L1_reg_6_/RB u_LOGIC_CENTER/CENTER1/TOTAL_DTCTL/DTCTL_L1/DATA3_L1_PRE_reg_2_/D u_LOGIC_CENTER/CENTER1/TOTAL_DTCTL/DTCTL_L1/DATA3_L1_PRE_reg_2_/RB u_LOGIC_CENTER/CENTER1/TOTAL_DTCTL/DTCTL_L1/DATA1_L1_PRE_reg_1_/D u_LOGIC_CENTER/CENTER1/TOTAL_DTCTL/DTCTL_L1/DATA1_L1_PRE_reg_1_/RB u_LOGIC_CENTER/CENTER1/TOTAL_DTCTL/DTCTL_L1/DATA5_L1_reg_0_/D u_LOGIC_CENTER/CENTER1/TOTAL_DTCTL/DTCTL_L1/DATA5_L1_reg_0_/RB u_LOGIC_CENTER/CENTER1/TOTAL_DTCTL/DTCTL_L1/DATA5_L1_PRE_reg_1_/D u_LOGIC_CENTER/CENTER1/TOTAL_DTCTL/DTCTL_L1/DATA5_L1_PRE_reg_1_/RB u_LOGIC_CENTER/CENTER1/TOTAL_DTCTL/DTCTL_L1/DATA3_L1_reg_2_/D u_LOGIC_CENTER/CENTER1/TOTAL_DTCTL/DTCTL_L1/DATA3_L1_reg_2_/RB u_LOGIC_CENTER/CENTER1/TOTAL_DTCTL/DTCTL_L1/DATA1_L1_reg_7_/D u_LOGIC_CENTER/CENTER1/TOTAL_DTCTL/DTCTL_L1/DATA1_L1_reg_7_/RB u_LOGIC_CENTER/CENTER1/TOTAL_DTCTL/DTCTL_L1/DATA3_L1_PRE_reg_3_/D u_LOGIC_CENTER/CENTER1/TOTAL_DTCTL/DTCTL_L1/DATA3_L1_PRE_reg_3_/RB u_LOGIC_CENTER/CENTER1/TOTAL_DTCTL/DTCTL_L1/DATA1_L1_PRE_reg_2_/D u_LOGIC_CENTER/CENTER1/TOTAL_DTCTL/DTCTL_L1/DATA1_L1_PRE_reg_2_/RB u_LOGIC_CENTER/CENTER1/TOTAL_DTCTL/DTCTL_L1/DATA5_L1_reg_1_/D u_LOGIC_CENTER/CENTER1/TOTAL_DTCTL/DTCTL_L1/DATA5_L1_reg_1_/RB u_LOGIC_CENTER/CENTER1/TOTAL_DTCTL/DTCTL_L1/DATA5_L1_PRE_reg_2_/D u_LOGIC_CENTER/CENTER1/TOTAL_DTCTL/DTCTL_L1/DATA5_L1_PRE_reg_2_/RB u_LOGIC_CENTER/CENTER1/TOTAL_DTCTL/DTCTL_L1/DATA3_L1_reg_3_/D u_LOGIC_CENTER/CENTER1/TOTAL_DTCTL/DTCTL_L1/DATA3_L1_reg_3_/RB u_LOGIC_CENTER/CENTER1/TOTAL_DTCTL/DTCTL_L1/DATA3_L1_PRE_reg_4_/D u_LOGIC_CENTER/CENTER1/TOTAL_DTCTL/DTCTL_L1/DATA3_L1_PRE_reg_4_/RB u_LOGIC_CENTER/CENTER1/TOTAL_DTCTL/DTCTL_L1/DATA1_L1_PRE_reg_3_/D u_LOGIC_CENTER/CENTER1/TOTAL_DTCTL/DTCTL_L1/DATA1_L1_PRE_reg_3_/RB u_LOGIC_CENTER/CENTER1/TOTAL_DTCTL/DTCTL_L1/DATA5_L1_reg_2_/D u_LOGIC_CENTER/CENTER1/TOTAL_DTCTL/DTCTL_L1/DATA5_L1_reg_2_/RB u_LOGIC_CENTER/CENTER1/TOTAL_DTCTL/DTCTL_L1/DATA5_L1_PRE_reg_3_/D u_LOGIC_CENTER/CENTER1/TOTAL_DTCTL/DTCTL_L1/DATA5_L1_PRE_reg_3_/RB u_LOGIC_CENTER/CENTER1/TOTAL_DTCTL/DTCTL_L1/DATA3_L1_reg_4_/D u_LOGIC_CENTER/CENTER1/TOTAL_DTCTL/DTCTL_L1/DATA3_L1_reg_4_/RB}]
#@ set_multicycle_path  2 -setup -from [get_pins {u_LOGIC_CENTER/LINK_LOGIC/LC_CSPIF_L0/SETTING_DET_reg/CK}] -to [get_pins {u_LOGIC_CENTER/CENTER1/TOTAL_DTCTL/DTCTL_L0/DBRON_reg/D u_LOGIC_CENTER/CENTER1/TOTAL_DTCTL/DTCTL_L0/DBRON_reg/RB}]
#@ set_multicycle_path  1 -hold -from [get_pins {u_LOGIC_CENTER/LINK_LOGIC/LC_CSPIF_L0/SETTING_DET_reg/CK}] -to [get_pins {u_LOGIC_CENTER/CENTER1/TOTAL_DTCTL/DTCTL_L0/DBRON_reg/D u_LOGIC_CENTER/CENTER1/TOTAL_DTCTL/DTCTL_L0/DBRON_reg/RB}]
#@ set_multicycle_path  2 -setup -from [get_pins {u_LOGIC_CENTER/LINK_LOGIC/LC_CSPIF_L0/SETTING_DET_reg/CK}] -to [get_pins {u_LOGIC_CENTER/CENTER1/TOTAL_DTCTL/DTCTL_L0/DBLON_reg/D u_LOGIC_CENTER/CENTER1/TOTAL_DTCTL/DTCTL_L0/DBLON_reg/RB}]
#@ set_multicycle_path  1 -hold -from [get_pins {u_LOGIC_CENTER/LINK_LOGIC/LC_CSPIF_L0/SETTING_DET_reg/CK}] -to [get_pins {u_LOGIC_CENTER/CENTER1/TOTAL_DTCTL/DTCTL_L0/DBLON_reg/D u_LOGIC_CENTER/CENTER1/TOTAL_DTCTL/DTCTL_L0/DBLON_reg/RB}]
#@ set_multicycle_path  2 -setup -from [get_pins {u_LOGIC_CENTER/LINK_LOGIC/LC_CSPIF_L0/SETTING_DET_reg/CK}] -to [get_pins {u_LOGIC_CENTER/CENTER1/TOTAL_DTCTL/DTCTL_L0/START_R_reg/D u_LOGIC_CENTER/CENTER1/TOTAL_DTCTL/DTCTL_L0/START_R_reg/RB}]
#@ set_multicycle_path  1 -hold -from [get_pins {u_LOGIC_CENTER/LINK_LOGIC/LC_CSPIF_L0/SETTING_DET_reg/CK}] -to [get_pins {u_LOGIC_CENTER/CENTER1/TOTAL_DTCTL/DTCTL_L0/START_R_reg/D u_LOGIC_CENTER/CENTER1/TOTAL_DTCTL/DTCTL_L0/START_R_reg/RB}]
#@ set_multicycle_path  2 -setup -from [get_pins {u_LOGIC_CENTER/LINK_LOGIC/LC_CSPIF_L0/SETTING_DET_reg/CK}] -to [get_pins {u_LOGIC_CENTER/CENTER1/TOTAL_DTCTL/DTCTL_L0/START_L_reg/D u_LOGIC_CENTER/CENTER1/TOTAL_DTCTL/DTCTL_L0/START_L_reg/RB}]
#@ set_multicycle_path  1 -hold -from [get_pins {u_LOGIC_CENTER/LINK_LOGIC/LC_CSPIF_L0/SETTING_DET_reg/CK}] -to [get_pins {u_LOGIC_CENTER/CENTER1/TOTAL_DTCTL/DTCTL_L0/START_L_reg/D u_LOGIC_CENTER/CENTER1/TOTAL_DTCTL/DTCTL_L0/START_L_reg/RB}]
#@ set_multicycle_path  2 -setup -from [get_pins {u_LOGIC_CENTER/LINK_LOGIC/LC_CSPIF_L0/SETTING_DET_reg/CK}] -to [get_pins {u_LOGIC_CENTER/CENTER1/TOTAL_DTCTL/DTCTL_L0/LS_reg/D u_LOGIC_CENTER/CENTER1/TOTAL_DTCTL/DTCTL_L0/LS_reg/RB}]
#@ set_multicycle_path  1 -hold -from [get_pins {u_LOGIC_CENTER/LINK_LOGIC/LC_CSPIF_L0/SETTING_DET_reg/CK}] -to [get_pins {u_LOGIC_CENTER/CENTER1/TOTAL_DTCTL/DTCTL_L0/LS_reg/D u_LOGIC_CENTER/CENTER1/TOTAL_DTCTL/DTCTL_L0/LS_reg/RB}]
#@ set_multicycle_path  2 -setup -from [get_pins {u_LOGIC_CENTER/LINK_LOGIC/LC_CSPIF_L0/SETTING_DET_reg/CK}] -to [get_pins {u_LOGIC_CENTER/CENTER1/TOTAL_DTCTL/DTCTL_L0/EN1_R_reg/D u_LOGIC_CENTER/CENTER1/TOTAL_DTCTL/DTCTL_L0/EN1_R_reg/RB}]
#@ set_multicycle_path  1 -hold -from [get_pins {u_LOGIC_CENTER/LINK_LOGIC/LC_CSPIF_L0/SETTING_DET_reg/CK}] -to [get_pins {u_LOGIC_CENTER/CENTER1/TOTAL_DTCTL/DTCTL_L0/EN1_R_reg/D u_LOGIC_CENTER/CENTER1/TOTAL_DTCTL/DTCTL_L0/EN1_R_reg/RB}]
#@ set_multicycle_path  2 -setup -from [get_pins {u_LOGIC_CENTER/LINK_LOGIC/LC_CSPIF_L0/SETTING_DET_reg/CK}] -to [get_pins {u_LOGIC_CENTER/CENTER1/TOTAL_DTCTL/DTCTL_L0/EN1_L_reg/D u_LOGIC_CENTER/CENTER1/TOTAL_DTCTL/DTCTL_L0/EN1_L_reg/RB}]
#@ set_multicycle_path  1 -hold -from [get_pins {u_LOGIC_CENTER/LINK_LOGIC/LC_CSPIF_L0/SETTING_DET_reg/CK}] -to [get_pins {u_LOGIC_CENTER/CENTER1/TOTAL_DTCTL/DTCTL_L0/EN1_L_reg/D u_LOGIC_CENTER/CENTER1/TOTAL_DTCTL/DTCTL_L0/EN1_L_reg/RB}]
#@ set_multicycle_path  2 -setup -from [get_pins {u_LOGIC_CENTER/LINK_LOGIC/LC_CSPIF_L0/SETTING_DET_reg/CK}] -to [get_pins {u_LOGIC_CENTER/CENTER1/TOTAL_DTCTL/DTCTL_L1/DBRON_reg/D u_LOGIC_CENTER/CENTER1/TOTAL_DTCTL/DTCTL_L1/DBRON_reg/RB}]
#@ set_multicycle_path  1 -hold -from [get_pins {u_LOGIC_CENTER/LINK_LOGIC/LC_CSPIF_L0/SETTING_DET_reg/CK}] -to [get_pins {u_LOGIC_CENTER/CENTER1/TOTAL_DTCTL/DTCTL_L1/DBRON_reg/D u_LOGIC_CENTER/CENTER1/TOTAL_DTCTL/DTCTL_L1/DBRON_reg/RB}]
#@ set_multicycle_path  2 -setup -from [get_pins {u_LOGIC_CENTER/LINK_LOGIC/LC_CSPIF_L0/SETTING_DET_reg/CK}] -to [get_pins {u_LOGIC_CENTER/CENTER1/TOTAL_DTCTL/DTCTL_L1/DBLON_reg/D u_LOGIC_CENTER/CENTER1/TOTAL_DTCTL/DTCTL_L1/DBLON_reg/RB}]
#@ set_multicycle_path  1 -hold -from [get_pins {u_LOGIC_CENTER/LINK_LOGIC/LC_CSPIF_L0/SETTING_DET_reg/CK}] -to [get_pins {u_LOGIC_CENTER/CENTER1/TOTAL_DTCTL/DTCTL_L1/DBLON_reg/D u_LOGIC_CENTER/CENTER1/TOTAL_DTCTL/DTCTL_L1/DBLON_reg/RB}]
#@ set_multicycle_path  2 -setup -from [get_pins {u_LOGIC_CENTER/LINK_LOGIC/LC_CSPIF_L0/SETTING_DET_reg/CK}] -to [get_pins {u_LOGIC_CENTER/CENTER1/TOTAL_DTCTL/DTCTL_L1/START_R_reg/D u_LOGIC_CENTER/CENTER1/TOTAL_DTCTL/DTCTL_L1/START_R_reg/RB}]
#@ set_multicycle_path  1 -hold -from [get_pins {u_LOGIC_CENTER/LINK_LOGIC/LC_CSPIF_L0/SETTING_DET_reg/CK}] -to [get_pins {u_LOGIC_CENTER/CENTER1/TOTAL_DTCTL/DTCTL_L1/START_R_reg/D u_LOGIC_CENTER/CENTER1/TOTAL_DTCTL/DTCTL_L1/START_R_reg/RB}]
#@ set_multicycle_path  2 -setup -from [get_pins {u_LOGIC_CENTER/LINK_LOGIC/LC_CSPIF_L0/SETTING_DET_reg/CK}] -to [get_pins {u_LOGIC_CENTER/CENTER1/TOTAL_DTCTL/DTCTL_L1/START_L_reg/D u_LOGIC_CENTER/CENTER1/TOTAL_DTCTL/DTCTL_L1/START_L_reg/RB}]
#@ set_multicycle_path  1 -hold -from [get_pins {u_LOGIC_CENTER/LINK_LOGIC/LC_CSPIF_L0/SETTING_DET_reg/CK}] -to [get_pins {u_LOGIC_CENTER/CENTER1/TOTAL_DTCTL/DTCTL_L1/START_L_reg/D u_LOGIC_CENTER/CENTER1/TOTAL_DTCTL/DTCTL_L1/START_L_reg/RB}]
#@ set_multicycle_path  2 -setup -from [get_pins {u_LOGIC_CENTER/LINK_LOGIC/LC_CSPIF_L0/SETTING_DET_reg/CK}] -to [get_pins {u_LOGIC_CENTER/CENTER1/TOTAL_DTCTL/DTCTL_L1/LS_reg/D u_LOGIC_CENTER/CENTER1/TOTAL_DTCTL/DTCTL_L1/LS_reg/RB}]
#@ set_multicycle_path  1 -hold -from [get_pins {u_LOGIC_CENTER/LINK_LOGIC/LC_CSPIF_L0/SETTING_DET_reg/CK}] -to [get_pins {u_LOGIC_CENTER/CENTER1/TOTAL_DTCTL/DTCTL_L1/LS_reg/D u_LOGIC_CENTER/CENTER1/TOTAL_DTCTL/DTCTL_L1/LS_reg/RB}]
#@ set_multicycle_path  1 -hold -from [get_pins {u_LOGIC_CENTER/CENTER1/TOTAL_DTCTL/DTCTL_L0/DBLON_reg/CK}] -through [get_pins {u_LOGIC_CENTER/CENTER1/TOTAL_DTCTL/DTCTL_COMB/BUF_DBLON_A_CG_EN/O}] 
#@ set_multicycle_path  1 -hold -from [get_pins {u_LOGIC_CENTER/CENTER1/TOTAL_DTCTL/DTCTL_L0/DBRON_reg/CK}] -through [get_pins {u_LOGIC_CENTER/CENTER1/TOTAL_DTCTL/DTCTL_COMB/BUF_DBRON_A_CG_EN/O}] 
#@ set_multicycle_path  1 -hold -from [get_pins {u_LOGIC_CENTER/CENTER1/TOTAL_DTCTL/DTCTL_L0/DBLON_reg/CK}] -through [get_pins {u_LOGIC_CENTER/CENTER1/TOTAL_DTCTL/DTCTL_COMB/BUF_DBLON_B_CG_EN/O}] 
#@ set_multicycle_path  1 -hold -from [get_pins {u_LOGIC_CENTER/CENTER1/TOTAL_DTCTL/DTCTL_L0/DBRON_reg/CK}] -through [get_pins {u_LOGIC_CENTER/CENTER1/TOTAL_DTCTL/DTCTL_COMB/BUF_DBRON_B_CG_EN/O}] 
#@ set_multicycle_path  1 -hold -from [get_pins {u_LOGIC_CENTER/CENTER1/TOTAL_DTCTL/DTCTL_L1/DBLON_reg/CK}] -through [get_pins {u_LOGIC_CENTER/CENTER1/TOTAL_DTCTL/DTCTL_COMB/BUF_DBLON_A_CG_EN/O}] 
#@ set_multicycle_path  1 -hold -from [get_pins {u_LOGIC_CENTER/CENTER1/TOTAL_DTCTL/DTCTL_L1/DBRON_reg/CK}] -through [get_pins {u_LOGIC_CENTER/CENTER1/TOTAL_DTCTL/DTCTL_COMB/BUF_DBRON_A_CG_EN/O}] 
#@ set_multicycle_path  1 -hold -from [get_pins {u_LOGIC_CENTER/CENTER1/TOTAL_DTCTL/DTCTL_L1/DBLON_reg/CK}] -through [get_pins {u_LOGIC_CENTER/CENTER1/TOTAL_DTCTL/DTCTL_COMB/BUF_DBLON_B_CG_EN/O}] 
#@ set_multicycle_path  1 -hold -from [get_pins {u_LOGIC_CENTER/CENTER1/TOTAL_DTCTL/DTCTL_L1/DBRON_reg/CK}] -through [get_pins {u_LOGIC_CENTER/CENTER1/TOTAL_DTCTL/DTCTL_COMB/BUF_DBRON_B_CG_EN/O}] 
#@ set_multicycle_path  4 -hold -from [get_pins {u_LOGIC_CENTER/CENTER1/TOTAL_DTCTL/DTCTL_L1/DBRON_reg/CK}] -to [get_pins {u_LOGIC_CENTER/CENTER1/TOTAL_DTCTL/DTCTL_COMB/C261/I1 u_LOGIC_CENTER/CENTER1/TOTAL_DTCTL/DTCTL_COMB/C261/I2 u_LOGIC_CENTER/CENTER1/TOTAL_DTCTL/DTCTL_COMB/C261/O}]
#@ set_multicycle_path  4 -hold -from [get_pins {u_LOGIC_CENTER/CENTER1/TOTAL_DTCTL/DTCTL_L0/DBRON_reg/CK}] -to [get_pins {u_LOGIC_CENTER/CENTER1/TOTAL_DTCTL/DTCTL_COMB/C259/I1 u_LOGIC_CENTER/CENTER1/TOTAL_DTCTL/DTCTL_COMB/C259/I2 u_LOGIC_CENTER/CENTER1/TOTAL_DTCTL/DTCTL_COMB/C259/O}]
#@ set_multicycle_path  4 -hold -from [get_pins {u_LOGIC_CENTER/CENTER1/TOTAL_DTCTL/DTCTL_L0/DBRON_reg/CK}] -to [get_pins {u_LOGIC_CENTER/CENTER1/TOTAL_DTCTL/DTCTL_COMB/C261/I1 u_LOGIC_CENTER/CENTER1/TOTAL_DTCTL/DTCTL_COMB/C261/I2 u_LOGIC_CENTER/CENTER1/TOTAL_DTCTL/DTCTL_COMB/C261/O}]
#@ set_multicycle_path  4 -hold -from [get_pins {u_LOGIC_CENTER/CENTER1/TOTAL_DTCTL/DTCTL_L1/DBRON_reg/CK}] -to [get_pins {u_LOGIC_CENTER/CENTER1/TOTAL_DTCTL/DTCTL_COMB/C259/I1 u_LOGIC_CENTER/CENTER1/TOTAL_DTCTL/DTCTL_COMB/C259/I2 u_LOGIC_CENTER/CENTER1/TOTAL_DTCTL/DTCTL_COMB/C259/O}]
#@ set_multicycle_path  4 -hold -from [get_pins {u_LOGIC_CENTER/CENTER1/TOTAL_DTCTL/DTCTL_L0/DBLON_reg/CK}] -to [get_pins {u_LOGIC_CENTER/CENTER1/TOTAL_DTCTL/DTCTL_COMB/C260/I1 u_LOGIC_CENTER/CENTER1/TOTAL_DTCTL/DTCTL_COMB/C260/I2 u_LOGIC_CENTER/CENTER1/TOTAL_DTCTL/DTCTL_COMB/C260/O}]
#@ set_multicycle_path  4 -hold -from [get_pins {u_LOGIC_CENTER/CENTER1/TOTAL_DTCTL/DTCTL_L0/DBLON_reg/CK}] -to [get_pins {u_LOGIC_CENTER/CENTER1/TOTAL_DTCTL/DTCTL_COMB/C258/I1 u_LOGIC_CENTER/CENTER1/TOTAL_DTCTL/DTCTL_COMB/C258/I2 u_LOGIC_CENTER/CENTER1/TOTAL_DTCTL/DTCTL_COMB/C258/O}]
#@ set_multicycle_path  4 -hold -from [get_pins {u_LOGIC_CENTER/CENTER1/TOTAL_DTCTL/DTCTL_L1/DBLON_reg/CK}] -to [get_pins {u_LOGIC_CENTER/CENTER1/TOTAL_DTCTL/DTCTL_COMB/C260/I1 u_LOGIC_CENTER/CENTER1/TOTAL_DTCTL/DTCTL_COMB/C260/I2 u_LOGIC_CENTER/CENTER1/TOTAL_DTCTL/DTCTL_COMB/C260/O}]
#@ set_multicycle_path  4 -hold -from [get_pins {u_LOGIC_CENTER/CENTER1/TOTAL_DTCTL/DTCTL_L1/DBLON_reg/CK}] -to [get_pins {u_LOGIC_CENTER/CENTER1/TOTAL_DTCTL/DTCTL_COMB/C258/I1 u_LOGIC_CENTER/CENTER1/TOTAL_DTCTL/DTCTL_COMB/C258/I2 u_LOGIC_CENTER/CENTER1/TOTAL_DTCTL/DTCTL_COMB/C258/O}]
#@ set_multicycle_path  4 -hold -from [get_pins {u_LOGIC_CENTER/I2C_CTL/I2C_EN_CTL/R_REGF0_hit_reg/CK}] 
#@ set_multicycle_path  4 -hold -from [get_pins {u_LOGIC_CENTER/I2C_CTL/I2C_EN_CTL/R_REGF1_hit_reg/CK}] 
#@ set_false_path -from [get_ports {DPSEL_I}] 
#@ set_false_path -through [get_pins {u_LOGIC_CENTER/LINK_LOGIC/LC_MONBLOCK/LITEST u_LOGIC_CENTER/LINK_LOGIC/LC_MONBLOCK/CHIP_SEL u_LOGIC_CENTER/LINK_LOGIC/LC_MONBLOCK/TESTO_SEL[4] u_LOGIC_CENTER/LINK_LOGIC/LC_MONBLOCK/TESTO_SEL[3] u_LOGIC_CENTER/LINK_LOGIC/LC_MONBLOCK/TESTO_SEL[2] u_LOGIC_CENTER/LINK_LOGIC/LC_MONBLOCK/TESTO_SEL[1] u_LOGIC_CENTER/LINK_LOGIC/LC_MONBLOCK/TESTO_SEL[0] u_LOGIC_CENTER/LINK_LOGIC/LC_MONBLOCK/POL_O u_LOGIC_CENTER/LINK_LOGIC/LC_MONBLOCK/STB_A_O u_LOGIC_CENTER/LINK_LOGIC/LC_MONBLOCK/N_RST_PHY u_LOGIC_CENTER/LINK_LOGIC/LC_MONBLOCK/N_PD_PHY0 u_LOGIC_CENTER/LINK_LOGIC/LC_MONBLOCK/N_PD_PHY1 u_LOGIC_CENTER/LINK_LOGIC/LC_MONBLOCK/OSC_CLK u_LOGIC_CENTER/LINK_LOGIC/LC_MONBLOCK/N_RST_NLOCK0 u_LOGIC_CENTER/LINK_LOGIC/LC_MONBLOCK/N_RST_NLOCK1 u_LOGIC_CENTER/LINK_LOGIC/LC_MONBLOCK/LOCK_FREQ_DEB u_LOGIC_CENTER/LINK_LOGIC/LC_MONBLOCK/DCLK0 u_LOGIC_CENTER/LINK_LOGIC/LC_MONBLOCK/DCLK1 u_LOGIC_CENTER/LINK_LOGIC/LC_MONBLOCK/BWDL_TRIG u_LOGIC_CENTER/LINK_LOGIC/LC_MONBLOCK/BWDA_TRIG u_LOGIC_CENTER/LINK_LOGIC/LC_MONBLOCK/BWDB_TRIG u_LOGIC_CENTER/LINK_LOGIC/LC_MONBLOCK/BWDABL_TRIG u_LOGIC_CENTER/LINK_LOGIC/LC_MONBLOCK/UTC_ERR_CNT_END_L1 u_LOGIC_CENTER/LINK_LOGIC/LC_MONBLOCK/UTC_ERR_CNT_END_L0 u_LOGIC_CENTER/LINK_LOGIC/LC_MONBLOCK/FRM_UTC_ERR_CNT_END_L1 u_LOGIC_CENTER/LINK_LOGIC/LC_MONBLOCK/FRM_UTC_ERR_CNT_END_L0 u_LOGIC_CENTER/LINK_LOGIC/LC_MONBLOCK/LSI_PRTECT u_LOGIC_CENTER/LINK_LOGIC/LC_MONBLOCK/DRD_XRSTA u_LOGIC_CENTER/LINK_LOGIC/LC_MONBLOCK/DRD_XRSTB u_LOGIC_CENTER/LINK_LOGIC/LC_MONBLOCK/DRA_CHOP u_LOGIC_CENTER/LINK_LOGIC/LC_MONBLOCK/SRA u_LOGIC_CENTER/LINK_LOGIC/LC_MONBLOCK/SRB u_LOGIC_CENTER/LINK_LOGIC/LC_MONBLOCK/SLA u_LOGIC_CENTER/LINK_LOGIC/LC_MONBLOCK/SLB u_LOGIC_CENTER/LINK_LOGIC/LC_MONBLOCK/FYSAR u_LOGIC_CENTER/LINK_LOGIC/LC_MONBLOCK/FYSBR u_LOGIC_CENTER/LINK_LOGIC/LC_MONBLOCK/FYSAL u_LOGIC_CENTER/LINK_LOGIC/LC_MONBLOCK/FYSBL u_LOGIC_CENTER/LINK_LOGIC/LC_MONBLOCK/TESTO1_O u_LOGIC_CENTER/LINK_LOGIC/LC_MONBLOCK/TESTO_EN_O u_LOGIC_CENTER/LINK_LOGIC/LC_MONBLOCK/TPW_CLIP_min_mask}] 
#@ set_false_path -through [get_pins {u_LOGIC_CENTER/LINK_LOGIC/REG_MAPPING_HV2M23/R_SHL}] 
#@ set_false_path -from [get_pins {u_LOGIC_CENTER/LINK_LOGIC/LC_CPUWR_HV2M23/R_REG_10_reg_4_/CK u_LOGIC_CENTER/LINK_LOGIC/LC_CPUWR_HV2M23/R_REG_4_reg_2_/CK u_LOGIC_CENTER/LINK_LOGIC/LC_CPUWR_HV2M23/R_REG_60_reg_4_/CK u_LOGIC_CENTER/LINK_LOGIC/LC_CPUWR_HV2M23/R_REG_50_reg_3_/CK u_LOGIC_CENTER/LINK_LOGIC/LC_CPUWR_HV2M23/R_REG_45_reg_4_/CK u_LOGIC_CENTER/LINK_LOGIC/LC_CPUWR_HV2M23/R_REG_35_reg_3_/CK u_LOGIC_CENTER/LINK_LOGIC/LC_CPUWR_HV2M23/R_REG_3_reg_6_/CK u_LOGIC_CENTER/LINK_LOGIC/LC_CPUWR_HV2M23/R_REG_34_reg_7_/CK u_LOGIC_CENTER/LINK_LOGIC/LC_CPUWR_HV2M23/R_REG_12_reg_3_/CK u_LOGIC_CENTER/LINK_LOGIC/LC_CPUWR_HV2M23/R_REG_6_reg_1_/CK u_LOGIC_CENTER/LINK_LOGIC/LC_CPUWR_HV2M23/R_REG_49_reg_5_/CK u_LOGIC_CENTER/LINK_LOGIC/LC_CPUWR_HV2M23/R_REG_37_reg_2_/CK u_LOGIC_CENTER/LINK_LOGIC/LC_CPUWR_HV2M23/R_REG_42_reg_1_/CK u_LOGIC_CENTER/LINK_LOGIC/LC_CPUWR_HV2M23/R_REG_5_reg_5_/CK u_LOGIC_CENTER/LINK_LOGIC/LC_CPUWR_HV2M23/R_REG_7_reg_7_/CK u_LOGIC_CENTER/LINK_LOGIC/LC_CPUWR_HV2M23/R_REG_41_reg_5_/CK u_LOGIC_CENTER/LINK_LOGIC/LC_CPUWR_HV2M23/R_REG_31_reg_4_/CK u_LOGIC_CENTER/LINK_LOGIC/LC_CPUWR_HV2M23/R_REG_8_reg_0_/CK u_LOGIC_CENTER/LINK_LOGIC/LC_CPUWR_HV2M23/R_REG_39_reg_1_/CK u_LOGIC_CENTER/LINK_LOGIC/LC_CPUWR_HV2M23/R_REG_44_reg_0_/CK u_LOGIC_CENTER/LINK_LOGIC/LC_CPUWR_HV2M23/R_REG_2_reg_2_/CK u_LOGIC_CENTER/LINK_LOGIC/LC_CPUWR_HV2M23/R_REG_43_reg_4_/CK u_LOGIC_CENTER/LINK_LOGIC/LC_CPUWR_HV2M23/R_REG_1_reg_6_/CK u_LOGIC_CENTER/LINK_LOGIC/LC_CPUWR_HV2M23/R_REG_32_reg_7_/CK u_LOGIC_CENTER/LINK_LOGIC/LC_CPUWR_HV2M23/R_REG_10_reg_3_/CK u_LOGIC_CENTER/LINK_LOGIC/LC_CPUWR_HV2M23/R_REG_4_reg_1_/CK u_LOGIC_CENTER/LINK_LOGIC/LC_CPUWR_HV2M23/R_REG_60_reg_3_/CK u_LOGIC_CENTER/LINK_LOGIC/LC_CPUWR_HV2M23/R_REG_45_reg_3_/CK u_LOGIC_CENTER/LINK_LOGIC/LC_CPUWR_HV2M23/R_REG_50_reg_2_/CK u_LOGIC_CENTER/LINK_LOGIC/LC_CPUWR_HV2M23/R_REG_35_reg_2_/CK u_LOGIC_CENTER/LINK_LOGIC/LC_CPUWR_HV2M23/R_REG_47_reg_5_/CK u_LOGIC_CENTER/LINK_LOGIC/LC_CPUWR_HV2M23/R_REG_3_reg_5_/CK u_LOGIC_CENTER/LINK_LOGIC/LC_CPUWR_HV2M23/R_REG_34_reg_6_/CK u_LOGIC_CENTER/LINK_LOGIC/LC_CPUWR_HV2M23/R_REG_12_reg_2_/CK u_LOGIC_CENTER/LINK_LOGIC/LC_CPUWR_HV2M23/R_REG_6_reg_0_/CK u_LOGIC_CENTER/LINK_LOGIC/LC_CPUWR_HV2M23/R_REG_37_reg_1_/CK u_LOGIC_CENTER/LINK_LOGIC/LC_CPUWR_HV2M23/R_REG_42_reg_0_/CK u_LOGIC_CENTER/LINK_LOGIC/LC_CPUWR_HV2M23/R_REG_49_reg_4_/CK u_LOGIC_CENTER/LINK_LOGIC/LC_CPUWR_HV2M23/R_REG_5_reg_4_/CK u_LOGIC_CENTER/LINK_LOGIC/LC_CPUWR_HV2M23/R_REG_7_reg_6_/CK u_LOGIC_CENTER/LINK_LOGIC/LC_CPUWR_HV2M23/R_REG_41_reg_4_/CK u_LOGIC_CENTER/LINK_LOGIC/LC_CPUWR_HV2M23/R_REG_39_reg_0_/CK u_LOGIC_CENTER/LINK_LOGIC/LC_CPUWR_HV2M23/R_REG_2_reg_1_/CK u_LOGIC_CENTER/LINK_LOGIC/LC_CPUWR_HV2M23/R_REG_43_reg_3_/CK u_LOGIC_CENTER/LINK_LOGIC/LC_CPUWR_HV2M23/R_REG_1_reg_5_/CK u_LOGIC_CENTER/LINK_LOGIC/LC_CPUWR_HV2M23/R_REG_32_reg_6_/CK u_LOGIC_CENTER/LINK_LOGIC/LC_CPUWR_HV2M23/R_REG_10_reg_2_/CK u_LOGIC_CENTER/LINK_LOGIC/LC_CPUWR_HV2M23/R_REG_60_reg_2_/CK u_LOGIC_CENTER/LINK_LOGIC/LC_CPUWR_HV2M23/R_REG_4_reg_0_/CK u_LOGIC_CENTER/LINK_LOGIC/LC_CPUWR_HV2M23/R_REG_45_reg_2_/CK u_LOGIC_CENTER/LINK_LOGIC/LC_CPUWR_HV2M23/R_REG_50_reg_1_/CK u_LOGIC_CENTER/LINK_LOGIC/LC_CPUWR_HV2M23/R_REG_47_reg_4_/CK u_LOGIC_CENTER/LINK_LOGIC/LC_CPUWR_HV2M23/R_REG_35_reg_1_/CK u_LOGIC_CENTER/LINK_LOGIC/LC_CPUWR_HV2M23/R_REG_3_reg_4_/CK u_LOGIC_CENTER/LINK_LOGIC/LC_CPUWR_HV2M23/R_REG_34_reg_5_/CK u_LOGIC_CENTER/LINK_LOGIC/LC_CPUWR_HV2M23/R_REG_12_reg_1_/CK u_LOGIC_CENTER/LINK_LOGIC/LC_CPUWR_HV2M23/R_REG_37_reg_0_/CK u_LOGIC_CENTER/LINK_LOGIC/LC_CPUWR_HV2M23/R_REG_49_reg_3_/CK u_LOGIC_CENTER/LINK_LOGIC/LC_CPUWR_HV2M23/R_REG_5_reg_3_/CK u_LOGIC_CENTER/LINK_LOGIC/LC_CPUWR_HV2M23/R_REG_7_reg_5_/CK u_LOGIC_CENTER/LINK_LOGIC/LC_CPUWR_HV2M23/R_REG_48_reg_7_/CK u_LOGIC_CENTER/LINK_LOGIC/LC_CPUWR_HV2M23/R_REG_38_reg_6_/CK u_LOGIC_CENTER/LINK_LOGIC/LC_CPUWR_HV2M23/R_REG_31_reg_2_/CK u_LOGIC_CENTER/LINK_LOGIC/LC_CPUWR_HV2M23/R_REG_2_reg_0_/CK u_LOGIC_CENTER/LINK_LOGIC/LC_CPUWR_HV2M23/R_REG_43_reg_2_/CK u_LOGIC_CENTER/LINK_LOGIC/LC_CPUWR_HV2M23/R_REG_33_reg_1_/CK u_LOGIC_CENTER/LINK_LOGIC/LC_CPUWR_HV2M23/R_REG_1_reg_4_/CK u_LOGIC_CENTER/LINK_LOGIC/LC_CPUWR_HV2M23/R_REG_10_reg_1_/CK u_LOGIC_CENTER/LINK_LOGIC/LC_CPUWR_HV2M23/R_REG_60_reg_1_/CK u_LOGIC_CENTER/LINK_LOGIC/LC_CPUWR_HV2M23/R_REG_45_reg_1_/CK u_LOGIC_CENTER/LINK_LOGIC/LC_CPUWR_HV2M23/R_REG_11_reg_7_/CK u_LOGIC_CENTER/LINK_LOGIC/LC_CPUWR_HV2M23/R_REG_50_reg_0_/CK u_LOGIC_CENTER/LINK_LOGIC/LC_CPUWR_HV2M23/R_REG_47_reg_3_/CK u_LOGIC_CENTER/LINK_LOGIC/LC_CPUWR_HV2M23/R_REG_35_reg_0_/CK u_LOGIC_CENTER/LINK_LOGIC/LC_CPUWR_HV2M23/R_REG_3_reg_3_/CK u_LOGIC_CENTER/LINK_LOGIC/LC_CPUWR_HV2M23/R_REG_34_reg_4_/CK u_LOGIC_CENTER/LINK_LOGIC/LC_CPUWR_HV2M23/R_REG_12_reg_0_/CK u_LOGIC_CENTER/LINK_LOGIC/LC_CPUWR_HV2M23/R_REG_49_reg_2_/CK u_LOGIC_CENTER/LINK_LOGIC/LC_CPUWR_HV2M23/R_REG_5_reg_2_/CK u_LOGIC_CENTER/LINK_LOGIC/LC_CPUWR_HV2M23/R_REG_7_reg_4_/CK u_LOGIC_CENTER/LINK_LOGIC/LC_CPUWR_HV2M23/R_REG_48_reg_6_/CK u_LOGIC_CENTER/LINK_LOGIC/LC_CPUWR_HV2M23/R_REG_41_reg_2_/CK u_LOGIC_CENTER/LINK_LOGIC/LC_CPUWR_HV2M23/R_REG_31_reg_1_/CK u_LOGIC_CENTER/LINK_LOGIC/LC_CPUWR_HV2M23/R_REG_38_reg_5_/CK u_LOGIC_CENTER/LINK_LOGIC/LC_CPUWR_HV2M23/R_REG_7_reg_0_/CK u_LOGIC_CENTER/LINK_LOGIC/LC_CPUWR_HV2M23/R_REG_12_reg_6_/CK u_LOGIC_CENTER/LINK_LOGIC/LC_CPUWR_HV2M23/R_REG_48_reg_2_/CK u_LOGIC_CENTER/LINK_LOGIC/LC_CPUWR_HV2M23/R_REG_38_reg_1_/CK u_LOGIC_CENTER/LINK_LOGIC/LC_CPUWR_HV2M23/R_REG_40_reg_2_/CK u_LOGIC_CENTER/LINK_LOGIC/LC_CPUWR_HV2M23/R_REG_42_reg_4_/CK u_LOGIC_CENTER/LINK_LOGIC/LC_CPUWR_HV2M23/R_REG_8_reg_3_/CK u_LOGIC_CENTER/LINK_LOGIC/LC_CPUWR_HV2M23/R_REG_39_reg_4_/CK u_LOGIC_CENTER/LINK_LOGIC/LC_CPUWR_HV2M23/R_REG_44_reg_3_/CK u_LOGIC_CENTER/LINK_LOGIC/LC_CPUWR_HV2M23/R_REG_32_reg_0_/CK u_LOGIC_CENTER/LINK_LOGIC/LC_CPUWR_HV2M23/R_REG_2_reg_5_/CK u_LOGIC_CENTER/LINK_LOGIC/LC_CPUWR_HV2M23/R_REG_43_reg_7_/CK u_LOGIC_CENTER/LINK_LOGIC/LC_CPUWR_HV2M23/R_REG_11_reg_2_/CK u_LOGIC_CENTER/LINK_LOGIC/LC_CPUWR_HV2M23/R_REG_10_reg_6_/CK u_LOGIC_CENTER/LINK_LOGIC/LC_CPUWR_HV2M23/R_REG_36_reg_1_/CK u_LOGIC_CENTER/LINK_LOGIC/LC_CPUWR_HV2M23/R_REG_4_reg_4_/CK u_LOGIC_CENTER/LINK_LOGIC/LC_CPUWR_HV2M23/R_REG_60_reg_6_/CK u_LOGIC_CENTER/LINK_LOGIC/LC_CPUWR_HV2M23/R_REG_50_reg_5_/CK u_LOGIC_CENTER/LINK_LOGIC/LC_CPUWR_HV2M23/R_REG_35_reg_5_/CK u_LOGIC_CENTER/LINK_LOGIC/LC_CPUWR_HV2M23/R_REG_12_reg_5_/CK u_LOGIC_CENTER/LINK_LOGIC/LC_CPUWR_HV2M23/R_REG_48_reg_1_/CK u_LOGIC_CENTER/LINK_LOGIC/LC_CPUWR_HV2M23/R_REG_38_reg_0_/CK u_LOGIC_CENTER/LINK_LOGIC/LC_CPUWR_HV2M23/R_REG_6_reg_3_/CK u_LOGIC_CENTER/LINK_LOGIC/LC_CPUWR_HV2M23/R_REG_40_reg_1_/CK u_LOGIC_CENTER/LINK_LOGIC/LC_CPUWR_HV2M23/R_REG_49_reg_7_/CK u_LOGIC_CENTER/LINK_LOGIC/LC_CPUWR_HV2M23/R_REG_5_reg_7_/CK u_LOGIC_CENTER/LINK_LOGIC/LC_CPUWR_HV2M23/R_REG_8_reg_2_/CK u_LOGIC_CENTER/LINK_LOGIC/LC_CPUWR_HV2M23/R_REG_44_reg_2_/CK u_LOGIC_CENTER/LINK_LOGIC/LC_CPUWR_HV2M23/R_REG_2_reg_4_/CK u_LOGIC_CENTER/LINK_LOGIC/LC_CPUWR_HV2M23/R_REG_11_reg_1_/CK u_LOGIC_CENTER/LINK_LOGIC/LC_CPUWR_HV2M23/R_REG_10_reg_5_/CK u_LOGIC_CENTER/LINK_LOGIC/LC_CPUWR_HV2M23/R_REG_36_reg_0_/CK u_LOGIC_CENTER/LINK_LOGIC/LC_CPUWR_HV2M23/R_REG_4_reg_3_/CK u_LOGIC_CENTER/LINK_LOGIC/LC_CPUWR_HV2M23/R_REG_60_reg_5_/CK u_LOGIC_CENTER/LINK_LOGIC/LC_CPUWR_HV2M23/R_REG_45_reg_5_/CK u_LOGIC_CENTER/LINK_LOGIC/LC_CPUWR_HV2M23/R_REG_50_reg_4_/CK u_LOGIC_CENTER/LINK_LOGIC/LC_CPUWR_HV2M23/R_REG_35_reg_4_/CK u_LOGIC_CENTER/LINK_LOGIC/LC_CPUWR_HV2M23/R_REG_3_reg_7_/CK u_LOGIC_CENTER/LINK_LOGIC/LC_CPUWR_HV2M23/R_REG_12_reg_4_/CK u_LOGIC_CENTER/LINK_LOGIC/LC_CPUWR_HV2M23/R_REG_48_reg_0_/CK u_LOGIC_CENTER/LINK_LOGIC/LC_CPUWR_HV2M23/R_REG_6_reg_2_/CK u_LOGIC_CENTER/LINK_LOGIC/LC_CPUWR_HV2M23/R_REG_40_reg_0_/CK u_LOGIC_CENTER/LINK_LOGIC/LC_CPUWR_HV2M23/R_REG_49_reg_6_/CK u_LOGIC_CENTER/LINK_LOGIC/LC_CPUWR_HV2M23/R_REG_37_reg_3_/CK u_LOGIC_CENTER/LINK_LOGIC/LC_CPUWR_HV2M23/R_REG_35_reg_6_/CK u_LOGIC_CENTER/LINK_LOGIC/LC_CPUWR_HV2M23/R_REG_60_reg_7_/CK u_LOGIC_CENTER/LINK_LOGIC/LC_CPUWR_HV2M23/R_REG_36_reg_2_/CK u_LOGIC_CENTER/LINK_LOGIC/LC_CPUWR_HV2M23/R_REG_34_reg_0_/CK u_LOGIC_CENTER/LINK_LOGIC/LC_CPUWR_HV2M23/R_REG_10_reg_7_/CK u_LOGIC_CENTER/LINK_LOGIC/LC_CPUWR_HV2M23/R_REG_39_reg_5_/CK u_LOGIC_CENTER/LINK_LOGIC/LC_CPUWR_HV2M23/R_REG_8_reg_4_/CK u_LOGIC_CENTER/LINK_LOGIC/LC_CPUWR_HV2M23/R_REG_9_reg_0_/CK u_LOGIC_CENTER/LINK_LOGIC/LC_CPUWR_HV2M23/R_REG_38_reg_2_/CK u_LOGIC_CENTER/LINK_LOGIC/LC_CPUWR_HV2M23/R_REG_46_reg_4_/CK u_LOGIC_CENTER/LINK_LOGIC/LC_CPUWR_HV2M23/R_REG_47_reg_0_/CK u_LOGIC_CENTER/LINK_LOGIC/LC_CPUWR_HV2M23/R_REG_2_reg_7_/CK u_LOGIC_CENTER/LINK_LOGIC/LC_CPUWR_HV2M23/R_REG_32_reg_2_/CK u_LOGIC_CENTER/LINK_LOGIC/LC_CPUWR_HV2M23/R_REG_44_reg_5_/CK u_LOGIC_CENTER/LINK_LOGIC/LC_CPUWR_HV2M23/R_REG_1_reg_1_/CK u_LOGIC_CENTER/LINK_LOGIC/LC_CPUWR_HV2M23/R_REG_36_reg_5_/CK u_LOGIC_CENTER/LINK_LOGIC/LC_CPUWR_HV2M23/R_REG_34_reg_3_/CK u_LOGIC_CENTER/LINK_LOGIC/LC_CPUWR_HV2M23/R_REG_3_reg_2_/CK u_LOGIC_CENTER/LINK_LOGIC/LC_CPUWR_HV2M23/R_REG_4_reg_5_/CK u_LOGIC_CENTER/LINK_LOGIC/LC_CPUWR_HV2M23/R_REG_11_reg_3_/CK u_LOGIC_CENTER/LINK_LOGIC/LC_CPUWR_HV2M23/R_REG_2_reg_6_/CK u_LOGIC_CENTER/LINK_LOGIC/LC_CPUWR_HV2M23/R_REG_0_reg_4_/CK u_LOGIC_CENTER/LINK_LOGIC/LC_CPUWR_HV2M23/R_REG_32_reg_1_/CK u_LOGIC_CENTER/LINK_LOGIC/LC_CPUWR_HV2M23/R_REG_44_reg_4_/CK u_LOGIC_CENTER/LINK_LOGIC/LC_CPUWR_HV2M23/R_REG_1_reg_0_/CK u_LOGIC_CENTER/LINK_LOGIC/LC_CPUWR_HV2M23/R_REG_42_reg_5_/CK u_LOGIC_CENTER/LINK_LOGIC/LC_CPUWR_HV2M23/R_REG_48_reg_3_/CK u_LOGIC_CENTER/LINK_LOGIC/LC_CPUWR_HV2M23/R_REG_12_reg_7_/CK u_LOGIC_CENTER/LINK_LOGIC/LC_CPUWR_HV2M23/R_REG_7_reg_1_/CK u_LOGIC_CENTER/LINK_LOGIC/LC_CPUWR_HV2M23/R_REG_35_reg_7_/CK u_LOGIC_CENTER/LINK_LOGIC/LC_CPUWR_HV2M23/R_REG_50_reg_7_/CK u_LOGIC_CENTER/LINK_LOGIC/LC_CPUWR_HV2M23/R_REG_4_reg_6_/CK u_LOGIC_CENTER/LINK_LOGIC/LC_CPUWR_HV2M23/R_REG_36_reg_3_/CK u_LOGIC_CENTER/LINK_LOGIC/LC_CPUWR_HV2M23/R_REG_34_reg_1_/CK u_LOGIC_CENTER/LINK_LOGIC/LC_CPUWR_HV2M23/R_REG_3_reg_0_/CK u_LOGIC_CENTER/LINK_LOGIC/LC_CPUWR_HV2M23/R_REG_11_reg_4_/CK u_LOGIC_CENTER/LINK_LOGIC/LC_CPUWR_HV2M23/R_REG_39_reg_6_/CK u_LOGIC_CENTER/LINK_LOGIC/LC_CPUWR_HV2M23/R_REG_9_reg_1_/CK u_LOGIC_CENTER/LINK_LOGIC/LC_CPUWR_HV2M23/R_REG_42_reg_6_/CK u_LOGIC_CENTER/LINK_LOGIC/LC_CPUWR_HV2M23/R_REG_40_reg_4_/CK u_LOGIC_CENTER/LINK_LOGIC/LC_CPUWR_HV2M23/R_REG_41_reg_0_/CK u_LOGIC_CENTER/LINK_LOGIC/LC_CPUWR_HV2M23/R_REG_48_reg_4_/CK u_LOGIC_CENTER/LINK_LOGIC/LC_CPUWR_HV2M23/R_REG_7_reg_2_/CK u_LOGIC_CENTER/LINK_LOGIC/LC_CPUWR_HV2M23/R_REG_5_reg_0_/CK u_LOGIC_CENTER/LINK_LOGIC/LC_CPUWR_HV2M23/R_REG_49_reg_0_/CK u_LOGIC_CENTER/LINK_LOGIC/LC_CPUWR_HV2M23/R_REG_4_reg_7_/CK u_LOGIC_CENTER/LINK_LOGIC/LC_CPUWR_HV2M23/R_REG_36_reg_4_/CK u_LOGIC_CENTER/LINK_LOGIC/LC_CPUWR_HV2M23/R_REG_34_reg_2_/CK u_LOGIC_CENTER/LINK_LOGIC/LC_CPUWR_HV2M23/R_REG_3_reg_1_/CK u_LOGIC_CENTER/LINK_LOGIC/LC_CPUWR_HV2M23/R_REG_47_reg_1_/CK u_LOGIC_CENTER/LINK_LOGIC/LC_CPUWR_HV2M23/R_REG_11_reg_5_/CK u_LOGIC_CENTER/LINK_LOGIC/LC_CPUWR_HV2M23/R_REG_0_reg_6_/CK u_LOGIC_CENTER/LINK_LOGIC/LC_CPUWR_HV2M23/R_REG_32_reg_3_/CK u_LOGIC_CENTER/LINK_LOGIC/LC_CPUWR_HV2M23/R_REG_8_reg_6_/CK u_LOGIC_CENTER/LINK_LOGIC/LC_CPUWR_HV2M23/R_REG_1_reg_2_/CK u_LOGIC_CENTER/LINK_LOGIC/LC_CPUWR_HV2M23/R_REG_43_reg_0_/CK u_LOGIC_CENTER/LINK_LOGIC/LC_CPUWR_HV2M23/R_REG_9_reg_2_/CK u_LOGIC_CENTER/LINK_LOGIC/LC_CPUWR_HV2M23/R_REG_40_reg_5_/CK u_LOGIC_CENTER/LINK_LOGIC/LC_CPUWR_HV2M23/R_REG_31_reg_0_/CK u_LOGIC_CENTER/LINK_LOGIC/LC_CPUWR_HV2M23/R_REG_47_reg_2_/CK u_LOGIC_CENTER/LINK_LOGIC/LC_CPUWR_HV2M23/R_REG_0_reg_5_/CK u_LOGIC_CENTER/LINK_LOGIC/LC_CPUWR_HV2M23/R_REG_8_reg_5_/CK u_LOGIC_CENTER/LINK_LOGIC/LC_CPUWR_HV2M23/R_REG_46_reg_5_/CK u_LOGIC_CENTER/LINK_LOGIC/LC_CPUWR_HV2M23/R_REG_38_reg_4_/CK u_LOGIC_CENTER/LINK_LOGIC/LC_CPUWR_HV2M23/R_REG_41_reg_1_/CK u_LOGIC_CENTER/LINK_LOGIC/LC_CPUWR_HV2M23/R_REG_48_reg_5_/CK u_LOGIC_CENTER/LINK_LOGIC/LC_CPUWR_HV2M23/R_REG_7_reg_3_/CK u_LOGIC_CENTER/LINK_LOGIC/LC_CPUWR_HV2M23/R_REG_5_reg_1_/CK u_LOGIC_CENTER/LINK_LOGIC/LC_CPUWR_HV2M23/R_REG_49_reg_1_/CK u_LOGIC_CENTER/LINK_LOGIC/LC_CPUWR_HV2M23/R_REG_46_reg_6_/CK u_LOGIC_CENTER/LINK_LOGIC/LC_CPUWR_HV2M23/R_REG_42_reg_2_/CK u_LOGIC_CENTER/LINK_LOGIC/LC_CPUWR_HV2M23/R_REG_5_reg_6_/CK u_LOGIC_CENTER/LINK_LOGIC/LC_CPUWR_HV2M23/R_REG_41_reg_6_/CK u_LOGIC_CENTER/LINK_LOGIC/LC_CPUWR_HV2M23/R_REG_31_reg_5_/CK u_LOGIC_CENTER/LINK_LOGIC/LC_CPUWR_HV2M23/R_REG_8_reg_1_/CK u_LOGIC_CENTER/LINK_LOGIC/LC_CPUWR_HV2M23/R_REG_39_reg_2_/CK u_LOGIC_CENTER/LINK_LOGIC/LC_CPUWR_HV2M23/R_REG_44_reg_1_/CK u_LOGIC_CENTER/LINK_LOGIC/LC_CPUWR_HV2M23/R_REG_2_reg_3_/CK u_LOGIC_CENTER/LINK_LOGIC/LC_CPUWR_HV2M23/R_REG_43_reg_5_/CK u_LOGIC_CENTER/LINK_LOGIC/LC_CPUWR_HV2M23/R_REG_11_reg_0_/CK u_LOGIC_CENTER/LINK_LOGIC/LC_CPUWR_HV2M23/R_REG_1_reg_7_/CK u_LOGIC_CENTER/LINK_LOGIC/LC_CPUWR_HV2M23/R_REG_40_reg_6_/CK u_LOGIC_CENTER/LINK_LOGIC/LC_CPUWR_HV2M23/R_REG_9_reg_3_/CK u_LOGIC_CENTER/LINK_LOGIC/LC_CPUWR_HV2M23/R_REG_43_reg_1_/CK u_LOGIC_CENTER/LINK_LOGIC/LC_CPUWR_HV2M23/R_REG_33_reg_0_/CK u_LOGIC_CENTER/LINK_LOGIC/LC_CPUWR_HV2M23/R_REG_1_reg_3_/CK u_LOGIC_CENTER/LINK_LOGIC/LC_CPUWR_HV2M23/R_REG_8_reg_7_/CK u_LOGIC_CENTER/LINK_LOGIC/LC_CPUWR_HV2M23/R_REG_0_reg_7_/CK u_LOGIC_CENTER/LINK_LOGIC/LC_CPUWR_HV2M23/R_REG_60_reg_0_/CK u_LOGIC_CENTER/LINK_LOGIC/LC_CPUWR_HV2M23/R_REG_45_reg_0_/CK u_LOGIC_CENTER/LINK_LOGIC/LC_CPUWR_HV2M23/R_REG_11_reg_6_/CK}] 
#@ set_false_path -from [get_pins {u_LOGIC_CENTER/LINK_LOGIC/LC_CPUWR_HV2M23/R_EMI_DLY[1] u_LOGIC_CENTER/LINK_LOGIC/LC_CPUWR_HV2M23/R_EMI_DLY[0] u_LOGIC_CENTER/LINK_LOGIC/LC_CPUWR_HV2M23/R_EMI_BYPASS u_LOGIC_CENTER/LINK_LOGIC/LC_CPUWR_HV2M23/R_CH12_HIZ u_LOGIC_CENTER/LINK_LOGIC/LC_CPUWR_HV2M23/R_CH34_HIZ u_LOGIC_CENTER/LINK_LOGIC/LC_CPUWR_HV2M23/R_PD_GOP u_LOGIC_CENTER/LINK_LOGIC/LC_CPUWR_HV2M23/R_PD_GBIAS u_LOGIC_CENTER/LINK_LOGIC/LC_CPUWR_HV2M23/R_VGMAI_SEL u_LOGIC_CENTER/LINK_LOGIC/LC_CPUWR_HV2M23/R_S6B8B u_LOGIC_CENTER/LINK_LOGIC/LC_CPUWR_HV2M23/R_GMA_S u_LOGIC_CENTER/LINK_LOGIC/LC_CPUWR_HV2M23/R_GMA_MON u_LOGIC_CENTER/LINK_LOGIC/LC_CPUWR_HV2M23/R_GMA_LEAK u_LOGIC_CENTER/LINK_LOGIC/LC_CPUWR_HV2M23/R_PWRC_GOP[1] u_LOGIC_CENTER/LINK_LOGIC/LC_CPUWR_HV2M23/R_PWRC_GOP[0] u_LOGIC_CENTER/LINK_LOGIC/LC_CPUWR_HV2M23/R_PTAT_EN u_LOGIC_CENTER/LINK_LOGIC/LC_CPUWR_HV2M23/R_MON_DC_VOL[2] u_LOGIC_CENTER/LINK_LOGIC/LC_CPUWR_HV2M23/R_MON_DC_VOL[1] u_LOGIC_CENTER/LINK_LOGIC/LC_CPUWR_HV2M23/R_MON_DC_VOL[0] u_LOGIC_CENTER/LINK_LOGIC/LC_CPUWR_HV2M23/R_UTC[3] u_LOGIC_CENTER/LINK_LOGIC/LC_CPUWR_HV2M23/R_UTC[2] u_LOGIC_CENTER/LINK_LOGIC/LC_CPUWR_HV2M23/R_UTC[1] u_LOGIC_CENTER/LINK_LOGIC/LC_CPUWR_HV2M23/R_UTC[0] u_LOGIC_CENTER/LINK_LOGIC/LC_CPUWR_HV2M23/R_MARK_6PIX u_LOGIC_CENTER/LINK_LOGIC/LC_CPUWR_HV2M23/R_FRM_CHK_MODE u_LOGIC_CENTER/LINK_LOGIC/LC_CPUWR_HV2M23/R_BAC}] 
#@ set_false_path -from [get_pins {u_LOGIC_CENTER/LINK_LOGIC/LC_CPUWR_HV2M23_VGMA/R_REG_25_reg_3_/CK u_LOGIC_CENTER/LINK_LOGIC/LC_CPUWR_HV2M23_VGMA/R_REG_19_reg_7_/CK u_LOGIC_CENTER/LINK_LOGIC/LC_CPUWR_HV2M23_VGMA/R_REG_30_reg_4_/CK u_LOGIC_CENTER/LINK_LOGIC/LC_CPUWR_HV2M23_VGMA/R_REG_16_reg_3_/CK u_LOGIC_CENTER/LINK_LOGIC/LC_CPUWR_HV2M23_VGMA/R_REG_21_reg_4_/CK u_LOGIC_CENTER/LINK_LOGIC/LC_CPUWR_HV2M23_VGMA/R_REG_28_reg_0_/CK u_LOGIC_CENTER/LINK_LOGIC/LC_CPUWR_HV2M23_VGMA/R_REG_27_reg_7_/CK u_LOGIC_CENTER/LINK_LOGIC/LC_CPUWR_HV2M23_VGMA/R_REG_19_reg_2_/CK u_LOGIC_CENTER/LINK_LOGIC/LC_CPUWR_HV2M23_VGMA/R_REG_24_reg_3_/CK u_LOGIC_CENTER/LINK_LOGIC/LC_CPUWR_HV2M23_VGMA/R_REG_18_reg_7_/CK u_LOGIC_CENTER/LINK_LOGIC/LC_CPUWR_HV2M23_VGMA/R_REG_15_reg_3_/CK u_LOGIC_CENTER/LINK_LOGIC/LC_CPUWR_HV2M23_VGMA/R_REG_20_reg_6_/CK u_LOGIC_CENTER/LINK_LOGIC/LC_CPUWR_HV2M23_VGMA/R_REG_27_reg_2_/CK u_LOGIC_CENTER/LINK_LOGIC/LC_CPUWR_HV2M23_VGMA/R_REG_26_reg_7_/CK u_LOGIC_CENTER/LINK_LOGIC/LC_CPUWR_HV2M23_VGMA/R_REG_18_reg_2_/CK u_LOGIC_CENTER/LINK_LOGIC/LC_CPUWR_HV2M23_VGMA/R_REG_23_reg_3_/CK u_LOGIC_CENTER/LINK_LOGIC/LC_CPUWR_HV2M23_VGMA/R_REG_17_reg_7_/CK u_LOGIC_CENTER/LINK_LOGIC/LC_CPUWR_HV2M23_VGMA/R_REG_29_reg_6_/CK u_LOGIC_CENTER/LINK_LOGIC/LC_CPUWR_HV2M23_VGMA/R_REG_20_reg_1_/CK u_LOGIC_CENTER/LINK_LOGIC/LC_CPUWR_HV2M23_VGMA/R_REG_14_reg_5_/CK u_LOGIC_CENTER/LINK_LOGIC/LC_CPUWR_HV2M23_VGMA/R_REG_26_reg_2_/CK u_LOGIC_CENTER/LINK_LOGIC/LC_CPUWR_HV2M23_VGMA/R_REG_22_reg_5_/CK u_LOGIC_CENTER/LINK_LOGIC/LC_CPUWR_HV2M23_VGMA/R_REG_17_reg_2_/CK u_LOGIC_CENTER/LINK_LOGIC/LC_CPUWR_HV2M23_VGMA/R_REG_29_reg_1_/CK u_LOGIC_CENTER/LINK_LOGIC/LC_CPUWR_HV2M23_VGMA/R_REG_14_reg_0_/CK u_LOGIC_CENTER/LINK_LOGIC/LC_CPUWR_HV2M23_VGMA/R_REG_13_reg_5_/CK u_LOGIC_CENTER/LINK_LOGIC/LC_CPUWR_HV2M23_VGMA/R_REG_28_reg_6_/CK u_LOGIC_CENTER/LINK_LOGIC/LC_CPUWR_HV2M23_VGMA/R_REG_25_reg_4_/CK u_LOGIC_CENTER/LINK_LOGIC/LC_CPUWR_HV2M23_VGMA/R_REG_30_reg_5_/CK u_LOGIC_CENTER/LINK_LOGIC/LC_CPUWR_HV2M23_VGMA/R_REG_22_reg_0_/CK u_LOGIC_CENTER/LINK_LOGIC/LC_CPUWR_HV2M23_VGMA/R_REG_16_reg_4_/CK u_LOGIC_CENTER/LINK_LOGIC/LC_CPUWR_HV2M23_VGMA/R_REG_21_reg_5_/CK u_LOGIC_CENTER/LINK_LOGIC/LC_CPUWR_HV2M23_VGMA/R_REG_13_reg_0_/CK u_LOGIC_CENTER/LINK_LOGIC/LC_CPUWR_HV2M23_VGMA/R_REG_28_reg_1_/CK u_LOGIC_CENTER/LINK_LOGIC/LC_CPUWR_HV2M23_VGMA/R_REG_19_reg_3_/CK u_LOGIC_CENTER/LINK_LOGIC/LC_CPUWR_HV2M23_VGMA/R_REG_30_reg_0_/CK u_LOGIC_CENTER/LINK_LOGIC/LC_CPUWR_HV2M23_VGMA/R_REG_24_reg_4_/CK u_LOGIC_CENTER/LINK_LOGIC/LC_CPUWR_HV2M23_VGMA/R_REG_20_reg_7_/CK u_LOGIC_CENTER/LINK_LOGIC/LC_CPUWR_HV2M23_VGMA/R_REG_21_reg_0_/CK u_LOGIC_CENTER/LINK_LOGIC/LC_CPUWR_HV2M23_VGMA/R_REG_15_reg_4_/CK u_LOGIC_CENTER/LINK_LOGIC/LC_CPUWR_HV2M23_VGMA/R_REG_27_reg_3_/CK u_LOGIC_CENTER/LINK_LOGIC/LC_CPUWR_HV2M23_VGMA/R_REG_18_reg_3_/CK u_LOGIC_CENTER/LINK_LOGIC/LC_CPUWR_HV2M23_VGMA/R_REG_23_reg_4_/CK u_LOGIC_CENTER/LINK_LOGIC/LC_CPUWR_HV2M23_VGMA/R_REG_29_reg_7_/CK u_LOGIC_CENTER/LINK_LOGIC/LC_CPUWR_HV2M23_VGMA/R_REG_20_reg_2_/CK u_LOGIC_CENTER/LINK_LOGIC/LC_CPUWR_HV2M23_VGMA/R_REG_14_reg_6_/CK u_LOGIC_CENTER/LINK_LOGIC/LC_CPUWR_HV2M23_VGMA/R_REG_26_reg_3_/CK u_LOGIC_CENTER/LINK_LOGIC/LC_CPUWR_HV2M23_VGMA/R_REG_17_reg_3_/CK u_LOGIC_CENTER/LINK_LOGIC/LC_CPUWR_HV2M23_VGMA/R_REG_22_reg_6_/CK u_LOGIC_CENTER/LINK_LOGIC/LC_CPUWR_HV2M23_VGMA/R_REG_29_reg_2_/CK u_LOGIC_CENTER/LINK_LOGIC/LC_CPUWR_HV2M23_VGMA/R_REG_14_reg_1_/CK u_LOGIC_CENTER/LINK_LOGIC/LC_CPUWR_HV2M23_VGMA/R_REG_28_reg_7_/CK u_LOGIC_CENTER/LINK_LOGIC/LC_CPUWR_HV2M23_VGMA/R_REG_13_reg_6_/CK u_LOGIC_CENTER/LINK_LOGIC/LC_CPUWR_HV2M23_VGMA/R_REG_25_reg_5_/CK u_LOGIC_CENTER/LINK_LOGIC/LC_CPUWR_HV2M23_VGMA/R_REG_30_reg_6_/CK u_LOGIC_CENTER/LINK_LOGIC/LC_CPUWR_HV2M23_VGMA/R_REG_22_reg_1_/CK u_LOGIC_CENTER/LINK_LOGIC/LC_CPUWR_HV2M23_VGMA/R_REG_16_reg_5_/CK u_LOGIC_CENTER/LINK_LOGIC/LC_CPUWR_HV2M23_VGMA/R_REG_21_reg_6_/CK u_LOGIC_CENTER/LINK_LOGIC/LC_CPUWR_HV2M23_VGMA/R_REG_28_reg_2_/CK u_LOGIC_CENTER/LINK_LOGIC/LC_CPUWR_HV2M23_VGMA/R_REG_13_reg_1_/CK u_LOGIC_CENTER/LINK_LOGIC/LC_CPUWR_HV2M23_VGMA/R_REG_25_reg_0_/CK u_LOGIC_CENTER/LINK_LOGIC/LC_CPUWR_HV2M23_VGMA/R_REG_19_reg_4_/CK u_LOGIC_CENTER/LINK_LOGIC/LC_CPUWR_HV2M23_VGMA/R_REG_30_reg_1_/CK u_LOGIC_CENTER/LINK_LOGIC/LC_CPUWR_HV2M23_VGMA/R_REG_24_reg_5_/CK u_LOGIC_CENTER/LINK_LOGIC/LC_CPUWR_HV2M23_VGMA/R_REG_16_reg_0_/CK u_LOGIC_CENTER/LINK_LOGIC/LC_CPUWR_HV2M23_VGMA/R_REG_21_reg_1_/CK u_LOGIC_CENTER/LINK_LOGIC/LC_CPUWR_HV2M23_VGMA/R_REG_15_reg_5_/CK u_LOGIC_CENTER/LINK_LOGIC/LC_CPUWR_HV2M23_VGMA/R_REG_27_reg_4_/CK u_LOGIC_CENTER/LINK_LOGIC/LC_CPUWR_HV2M23_VGMA/R_REG_24_reg_0_/CK u_LOGIC_CENTER/LINK_LOGIC/LC_CPUWR_HV2M23_VGMA/R_REG_18_reg_4_/CK u_LOGIC_CENTER/LINK_LOGIC/LC_CPUWR_HV2M23_VGMA/R_REG_23_reg_5_/CK u_LOGIC_CENTER/LINK_LOGIC/LC_CPUWR_HV2M23_VGMA/R_REG_20_reg_3_/CK u_LOGIC_CENTER/LINK_LOGIC/LC_CPUWR_HV2M23_VGMA/R_REG_14_reg_7_/CK u_LOGIC_CENTER/LINK_LOGIC/LC_CPUWR_HV2M23_VGMA/R_REG_15_reg_0_/CK u_LOGIC_CENTER/LINK_LOGIC/LC_CPUWR_HV2M23_VGMA/R_REG_26_reg_4_/CK u_LOGIC_CENTER/LINK_LOGIC/LC_CPUWR_HV2M23_VGMA/R_REG_22_reg_7_/CK u_LOGIC_CENTER/LINK_LOGIC/LC_CPUWR_HV2M23_VGMA/R_REG_23_reg_0_/CK u_LOGIC_CENTER/LINK_LOGIC/LC_CPUWR_HV2M23_VGMA/R_REG_17_reg_4_/CK u_LOGIC_CENTER/LINK_LOGIC/LC_CPUWR_HV2M23_VGMA/R_REG_29_reg_3_/CK u_LOGIC_CENTER/LINK_LOGIC/LC_CPUWR_HV2M23_VGMA/R_REG_14_reg_2_/CK u_LOGIC_CENTER/LINK_LOGIC/LC_CPUWR_HV2M23_VGMA/R_REG_13_reg_7_/CK u_LOGIC_CENTER/LINK_LOGIC/LC_CPUWR_HV2M23_VGMA/R_REG_25_reg_6_/CK u_LOGIC_CENTER/LINK_LOGIC/LC_CPUWR_HV2M23_VGMA/R_REG_30_reg_7_/CK u_LOGIC_CENTER/LINK_LOGIC/LC_CPUWR_HV2M23_VGMA/R_REG_22_reg_2_/CK u_LOGIC_CENTER/LINK_LOGIC/LC_CPUWR_HV2M23_VGMA/R_REG_16_reg_6_/CK u_LOGIC_CENTER/LINK_LOGIC/LC_CPUWR_HV2M23_VGMA/R_REG_21_reg_7_/CK u_LOGIC_CENTER/LINK_LOGIC/LC_CPUWR_HV2M23_VGMA/R_REG_28_reg_3_/CK u_LOGIC_CENTER/LINK_LOGIC/LC_CPUWR_HV2M23_VGMA/R_REG_13_reg_2_/CK u_LOGIC_CENTER/LINK_LOGIC/LC_CPUWR_HV2M23_VGMA/R_REG_25_reg_1_/CK u_LOGIC_CENTER/LINK_LOGIC/LC_CPUWR_HV2M23_VGMA/R_REG_19_reg_5_/CK u_LOGIC_CENTER/LINK_LOGIC/LC_CPUWR_HV2M23_VGMA/R_REG_30_reg_2_/CK u_LOGIC_CENTER/LINK_LOGIC/LC_CPUWR_HV2M23_VGMA/R_REG_24_reg_6_/CK u_LOGIC_CENTER/LINK_LOGIC/LC_CPUWR_HV2M23_VGMA/R_REG_16_reg_1_/CK u_LOGIC_CENTER/LINK_LOGIC/LC_CPUWR_HV2M23_VGMA/R_REG_21_reg_2_/CK u_LOGIC_CENTER/LINK_LOGIC/LC_CPUWR_HV2M23_VGMA/R_REG_15_reg_6_/CK u_LOGIC_CENTER/LINK_LOGIC/LC_CPUWR_HV2M23_VGMA/R_REG_27_reg_5_/CK u_LOGIC_CENTER/LINK_LOGIC/LC_CPUWR_HV2M23_VGMA/R_REG_19_reg_0_/CK u_LOGIC_CENTER/LINK_LOGIC/LC_CPUWR_HV2M23_VGMA/R_REG_24_reg_1_/CK u_LOGIC_CENTER/LINK_LOGIC/LC_CPUWR_HV2M23_VGMA/R_REG_18_reg_5_/CK u_LOGIC_CENTER/LINK_LOGIC/LC_CPUWR_HV2M23_VGMA/R_REG_23_reg_6_/CK u_LOGIC_CENTER/LINK_LOGIC/LC_CPUWR_HV2M23_VGMA/R_REG_20_reg_4_/CK u_LOGIC_CENTER/LINK_LOGIC/LC_CPUWR_HV2M23_VGMA/R_REG_15_reg_1_/CK u_LOGIC_CENTER/LINK_LOGIC/LC_CPUWR_HV2M23_VGMA/R_REG_27_reg_0_/CK u_LOGIC_CENTER/LINK_LOGIC/LC_CPUWR_HV2M23_VGMA/R_REG_26_reg_5_/CK u_LOGIC_CENTER/LINK_LOGIC/LC_CPUWR_HV2M23_VGMA/R_REG_18_reg_0_/CK u_LOGIC_CENTER/LINK_LOGIC/LC_CPUWR_HV2M23_VGMA/R_REG_23_reg_1_/CK u_LOGIC_CENTER/LINK_LOGIC/LC_CPUWR_HV2M23_VGMA/R_REG_17_reg_5_/CK u_LOGIC_CENTER/LINK_LOGIC/LC_CPUWR_HV2M23_VGMA/R_REG_29_reg_4_/CK u_LOGIC_CENTER/LINK_LOGIC/LC_CPUWR_HV2M23_VGMA/R_REG_14_reg_3_/CK u_LOGIC_CENTER/LINK_LOGIC/LC_CPUWR_HV2M23_VGMA/R_REG_25_reg_7_/CK u_LOGIC_CENTER/LINK_LOGIC/LC_CPUWR_HV2M23_VGMA/R_REG_26_reg_0_/CK u_LOGIC_CENTER/LINK_LOGIC/LC_CPUWR_HV2M23_VGMA/R_REG_22_reg_3_/CK u_LOGIC_CENTER/LINK_LOGIC/LC_CPUWR_HV2M23_VGMA/R_REG_16_reg_7_/CK u_LOGIC_CENTER/LINK_LOGIC/LC_CPUWR_HV2M23_VGMA/R_REG_17_reg_0_/CK u_LOGIC_CENTER/LINK_LOGIC/LC_CPUWR_HV2M23_VGMA/R_REG_13_reg_3_/CK u_LOGIC_CENTER/LINK_LOGIC/LC_CPUWR_HV2M23_VGMA/R_REG_28_reg_4_/CK u_LOGIC_CENTER/LINK_LOGIC/LC_CPUWR_HV2M23_VGMA/R_REG_25_reg_2_/CK u_LOGIC_CENTER/LINK_LOGIC/LC_CPUWR_HV2M23_VGMA/R_REG_19_reg_6_/CK u_LOGIC_CENTER/LINK_LOGIC/LC_CPUWR_HV2M23_VGMA/R_REG_30_reg_3_/CK u_LOGIC_CENTER/LINK_LOGIC/LC_CPUWR_HV2M23_VGMA/R_REG_24_reg_7_/CK u_LOGIC_CENTER/LINK_LOGIC/LC_CPUWR_HV2M23_VGMA/R_REG_16_reg_2_/CK u_LOGIC_CENTER/LINK_LOGIC/LC_CPUWR_HV2M23_VGMA/R_REG_21_reg_3_/CK u_LOGIC_CENTER/LINK_LOGIC/LC_CPUWR_HV2M23_VGMA/R_REG_15_reg_7_/CK u_LOGIC_CENTER/LINK_LOGIC/LC_CPUWR_HV2M23_VGMA/R_REG_27_reg_6_/CK u_LOGIC_CENTER/LINK_LOGIC/LC_CPUWR_HV2M23_VGMA/R_REG_19_reg_1_/CK u_LOGIC_CENTER/LINK_LOGIC/LC_CPUWR_HV2M23_VGMA/R_REG_24_reg_2_/CK u_LOGIC_CENTER/LINK_LOGIC/LC_CPUWR_HV2M23_VGMA/R_REG_18_reg_6_/CK u_LOGIC_CENTER/LINK_LOGIC/LC_CPUWR_HV2M23_VGMA/R_REG_23_reg_7_/CK u_LOGIC_CENTER/LINK_LOGIC/LC_CPUWR_HV2M23_VGMA/R_REG_20_reg_5_/CK u_LOGIC_CENTER/LINK_LOGIC/LC_CPUWR_HV2M23_VGMA/R_REG_15_reg_2_/CK u_LOGIC_CENTER/LINK_LOGIC/LC_CPUWR_HV2M23_VGMA/R_REG_27_reg_1_/CK u_LOGIC_CENTER/LINK_LOGIC/LC_CPUWR_HV2M23_VGMA/R_REG_26_reg_6_/CK u_LOGIC_CENTER/LINK_LOGIC/LC_CPUWR_HV2M23_VGMA/R_REG_18_reg_1_/CK u_LOGIC_CENTER/LINK_LOGIC/LC_CPUWR_HV2M23_VGMA/R_REG_23_reg_2_/CK u_LOGIC_CENTER/LINK_LOGIC/LC_CPUWR_HV2M23_VGMA/R_REG_17_reg_6_/CK u_LOGIC_CENTER/LINK_LOGIC/LC_CPUWR_HV2M23_VGMA/R_REG_29_reg_5_/CK u_LOGIC_CENTER/LINK_LOGIC/LC_CPUWR_HV2M23_VGMA/R_REG_20_reg_0_/CK u_LOGIC_CENTER/LINK_LOGIC/LC_CPUWR_HV2M23_VGMA/R_REG_14_reg_4_/CK u_LOGIC_CENTER/LINK_LOGIC/LC_CPUWR_HV2M23_VGMA/R_REG_26_reg_1_/CK u_LOGIC_CENTER/LINK_LOGIC/LC_CPUWR_HV2M23_VGMA/R_REG_22_reg_4_/CK u_LOGIC_CENTER/LINK_LOGIC/LC_CPUWR_HV2M23_VGMA/R_REG_17_reg_1_/CK u_LOGIC_CENTER/LINK_LOGIC/LC_CPUWR_HV2M23_VGMA/R_REG_29_reg_0_/CK u_LOGIC_CENTER/LINK_LOGIC/LC_CPUWR_HV2M23_VGMA/R_REG_28_reg_5_/CK u_LOGIC_CENTER/LINK_LOGIC/LC_CPUWR_HV2M23_VGMA/R_REG_13_reg_4_/CK}] 
#@ set_false_path -from [get_pins {u_LOGIC_CENTER/LINK_LOGIC/LC_CSPIF_L0/SETTING_DET_reg/CK}] -to [get_pins {u_LOGIC_CENTER/CENTER1/TOTAL_DTCTL/DTCTL_L0/DBRON_reg/D u_LOGIC_CENTER/CENTER1/TOTAL_DTCTL/DTCTL_L0/DBRON_reg/RB}]
#@ set_false_path -from [get_pins {u_LOGIC_CENTER/LINK_LOGIC/LC_CSPIF_L0/SETTING_DET_reg/CK}] -to [get_pins {u_LOGIC_CENTER/CENTER1/TOTAL_DTCTL/DTCTL_L0/DBLON_reg/D u_LOGIC_CENTER/CENTER1/TOTAL_DTCTL/DTCTL_L0/DBLON_reg/RB}]
#@ set_false_path -from [get_pins {u_LOGIC_CENTER/LINK_LOGIC/LC_CSPIF_L0/SETTING_DET_reg/CK}] -to [get_pins {u_LOGIC_CENTER/CENTER1/TOTAL_DTCTL/DTCTL_L0/START_R_reg/D u_LOGIC_CENTER/CENTER1/TOTAL_DTCTL/DTCTL_L0/START_R_reg/RB}]
#@ set_false_path -from [get_pins {u_LOGIC_CENTER/LINK_LOGIC/LC_CSPIF_L0/SETTING_DET_reg/CK}] -to [get_pins {u_LOGIC_CENTER/CENTER1/TOTAL_DTCTL/DTCTL_L0/START_L_reg/D u_LOGIC_CENTER/CENTER1/TOTAL_DTCTL/DTCTL_L0/START_L_reg/RB}]
#@ set_false_path -from [get_pins {u_LOGIC_CENTER/LINK_LOGIC/LC_CSPIF_L0/SETTING_DET_reg/CK}] -to [get_pins {u_LOGIC_CENTER/CENTER1/TOTAL_DTCTL/DTCTL_L0/LS_reg/D u_LOGIC_CENTER/CENTER1/TOTAL_DTCTL/DTCTL_L0/LS_reg/RB}]
#@ set_false_path -from [get_pins {u_LOGIC_CENTER/LINK_LOGIC/LC_CSPIF_L0/SETTING_DET_reg/CK}] -to [get_pins {u_LOGIC_CENTER/CENTER1/TOTAL_DTCTL/DTCTL_L0/EN1_R_reg/D u_LOGIC_CENTER/CENTER1/TOTAL_DTCTL/DTCTL_L0/EN1_R_reg/RB}]
#@ set_false_path -from [get_pins {u_LOGIC_CENTER/LINK_LOGIC/LC_CSPIF_L0/SETTING_DET_reg/CK}] -to [get_pins {u_LOGIC_CENTER/CENTER1/TOTAL_DTCTL/DTCTL_L0/EN1_L_reg/D u_LOGIC_CENTER/CENTER1/TOTAL_DTCTL/DTCTL_L0/EN1_L_reg/RB}]
#@ set_false_path -from [get_pins {u_LOGIC_CENTER/LINK_LOGIC/LC_CSPIF_L0/POL_DET_reg/CK}] -to [get_pins {u_LOGIC_CENTER/CENTER1/TOTAL_DTCTL/DTCTL_L0/DATA4_L0_PRE_reg_4_/D u_LOGIC_CENTER/CENTER1/TOTAL_DTCTL/DTCTL_L0/DATA4_L0_PRE_reg_4_/RB u_LOGIC_CENTER/CENTER1/TOTAL_DTCTL/DTCTL_L0/DATA2_L0_PRE_reg_2_/D u_LOGIC_CENTER/CENTER1/TOTAL_DTCTL/DTCTL_L0/DATA2_L0_PRE_reg_2_/RB u_LOGIC_CENTER/CENTER1/TOTAL_DTCTL/DTCTL_L0/DATA0_L0_PRE_reg_0_/D u_LOGIC_CENTER/CENTER1/TOTAL_DTCTL/DTCTL_L0/DATA0_L0_PRE_reg_0_/RB u_LOGIC_CENTER/CENTER1/TOTAL_DTCTL/DTCTL_L0/DATA4_L0_PRE_reg_5_/D u_LOGIC_CENTER/CENTER1/TOTAL_DTCTL/DTCTL_L0/DATA4_L0_PRE_reg_5_/RB u_LOGIC_CENTER/CENTER1/TOTAL_DTCTL/DTCTL_L0/DATA2_L0_PRE_reg_3_/D u_LOGIC_CENTER/CENTER1/TOTAL_DTCTL/DTCTL_L0/DATA2_L0_PRE_reg_3_/RB u_LOGIC_CENTER/CENTER1/TOTAL_DTCTL/DTCTL_L0/DATA0_L0_PRE_reg_1_/D u_LOGIC_CENTER/CENTER1/TOTAL_DTCTL/DTCTL_L0/DATA0_L0_PRE_reg_1_/RB u_LOGIC_CENTER/CENTER1/TOTAL_DTCTL/DTCTL_L0/DATA4_L0_PRE_reg_6_/D u_LOGIC_CENTER/CENTER1/TOTAL_DTCTL/DTCTL_L0/DATA4_L0_PRE_reg_6_/RB u_LOGIC_CENTER/CENTER1/TOTAL_DTCTL/DTCTL_L0/DATA2_L0_PRE_reg_4_/D u_LOGIC_CENTER/CENTER1/TOTAL_DTCTL/DTCTL_L0/DATA2_L0_PRE_reg_4_/RB u_LOGIC_CENTER/CENTER1/TOTAL_DTCTL/DTCTL_L0/DATA0_L0_PRE_reg_2_/D u_LOGIC_CENTER/CENTER1/TOTAL_DTCTL/DTCTL_L0/DATA0_L0_PRE_reg_2_/RB u_LOGIC_CENTER/CENTER1/TOTAL_DTCTL/DTCTL_L0/DATA4_L0_PRE_reg_7_/D u_LOGIC_CENTER/CENTER1/TOTAL_DTCTL/DTCTL_L0/DATA4_L0_PRE_reg_7_/RB u_LOGIC_CENTER/CENTER1/TOTAL_DTCTL/DTCTL_L0/DATA4_L0_PRE_reg_0_/D u_LOGIC_CENTER/CENTER1/TOTAL_DTCTL/DTCTL_L0/DATA4_L0_PRE_reg_0_/RB u_LOGIC_CENTER/CENTER1/TOTAL_DTCTL/DTCTL_L0/DATA4_L0_PRE_reg_1_/D u_LOGIC_CENTER/CENTER1/TOTAL_DTCTL/DTCTL_L0/DATA4_L0_PRE_reg_1_/RB u_LOGIC_CENTER/CENTER1/TOTAL_DTCTL/DTCTL_L0/DATA4_L0_PRE_reg_2_/D u_LOGIC_CENTER/CENTER1/TOTAL_DTCTL/DTCTL_L0/DATA4_L0_PRE_reg_2_/RB u_LOGIC_CENTER/CENTER1/TOTAL_DTCTL/DTCTL_L0/DATA2_L0_PRE_reg_0_/D u_LOGIC_CENTER/CENTER1/TOTAL_DTCTL/DTCTL_L0/DATA2_L0_PRE_reg_0_/RB u_LOGIC_CENTER/CENTER1/TOTAL_DTCTL/DTCTL_L0/DATA4_L0_PRE_reg_3_/D u_LOGIC_CENTER/CENTER1/TOTAL_DTCTL/DTCTL_L0/DATA4_L0_PRE_reg_3_/RB u_LOGIC_CENTER/CENTER1/TOTAL_DTCTL/DTCTL_L0/DATA2_L0_PRE_reg_1_/D u_LOGIC_CENTER/CENTER1/TOTAL_DTCTL/DTCTL_L0/DATA2_L0_PRE_reg_1_/RB u_LOGIC_CENTER/CENTER1/TOTAL_DTCTL/DTCTL_L0/DATA2_L0_PRE_reg_5_/D u_LOGIC_CENTER/CENTER1/TOTAL_DTCTL/DTCTL_L0/DATA2_L0_PRE_reg_5_/RB u_LOGIC_CENTER/CENTER1/TOTAL_DTCTL/DTCTL_L0/DATA0_L0_PRE_reg_3_/D u_LOGIC_CENTER/CENTER1/TOTAL_DTCTL/DTCTL_L0/DATA0_L0_PRE_reg_3_/RB u_LOGIC_CENTER/CENTER1/TOTAL_DTCTL/DTCTL_L0/DATA2_L0_PRE_reg_6_/D u_LOGIC_CENTER/CENTER1/TOTAL_DTCTL/DTCTL_L0/DATA2_L0_PRE_reg_6_/RB u_LOGIC_CENTER/CENTER1/TOTAL_DTCTL/DTCTL_L0/DATA0_L0_PRE_reg_4_/D u_LOGIC_CENTER/CENTER1/TOTAL_DTCTL/DTCTL_L0/DATA0_L0_PRE_reg_4_/RB u_LOGIC_CENTER/CENTER1/TOTAL_DTCTL/DTCTL_L0/DATA2_L0_PRE_reg_7_/D u_LOGIC_CENTER/CENTER1/TOTAL_DTCTL/DTCTL_L0/DATA2_L0_PRE_reg_7_/RB u_LOGIC_CENTER/CENTER1/TOTAL_DTCTL/DTCTL_L0/DATA0_L0_PRE_reg_5_/D u_LOGIC_CENTER/CENTER1/TOTAL_DTCTL/DTCTL_L0/DATA0_L0_PRE_reg_5_/RB u_LOGIC_CENTER/CENTER1/TOTAL_DTCTL/DTCTL_L0/DATA0_L0_PRE_reg_6_/D u_LOGIC_CENTER/CENTER1/TOTAL_DTCTL/DTCTL_L0/DATA0_L0_PRE_reg_6_/RB u_LOGIC_CENTER/CENTER1/TOTAL_DTCTL/DTCTL_L0/DATA0_L0_PRE_reg_7_/D u_LOGIC_CENTER/CENTER1/TOTAL_DTCTL/DTCTL_L0/DATA0_L0_PRE_reg_7_/RB}]
#@ set_false_path -from [get_pins {u_LOGIC_CENTER/LINK_LOGIC/LC_CSPIF_L0/SETTING_DET_reg/CK}] -to [get_pins {u_LOGIC_CENTER/CENTER1/TOTAL_DTCTL/DTCTL_L1/DBRON_reg/D u_LOGIC_CENTER/CENTER1/TOTAL_DTCTL/DTCTL_L1/DBRON_reg/RB}]
#@ set_false_path -from [get_pins {u_LOGIC_CENTER/LINK_LOGIC/LC_CSPIF_L0/SETTING_DET_reg/CK}] -to [get_pins {u_LOGIC_CENTER/CENTER1/TOTAL_DTCTL/DTCTL_L1/DBLON_reg/D u_LOGIC_CENTER/CENTER1/TOTAL_DTCTL/DTCTL_L1/DBLON_reg/RB}]
#@ set_false_path -from [get_pins {u_LOGIC_CENTER/LINK_LOGIC/LC_CSPIF_L0/SETTING_DET_reg/CK}] -to [get_pins {u_LOGIC_CENTER/CENTER1/TOTAL_DTCTL/DTCTL_L1/START_R_reg/D u_LOGIC_CENTER/CENTER1/TOTAL_DTCTL/DTCTL_L1/START_R_reg/RB}]
#@ set_false_path -from [get_pins {u_LOGIC_CENTER/LINK_LOGIC/LC_CSPIF_L0/SETTING_DET_reg/CK}] -to [get_pins {u_LOGIC_CENTER/CENTER1/TOTAL_DTCTL/DTCTL_L1/START_L_reg/D u_LOGIC_CENTER/CENTER1/TOTAL_DTCTL/DTCTL_L1/START_L_reg/RB}]
#@ set_false_path -from [get_pins {u_LOGIC_CENTER/LINK_LOGIC/LC_CSPIF_L0/SETTING_DET_reg/CK}] -to [get_pins {u_LOGIC_CENTER/CENTER1/TOTAL_DTCTL/DTCTL_L1/LS_reg/D u_LOGIC_CENTER/CENTER1/TOTAL_DTCTL/DTCTL_L1/LS_reg/RB}]
#@ set_false_path -from [get_pins {u_LOGIC_CENTER/LINK_LOGIC/LC_CSPIF_L0/POL_DET_reg/CK}] -to [get_pins {u_LOGIC_CENTER/CENTER1/TOTAL_DTCTL/DTCTL_L1/DATA1_L1_reg_3_/D u_LOGIC_CENTER/CENTER1/TOTAL_DTCTL/DTCTL_L1/DATA1_L1_reg_3_/RB u_LOGIC_CENTER/CENTER1/TOTAL_DTCTL/DTCTL_L1/DATA5_L1_reg_7_/D u_LOGIC_CENTER/CENTER1/TOTAL_DTCTL/DTCTL_L1/DATA5_L1_reg_7_/RB u_LOGIC_CENTER/CENTER1/TOTAL_DTCTL/DTCTL_L1/DATA1_L1_reg_4_/D u_LOGIC_CENTER/CENTER1/TOTAL_DTCTL/DTCTL_L1/DATA1_L1_reg_4_/RB u_LOGIC_CENTER/CENTER1/TOTAL_DTCTL/DTCTL_L1/DATA3_L1_PRE_reg_0_/D u_LOGIC_CENTER/CENTER1/TOTAL_DTCTL/DTCTL_L1/DATA3_L1_PRE_reg_0_/RB u_LOGIC_CENTER/CENTER1/TOTAL_DTCTL/DTCTL_L1/DATA3_L1_PRE_reg_5_/D u_LOGIC_CENTER/CENTER1/TOTAL_DTCTL/DTCTL_L1/DATA3_L1_PRE_reg_5_/RB u_LOGIC_CENTER/CENTER1/TOTAL_DTCTL/DTCTL_L1/DATA1_L1_PRE_reg_4_/D u_LOGIC_CENTER/CENTER1/TOTAL_DTCTL/DTCTL_L1/DATA1_L1_PRE_reg_4_/RB u_LOGIC_CENTER/CENTER1/TOTAL_DTCTL/DTCTL_L1/DATA5_L1_reg_3_/D u_LOGIC_CENTER/CENTER1/TOTAL_DTCTL/DTCTL_L1/DATA5_L1_reg_3_/RB u_LOGIC_CENTER/CENTER1/TOTAL_DTCTL/DTCTL_L1/DATA5_L1_PRE_reg_4_/D u_LOGIC_CENTER/CENTER1/TOTAL_DTCTL/DTCTL_L1/DATA5_L1_PRE_reg_4_/RB u_LOGIC_CENTER/CENTER1/TOTAL_DTCTL/DTCTL_L1/DATA3_L1_reg_5_/D u_LOGIC_CENTER/CENTER1/TOTAL_DTCTL/DTCTL_L1/DATA3_L1_reg_5_/RB u_LOGIC_CENTER/CENTER1/TOTAL_DTCTL/DTCTL_L1/DATA3_L1_PRE_reg_6_/D u_LOGIC_CENTER/CENTER1/TOTAL_DTCTL/DTCTL_L1/DATA3_L1_PRE_reg_6_/RB u_LOGIC_CENTER/CENTER1/TOTAL_DTCTL/DTCTL_L1/DATA1_L1_PRE_reg_5_/D u_LOGIC_CENTER/CENTER1/TOTAL_DTCTL/DTCTL_L1/DATA1_L1_PRE_reg_5_/RB u_LOGIC_CENTER/CENTER1/TOTAL_DTCTL/DTCTL_L1/DATA1_L1_reg_0_/D u_LOGIC_CENTER/CENTER1/TOTAL_DTCTL/DTCTL_L1/DATA1_L1_reg_0_/RB u_LOGIC_CENTER/CENTER1/TOTAL_DTCTL/DTCTL_L1/DATA5_L1_reg_4_/D u_LOGIC_CENTER/CENTER1/TOTAL_DTCTL/DTCTL_L1/DATA5_L1_reg_4_/RB u_LOGIC_CENTER/CENTER1/TOTAL_DTCTL/DTCTL_L1/DATA5_L1_PRE_reg_5_/D u_LOGIC_CENTER/CENTER1/TOTAL_DTCTL/DTCTL_L1/DATA5_L1_PRE_reg_5_/SB u_LOGIC_CENTER/CENTER1/TOTAL_DTCTL/DTCTL_L1/DATA5_L1_PRE_reg_5_/RB u_LOGIC_CENTER/CENTER1/TOTAL_DTCTL/DTCTL_L1/DATA3_L1_reg_6_/D u_LOGIC_CENTER/CENTER1/TOTAL_DTCTL/DTCTL_L1/DATA3_L1_reg_6_/RB u_LOGIC_CENTER/CENTER1/TOTAL_DTCTL/DTCTL_L1/DATA3_L1_PRE_reg_7_/D u_LOGIC_CENTER/CENTER1/TOTAL_DTCTL/DTCTL_L1/DATA3_L1_PRE_reg_7_/RB u_LOGIC_CENTER/CENTER1/TOTAL_DTCTL/DTCTL_L1/DATA1_L1_reg_1_/D u_LOGIC_CENTER/CENTER1/TOTAL_DTCTL/DTCTL_L1/DATA1_L1_reg_1_/RB u_LOGIC_CENTER/CENTER1/TOTAL_DTCTL/DTCTL_L1/DATA1_L1_PRE_reg_6_/D u_LOGIC_CENTER/CENTER1/TOTAL_DTCTL/DTCTL_L1/DATA1_L1_PRE_reg_6_/RB u_LOGIC_CENTER/CENTER1/TOTAL_DTCTL/DTCTL_L1/DATA5_L1_reg_5_/D u_LOGIC_CENTER/CENTER1/TOTAL_DTCTL/DTCTL_L1/DATA5_L1_reg_5_/RB u_LOGIC_CENTER/CENTER1/TOTAL_DTCTL/DTCTL_L1/DATA5_L1_PRE_reg_6_/D u_LOGIC_CENTER/CENTER1/TOTAL_DTCTL/DTCTL_L1/DATA5_L1_PRE_reg_6_/RB u_LOGIC_CENTER/CENTER1/TOTAL_DTCTL/DTCTL_L1/DATA3_L1_reg_7_/D u_LOGIC_CENTER/CENTER1/TOTAL_DTCTL/DTCTL_L1/DATA3_L1_reg_7_/RB u_LOGIC_CENTER/CENTER1/TOTAL_DTCTL/DTCTL_L1/DATA1_L1_reg_2_/D u_LOGIC_CENTER/CENTER1/TOTAL_DTCTL/DTCTL_L1/DATA1_L1_reg_2_/RB u_LOGIC_CENTER/CENTER1/TOTAL_DTCTL/DTCTL_L1/DATA1_L1_PRE_reg_7_/D u_LOGIC_CENTER/CENTER1/TOTAL_DTCTL/DTCTL_L1/DATA1_L1_PRE_reg_7_/RB u_LOGIC_CENTER/CENTER1/TOTAL_DTCTL/DTCTL_L1/DATA5_L1_reg_6_/D u_LOGIC_CENTER/CENTER1/TOTAL_DTCTL/DTCTL_L1/DATA5_L1_reg_6_/RB u_LOGIC_CENTER/CENTER1/TOTAL_DTCTL/DTCTL_L1/DATA5_L1_PRE_reg_7_/D u_LOGIC_CENTER/CENTER1/TOTAL_DTCTL/DTCTL_L1/DATA5_L1_PRE_reg_7_/RB u_LOGIC_CENTER/CENTER1/TOTAL_DTCTL/DTCTL_L1/DATA3_L1_reg_0_/D u_LOGIC_CENTER/CENTER1/TOTAL_DTCTL/DTCTL_L1/DATA3_L1_reg_0_/RB u_LOGIC_CENTER/CENTER1/TOTAL_DTCTL/DTCTL_L1/DATA1_L1_reg_5_/D u_LOGIC_CENTER/CENTER1/TOTAL_DTCTL/DTCTL_L1/DATA1_L1_reg_5_/RB u_LOGIC_CENTER/CENTER1/TOTAL_DTCTL/DTCTL_L1/DATA3_L1_PRE_reg_1_/D u_LOGIC_CENTER/CENTER1/TOTAL_DTCTL/DTCTL_L1/DATA3_L1_PRE_reg_1_/RB u_LOGIC_CENTER/CENTER1/TOTAL_DTCTL/DTCTL_L1/DATA1_L1_PRE_reg_0_/D u_LOGIC_CENTER/CENTER1/TOTAL_DTCTL/DTCTL_L1/DATA1_L1_PRE_reg_0_/RB u_LOGIC_CENTER/CENTER1/TOTAL_DTCTL/DTCTL_L1/DATA5_L1_PRE_reg_0_/D u_LOGIC_CENTER/CENTER1/TOTAL_DTCTL/DTCTL_L1/DATA5_L1_PRE_reg_0_/RB u_LOGIC_CENTER/CENTER1/TOTAL_DTCTL/DTCTL_L1/DATA3_L1_reg_1_/D u_LOGIC_CENTER/CENTER1/TOTAL_DTCTL/DTCTL_L1/DATA3_L1_reg_1_/RB u_LOGIC_CENTER/CENTER1/TOTAL_DTCTL/DTCTL_L1/DATA1_L1_reg_6_/D u_LOGIC_CENTER/CENTER1/TOTAL_DTCTL/DTCTL_L1/DATA1_L1_reg_6_/RB u_LOGIC_CENTER/CENTER1/TOTAL_DTCTL/DTCTL_L1/DATA3_L1_PRE_reg_2_/D u_LOGIC_CENTER/CENTER1/TOTAL_DTCTL/DTCTL_L1/DATA3_L1_PRE_reg_2_/RB u_LOGIC_CENTER/CENTER1/TOTAL_DTCTL/DTCTL_L1/DATA1_L1_PRE_reg_1_/D u_LOGIC_CENTER/CENTER1/TOTAL_DTCTL/DTCTL_L1/DATA1_L1_PRE_reg_1_/RB u_LOGIC_CENTER/CENTER1/TOTAL_DTCTL/DTCTL_L1/DATA5_L1_reg_0_/D u_LOGIC_CENTER/CENTER1/TOTAL_DTCTL/DTCTL_L1/DATA5_L1_reg_0_/RB u_LOGIC_CENTER/CENTER1/TOTAL_DTCTL/DTCTL_L1/DATA5_L1_PRE_reg_1_/D u_LOGIC_CENTER/CENTER1/TOTAL_DTCTL/DTCTL_L1/DATA5_L1_PRE_reg_1_/RB u_LOGIC_CENTER/CENTER1/TOTAL_DTCTL/DTCTL_L1/DATA3_L1_reg_2_/D u_LOGIC_CENTER/CENTER1/TOTAL_DTCTL/DTCTL_L1/DATA3_L1_reg_2_/RB u_LOGIC_CENTER/CENTER1/TOTAL_DTCTL/DTCTL_L1/DATA1_L1_reg_7_/D u_LOGIC_CENTER/CENTER1/TOTAL_DTCTL/DTCTL_L1/DATA1_L1_reg_7_/RB u_LOGIC_CENTER/CENTER1/TOTAL_DTCTL/DTCTL_L1/DATA3_L1_PRE_reg_3_/D u_LOGIC_CENTER/CENTER1/TOTAL_DTCTL/DTCTL_L1/DATA3_L1_PRE_reg_3_/RB u_LOGIC_CENTER/CENTER1/TOTAL_DTCTL/DTCTL_L1/DATA1_L1_PRE_reg_2_/D u_LOGIC_CENTER/CENTER1/TOTAL_DTCTL/DTCTL_L1/DATA1_L1_PRE_reg_2_/RB u_LOGIC_CENTER/CENTER1/TOTAL_DTCTL/DTCTL_L1/DATA5_L1_reg_1_/D u_LOGIC_CENTER/CENTER1/TOTAL_DTCTL/DTCTL_L1/DATA5_L1_reg_1_/RB u_LOGIC_CENTER/CENTER1/TOTAL_DTCTL/DTCTL_L1/DATA5_L1_PRE_reg_2_/D u_LOGIC_CENTER/CENTER1/TOTAL_DTCTL/DTCTL_L1/DATA5_L1_PRE_reg_2_/RB u_LOGIC_CENTER/CENTER1/TOTAL_DTCTL/DTCTL_L1/DATA3_L1_reg_3_/D u_LOGIC_CENTER/CENTER1/TOTAL_DTCTL/DTCTL_L1/DATA3_L1_reg_3_/RB u_LOGIC_CENTER/CENTER1/TOTAL_DTCTL/DTCTL_L1/DATA3_L1_PRE_reg_4_/D u_LOGIC_CENTER/CENTER1/TOTAL_DTCTL/DTCTL_L1/DATA3_L1_PRE_reg_4_/RB u_LOGIC_CENTER/CENTER1/TOTAL_DTCTL/DTCTL_L1/DATA1_L1_PRE_reg_3_/D u_LOGIC_CENTER/CENTER1/TOTAL_DTCTL/DTCTL_L1/DATA1_L1_PRE_reg_3_/RB u_LOGIC_CENTER/CENTER1/TOTAL_DTCTL/DTCTL_L1/DATA5_L1_reg_2_/D u_LOGIC_CENTER/CENTER1/TOTAL_DTCTL/DTCTL_L1/DATA5_L1_reg_2_/RB u_LOGIC_CENTER/CENTER1/TOTAL_DTCTL/DTCTL_L1/DATA5_L1_PRE_reg_3_/D u_LOGIC_CENTER/CENTER1/TOTAL_DTCTL/DTCTL_L1/DATA5_L1_PRE_reg_3_/RB u_LOGIC_CENTER/CENTER1/TOTAL_DTCTL/DTCTL_L1/DATA3_L1_reg_4_/D u_LOGIC_CENTER/CENTER1/TOTAL_DTCTL/DTCTL_L1/DATA3_L1_reg_4_/RB}]
#@ set_false_path -to [get_ports {XRSTA_R}]
#@ set_false_path -to [get_ports {XRSTB_R}]
#@ set_false_path -to [get_ports {XRSTA_L}]
#@ set_false_path -to [get_ports {XRSTB_L}]
#@ set_false_path -to [get_ports {POL1A_L}]
#@ set_false_path -to [get_ports {POL1B_L}]
#@ set_false_path -to [get_ports {POL2A_L}]
#@ set_false_path -to [get_ports {POL2B_L}]
#@ set_false_path -to [get_ports {POL1A_R}]
#@ set_false_path -to [get_ports {POL1B_R}]
#@ set_false_path -to [get_ports {POL2A_R}]
#@ set_false_path -to [get_ports {POL2B_R}]
#@ ###############################################################################
#@ # External Delay Information
#@ ###############################################################################
#@ set_input_delay  1 -clock [get_clocks {I2C_CLK}] -max [get_ports {CSCL_I}]
#@ set_input_delay  -1 -clock [get_clocks {I2C_CLK}] -min [get_ports {CSCL_I}]
#@ set_input_delay  1 -clock [get_clocks {I2C_CLK}] -max [get_ports {CSDA_I}]
#@ set_input_delay  -1 -clock [get_clocks {I2C_CLK}] -min [get_ports {CSDA_I}]
#@ set_input_delay  0 -clock [get_clocks {RX0_OD_CLK_DIV2}] [get_ports {dout_lane_L0[3]}]
#@ set_input_delay  0 -clock [get_clocks {RX0_OD_CLK_DIV2}] [get_ports {dout_lane_L0[16]}]
#@ set_input_delay  0 -clock [get_clocks {RX0_OD_CLK_DIV2}] [get_ports {dout_lane_L0[4]}]
#@ set_input_delay  0 -clock [get_clocks {RX0_OD_CLK_DIV2}] [get_ports {dout_lane_L0[17]}]
#@ set_input_delay  0 -clock [get_clocks {RX0_OD_CLK_DIV2}] [get_ports {dout_lane_L0[5]}]
#@ set_input_delay  0 -clock [get_clocks {RX0_OD_CLK_DIV2}] [get_ports {dout_lane_L0[6]}]
#@ set_input_delay  0 -clock [get_clocks {RX0_OD_CLK_DIV2}] [get_ports {dout_lane_L0[7]}]
#@ set_input_delay  0 -clock [get_clocks {RX0_OD_CLK_DIV2}] [get_ports {dout_lane_L0[8]}]
#@ set_input_delay  0 -clock [get_clocks {RX0_OD_CLK_DIV2}] [get_ports {dout_lane_L0[9]}]
#@ set_input_delay  0 -clock [get_clocks {RX0_OD_CLK_DIV2}] [get_ports {dout_lane_L0[10]}]
#@ set_input_delay  0 -clock [get_clocks {RX0_OD_CLK_DIV2}] [get_ports {dout_lane_L0[11]}]
#@ set_input_delay  0 -clock [get_clocks {RX0_OD_CLK_DIV2}] [get_ports {dout_lane_L0[12]}]
#@ set_input_delay  0 -clock [get_clocks {RX0_OD_CLK_DIV2}] [get_ports {dout_lane_L0[0]}]
#@ set_input_delay  0 -clock [get_clocks {RX0_OD_CLK_DIV2}] [get_ports {dout_lane_L0[13]}]
#@ set_input_delay  0 -clock [get_clocks {RX0_OD_CLK_DIV2}] [get_ports {dout_lane_L0[1]}]
#@ set_input_delay  0 -clock [get_clocks {RX0_OD_CLK_DIV2}] [get_ports {dout_lane_L0[14]}]
#@ set_input_delay  0 -clock [get_clocks {RX0_OD_CLK_DIV2}] [get_ports {dout_lane_L0[2]}]
#@ set_input_delay  0 -clock [get_clocks {RX0_OD_CLK_DIV2}] [get_ports {dout_lane_L0[15]}]
#@ set_input_delay  0 -clock [get_clocks {RX1_OD_CLK_DIV2}] [get_ports {dout_lane_L1[0]}]
#@ set_input_delay  0 -clock [get_clocks {RX1_OD_CLK_DIV2}] [get_ports {dout_lane_L1[1]}]
#@ set_input_delay  0 -clock [get_clocks {RX1_OD_CLK_DIV2}] [get_ports {dout_lane_L1[2]}]
#@ set_input_delay  0 -clock [get_clocks {RX1_OD_CLK_DIV2}] [get_ports {dout_lane_L1[3]}]
#@ set_input_delay  0 -clock [get_clocks {RX1_OD_CLK_DIV2}] [get_ports {dout_lane_L1[4]}]
#@ set_input_delay  0 -clock [get_clocks {RX1_OD_CLK_DIV2}] [get_ports {dout_lane_L1[10]}]
#@ set_input_delay  0 -clock [get_clocks {RX1_OD_CLK_DIV2}] [get_ports {dout_lane_L1[5]}]
#@ set_input_delay  0 -clock [get_clocks {RX1_OD_CLK_DIV2}] [get_ports {dout_lane_L1[11]}]
#@ set_input_delay  0 -clock [get_clocks {RX1_OD_CLK_DIV2}] [get_ports {dout_lane_L1[6]}]
#@ set_input_delay  0 -clock [get_clocks {RX1_OD_CLK_DIV2}] [get_ports {dout_lane_L1[12]}]
#@ set_input_delay  0 -clock [get_clocks {RX1_OD_CLK_DIV2}] [get_ports {dout_lane_L1[7]}]
#@ set_input_delay  0 -clock [get_clocks {RX1_OD_CLK_DIV2}] [get_ports {dout_lane_L1[13]}]
#@ set_input_delay  0 -clock [get_clocks {RX1_OD_CLK_DIV2}] [get_ports {dout_lane_L1[8]}]
#@ set_input_delay  0 -clock [get_clocks {RX1_OD_CLK_DIV2}] [get_ports {dout_lane_L1[14]}]
#@ set_input_delay  0 -clock [get_clocks {RX1_OD_CLK_DIV2}] [get_ports {dout_lane_L1[9]}]
#@ set_input_delay  0 -clock [get_clocks {RX1_OD_CLK_DIV2}] [get_ports {dout_lane_L1[15]}]
#@ set_input_delay  0 -clock [get_clocks {RX1_OD_CLK_DIV2}] [get_ports {dout_lane_L1[16]}]
#@ set_input_delay  0 -clock [get_clocks {RX1_OD_CLK_DIV2}] [get_ports {dout_lane_L1[17]}]
#@ set_input_delay  1 -clock [get_clocks {RX0_OD_CLK}] -max [get_ports {clk_lane_L0}]
#@ set_input_delay  -1 -clock [get_clocks {RX0_OD_CLK}] -min [get_ports {clk_lane_L0}]
#@ set_input_delay  1 -clock [get_clocks {RX1_OD_CLK}] -max [get_ports {clk_lane_L1}]
#@ set_input_delay  -1 -clock [get_clocks {RX1_OD_CLK}] -min [get_ports {clk_lane_L1}]
#@ set_input_delay  5 -clock [get_clocks {OSC_CLK_IN}] [get_ports {WAKE_I}]
#@ set_input_delay  5 -clock [get_clocks {OSC_CLK_IN}] [get_ports {DPSEL_I}]
#@ set_input_delay  5 -clock [get_clocks {OSC_CLK_IN}] [get_ports {cr_done_lane_L0}]
#@ set_input_delay  5 -clock [get_clocks {OSC_CLK_IN}] [get_ports {cr_done_lane_L1}]
#@ set_input_delay  5 -clock [get_clocks {OSC_CLK_IN}] [get_ports {LITEST_I}]
#@ set_input_delay  5 -clock [get_clocks {OSC_CLK_IN}] [get_ports {XRST_I}]
#@ set_output_delay  5 -clock [get_clocks {OSC_CLK_IN}] [get_ports {DBL4[2]}]
#@ set_output_delay  5 -clock [get_clocks {OSC_CLK_IN}] [get_ports {DBR1[5]}]
#@ set_output_delay  5 -clock [get_clocks {OSC_CLK_IN}] [get_ports {DBR2[1]}]
#@ set_output_delay  5 -clock [get_clocks {OSC_CLK_IN}] [get_ports {DBL3[7]}]
#@ set_output_delay  5 -clock [get_clocks {OSC_CLK_IN}] [get_ports {DBL4[3]}]
#@ set_output_delay  5 -clock [get_clocks {OSC_CLK_IN}] [get_ports {DBL0[0]}]
#@ set_output_delay  5 -clock [get_clocks {OSC_CLK_IN}] [get_ports {POFF_DRA_CH601_612_R}]
#@ set_output_delay  5 -clock [get_clocks {OSC_CLK_IN}] [get_ports {DBR1[6]}]
#@ set_output_delay  5 -clock [get_clocks {OSC_CLK_IN}] [get_ports {CS_HVDDA}]
#@ set_output_delay  5 -clock [get_clocks {OSC_CLK_IN}] [get_ports {DBR2[2]}]
#@ set_output_delay  5 -clock [get_clocks {OSC_CLK_IN}] [get_ports {POFF_DRA_CH811_828_L}]
#@ set_output_delay  5 -clock [get_clocks {OSC_CLK_IN}] [get_ports {DBL4[4]}]
#@ set_output_delay  5 -clock [get_clocks {OSC_CLK_IN}] [get_ports {DBL0[1]}]
#@ set_output_delay  5 -clock [get_clocks {OSC_CLK_IN}] [get_ports {DBR1[7]}]
#@ set_output_delay  5 -clock [get_clocks {OSC_CLK_IN}] [get_ports {DBL5[0]}]
#@ set_output_delay  5 -clock [get_clocks {OSC_CLK_IN}] [get_ports {DBR2[3]}]
#@ set_output_delay  5 -clock [get_clocks {OSC_CLK_IN}] [get_ports {POFF_DRA_CH775_810_L}]
#@ set_output_delay  5 -clock [get_clocks {OSC_CLK_IN}] [get_ports {DBL4[5]}]
#@ set_output_delay  5 -clock [get_clocks {OSC_CLK_IN}] [get_ports {DBL0[2]}]
#@ set_output_delay  5 -clock [get_clocks {OSC_CLK_IN}] [get_ports {POFF_POR}]
#@ set_output_delay  5 -clock [get_clocks {OSC_CLK_IN}] [get_ports {DBL5[1]}]
#@ set_output_delay  5 -clock [get_clocks {OSC_CLK_IN}] [get_ports {DBR2[4]}]
#@ set_output_delay  5 -clock [get_clocks {OSC_CLK_IN}] [get_ports {DBR3[0]}]
#@ set_output_delay  5 -clock [get_clocks {OSC_CLK_IN}] [get_ports {DBL4[6]}]
#@ set_output_delay  5 -clock [get_clocks {OSC_CLK_IN}] [get_ports {DBL0[3]}]
#@ set_output_delay  5 -clock [get_clocks {OSC_CLK_IN}] [get_ports {DBL5[2]}]
#@ set_output_delay  5 -clock [get_clocks {OSC_CLK_IN}] [get_ports {DBR2[5]}]
#@ set_output_delay  5 -clock [get_clocks {OSC_CLK_IN}] [get_ports {DBR3[1]}]
#@ set_output_delay  5 -clock [get_clocks {OSC_CLK_IN}] [get_ports {DBL4[7]}]
#@ set_output_delay  5 -clock [get_clocks {OSC_CLK_IN}] [get_ports {DBL0[4]}]
#@ set_output_delay  5 -clock [get_clocks {OSC_CLK_IN}] [get_ports {DBL5[3]}]
#@ set_output_delay  5 -clock [get_clocks {OSC_CLK_IN}] [get_ports {DBL1[0]}]
#@ set_output_delay  5 -clock [get_clocks {OSC_CLK_IN}] [get_ports {DBR2[6]}]
#@ set_output_delay  5 -clock [get_clocks {OSC_CLK_IN}] [get_ports {DBR3[2]}]
#@ set_output_delay  5 -clock [get_clocks {OSC_CLK_IN}] [get_ports {DBL0[5]}]
#@ set_output_delay  5 -clock [get_clocks {OSC_CLK_IN}] [get_ports {DBL5[4]}]
#@ set_output_delay  5 -clock [get_clocks {OSC_CLK_IN}] [get_ports {DBL1[1]}]
#@ set_output_delay  5 -clock [get_clocks {OSC_CLK_IN}] [get_ports {DBR2[7]}]
#@ set_output_delay  5 -clock [get_clocks {OSC_CLK_IN}] [get_ports {CLKA_L}]
#@ set_output_delay  5 -clock [get_clocks {OSC_CLK_IN}] [get_ports {DTESTO_IN}]
#@ set_output_delay  5 -clock [get_clocks {OSC_CLK_IN}] [get_ports {POFF_DRA_CH721_726_L}]
#@ set_output_delay  5 -clock [get_clocks {OSC_CLK_IN}] [get_ports {DBR3[3]}]
#@ set_output_delay  5 -clock [get_clocks {OSC_CLK_IN}] [get_ports {POFF_DRA_CH841_900_L}]
#@ set_output_delay  5 -clock [get_clocks {OSC_CLK_IN}] [get_ports {CLKA_R}]
#@ set_output_delay  5 -clock [get_clocks {OSC_CLK_IN}] [get_ports {DBL0[6]}]
#@ set_output_delay  5 -clock [get_clocks {OSC_CLK_IN}] [get_ports {DBL5[5]}]
#@ set_output_delay  5 -clock [get_clocks {OSC_CLK_IN}] [get_ports {DBL1[2]}]
#@ set_output_delay  5 -clock [get_clocks {OSC_CLK_IN}] [get_ports {R_EMI_BYPASS}]
#@ set_output_delay  5 -clock [get_clocks {OSC_CLK_IN}] [get_ports {DBR3[4]}]
#@ set_output_delay  5 -clock [get_clocks {OSC_CLK_IN}] [get_ports {POFF_DRA_CH}]
#@ set_output_delay  -0.5 -clock [get_clocks {WCLK1_A_I2C}] -add_delay [get_ports {POFF_DRA_CH}]
#@ set_output_delay  -0.5 -clock [get_clocks {WCLK1_A_DCLK}] -add_delay [get_ports {POFF_DRA_CH}]
#@ set_output_delay  5 -clock [get_clocks {OSC_CLK_IN}] [get_ports {DBL0[7]}]
#@ set_output_delay  5 -clock [get_clocks {OSC_CLK_IN}] [get_ports {DBR4[0]}]
#@ set_output_delay  5 -clock [get_clocks {OSC_CLK_IN}] [get_ports {DBL5[6]}]
#@ set_output_delay  5 -clock [get_clocks {OSC_CLK_IN}] [get_ports {DBL1[3]}]
#@ set_output_delay  5 -clock [get_clocks {OSC_CLK_IN}] [get_ports {DBR3[5]}]
#@ set_output_delay  5 -clock [get_clocks {OSC_CLK_IN}] [get_ports {POFF_BGR}]
#@ set_output_delay  5 -clock [get_clocks {OSC_CLK_IN}] [get_ports {DBR4[1]}]
#@ set_output_delay  5 -clock [get_clocks {OSC_CLK_IN}] [get_ports {SRIN_A}]
#@ set_output_delay  5 -clock [get_clocks {OSC_CLK_IN}] [get_ports {SRIN_B}]
#@ set_output_delay  5 -clock [get_clocks {OSC_CLK_IN}] [get_ports {DBL5[7]}]
#@ set_output_delay  5 -clock [get_clocks {OSC_CLK_IN}] [get_ports {DBL1[4]}]
#@ set_output_delay  5 -clock [get_clocks {OSC_CLK_IN}] [get_ports {MON_DC_VOL[0]}]
#@ set_output_delay  5 -clock [get_clocks {OSC_CLK_IN}] [get_ports {POFF_DRA_CH649_684_R}]
#@ set_output_delay  5 -clock [get_clocks {OSC_CLK_IN}] [get_ports {DBL2[0]}]
#@ set_output_delay  5 -clock [get_clocks {OSC_CLK_IN}] [get_ports {DBR3[6]}]
#@ set_output_delay  5 -clock [get_clocks {OSC_CLK_IN}] [get_ports {IN_PD_ON_L}]
#@ set_output_delay  5 -clock [get_clocks {OSC_CLK_IN}] [get_ports {TESTO_E}]
#@ set_output_delay  5 -clock [get_clocks {OSC_CLK_IN}] [get_ports {IN_PD_ON_R}]
#@ set_output_delay  5 -clock [get_clocks {OSC_CLK_IN}] [get_ports {DBR4[2]}]
#@ set_output_delay  5 -clock [get_clocks {OSC_CLK_IN}] [get_ports {DBL1[5]}]
#@ set_output_delay  5 -clock [get_clocks {OSC_CLK_IN}] [get_ports {MON_DC_VOL[1]}]
#@ set_output_delay  5 -clock [get_clocks {OSC_CLK_IN}] [get_ports {DBL2[1]}]
#@ set_output_delay  5 -clock [get_clocks {OSC_CLK_IN}] [get_ports {DBR3[7]}]
#@ set_output_delay  5 -clock [get_clocks {OSC_CLK_IN}] [get_ports {DBR4[3]}]
#@ set_output_delay  5 -clock [get_clocks {OSC_CLK_IN}] [get_ports {DBR0[0]}]
#@ set_output_delay  5 -clock [get_clocks {OSC_CLK_IN}] [get_ports {POFF_DRA_CH727_762_L}]
#@ set_output_delay  5 -clock [get_clocks {OSC_CLK_IN}] [get_ports {DBL1[6]}]
#@ set_output_delay  5 -clock [get_clocks {OSC_CLK_IN}] [get_ports {MON_DC_VOL[2]}]
#@ set_output_delay  5 -clock [get_clocks {OSC_CLK_IN}] [get_ports {DBL2[2]}]
#@ set_output_delay  5 -clock [get_clocks {OSC_CLK_IN}] [get_ports {DBR4[4]}]
#@ set_output_delay  5 -clock [get_clocks {OSC_CLK_IN}] [get_ports {DBR0[1]}]
#@ set_output_delay  5 -clock [get_clocks {OSC_CLK_IN}] [get_ports {CS_AGND}]
#@ set_output_delay  5 -clock [get_clocks {OSC_CLK_IN}] [get_ports {DBL1[7]}]
#@ set_output_delay  5 -clock [get_clocks {OSC_CLK_IN}] [get_ports {DBR5[0]}]
#@ set_output_delay  5 -clock [get_clocks {OSC_CLK_IN}] [get_ports {DBL2[3]}]
#@ set_output_delay  5 -clock [get_clocks {OSC_CLK_IN}] [get_ports {DBR4[5]}]
#@ set_output_delay  5 -clock [get_clocks {OSC_CLK_IN}] [get_ports {POFF_DRA_CH685_720_R}]
#@ set_output_delay  5 -clock [get_clocks {OSC_CLK_IN}] [get_ports {DBR0[2]}]
#@ set_output_delay  5 -clock [get_clocks {OSC_CLK_IN}] [get_ports {DBR5[1]}]
#@ set_output_delay  5 -clock [get_clocks {OSC_CLK_IN}] [get_ports {DBL2[4]}]
#@ set_output_delay  5 -clock [get_clocks {OSC_CLK_IN}] [get_ports {DBL3[0]}]
#@ set_output_delay  5 -clock [get_clocks {OSC_CLK_IN}] [get_ports {DBR4[6]}]
#@ set_output_delay  5 -clock [get_clocks {OSC_CLK_IN}] [get_ports {DBR0[3]}]
#@ set_output_delay  5 -clock [get_clocks {OSC_CLK_IN}] [get_ports {DBR5[2]}]
#@ set_output_delay  5 -clock [get_clocks {OSC_CLK_IN}] [get_ports {LINK_ST_OE_L}]
#@ set_output_delay  5 -clock [get_clocks {OSC_CLK_IN}] [get_ports {DBL2[5]}]
#@ set_output_delay  5 -clock [get_clocks {OSC_CLK_IN}] [get_ports {LINK_ST_OE_R}]
#@ set_output_delay  5 -clock [get_clocks {OSC_CLK_IN}] [get_ports {DBL3[1]}]
#@ set_output_delay  5 -clock [get_clocks {OSC_CLK_IN}] [get_ports {DBR4[7]}]
#@ set_output_delay  5 -clock [get_clocks {OSC_CLK_IN}] [get_ports {DBR0[4]}]
#@ set_output_delay  5 -clock [get_clocks {OSC_CLK_IN}] [get_ports {POFF_DRA_BIAS}]
#@ set_output_delay  -0.5 -clock [get_clocks {WCLK1_A_I2C}] -add_delay [get_ports {POFF_DRA_BIAS}]
#@ set_output_delay  -0.5 -clock [get_clocks {WCLK1_A_DCLK}] -add_delay [get_ports {POFF_DRA_BIAS}]
#@ set_output_delay  5 -clock [get_clocks {OSC_CLK_IN}] [get_ports {DBR5[3]}]
#@ set_output_delay  5 -clock [get_clocks {OSC_CLK_IN}] [get_ports {DBR1[0]}]
#@ set_output_delay  5 -clock [get_clocks {OSC_CLK_IN}] [get_ports {POFF_DRA_CH763_774_L}]
#@ set_output_delay  5 -clock [get_clocks {OSC_CLK_IN}] [get_ports {DBL2[6]}]
#@ set_output_delay  5 -clock [get_clocks {OSC_CLK_IN}] [get_ports {DBL3[2]}]
#@ set_output_delay  5 -clock [get_clocks {OSC_CLK_IN}] [get_ports {DBR0[5]}]
#@ set_output_delay  5 -clock [get_clocks {OSC_CLK_IN}] [get_ports {DBR5[4]}]
#@ set_output_delay  5 -clock [get_clocks {OSC_CLK_IN}] [get_ports {DBR1[1]}]
#@ set_output_delay  5 -clock [get_clocks {OSC_CLK_IN}] [get_ports {DBL2[7]}]
#@ set_output_delay  5 -clock [get_clocks {OSC_CLK_IN}] [get_ports {DBL3[3]}]
#@ set_output_delay  5 -clock [get_clocks {OSC_CLK_IN}] [get_ports {DBR0[6]}]
#@ set_output_delay  5 -clock [get_clocks {OSC_CLK_IN}] [get_ports {CLKB_L}]
#@ set_output_delay  5 -clock [get_clocks {OSC_CLK_IN}] [get_ports {DBR5[5]}]
#@ set_output_delay  5 -clock [get_clocks {OSC_CLK_IN}] [get_ports {DBR1[2]}]
#@ set_output_delay  5 -clock [get_clocks {OSC_CLK_IN}] [get_ports {CLKB_R}]
#@ set_output_delay  5 -clock [get_clocks {OSC_CLK_IN}] [get_ports {DBL3[4]}]
#@ set_output_delay  5 -clock [get_clocks {OSC_CLK_IN}] [get_ports {DBR0[7]}]
#@ set_output_delay  5 -clock [get_clocks {OSC_CLK_IN}] [get_ports {DBL4[0]}]
#@ set_output_delay  5 -clock [get_clocks {OSC_CLK_IN}] [get_ports {DBR5[6]}]
#@ set_output_delay  5 -clock [get_clocks {OSC_CLK_IN}] [get_ports {DBR1[3]}]
#@ set_output_delay  5 -clock [get_clocks {OSC_CLK_IN}] [get_ports {POFF_DRA_CH541_600_R}]
#@ set_output_delay  5 -clock [get_clocks {OSC_CLK_IN}] [get_ports {DBL3[5]}]
#@ set_output_delay  5 -clock [get_clocks {OSC_CLK_IN}] [get_ports {DBL4[1]}]
#@ set_output_delay  5 -clock [get_clocks {OSC_CLK_IN}] [get_ports {SLIN_A}]
#@ set_output_delay  5 -clock [get_clocks {OSC_CLK_IN}] [get_ports {SLIN_B}]
#@ set_output_delay  5 -clock [get_clocks {OSC_CLK_IN}] [get_ports {DBR5[7]}]
#@ set_output_delay  5 -clock [get_clocks {OSC_CLK_IN}] [get_ports {POFF_DRA_CH829_840_L}]
#@ set_output_delay  5 -clock [get_clocks {OSC_CLK_IN}] [get_ports {DBR1[4]}]
#@ set_output_delay  5 -clock [get_clocks {OSC_CLK_IN}] [get_ports {DBR2[0]}]
#@ set_output_delay  5 -clock [get_clocks {OSC_CLK_IN}] [get_ports {DBL3[6]}]
#@ set_output_delay  5 -clock [get_clocks {OSC_CLK_IN}] [get_ports {POFF_DRA_CH613_648_R}]
#@ set_output_delay  1 -clock [get_clocks {I2C_CLK}] -max [get_ports {I2C_SDA_OE}]
#@ set_output_delay  -1 -clock [get_clocks {I2C_CLK}] -min [get_ports {I2C_SDA_OE}]
#@ set_output_delay  -0.5 -clock [get_clocks {RX0_CLK_DIV1P5_1P}] -max [get_ports {rstn_async_L0}]
#@ set_output_delay  5 -clock [get_clocks {RX0_CLK_DIV1P5_1P}] -min [get_ports {rstn_async_L0}]
#@ set_output_delay  -0.5 -clock [get_clocks {RX0_CLK_DIV1P5_1P}] -max [get_ports {rstn_async_L1}]
#@ set_output_delay  5 -clock [get_clocks {RX0_CLK_DIV1P5_1P}] -min [get_ports {rstn_async_L1}]
#@ set_output_delay  -0.5 -clock [get_clocks {RX0_CLK_DIV1P5}] -max [get_ports {XRSTA_L}]
#@ set_output_delay  5 -clock [get_clocks {RX0_CLK_DIV1P5}] -min [get_ports {XRSTA_L}]
#@ set_output_delay  -0.5 -clock [get_clocks {RX1_CLK}] -max -add_delay [get_ports {XRSTA_L}]
#@ set_output_delay  5 -clock [get_clocks {RX1_CLK}] -min -add_delay [get_ports {XRSTA_L}]
#@ set_output_delay  -0.5 -clock [get_clocks {RX0_CLK_DIV1P5}] -max [get_ports {XRSTA_R}]
#@ set_output_delay  5 -clock [get_clocks {RX0_CLK_DIV1P5}] -min [get_ports {XRSTA_R}]
#@ set_output_delay  -0.5 -clock [get_clocks {RX1_CLK}] -max -add_delay [get_ports {XRSTA_R}]
#@ set_output_delay  5 -clock [get_clocks {RX1_CLK}] -min -add_delay [get_ports {XRSTA_R}]
#@ set_output_delay  -0.5 -clock [get_clocks {RX0_CLK_DIV1P5}] -max [get_ports {XRSTB_L}]
#@ set_output_delay  5 -clock [get_clocks {RX0_CLK_DIV1P5}] -min [get_ports {XRSTB_L}]
#@ set_output_delay  -0.5 -clock [get_clocks {RX1_CLK}] -max -add_delay [get_ports {XRSTB_L}]
#@ set_output_delay  5 -clock [get_clocks {RX1_CLK}] -min -add_delay [get_ports {XRSTB_L}]
#@ set_output_delay  -0.5 -clock [get_clocks {RX0_CLK_DIV1P5}] -max [get_ports {XRSTB_R}]
#@ set_output_delay  5 -clock [get_clocks {RX0_CLK_DIV1P5}] -min [get_ports {XRSTB_R}]
#@ set_output_delay  -0.5 -clock [get_clocks {RX1_CLK}] -max -add_delay [get_ports {XRSTB_R}]
#@ set_output_delay  5 -clock [get_clocks {RX1_CLK}] -min -add_delay [get_ports {XRSTB_R}]
#@ set_output_delay  -0.5 -clock [get_clocks {RX0_CLK_DIV1P5}] -max [get_ports {CHSEL_R[0]}]
#@ set_output_delay  5 -clock [get_clocks {RX0_CLK_DIV1P5}] -min [get_ports {CHSEL_R[0]}]
#@ set_output_delay  -0.5 -clock [get_clocks {RX0_CLK_DIV1P5}] -max [get_ports {CHSEL_R[1]}]
#@ set_output_delay  5 -clock [get_clocks {RX0_CLK_DIV1P5}] -min [get_ports {CHSEL_R[1]}]
#@ set_output_delay  -0.5 -clock [get_clocks {RX0_CLK_DIV1P5}] -max [get_ports {CHSEL_R[2]}]
#@ set_output_delay  5 -clock [get_clocks {RX0_CLK_DIV1P5}] -min [get_ports {CHSEL_R[2]}]
#@ set_output_delay  -0.5 -clock [get_clocks {RX0_CLK_DIV1P5}] -max [get_ports {CHSEL_L[0]}]
#@ set_output_delay  5 -clock [get_clocks {RX0_CLK_DIV1P5}] -min [get_ports {CHSEL_L[0]}]
#@ set_output_delay  -0.5 -clock [get_clocks {RX0_CLK_DIV1P5}] -max [get_ports {CHSEL_L[1]}]
#@ set_output_delay  5 -clock [get_clocks {RX0_CLK_DIV1P5}] -min [get_ports {CHSEL_L[1]}]
#@ set_output_delay  -0.5 -clock [get_clocks {RX0_CLK_DIV1P5}] -max [get_ports {CHSEL_L[2]}]
#@ set_output_delay  5 -clock [get_clocks {RX0_CLK_DIV1P5}] -min [get_ports {CHSEL_L[2]}]
#@ set_output_delay  -0.5 -clock [get_clocks {RX0_CLK_DIV1P5}] -max [get_ports {reg_lane_osr_L0}]
#@ set_output_delay  5 -clock [get_clocks {RX0_CLK_DIV1P5}] -min [get_ports {reg_lane_osr_L0}]
#@ set_output_delay  -0.5 -clock [get_clocks {RX0_CLK_DIV1P5}] -max [get_ports {reg_lane_osr_L1}]
#@ set_output_delay  5 -clock [get_clocks {RX0_CLK_DIV1P5}] -min [get_ports {reg_lane_osr_L1}]
#@ set_output_delay  -0.5 -clock [get_clocks {RX0_CLK_DIV1P5}] -max [get_ports {reg_lane_pd_L0}]
#@ set_output_delay  5 -clock [get_clocks {RX0_CLK_DIV1P5}] -min [get_ports {reg_lane_pd_L0}]
#@ set_output_delay  -0.5 -clock [get_clocks {RX0_CLK_DIV1P5}] -max [get_ports {reg_lane_pd_L1}]
#@ set_output_delay  5 -clock [get_clocks {RX0_CLK_DIV1P5}] -min [get_ports {reg_lane_pd_L1}]
#@ set_output_delay  -0.5 -clock [get_clocks {RX0_CLK_DIV1P5}] [get_ports {PD_GBIAS}]
#@ set_output_delay  -0.5 -clock [get_clocks {RX0_CLK_DIV1P5}] [get_ports {PD_GOP}]
#@ set_output_delay  5 -clock [get_clocks {RX0_CLK_DIV1P5}] -min [get_ports {PTAT_EN}]
#@ set_output_delay  -0.5 -clock [get_clocks {RX0_CLK_DIV1P5}] -max [get_ports {ENL_GAP1}]
#@ set_output_delay  5 -clock [get_clocks {RX0_CLK_DIV1P5}] -min [get_ports {ENL_GAP1}]
#@ set_output_delay  -0.5 -clock [get_clocks {RX0_CLK_DIV1P5}] -max [get_ports {ENR_GAP1}]
#@ set_output_delay  5 -clock [get_clocks {RX0_CLK_DIV1P5}] -min [get_ports {ENR_GAP1}]
#@ set_output_delay  -0.5 -clock [get_clocks {RX0_CLK_DIV1P5}] -max [get_ports {ENL_GAP2}]
#@ set_output_delay  5 -clock [get_clocks {RX0_CLK_DIV1P5}] -min [get_ports {ENL_GAP2}]
#@ set_output_delay  -0.5 -clock [get_clocks {RX0_CLK_DIV1P5}] -max [get_ports {ENR_GAP2}]
#@ set_output_delay  5 -clock [get_clocks {RX0_CLK_DIV1P5}] -min [get_ports {ENR_GAP2}]
#@ set_output_delay  -0.5 -clock [get_clocks {WCLK1_A_I2C}] -max [get_ports {H120V}]
#@ set_output_delay  5 -clock [get_clocks {WCLK1_A_I2C}] -min [get_ports {H120V}]
#@ set_output_delay  -0.5 -clock [get_clocks {WCLK1_A_DCLK}] -add_delay [get_ports {H120V}]
#@ set_output_delay  -0.5 -clock [get_clocks {WCLK1_A_I2C}] -max [get_ports {FSHIFT_L}]
#@ set_output_delay  5 -clock [get_clocks {WCLK1_A_I2C}] -min [get_ports {FSHIFT_L}]
#@ set_output_delay  -0.5 -clock [get_clocks {WCLK1_A_DCLK}] -add_delay [get_ports {FSHIFT_L}]
#@ set_output_delay  -0.5 -clock [get_clocks {WCLK1_A_I2C}] -max [get_ports {FSHIFT_R}]
#@ set_output_delay  5 -clock [get_clocks {WCLK1_A_I2C}] -min [get_ports {FSHIFT_R}]
#@ set_output_delay  -0.5 -clock [get_clocks {WCLK1_A_DCLK}] -add_delay [get_ports {FSHIFT_R}]
#@ set_output_delay  -0.5 -clock [get_clocks {WCLK1_A_I2C}] -max [get_ports {HSTR}]
#@ set_output_delay  5 -clock [get_clocks {WCLK1_A_I2C}] -min [get_ports {HSTR}]
#@ set_output_delay  -0.5 -clock [get_clocks {WCLK1_A_DCLK}] -add_delay [get_ports {HSTR}]
#@ set_output_delay  -0.5 -clock [get_clocks {WCLK1_A_I2C}] -max [get_ports {HN_VBP1[0]}]
#@ set_output_delay  5 -clock [get_clocks {WCLK1_A_I2C}] -min [get_ports {HN_VBP1[0]}]
#@ set_output_delay  -0.5 -clock [get_clocks {WCLK1_A_DCLK}] -add_delay [get_ports {HN_VBP1[0]}]
#@ set_output_delay  -0.5 -clock [get_clocks {WCLK1_A_I2C}] -max [get_ports {HN_VBN2[0]}]
#@ set_output_delay  5 -clock [get_clocks {WCLK1_A_I2C}] -min [get_ports {HN_VBN2[0]}]
#@ set_output_delay  -0.5 -clock [get_clocks {WCLK1_A_DCLK}] -add_delay [get_ports {HN_VBN2[0]}]
#@ set_output_delay  -0.5 -clock [get_clocks {WCLK1_A_I2C}] -max [get_ports {HN_VBP1[1]}]
#@ set_output_delay  5 -clock [get_clocks {WCLK1_A_I2C}] -min [get_ports {HN_VBP1[1]}]
#@ set_output_delay  -0.5 -clock [get_clocks {WCLK1_A_DCLK}] -add_delay [get_ports {HN_VBP1[1]}]
#@ set_output_delay  -0.5 -clock [get_clocks {WCLK1_A_I2C}] -max [get_ports {HN_VBN2[1]}]
#@ set_output_delay  5 -clock [get_clocks {WCLK1_A_I2C}] -min [get_ports {HN_VBN2[1]}]
#@ set_output_delay  -0.5 -clock [get_clocks {WCLK1_A_DCLK}] -add_delay [get_ports {HN_VBN2[1]}]
#@ set_output_delay  -0.5 -clock [get_clocks {WCLK1_A_I2C}] -max [get_ports {HN_VBP2[0]}]
#@ set_output_delay  5 -clock [get_clocks {WCLK1_A_I2C}] -min [get_ports {HN_VBP2[0]}]
#@ set_output_delay  -0.5 -clock [get_clocks {WCLK1_A_DCLK}] -add_delay [get_ports {HN_VBP2[0]}]
#@ set_output_delay  -0.5 -clock [get_clocks {WCLK1_A_I2C}] -max [get_ports {HN_VBP2[1]}]
#@ set_output_delay  5 -clock [get_clocks {WCLK1_A_I2C}] -min [get_ports {HN_VBP2[1]}]
#@ set_output_delay  -0.5 -clock [get_clocks {WCLK1_A_DCLK}] -add_delay [get_ports {HN_VBP2[1]}]
#@ set_output_delay  -0.5 -clock [get_clocks {WCLK1_A_I2C}] -max [get_ports {HN_VBN1[0]}]
#@ set_output_delay  5 -clock [get_clocks {WCLK1_A_I2C}] -min [get_ports {HN_VBN1[0]}]
#@ set_output_delay  -0.5 -clock [get_clocks {WCLK1_A_DCLK}] -add_delay [get_ports {HN_VBN1[0]}]
#@ set_output_delay  -0.5 -clock [get_clocks {WCLK1_A_I2C}] -max [get_ports {HN_VBN1[1]}]
#@ set_output_delay  5 -clock [get_clocks {WCLK1_A_I2C}] -min [get_ports {HN_VBN1[1]}]
#@ set_output_delay  -0.5 -clock [get_clocks {WCLK1_A_DCLK}] -add_delay [get_ports {HN_VBN1[1]}]
#@ set_output_delay  -0.5 -clock [get_clocks {WCLK1_A_I2C}] -max [get_ports {HP_VBP1[0]}]
#@ set_output_delay  5 -clock [get_clocks {WCLK1_A_I2C}] -min [get_ports {HP_VBP1[0]}]
#@ set_output_delay  -0.5 -clock [get_clocks {WCLK1_A_DCLK}] -add_delay [get_ports {HP_VBP1[0]}]
#@ set_output_delay  -0.5 -clock [get_clocks {WCLK1_A_I2C}] -max [get_ports {HP_VBN2[0]}]
#@ set_output_delay  5 -clock [get_clocks {WCLK1_A_I2C}] -min [get_ports {HP_VBN2[0]}]
#@ set_output_delay  -0.5 -clock [get_clocks {WCLK1_A_DCLK}] -add_delay [get_ports {HP_VBN2[0]}]
#@ set_output_delay  -0.5 -clock [get_clocks {WCLK1_A_I2C}] -max [get_ports {HP_VBP1[1]}]
#@ set_output_delay  5 -clock [get_clocks {WCLK1_A_I2C}] -min [get_ports {HP_VBP1[1]}]
#@ set_output_delay  -0.5 -clock [get_clocks {WCLK1_A_DCLK}] -add_delay [get_ports {HP_VBP1[1]}]
#@ set_output_delay  -0.5 -clock [get_clocks {WCLK1_A_I2C}] -max [get_ports {HP_VBN2[1]}]
#@ set_output_delay  5 -clock [get_clocks {WCLK1_A_I2C}] -min [get_ports {HP_VBN2[1]}]
#@ set_output_delay  -0.5 -clock [get_clocks {WCLK1_A_DCLK}] -add_delay [get_ports {HP_VBN2[1]}]
#@ set_output_delay  -0.5 -clock [get_clocks {WCLK1_A_I2C}] -max [get_ports {HP_VBP2[0]}]
#@ set_output_delay  5 -clock [get_clocks {WCLK1_A_I2C}] -min [get_ports {HP_VBP2[0]}]
#@ set_output_delay  -0.5 -clock [get_clocks {WCLK1_A_DCLK}] -add_delay [get_ports {HP_VBP2[0]}]
#@ set_output_delay  -0.5 -clock [get_clocks {WCLK1_A_I2C}] -max [get_ports {HP_VBP2[1]}]
#@ set_output_delay  5 -clock [get_clocks {WCLK1_A_I2C}] -min [get_ports {HP_VBP2[1]}]
#@ set_output_delay  -0.5 -clock [get_clocks {WCLK1_A_DCLK}] -add_delay [get_ports {HP_VBP2[1]}]
#@ set_output_delay  -0.5 -clock [get_clocks {WCLK1_A_I2C}] -max [get_ports {HP_VBN1[0]}]
#@ set_output_delay  5 -clock [get_clocks {WCLK1_A_I2C}] -min [get_ports {HP_VBN1[0]}]
#@ set_output_delay  -0.5 -clock [get_clocks {WCLK1_A_DCLK}] -add_delay [get_ports {HP_VBN1[0]}]
#@ set_output_delay  -0.5 -clock [get_clocks {WCLK1_A_I2C}] -max [get_ports {HP_VBN1[1]}]
#@ set_output_delay  5 -clock [get_clocks {WCLK1_A_I2C}] -min [get_ports {HP_VBN1[1]}]
#@ set_output_delay  -0.5 -clock [get_clocks {WCLK1_A_DCLK}] -add_delay [get_ports {HP_VBN1[1]}]
#@ set_output_delay  -0.5 -clock [get_clocks {WCLK1_A_I2C}] -max [get_ports {HVBP_SEPARATE}]
#@ set_output_delay  5 -clock [get_clocks {WCLK1_A_I2C}] -min [get_ports {HVBP_SEPARATE}]
#@ set_output_delay  -0.5 -clock [get_clocks {WCLK1_A_DCLK}] -add_delay [get_ports {HVBP_SEPARATE}]
#@ set_output_delay  -0.5 -clock [get_clocks {WCLK1_A_I2C}] -max [get_ports {OVC_POS[0]}]
#@ set_output_delay  5 -clock [get_clocks {WCLK1_A_I2C}] -min [get_ports {OVC_POS[0]}]
#@ set_output_delay  -0.5 -clock [get_clocks {WCLK1_A_DCLK}] -add_delay [get_ports {OVC_POS[0]}]
#@ set_output_delay  -0.5 -clock [get_clocks {WCLK1_A_I2C}] -max [get_ports {OVC_POS[1]}]
#@ set_output_delay  5 -clock [get_clocks {WCLK1_A_I2C}] -min [get_ports {OVC_POS[1]}]
#@ set_output_delay  -0.5 -clock [get_clocks {WCLK1_A_DCLK}] -add_delay [get_ports {OVC_POS[1]}]
#@ set_output_delay  -0.5 -clock [get_clocks {WCLK1_A_I2C}] -max [get_ports {OVC_NEG[0]}]
#@ set_output_delay  5 -clock [get_clocks {WCLK1_A_I2C}] -min [get_ports {OVC_NEG[0]}]
#@ set_output_delay  -0.5 -clock [get_clocks {WCLK1_A_DCLK}] -add_delay [get_ports {OVC_NEG[0]}]
#@ set_output_delay  -0.5 -clock [get_clocks {WCLK1_A_I2C}] -max [get_ports {OVC_NEG[1]}]
#@ set_output_delay  5 -clock [get_clocks {WCLK1_A_I2C}] -min [get_ports {OVC_NEG[1]}]
#@ set_output_delay  -0.5 -clock [get_clocks {WCLK1_A_DCLK}] -add_delay [get_ports {OVC_NEG[1]}]
#@ set_output_delay  -0.5 -clock [get_clocks {WCLK1_A_I2C}] -max [get_ports {Y1_TEST_EN[0]}]
#@ set_output_delay  5 -clock [get_clocks {WCLK1_A_I2C}] -min [get_ports {Y1_TEST_EN[0]}]
#@ set_output_delay  -0.5 -clock [get_clocks {WCLK1_A_DCLK}] -add_delay [get_ports {Y1_TEST_EN[0]}]
#@ set_output_delay  -0.5 -clock [get_clocks {WCLK1_A_I2C}] -max [get_ports {Y1_TEST_EN[1]}]
#@ set_output_delay  5 -clock [get_clocks {WCLK1_A_I2C}] -min [get_ports {Y1_TEST_EN[1]}]
#@ set_output_delay  -0.5 -clock [get_clocks {WCLK1_A_DCLK}] -add_delay [get_ports {Y1_TEST_EN[1]}]
#@ set_output_delay  -0.5 -clock [get_clocks {WCLK1_A_I2C}] -max [get_ports {Y1446_TEST_EN[0]}]
#@ set_output_delay  5 -clock [get_clocks {WCLK1_A_I2C}] -min [get_ports {Y1446_TEST_EN[0]}]
#@ set_output_delay  -0.5 -clock [get_clocks {WCLK1_A_DCLK}] -add_delay [get_ports {Y1446_TEST_EN[0]}]
#@ set_output_delay  -0.5 -clock [get_clocks {WCLK1_A_I2C}] -max [get_ports {Y1446_TEST_EN[1]}]
#@ set_output_delay  5 -clock [get_clocks {WCLK1_A_I2C}] -min [get_ports {Y1446_TEST_EN[1]}]
#@ set_output_delay  -0.5 -clock [get_clocks {WCLK1_A_DCLK}] -add_delay [get_ports {Y1446_TEST_EN[1]}]
#@ set_output_delay  -0.5 -clock [get_clocks {WCLK1_A_I2C}] -max [get_ports {R_VGMAI_SEL}]
#@ set_output_delay  5 -clock [get_clocks {WCLK1_A_I2C}] -min [get_ports {R_VGMAI_SEL}]
#@ set_output_delay  -0.5 -clock [get_clocks {WCLK1_A_DCLK}] -add_delay [get_ports {R_VGMAI_SEL}]
#@ set_output_delay  -0.5 -clock [get_clocks {WCLK1_A_I2C}] -max [get_ports {PGM_VGMA14[5]}]
#@ set_output_delay  5 -clock [get_clocks {WCLK1_A_I2C}] -min [get_ports {PGM_VGMA14[5]}]
#@ set_output_delay  -0.5 -clock [get_clocks {WCLK1_A_DCLK}] -add_delay [get_ports {PGM_VGMA14[5]}]
#@ set_output_delay  -0.5 -clock [get_clocks {WCLK1_A_I2C}] -max [get_ports {PGM_VGMA8[7]}]
#@ set_output_delay  5 -clock [get_clocks {WCLK1_A_I2C}] -min [get_ports {PGM_VGMA8[7]}]
#@ set_output_delay  -0.5 -clock [get_clocks {WCLK1_A_DCLK}] -add_delay [get_ports {PGM_VGMA8[7]}]
#@ set_output_delay  -0.5 -clock [get_clocks {WCLK1_A_I2C}] -max [get_ports {PGM_VGMA10[2]}]
#@ set_output_delay  5 -clock [get_clocks {WCLK1_A_I2C}] -min [get_ports {PGM_VGMA10[2]}]
#@ set_output_delay  -0.5 -clock [get_clocks {WCLK1_A_DCLK}] -add_delay [get_ports {PGM_VGMA10[2]}]
#@ set_output_delay  -0.5 -clock [get_clocks {WCLK1_A_I2C}] -max [get_ports {PGM_VGMA4[4]}]
#@ set_output_delay  5 -clock [get_clocks {WCLK1_A_I2C}] -min [get_ports {PGM_VGMA4[4]}]
#@ set_output_delay  -0.5 -clock [get_clocks {WCLK1_A_DCLK}] -add_delay [get_ports {PGM_VGMA4[4]}]
#@ set_output_delay  -0.5 -clock [get_clocks {WCLK1_A_I2C}] -max [get_ports {PGM_VGMA9[3]}]
#@ set_output_delay  5 -clock [get_clocks {WCLK1_A_I2C}] -min [get_ports {PGM_VGMA9[3]}]
#@ set_output_delay  -0.5 -clock [get_clocks {WCLK1_A_DCLK}] -add_delay [get_ports {PGM_VGMA9[3]}]
#@ set_output_delay  -0.5 -clock [get_clocks {WCLK1_A_I2C}] -max [get_ports {PGM_VGMA15[1]}]
#@ set_output_delay  5 -clock [get_clocks {WCLK1_A_I2C}] -min [get_ports {PGM_VGMA15[1]}]
#@ set_output_delay  -0.5 -clock [get_clocks {WCLK1_A_DCLK}] -add_delay [get_ports {PGM_VGMA15[1]}]
#@ set_output_delay  -0.5 -clock [get_clocks {WCLK1_A_I2C}] -max [get_ports {PGM_VGMA5[0]}]
#@ set_output_delay  5 -clock [get_clocks {WCLK1_A_I2C}] -min [get_ports {PGM_VGMA5[0]}]
#@ set_output_delay  -0.5 -clock [get_clocks {WCLK1_A_DCLK}] -add_delay [get_ports {PGM_VGMA5[0]}]
#@ set_output_delay  -0.5 -clock [get_clocks {WCLK1_A_I2C}] -max [get_ports {PGM_VGMA14[6]}]
#@ set_output_delay  5 -clock [get_clocks {WCLK1_A_I2C}] -min [get_ports {PGM_VGMA14[6]}]
#@ set_output_delay  -0.5 -clock [get_clocks {WCLK1_A_DCLK}] -add_delay [get_ports {PGM_VGMA14[6]}]
#@ set_output_delay  -0.5 -clock [get_clocks {WCLK1_A_I2C}] -max [get_ports {PGM_VGMA10[3]}]
#@ set_output_delay  5 -clock [get_clocks {WCLK1_A_I2C}] -min [get_ports {PGM_VGMA10[3]}]
#@ set_output_delay  -0.5 -clock [get_clocks {WCLK1_A_DCLK}] -add_delay [get_ports {PGM_VGMA10[3]}]
#@ set_output_delay  -0.5 -clock [get_clocks {WCLK1_A_I2C}] -max [get_ports {PGM_VGMA4[5]}]
#@ set_output_delay  5 -clock [get_clocks {WCLK1_A_I2C}] -min [get_ports {PGM_VGMA4[5]}]
#@ set_output_delay  -0.5 -clock [get_clocks {WCLK1_A_DCLK}] -add_delay [get_ports {PGM_VGMA4[5]}]
#@ set_output_delay  -0.5 -clock [get_clocks {WCLK1_A_I2C}] -max [get_ports {PGM_VGMA15[2]}]
#@ set_output_delay  5 -clock [get_clocks {WCLK1_A_I2C}] -min [get_ports {PGM_VGMA15[2]}]
#@ set_output_delay  -0.5 -clock [get_clocks {WCLK1_A_DCLK}] -add_delay [get_ports {PGM_VGMA15[2]}]
#@ set_output_delay  -0.5 -clock [get_clocks {WCLK1_A_I2C}] -max [get_ports {PGM_VGMA9[4]}]
#@ set_output_delay  5 -clock [get_clocks {WCLK1_A_I2C}] -min [get_ports {PGM_VGMA9[4]}]
#@ set_output_delay  -0.5 -clock [get_clocks {WCLK1_A_DCLK}] -add_delay [get_ports {PGM_VGMA9[4]}]
#@ set_output_delay  -0.5 -clock [get_clocks {WCLK1_A_I2C}] -max [get_ports {PGM_VGMA5[1]}]
#@ set_output_delay  5 -clock [get_clocks {WCLK1_A_I2C}] -min [get_ports {PGM_VGMA5[1]}]
#@ set_output_delay  -0.5 -clock [get_clocks {WCLK1_A_DCLK}] -add_delay [get_ports {PGM_VGMA5[1]}]
#@ set_output_delay  -0.5 -clock [get_clocks {WCLK1_A_I2C}] -max [get_ports {PGM_VGMA14[7]}]
#@ set_output_delay  5 -clock [get_clocks {WCLK1_A_I2C}] -min [get_ports {PGM_VGMA14[7]}]
#@ set_output_delay  -0.5 -clock [get_clocks {WCLK1_A_DCLK}] -add_delay [get_ports {PGM_VGMA14[7]}]
#@ set_output_delay  -0.5 -clock [get_clocks {WCLK1_A_I2C}] -max [get_ports {PGM_VGMA10[4]}]
#@ set_output_delay  5 -clock [get_clocks {WCLK1_A_I2C}] -min [get_ports {PGM_VGMA10[4]}]
#@ set_output_delay  -0.5 -clock [get_clocks {WCLK1_A_DCLK}] -add_delay [get_ports {PGM_VGMA10[4]}]
#@ set_output_delay  -0.5 -clock [get_clocks {WCLK1_A_I2C}] -max [get_ports {PGM_VGMA4[6]}]
#@ set_output_delay  5 -clock [get_clocks {WCLK1_A_I2C}] -min [get_ports {PGM_VGMA4[6]}]
#@ set_output_delay  -0.5 -clock [get_clocks {WCLK1_A_DCLK}] -add_delay [get_ports {PGM_VGMA4[6]}]
#@ set_output_delay  -0.5 -clock [get_clocks {WCLK1_A_I2C}] -max [get_ports {PGM_VGMA15[3]}]
#@ set_output_delay  5 -clock [get_clocks {WCLK1_A_I2C}] -min [get_ports {PGM_VGMA15[3]}]
#@ set_output_delay  -0.5 -clock [get_clocks {WCLK1_A_DCLK}] -add_delay [get_ports {PGM_VGMA15[3]}]
#@ set_output_delay  -0.5 -clock [get_clocks {WCLK1_A_I2C}] -max [get_ports {PGM_VGMA9[5]}]
#@ set_output_delay  5 -clock [get_clocks {WCLK1_A_I2C}] -min [get_ports {PGM_VGMA9[5]}]
#@ set_output_delay  -0.5 -clock [get_clocks {WCLK1_A_DCLK}] -add_delay [get_ports {PGM_VGMA9[5]}]
#@ set_output_delay  -0.5 -clock [get_clocks {WCLK1_A_I2C}] -max [get_ports {PGM_VGMA5[2]}]
#@ set_output_delay  5 -clock [get_clocks {WCLK1_A_I2C}] -min [get_ports {PGM_VGMA5[2]}]
#@ set_output_delay  -0.5 -clock [get_clocks {WCLK1_A_DCLK}] -add_delay [get_ports {PGM_VGMA5[2]}]
#@ set_output_delay  -0.5 -clock [get_clocks {WCLK1_A_I2C}] -max [get_ports {PGM_VGMA11[0]}]
#@ set_output_delay  5 -clock [get_clocks {WCLK1_A_I2C}] -min [get_ports {PGM_VGMA11[0]}]
#@ set_output_delay  -0.5 -clock [get_clocks {WCLK1_A_DCLK}] -add_delay [get_ports {PGM_VGMA11[0]}]
#@ set_output_delay  -0.5 -clock [get_clocks {WCLK1_A_I2C}] -max [get_ports {PGM_VGMA10[5]}]
#@ set_output_delay  5 -clock [get_clocks {WCLK1_A_I2C}] -min [get_ports {PGM_VGMA10[5]}]
#@ set_output_delay  -0.5 -clock [get_clocks {WCLK1_A_DCLK}] -add_delay [get_ports {PGM_VGMA10[5]}]
#@ set_output_delay  -0.5 -clock [get_clocks {WCLK1_A_I2C}] -max [get_ports {PGM_VGMA4[7]}]
#@ set_output_delay  5 -clock [get_clocks {WCLK1_A_I2C}] -min [get_ports {PGM_VGMA4[7]}]
#@ set_output_delay  -0.5 -clock [get_clocks {WCLK1_A_DCLK}] -add_delay [get_ports {PGM_VGMA4[7]}]
#@ set_output_delay  -0.5 -clock [get_clocks {WCLK1_A_I2C}] -max [get_ports {PGM_VGMA15[4]}]
#@ set_output_delay  5 -clock [get_clocks {WCLK1_A_I2C}] -min [get_ports {PGM_VGMA15[4]}]
#@ set_output_delay  -0.5 -clock [get_clocks {WCLK1_A_DCLK}] -add_delay [get_ports {PGM_VGMA15[4]}]
#@ set_output_delay  -0.5 -clock [get_clocks {WCLK1_A_I2C}] -max [get_ports {PGM_VGMA9[6]}]
#@ set_output_delay  5 -clock [get_clocks {WCLK1_A_I2C}] -min [get_ports {PGM_VGMA9[6]}]
#@ set_output_delay  -0.5 -clock [get_clocks {WCLK1_A_DCLK}] -add_delay [get_ports {PGM_VGMA9[6]}]
#@ set_output_delay  -0.5 -clock [get_clocks {WCLK1_A_I2C}] -max [get_ports {PGM_VGMA11[1]}]
#@ set_output_delay  5 -clock [get_clocks {WCLK1_A_I2C}] -min [get_ports {PGM_VGMA11[1]}]
#@ set_output_delay  -0.5 -clock [get_clocks {WCLK1_A_DCLK}] -add_delay [get_ports {PGM_VGMA11[1]}]
#@ set_output_delay  -0.5 -clock [get_clocks {WCLK1_A_I2C}] -max [get_ports {PGM_VGMA5[3]}]
#@ set_output_delay  5 -clock [get_clocks {WCLK1_A_I2C}] -min [get_ports {PGM_VGMA5[3]}]
#@ set_output_delay  -0.5 -clock [get_clocks {WCLK1_A_DCLK}] -add_delay [get_ports {PGM_VGMA5[3]}]
#@ set_output_delay  -0.5 -clock [get_clocks {WCLK1_A_I2C}] -max [get_ports {PGM_VGMA1[0]}]
#@ set_output_delay  5 -clock [get_clocks {WCLK1_A_I2C}] -min [get_ports {PGM_VGMA1[0]}]
#@ set_output_delay  -0.5 -clock [get_clocks {WCLK1_A_DCLK}] -add_delay [get_ports {PGM_VGMA1[0]}]
#@ set_output_delay  -0.5 -clock [get_clocks {WCLK1_A_I2C}] -max [get_ports {PGM_VGMA16[0]}]
#@ set_output_delay  5 -clock [get_clocks {WCLK1_A_I2C}] -min [get_ports {PGM_VGMA16[0]}]
#@ set_output_delay  -0.5 -clock [get_clocks {WCLK1_A_DCLK}] -add_delay [get_ports {PGM_VGMA16[0]}]
#@ set_output_delay  -0.5 -clock [get_clocks {WCLK1_A_I2C}] -max [get_ports {PGM_VGMA10[6]}]
#@ set_output_delay  5 -clock [get_clocks {WCLK1_A_I2C}] -min [get_ports {PGM_VGMA10[6]}]
#@ set_output_delay  -0.5 -clock [get_clocks {WCLK1_A_DCLK}] -add_delay [get_ports {PGM_VGMA10[6]}]
#@ set_output_delay  -0.5 -clock [get_clocks {WCLK1_A_I2C}] -max [get_ports {PGM_VGMA15[5]}]
#@ set_output_delay  5 -clock [get_clocks {WCLK1_A_I2C}] -min [get_ports {PGM_VGMA15[5]}]
#@ set_output_delay  -0.5 -clock [get_clocks {WCLK1_A_DCLK}] -add_delay [get_ports {PGM_VGMA15[5]}]
#@ set_output_delay  -0.5 -clock [get_clocks {WCLK1_A_I2C}] -max [get_ports {PGM_VGMA9[7]}]
#@ set_output_delay  5 -clock [get_clocks {WCLK1_A_I2C}] -min [get_ports {PGM_VGMA9[7]}]
#@ set_output_delay  -0.5 -clock [get_clocks {WCLK1_A_DCLK}] -add_delay [get_ports {PGM_VGMA9[7]}]
#@ set_output_delay  -0.5 -clock [get_clocks {WCLK1_A_I2C}] -max [get_ports {PGM_VGMA11[2]}]
#@ set_output_delay  5 -clock [get_clocks {WCLK1_A_I2C}] -min [get_ports {PGM_VGMA11[2]}]
#@ set_output_delay  -0.5 -clock [get_clocks {WCLK1_A_DCLK}] -add_delay [get_ports {PGM_VGMA11[2]}]
#@ set_output_delay  -0.5 -clock [get_clocks {WCLK1_A_I2C}] -max [get_ports {PGM_VGMA5[4]}]
#@ set_output_delay  5 -clock [get_clocks {WCLK1_A_I2C}] -min [get_ports {PGM_VGMA5[4]}]
#@ set_output_delay  -0.5 -clock [get_clocks {WCLK1_A_DCLK}] -add_delay [get_ports {PGM_VGMA5[4]}]
#@ set_output_delay  -0.5 -clock [get_clocks {WCLK1_A_I2C}] -max [get_ports {PGM_VGMA1[1]}]
#@ set_output_delay  5 -clock [get_clocks {WCLK1_A_I2C}] -min [get_ports {PGM_VGMA1[1]}]
#@ set_output_delay  -0.5 -clock [get_clocks {WCLK1_A_DCLK}] -add_delay [get_ports {PGM_VGMA1[1]}]
#@ set_output_delay  -0.5 -clock [get_clocks {WCLK1_A_I2C}] -max [get_ports {PGM_VGMA16[1]}]
#@ set_output_delay  5 -clock [get_clocks {WCLK1_A_I2C}] -min [get_ports {PGM_VGMA16[1]}]
#@ set_output_delay  -0.5 -clock [get_clocks {WCLK1_A_DCLK}] -add_delay [get_ports {PGM_VGMA16[1]}]
#@ set_output_delay  -0.5 -clock [get_clocks {WCLK1_A_I2C}] -max [get_ports {PGM_VGMA6[0]}]
#@ set_output_delay  5 -clock [get_clocks {WCLK1_A_I2C}] -min [get_ports {PGM_VGMA6[0]}]
#@ set_output_delay  -0.5 -clock [get_clocks {WCLK1_A_DCLK}] -add_delay [get_ports {PGM_VGMA6[0]}]
#@ set_output_delay  -0.5 -clock [get_clocks {WCLK1_A_I2C}] -max [get_ports {PGM_VGMA10[7]}]
#@ set_output_delay  5 -clock [get_clocks {WCLK1_A_I2C}] -min [get_ports {PGM_VGMA10[7]}]
#@ set_output_delay  -0.5 -clock [get_clocks {WCLK1_A_DCLK}] -add_delay [get_ports {PGM_VGMA10[7]}]
#@ set_output_delay  -0.5 -clock [get_clocks {WCLK1_A_I2C}] -max [get_ports {PGM_VGMA15[6]}]
#@ set_output_delay  5 -clock [get_clocks {WCLK1_A_I2C}] -min [get_ports {PGM_VGMA15[6]}]
#@ set_output_delay  -0.5 -clock [get_clocks {WCLK1_A_DCLK}] -add_delay [get_ports {PGM_VGMA15[6]}]
#@ set_output_delay  -0.5 -clock [get_clocks {WCLK1_A_I2C}] -max [get_ports {PGM_VGMA11[3]}]
#@ set_output_delay  5 -clock [get_clocks {WCLK1_A_I2C}] -min [get_ports {PGM_VGMA11[3]}]
#@ set_output_delay  -0.5 -clock [get_clocks {WCLK1_A_DCLK}] -add_delay [get_ports {PGM_VGMA11[3]}]
#@ set_output_delay  -0.5 -clock [get_clocks {WCLK1_A_I2C}] -max [get_ports {PGM_VGMA5[5]}]
#@ set_output_delay  5 -clock [get_clocks {WCLK1_A_I2C}] -min [get_ports {PGM_VGMA5[5]}]
#@ set_output_delay  -0.5 -clock [get_clocks {WCLK1_A_DCLK}] -add_delay [get_ports {PGM_VGMA5[5]}]
#@ set_output_delay  -0.5 -clock [get_clocks {WCLK1_A_I2C}] -max [get_ports {PGM_VGMA1[2]}]
#@ set_output_delay  5 -clock [get_clocks {WCLK1_A_I2C}] -min [get_ports {PGM_VGMA1[2]}]
#@ set_output_delay  -0.5 -clock [get_clocks {WCLK1_A_DCLK}] -add_delay [get_ports {PGM_VGMA1[2]}]
#@ set_output_delay  -0.5 -clock [get_clocks {WCLK1_A_I2C}] -max [get_ports {PGM_VGMA16[2]}]
#@ set_output_delay  5 -clock [get_clocks {WCLK1_A_I2C}] -min [get_ports {PGM_VGMA16[2]}]
#@ set_output_delay  -0.5 -clock [get_clocks {WCLK1_A_DCLK}] -add_delay [get_ports {PGM_VGMA16[2]}]
#@ set_output_delay  -0.5 -clock [get_clocks {WCLK1_A_I2C}] -max [get_ports {PGM_VGMA6[1]}]
#@ set_output_delay  5 -clock [get_clocks {WCLK1_A_I2C}] -min [get_ports {PGM_VGMA6[1]}]
#@ set_output_delay  -0.5 -clock [get_clocks {WCLK1_A_DCLK}] -add_delay [get_ports {PGM_VGMA6[1]}]
#@ set_output_delay  -0.5 -clock [get_clocks {WCLK1_A_I2C}] -max [get_ports {PGM_VGMA15[7]}]
#@ set_output_delay  5 -clock [get_clocks {WCLK1_A_I2C}] -min [get_ports {PGM_VGMA15[7]}]
#@ set_output_delay  -0.5 -clock [get_clocks {WCLK1_A_DCLK}] -add_delay [get_ports {PGM_VGMA15[7]}]
#@ set_output_delay  -0.5 -clock [get_clocks {WCLK1_A_I2C}] -max [get_ports {PGM_VGMA11[4]}]
#@ set_output_delay  5 -clock [get_clocks {WCLK1_A_I2C}] -min [get_ports {PGM_VGMA11[4]}]
#@ set_output_delay  -0.5 -clock [get_clocks {WCLK1_A_DCLK}] -add_delay [get_ports {PGM_VGMA11[4]}]
#@ set_output_delay  -0.5 -clock [get_clocks {WCLK1_A_I2C}] -max [get_ports {PGM_VGMA5[6]}]
#@ set_output_delay  5 -clock [get_clocks {WCLK1_A_I2C}] -min [get_ports {PGM_VGMA5[6]}]
#@ set_output_delay  -0.5 -clock [get_clocks {WCLK1_A_DCLK}] -add_delay [get_ports {PGM_VGMA5[6]}]
#@ set_output_delay  -0.5 -clock [get_clocks {WCLK1_A_I2C}] -max [get_ports {PGM_VGMA1[3]}]
#@ set_output_delay  5 -clock [get_clocks {WCLK1_A_I2C}] -min [get_ports {PGM_VGMA1[3]}]
#@ set_output_delay  -0.5 -clock [get_clocks {WCLK1_A_DCLK}] -add_delay [get_ports {PGM_VGMA1[3]}]
#@ set_output_delay  -0.5 -clock [get_clocks {WCLK1_A_I2C}] -max [get_ports {PGM_VGMA16[3]}]
#@ set_output_delay  5 -clock [get_clocks {WCLK1_A_I2C}] -min [get_ports {PGM_VGMA16[3]}]
#@ set_output_delay  -0.5 -clock [get_clocks {WCLK1_A_DCLK}] -add_delay [get_ports {PGM_VGMA16[3]}]
#@ set_output_delay  -0.5 -clock [get_clocks {WCLK1_A_I2C}] -max [get_ports {PGM_VGMA6[2]}]
#@ set_output_delay  5 -clock [get_clocks {WCLK1_A_I2C}] -min [get_ports {PGM_VGMA6[2]}]
#@ set_output_delay  -0.5 -clock [get_clocks {WCLK1_A_DCLK}] -add_delay [get_ports {PGM_VGMA6[2]}]
#@ set_output_delay  -0.5 -clock [get_clocks {WCLK1_A_I2C}] -max [get_ports {PGM_VGMA12[0]}]
#@ set_output_delay  5 -clock [get_clocks {WCLK1_A_I2C}] -min [get_ports {PGM_VGMA12[0]}]
#@ set_output_delay  -0.5 -clock [get_clocks {WCLK1_A_DCLK}] -add_delay [get_ports {PGM_VGMA12[0]}]
#@ set_output_delay  -0.5 -clock [get_clocks {WCLK1_A_I2C}] -max [get_ports {PGM_VGMA11[5]}]
#@ set_output_delay  5 -clock [get_clocks {WCLK1_A_I2C}] -min [get_ports {PGM_VGMA11[5]}]
#@ set_output_delay  -0.5 -clock [get_clocks {WCLK1_A_DCLK}] -add_delay [get_ports {PGM_VGMA11[5]}]
#@ set_output_delay  -0.5 -clock [get_clocks {WCLK1_A_I2C}] -max [get_ports {PGM_VGMA5[7]}]
#@ set_output_delay  5 -clock [get_clocks {WCLK1_A_I2C}] -min [get_ports {PGM_VGMA5[7]}]
#@ set_output_delay  -0.5 -clock [get_clocks {WCLK1_A_DCLK}] -add_delay [get_ports {PGM_VGMA5[7]}]
#@ set_output_delay  -0.5 -clock [get_clocks {WCLK1_A_I2C}] -max [get_ports {PGM_VGMA1[4]}]
#@ set_output_delay  5 -clock [get_clocks {WCLK1_A_I2C}] -min [get_ports {PGM_VGMA1[4]}]
#@ set_output_delay  -0.5 -clock [get_clocks {WCLK1_A_DCLK}] -add_delay [get_ports {PGM_VGMA1[4]}]
#@ set_output_delay  -0.5 -clock [get_clocks {WCLK1_A_I2C}] -max [get_ports {PGM_VGMA16[4]}]
#@ set_output_delay  5 -clock [get_clocks {WCLK1_A_I2C}] -min [get_ports {PGM_VGMA16[4]}]
#@ set_output_delay  -0.5 -clock [get_clocks {WCLK1_A_DCLK}] -add_delay [get_ports {PGM_VGMA16[4]}]
#@ set_output_delay  -0.5 -clock [get_clocks {WCLK1_A_I2C}] -max [get_ports {PGM_VGMA6[3]}]
#@ set_output_delay  5 -clock [get_clocks {WCLK1_A_I2C}] -min [get_ports {PGM_VGMA6[3]}]
#@ set_output_delay  -0.5 -clock [get_clocks {WCLK1_A_DCLK}] -add_delay [get_ports {PGM_VGMA6[3]}]
#@ set_output_delay  -0.5 -clock [get_clocks {WCLK1_A_I2C}] -max [get_ports {PGM_VGMA12[1]}]
#@ set_output_delay  5 -clock [get_clocks {WCLK1_A_I2C}] -min [get_ports {PGM_VGMA12[1]}]
#@ set_output_delay  -0.5 -clock [get_clocks {WCLK1_A_DCLK}] -add_delay [get_ports {PGM_VGMA12[1]}]
#@ set_output_delay  -0.5 -clock [get_clocks {WCLK1_A_I2C}] -max [get_ports {PGM_VGMA2[0]}]
#@ set_output_delay  5 -clock [get_clocks {WCLK1_A_I2C}] -min [get_ports {PGM_VGMA2[0]}]
#@ set_output_delay  -0.5 -clock [get_clocks {WCLK1_A_DCLK}] -add_delay [get_ports {PGM_VGMA2[0]}]
#@ set_output_delay  -0.5 -clock [get_clocks {WCLK1_A_I2C}] -max [get_ports {PGM_VGMA17[0]}]
#@ set_output_delay  5 -clock [get_clocks {WCLK1_A_I2C}] -min [get_ports {PGM_VGMA17[0]}]
#@ set_output_delay  -0.5 -clock [get_clocks {WCLK1_A_DCLK}] -add_delay [get_ports {PGM_VGMA17[0]}]
#@ set_output_delay  -0.5 -clock [get_clocks {WCLK1_A_I2C}] -max [get_ports {PGM_VGMA11[6]}]
#@ set_output_delay  5 -clock [get_clocks {WCLK1_A_I2C}] -min [get_ports {PGM_VGMA11[6]}]
#@ set_output_delay  -0.5 -clock [get_clocks {WCLK1_A_DCLK}] -add_delay [get_ports {PGM_VGMA11[6]}]
#@ set_output_delay  -0.5 -clock [get_clocks {WCLK1_A_I2C}] -max [get_ports {PGM_VGMA1[5]}]
#@ set_output_delay  5 -clock [get_clocks {WCLK1_A_I2C}] -min [get_ports {PGM_VGMA1[5]}]
#@ set_output_delay  -0.5 -clock [get_clocks {WCLK1_A_DCLK}] -add_delay [get_ports {PGM_VGMA1[5]}]
#@ set_output_delay  -0.5 -clock [get_clocks {WCLK1_A_I2C}] -max [get_ports {PGM_VGMA16[5]}]
#@ set_output_delay  5 -clock [get_clocks {WCLK1_A_I2C}] -min [get_ports {PGM_VGMA16[5]}]
#@ set_output_delay  -0.5 -clock [get_clocks {WCLK1_A_DCLK}] -add_delay [get_ports {PGM_VGMA16[5]}]
#@ set_output_delay  -0.5 -clock [get_clocks {WCLK1_A_I2C}] -max [get_ports {PGM_VGMA12[2]}]
#@ set_output_delay  5 -clock [get_clocks {WCLK1_A_I2C}] -min [get_ports {PGM_VGMA12[2]}]
#@ set_output_delay  -0.5 -clock [get_clocks {WCLK1_A_DCLK}] -add_delay [get_ports {PGM_VGMA12[2]}]
#@ set_output_delay  -0.5 -clock [get_clocks {WCLK1_A_I2C}] -max [get_ports {PGM_VGMA6[4]}]
#@ set_output_delay  5 -clock [get_clocks {WCLK1_A_I2C}] -min [get_ports {PGM_VGMA6[4]}]
#@ set_output_delay  -0.5 -clock [get_clocks {WCLK1_A_DCLK}] -add_delay [get_ports {PGM_VGMA6[4]}]
#@ set_output_delay  -0.5 -clock [get_clocks {WCLK1_A_I2C}] -max [get_ports {PGM_VGMA2[1]}]
#@ set_output_delay  5 -clock [get_clocks {WCLK1_A_I2C}] -min [get_ports {PGM_VGMA2[1]}]
#@ set_output_delay  -0.5 -clock [get_clocks {WCLK1_A_DCLK}] -add_delay [get_ports {PGM_VGMA2[1]}]
#@ set_output_delay  -0.5 -clock [get_clocks {WCLK1_A_I2C}] -max [get_ports {PGM_VGMA17[1]}]
#@ set_output_delay  5 -clock [get_clocks {WCLK1_A_I2C}] -min [get_ports {PGM_VGMA17[1]}]
#@ set_output_delay  -0.5 -clock [get_clocks {WCLK1_A_DCLK}] -add_delay [get_ports {PGM_VGMA17[1]}]
#@ set_output_delay  -0.5 -clock [get_clocks {WCLK1_A_I2C}] -max [get_ports {PGM_VGMA7[0]}]
#@ set_output_delay  5 -clock [get_clocks {WCLK1_A_I2C}] -min [get_ports {PGM_VGMA7[0]}]
#@ set_output_delay  -0.5 -clock [get_clocks {WCLK1_A_DCLK}] -add_delay [get_ports {PGM_VGMA7[0]}]
#@ set_output_delay  -0.5 -clock [get_clocks {WCLK1_A_I2C}] -max [get_ports {PGM_VGMA11[7]}]
#@ set_output_delay  5 -clock [get_clocks {WCLK1_A_I2C}] -min [get_ports {PGM_VGMA11[7]}]
#@ set_output_delay  -0.5 -clock [get_clocks {WCLK1_A_DCLK}] -add_delay [get_ports {PGM_VGMA11[7]}]
#@ set_output_delay  -0.5 -clock [get_clocks {WCLK1_A_I2C}] -max [get_ports {PGM_VGMA1[6]}]
#@ set_output_delay  5 -clock [get_clocks {WCLK1_A_I2C}] -min [get_ports {PGM_VGMA1[6]}]
#@ set_output_delay  -0.5 -clock [get_clocks {WCLK1_A_DCLK}] -add_delay [get_ports {PGM_VGMA1[6]}]
#@ set_output_delay  -0.5 -clock [get_clocks {WCLK1_A_I2C}] -max [get_ports {PGM_VGMA16[6]}]
#@ set_output_delay  5 -clock [get_clocks {WCLK1_A_I2C}] -min [get_ports {PGM_VGMA16[6]}]
#@ set_output_delay  -0.5 -clock [get_clocks {WCLK1_A_DCLK}] -add_delay [get_ports {PGM_VGMA16[6]}]
#@ set_output_delay  -0.5 -clock [get_clocks {WCLK1_A_I2C}] -max [get_ports {PGM_VGMA12[3]}]
#@ set_output_delay  5 -clock [get_clocks {WCLK1_A_I2C}] -min [get_ports {PGM_VGMA12[3]}]
#@ set_output_delay  -0.5 -clock [get_clocks {WCLK1_A_DCLK}] -add_delay [get_ports {PGM_VGMA12[3]}]
#@ set_output_delay  -0.5 -clock [get_clocks {WCLK1_A_I2C}] -max [get_ports {PGM_VGMA6[5]}]
#@ set_output_delay  5 -clock [get_clocks {WCLK1_A_I2C}] -min [get_ports {PGM_VGMA6[5]}]
#@ set_output_delay  -0.5 -clock [get_clocks {WCLK1_A_DCLK}] -add_delay [get_ports {PGM_VGMA6[5]}]
#@ set_output_delay  -0.5 -clock [get_clocks {WCLK1_A_I2C}] -max [get_ports {PGM_VGMA2[2]}]
#@ set_output_delay  5 -clock [get_clocks {WCLK1_A_I2C}] -min [get_ports {PGM_VGMA2[2]}]
#@ set_output_delay  -0.5 -clock [get_clocks {WCLK1_A_DCLK}] -add_delay [get_ports {PGM_VGMA2[2]}]
#@ set_output_delay  -0.5 -clock [get_clocks {WCLK1_A_I2C}] -max [get_ports {PGM_VGMA17[2]}]
#@ set_output_delay  5 -clock [get_clocks {WCLK1_A_I2C}] -min [get_ports {PGM_VGMA17[2]}]
#@ set_output_delay  -0.5 -clock [get_clocks {WCLK1_A_DCLK}] -add_delay [get_ports {PGM_VGMA17[2]}]
#@ set_output_delay  -0.5 -clock [get_clocks {WCLK1_A_I2C}] -max [get_ports {PGM_VGMA7[1]}]
#@ set_output_delay  5 -clock [get_clocks {WCLK1_A_I2C}] -min [get_ports {PGM_VGMA7[1]}]
#@ set_output_delay  -0.5 -clock [get_clocks {WCLK1_A_DCLK}] -add_delay [get_ports {PGM_VGMA7[1]}]
#@ set_output_delay  -0.5 -clock [get_clocks {WCLK1_A_I2C}] -max [get_ports {PGM_VGMA1[7]}]
#@ set_output_delay  5 -clock [get_clocks {WCLK1_A_I2C}] -min [get_ports {PGM_VGMA1[7]}]
#@ set_output_delay  -0.5 -clock [get_clocks {WCLK1_A_DCLK}] -add_delay [get_ports {PGM_VGMA1[7]}]
#@ set_output_delay  -0.5 -clock [get_clocks {WCLK1_A_I2C}] -max [get_ports {PGM_VGMA16[7]}]
#@ set_output_delay  5 -clock [get_clocks {WCLK1_A_I2C}] -min [get_ports {PGM_VGMA16[7]}]
#@ set_output_delay  -0.5 -clock [get_clocks {WCLK1_A_DCLK}] -add_delay [get_ports {PGM_VGMA16[7]}]
#@ set_output_delay  -0.5 -clock [get_clocks {WCLK1_A_I2C}] -max [get_ports {PGM_VGMA12[4]}]
#@ set_output_delay  5 -clock [get_clocks {WCLK1_A_I2C}] -min [get_ports {PGM_VGMA12[4]}]
#@ set_output_delay  -0.5 -clock [get_clocks {WCLK1_A_DCLK}] -add_delay [get_ports {PGM_VGMA12[4]}]
#@ set_output_delay  -0.5 -clock [get_clocks {WCLK1_A_I2C}] -max [get_ports {PGM_VGMA6[6]}]
#@ set_output_delay  5 -clock [get_clocks {WCLK1_A_I2C}] -min [get_ports {PGM_VGMA6[6]}]
#@ set_output_delay  -0.5 -clock [get_clocks {WCLK1_A_DCLK}] -add_delay [get_ports {PGM_VGMA6[6]}]
#@ set_output_delay  -0.5 -clock [get_clocks {WCLK1_A_I2C}] -max [get_ports {PGM_VGMA2[3]}]
#@ set_output_delay  5 -clock [get_clocks {WCLK1_A_I2C}] -min [get_ports {PGM_VGMA2[3]}]
#@ set_output_delay  -0.5 -clock [get_clocks {WCLK1_A_DCLK}] -add_delay [get_ports {PGM_VGMA2[3]}]
#@ set_output_delay  -0.5 -clock [get_clocks {WCLK1_A_I2C}] -max [get_ports {PGM_VGMA17[3]}]
#@ set_output_delay  5 -clock [get_clocks {WCLK1_A_I2C}] -min [get_ports {PGM_VGMA17[3]}]
#@ set_output_delay  -0.5 -clock [get_clocks {WCLK1_A_DCLK}] -add_delay [get_ports {PGM_VGMA17[3]}]
#@ set_output_delay  -0.5 -clock [get_clocks {WCLK1_A_I2C}] -max [get_ports {PGM_VGMA7[2]}]
#@ set_output_delay  5 -clock [get_clocks {WCLK1_A_I2C}] -min [get_ports {PGM_VGMA7[2]}]
#@ set_output_delay  -0.5 -clock [get_clocks {WCLK1_A_DCLK}] -add_delay [get_ports {PGM_VGMA7[2]}]
#@ set_output_delay  -0.5 -clock [get_clocks {WCLK1_A_I2C}] -max [get_ports {PGM_VGMA13[0]}]
#@ set_output_delay  5 -clock [get_clocks {WCLK1_A_I2C}] -min [get_ports {PGM_VGMA13[0]}]
#@ set_output_delay  -0.5 -clock [get_clocks {WCLK1_A_DCLK}] -add_delay [get_ports {PGM_VGMA13[0]}]
#@ set_output_delay  -0.5 -clock [get_clocks {WCLK1_A_I2C}] -max [get_ports {PGM_VGMA12[5]}]
#@ set_output_delay  5 -clock [get_clocks {WCLK1_A_I2C}] -min [get_ports {PGM_VGMA12[5]}]
#@ set_output_delay  -0.5 -clock [get_clocks {WCLK1_A_DCLK}] -add_delay [get_ports {PGM_VGMA12[5]}]
#@ set_output_delay  -0.5 -clock [get_clocks {WCLK1_A_I2C}] -max [get_ports {PGM_VGMA6[7]}]
#@ set_output_delay  5 -clock [get_clocks {WCLK1_A_I2C}] -min [get_ports {PGM_VGMA6[7]}]
#@ set_output_delay  -0.5 -clock [get_clocks {WCLK1_A_DCLK}] -add_delay [get_ports {PGM_VGMA6[7]}]
#@ set_output_delay  -0.5 -clock [get_clocks {WCLK1_A_I2C}] -max [get_ports {PGM_VGMA2[4]}]
#@ set_output_delay  5 -clock [get_clocks {WCLK1_A_I2C}] -min [get_ports {PGM_VGMA2[4]}]
#@ set_output_delay  -0.5 -clock [get_clocks {WCLK1_A_DCLK}] -add_delay [get_ports {PGM_VGMA2[4]}]
#@ set_output_delay  -0.5 -clock [get_clocks {WCLK1_A_I2C}] -max [get_ports {PGM_VGMA17[4]}]
#@ set_output_delay  5 -clock [get_clocks {WCLK1_A_I2C}] -min [get_ports {PGM_VGMA17[4]}]
#@ set_output_delay  -0.5 -clock [get_clocks {WCLK1_A_DCLK}] -add_delay [get_ports {PGM_VGMA17[4]}]
#@ set_output_delay  -0.5 -clock [get_clocks {WCLK1_A_I2C}] -max [get_ports {PGM_VGMA7[3]}]
#@ set_output_delay  5 -clock [get_clocks {WCLK1_A_I2C}] -min [get_ports {PGM_VGMA7[3]}]
#@ set_output_delay  -0.5 -clock [get_clocks {WCLK1_A_DCLK}] -add_delay [get_ports {PGM_VGMA7[3]}]
#@ set_output_delay  -0.5 -clock [get_clocks {WCLK1_A_I2C}] -max [get_ports {PGM_VGMA13[1]}]
#@ set_output_delay  5 -clock [get_clocks {WCLK1_A_I2C}] -min [get_ports {PGM_VGMA13[1]}]
#@ set_output_delay  -0.5 -clock [get_clocks {WCLK1_A_DCLK}] -add_delay [get_ports {PGM_VGMA13[1]}]
#@ set_output_delay  -0.5 -clock [get_clocks {WCLK1_A_I2C}] -max [get_ports {PGM_VGMA3[0]}]
#@ set_output_delay  5 -clock [get_clocks {WCLK1_A_I2C}] -min [get_ports {PGM_VGMA3[0]}]
#@ set_output_delay  -0.5 -clock [get_clocks {WCLK1_A_DCLK}] -add_delay [get_ports {PGM_VGMA3[0]}]
#@ set_output_delay  -0.5 -clock [get_clocks {WCLK1_A_I2C}] -max [get_ports {PGM_VGMA18[0]}]
#@ set_output_delay  5 -clock [get_clocks {WCLK1_A_I2C}] -min [get_ports {PGM_VGMA18[0]}]
#@ set_output_delay  -0.5 -clock [get_clocks {WCLK1_A_DCLK}] -add_delay [get_ports {PGM_VGMA18[0]}]
#@ set_output_delay  -0.5 -clock [get_clocks {WCLK1_A_I2C}] -max [get_ports {PGM_VGMA12[6]}]
#@ set_output_delay  5 -clock [get_clocks {WCLK1_A_I2C}] -min [get_ports {PGM_VGMA12[6]}]
#@ set_output_delay  -0.5 -clock [get_clocks {WCLK1_A_DCLK}] -add_delay [get_ports {PGM_VGMA12[6]}]
#@ set_output_delay  -0.5 -clock [get_clocks {WCLK1_A_I2C}] -max [get_ports {PGM_VGMA2[5]}]
#@ set_output_delay  5 -clock [get_clocks {WCLK1_A_I2C}] -min [get_ports {PGM_VGMA2[5]}]
#@ set_output_delay  -0.5 -clock [get_clocks {WCLK1_A_DCLK}] -add_delay [get_ports {PGM_VGMA2[5]}]
#@ set_output_delay  -0.5 -clock [get_clocks {WCLK1_A_I2C}] -max [get_ports {PGM_VGMA17[5]}]
#@ set_output_delay  5 -clock [get_clocks {WCLK1_A_I2C}] -min [get_ports {PGM_VGMA17[5]}]
#@ set_output_delay  -0.5 -clock [get_clocks {WCLK1_A_DCLK}] -add_delay [get_ports {PGM_VGMA17[5]}]
#@ set_output_delay  -0.5 -clock [get_clocks {WCLK1_A_I2C}] -max [get_ports {PGM_VGMA13[2]}]
#@ set_output_delay  5 -clock [get_clocks {WCLK1_A_I2C}] -min [get_ports {PGM_VGMA13[2]}]
#@ set_output_delay  -0.5 -clock [get_clocks {WCLK1_A_DCLK}] -add_delay [get_ports {PGM_VGMA13[2]}]
#@ set_output_delay  -0.5 -clock [get_clocks {WCLK1_A_I2C}] -max [get_ports {PGM_VGMA7[4]}]
#@ set_output_delay  5 -clock [get_clocks {WCLK1_A_I2C}] -min [get_ports {PGM_VGMA7[4]}]
#@ set_output_delay  -0.5 -clock [get_clocks {WCLK1_A_DCLK}] -add_delay [get_ports {PGM_VGMA7[4]}]
#@ set_output_delay  -0.5 -clock [get_clocks {WCLK1_A_I2C}] -max [get_ports {PGM_VGMA3[1]}]
#@ set_output_delay  5 -clock [get_clocks {WCLK1_A_I2C}] -min [get_ports {PGM_VGMA3[1]}]
#@ set_output_delay  -0.5 -clock [get_clocks {WCLK1_A_DCLK}] -add_delay [get_ports {PGM_VGMA3[1]}]
#@ set_output_delay  -0.5 -clock [get_clocks {WCLK1_A_I2C}] -max [get_ports {PGM_VGMA18[1]}]
#@ set_output_delay  5 -clock [get_clocks {WCLK1_A_I2C}] -min [get_ports {PGM_VGMA18[1]}]
#@ set_output_delay  -0.5 -clock [get_clocks {WCLK1_A_DCLK}] -add_delay [get_ports {PGM_VGMA18[1]}]
#@ set_output_delay  -0.5 -clock [get_clocks {WCLK1_A_I2C}] -max [get_ports {PGM_VGMA8[0]}]
#@ set_output_delay  5 -clock [get_clocks {WCLK1_A_I2C}] -min [get_ports {PGM_VGMA8[0]}]
#@ set_output_delay  -0.5 -clock [get_clocks {WCLK1_A_DCLK}] -add_delay [get_ports {PGM_VGMA8[0]}]
#@ set_output_delay  -0.5 -clock [get_clocks {WCLK1_A_I2C}] -max [get_ports {PGM_VGMA12[7]}]
#@ set_output_delay  5 -clock [get_clocks {WCLK1_A_I2C}] -min [get_ports {PGM_VGMA12[7]}]
#@ set_output_delay  -0.5 -clock [get_clocks {WCLK1_A_DCLK}] -add_delay [get_ports {PGM_VGMA12[7]}]
#@ set_output_delay  -0.5 -clock [get_clocks {WCLK1_A_I2C}] -max [get_ports {PGM_VGMA2[6]}]
#@ set_output_delay  5 -clock [get_clocks {WCLK1_A_I2C}] -min [get_ports {PGM_VGMA2[6]}]
#@ set_output_delay  -0.5 -clock [get_clocks {WCLK1_A_DCLK}] -add_delay [get_ports {PGM_VGMA2[6]}]
#@ set_output_delay  -0.5 -clock [get_clocks {WCLK1_A_I2C}] -max [get_ports {PGM_VGMA17[6]}]
#@ set_output_delay  5 -clock [get_clocks {WCLK1_A_I2C}] -min [get_ports {PGM_VGMA17[6]}]
#@ set_output_delay  -0.5 -clock [get_clocks {WCLK1_A_DCLK}] -add_delay [get_ports {PGM_VGMA17[6]}]
#@ set_output_delay  -0.5 -clock [get_clocks {WCLK1_A_I2C}] -max [get_ports {PGM_VGMA13[3]}]
#@ set_output_delay  5 -clock [get_clocks {WCLK1_A_I2C}] -min [get_ports {PGM_VGMA13[3]}]
#@ set_output_delay  -0.5 -clock [get_clocks {WCLK1_A_DCLK}] -add_delay [get_ports {PGM_VGMA13[3]}]
#@ set_output_delay  -0.5 -clock [get_clocks {WCLK1_A_I2C}] -max [get_ports {PGM_VGMA7[5]}]
#@ set_output_delay  5 -clock [get_clocks {WCLK1_A_I2C}] -min [get_ports {PGM_VGMA7[5]}]
#@ set_output_delay  -0.5 -clock [get_clocks {WCLK1_A_DCLK}] -add_delay [get_ports {PGM_VGMA7[5]}]
#@ set_output_delay  -0.5 -clock [get_clocks {WCLK1_A_I2C}] -max [get_ports {PGM_VGMA3[2]}]
#@ set_output_delay  5 -clock [get_clocks {WCLK1_A_I2C}] -min [get_ports {PGM_VGMA3[2]}]
#@ set_output_delay  -0.5 -clock [get_clocks {WCLK1_A_DCLK}] -add_delay [get_ports {PGM_VGMA3[2]}]
#@ set_output_delay  -0.5 -clock [get_clocks {WCLK1_A_I2C}] -max [get_ports {PGM_VGMA18[2]}]
#@ set_output_delay  5 -clock [get_clocks {WCLK1_A_I2C}] -min [get_ports {PGM_VGMA18[2]}]
#@ set_output_delay  -0.5 -clock [get_clocks {WCLK1_A_DCLK}] -add_delay [get_ports {PGM_VGMA18[2]}]
#@ set_output_delay  -0.5 -clock [get_clocks {WCLK1_A_I2C}] -max [get_ports {PGM_VGMA8[1]}]
#@ set_output_delay  5 -clock [get_clocks {WCLK1_A_I2C}] -min [get_ports {PGM_VGMA8[1]}]
#@ set_output_delay  -0.5 -clock [get_clocks {WCLK1_A_DCLK}] -add_delay [get_ports {PGM_VGMA8[1]}]
#@ set_output_delay  -0.5 -clock [get_clocks {WCLK1_A_I2C}] -max [get_ports {PGM_VGMA2[7]}]
#@ set_output_delay  5 -clock [get_clocks {WCLK1_A_I2C}] -min [get_ports {PGM_VGMA2[7]}]
#@ set_output_delay  -0.5 -clock [get_clocks {WCLK1_A_DCLK}] -add_delay [get_ports {PGM_VGMA2[7]}]
#@ set_output_delay  -0.5 -clock [get_clocks {WCLK1_A_I2C}] -max [get_ports {PGM_VGMA17[7]}]
#@ set_output_delay  5 -clock [get_clocks {WCLK1_A_I2C}] -min [get_ports {PGM_VGMA17[7]}]
#@ set_output_delay  -0.5 -clock [get_clocks {WCLK1_A_DCLK}] -add_delay [get_ports {PGM_VGMA17[7]}]
#@ set_output_delay  -0.5 -clock [get_clocks {WCLK1_A_I2C}] -max [get_ports {PGM_VGMA13[4]}]
#@ set_output_delay  5 -clock [get_clocks {WCLK1_A_I2C}] -min [get_ports {PGM_VGMA13[4]}]
#@ set_output_delay  -0.5 -clock [get_clocks {WCLK1_A_DCLK}] -add_delay [get_ports {PGM_VGMA13[4]}]
#@ set_output_delay  -0.5 -clock [get_clocks {WCLK1_A_I2C}] -max [get_ports {PGM_VGMA7[6]}]
#@ set_output_delay  5 -clock [get_clocks {WCLK1_A_I2C}] -min [get_ports {PGM_VGMA7[6]}]
#@ set_output_delay  -0.5 -clock [get_clocks {WCLK1_A_DCLK}] -add_delay [get_ports {PGM_VGMA7[6]}]
#@ set_output_delay  -0.5 -clock [get_clocks {WCLK1_A_I2C}] -max [get_ports {PGM_VGMA3[3]}]
#@ set_output_delay  5 -clock [get_clocks {WCLK1_A_I2C}] -min [get_ports {PGM_VGMA3[3]}]
#@ set_output_delay  -0.5 -clock [get_clocks {WCLK1_A_DCLK}] -add_delay [get_ports {PGM_VGMA3[3]}]
#@ set_output_delay  -0.5 -clock [get_clocks {WCLK1_A_I2C}] -max [get_ports {PGM_VGMA18[3]}]
#@ set_output_delay  5 -clock [get_clocks {WCLK1_A_I2C}] -min [get_ports {PGM_VGMA18[3]}]
#@ set_output_delay  -0.5 -clock [get_clocks {WCLK1_A_DCLK}] -add_delay [get_ports {PGM_VGMA18[3]}]
#@ set_output_delay  -0.5 -clock [get_clocks {WCLK1_A_I2C}] -max [get_ports {PGM_VGMA8[2]}]
#@ set_output_delay  5 -clock [get_clocks {WCLK1_A_I2C}] -min [get_ports {PGM_VGMA8[2]}]
#@ set_output_delay  -0.5 -clock [get_clocks {WCLK1_A_DCLK}] -add_delay [get_ports {PGM_VGMA8[2]}]
#@ set_output_delay  -0.5 -clock [get_clocks {WCLK1_A_I2C}] -max [get_ports {PGM_VGMA14[0]}]
#@ set_output_delay  5 -clock [get_clocks {WCLK1_A_I2C}] -min [get_ports {PGM_VGMA14[0]}]
#@ set_output_delay  -0.5 -clock [get_clocks {WCLK1_A_DCLK}] -add_delay [get_ports {PGM_VGMA14[0]}]
#@ set_output_delay  -0.5 -clock [get_clocks {WCLK1_A_I2C}] -max [get_ports {PGM_VGMA13[5]}]
#@ set_output_delay  5 -clock [get_clocks {WCLK1_A_I2C}] -min [get_ports {PGM_VGMA13[5]}]
#@ set_output_delay  -0.5 -clock [get_clocks {WCLK1_A_DCLK}] -add_delay [get_ports {PGM_VGMA13[5]}]
#@ set_output_delay  -0.5 -clock [get_clocks {WCLK1_A_I2C}] -max [get_ports {PGM_VGMA7[7]}]
#@ set_output_delay  5 -clock [get_clocks {WCLK1_A_I2C}] -min [get_ports {PGM_VGMA7[7]}]
#@ set_output_delay  -0.5 -clock [get_clocks {WCLK1_A_DCLK}] -add_delay [get_ports {PGM_VGMA7[7]}]
#@ set_output_delay  -0.5 -clock [get_clocks {WCLK1_A_I2C}] -max [get_ports {PGM_VGMA3[4]}]
#@ set_output_delay  5 -clock [get_clocks {WCLK1_A_I2C}] -min [get_ports {PGM_VGMA3[4]}]
#@ set_output_delay  -0.5 -clock [get_clocks {WCLK1_A_DCLK}] -add_delay [get_ports {PGM_VGMA3[4]}]
#@ set_output_delay  -0.5 -clock [get_clocks {WCLK1_A_I2C}] -max [get_ports {PGM_VGMA18[4]}]
#@ set_output_delay  5 -clock [get_clocks {WCLK1_A_I2C}] -min [get_ports {PGM_VGMA18[4]}]
#@ set_output_delay  -0.5 -clock [get_clocks {WCLK1_A_DCLK}] -add_delay [get_ports {PGM_VGMA18[4]}]
#@ set_output_delay  -0.5 -clock [get_clocks {WCLK1_A_I2C}] -max [get_ports {PGM_VGMA8[3]}]
#@ set_output_delay  5 -clock [get_clocks {WCLK1_A_I2C}] -min [get_ports {PGM_VGMA8[3]}]
#@ set_output_delay  -0.5 -clock [get_clocks {WCLK1_A_DCLK}] -add_delay [get_ports {PGM_VGMA8[3]}]
#@ set_output_delay  -0.5 -clock [get_clocks {WCLK1_A_I2C}] -max [get_ports {PGM_VGMA14[1]}]
#@ set_output_delay  5 -clock [get_clocks {WCLK1_A_I2C}] -min [get_ports {PGM_VGMA14[1]}]
#@ set_output_delay  -0.5 -clock [get_clocks {WCLK1_A_DCLK}] -add_delay [get_ports {PGM_VGMA14[1]}]
#@ set_output_delay  -0.5 -clock [get_clocks {WCLK1_A_I2C}] -max [get_ports {PGM_VGMA4[0]}]
#@ set_output_delay  5 -clock [get_clocks {WCLK1_A_I2C}] -min [get_ports {PGM_VGMA4[0]}]
#@ set_output_delay  -0.5 -clock [get_clocks {WCLK1_A_DCLK}] -add_delay [get_ports {PGM_VGMA4[0]}]
#@ set_output_delay  -0.5 -clock [get_clocks {WCLK1_A_I2C}] -max [get_ports {PGM_VGMA13[6]}]
#@ set_output_delay  5 -clock [get_clocks {WCLK1_A_I2C}] -min [get_ports {PGM_VGMA13[6]}]
#@ set_output_delay  -0.5 -clock [get_clocks {WCLK1_A_DCLK}] -add_delay [get_ports {PGM_VGMA13[6]}]
#@ set_output_delay  -0.5 -clock [get_clocks {WCLK1_A_I2C}] -max [get_ports {PGM_VGMA3[5]}]
#@ set_output_delay  5 -clock [get_clocks {WCLK1_A_I2C}] -min [get_ports {PGM_VGMA3[5]}]
#@ set_output_delay  -0.5 -clock [get_clocks {WCLK1_A_DCLK}] -add_delay [get_ports {PGM_VGMA3[5]}]
#@ set_output_delay  -0.5 -clock [get_clocks {WCLK1_A_I2C}] -max [get_ports {PGM_VGMA18[5]}]
#@ set_output_delay  5 -clock [get_clocks {WCLK1_A_I2C}] -min [get_ports {PGM_VGMA18[5]}]
#@ set_output_delay  -0.5 -clock [get_clocks {WCLK1_A_DCLK}] -add_delay [get_ports {PGM_VGMA18[5]}]
#@ set_output_delay  -0.5 -clock [get_clocks {WCLK1_A_I2C}] -max [get_ports {PGM_VGMA14[2]}]
#@ set_output_delay  5 -clock [get_clocks {WCLK1_A_I2C}] -min [get_ports {PGM_VGMA14[2]}]
#@ set_output_delay  -0.5 -clock [get_clocks {WCLK1_A_DCLK}] -add_delay [get_ports {PGM_VGMA14[2]}]
#@ set_output_delay  -0.5 -clock [get_clocks {WCLK1_A_I2C}] -max [get_ports {PGM_VGMA8[4]}]
#@ set_output_delay  5 -clock [get_clocks {WCLK1_A_I2C}] -min [get_ports {PGM_VGMA8[4]}]
#@ set_output_delay  -0.5 -clock [get_clocks {WCLK1_A_DCLK}] -add_delay [get_ports {PGM_VGMA8[4]}]
#@ set_output_delay  -0.5 -clock [get_clocks {WCLK1_A_I2C}] -max [get_ports {PGM_VGMA4[1]}]
#@ set_output_delay  5 -clock [get_clocks {WCLK1_A_I2C}] -min [get_ports {PGM_VGMA4[1]}]
#@ set_output_delay  -0.5 -clock [get_clocks {WCLK1_A_DCLK}] -add_delay [get_ports {PGM_VGMA4[1]}]
#@ set_output_delay  -0.5 -clock [get_clocks {WCLK1_A_I2C}] -max [get_ports {PGM_VGMA9[0]}]
#@ set_output_delay  5 -clock [get_clocks {WCLK1_A_I2C}] -min [get_ports {PGM_VGMA9[0]}]
#@ set_output_delay  -0.5 -clock [get_clocks {WCLK1_A_DCLK}] -add_delay [get_ports {PGM_VGMA9[0]}]
#@ set_output_delay  -0.5 -clock [get_clocks {WCLK1_A_I2C}] -max [get_ports {PGM_VGMA13[7]}]
#@ set_output_delay  5 -clock [get_clocks {WCLK1_A_I2C}] -min [get_ports {PGM_VGMA13[7]}]
#@ set_output_delay  -0.5 -clock [get_clocks {WCLK1_A_DCLK}] -add_delay [get_ports {PGM_VGMA13[7]}]
#@ set_output_delay  -0.5 -clock [get_clocks {WCLK1_A_I2C}] -max [get_ports {PGM_VGMA3[6]}]
#@ set_output_delay  5 -clock [get_clocks {WCLK1_A_I2C}] -min [get_ports {PGM_VGMA3[6]}]
#@ set_output_delay  -0.5 -clock [get_clocks {WCLK1_A_DCLK}] -add_delay [get_ports {PGM_VGMA3[6]}]
#@ set_output_delay  -0.5 -clock [get_clocks {WCLK1_A_I2C}] -max [get_ports {PGM_VGMA18[6]}]
#@ set_output_delay  5 -clock [get_clocks {WCLK1_A_I2C}] -min [get_ports {PGM_VGMA18[6]}]
#@ set_output_delay  -0.5 -clock [get_clocks {WCLK1_A_DCLK}] -add_delay [get_ports {PGM_VGMA18[6]}]
#@ set_output_delay  -0.5 -clock [get_clocks {WCLK1_A_I2C}] -max [get_ports {PGM_VGMA14[3]}]
#@ set_output_delay  5 -clock [get_clocks {WCLK1_A_I2C}] -min [get_ports {PGM_VGMA14[3]}]
#@ set_output_delay  -0.5 -clock [get_clocks {WCLK1_A_DCLK}] -add_delay [get_ports {PGM_VGMA14[3]}]
#@ set_output_delay  -0.5 -clock [get_clocks {WCLK1_A_I2C}] -max [get_ports {PGM_VGMA8[5]}]
#@ set_output_delay  5 -clock [get_clocks {WCLK1_A_I2C}] -min [get_ports {PGM_VGMA8[5]}]
#@ set_output_delay  -0.5 -clock [get_clocks {WCLK1_A_DCLK}] -add_delay [get_ports {PGM_VGMA8[5]}]
#@ set_output_delay  -0.5 -clock [get_clocks {WCLK1_A_I2C}] -max [get_ports {PGM_VGMA4[2]}]
#@ set_output_delay  5 -clock [get_clocks {WCLK1_A_I2C}] -min [get_ports {PGM_VGMA4[2]}]
#@ set_output_delay  -0.5 -clock [get_clocks {WCLK1_A_DCLK}] -add_delay [get_ports {PGM_VGMA4[2]}]
#@ set_output_delay  -0.5 -clock [get_clocks {WCLK1_A_I2C}] -max [get_ports {PGM_VGMA10[0]}]
#@ set_output_delay  5 -clock [get_clocks {WCLK1_A_I2C}] -min [get_ports {PGM_VGMA10[0]}]
#@ set_output_delay  -0.5 -clock [get_clocks {WCLK1_A_DCLK}] -add_delay [get_ports {PGM_VGMA10[0]}]
#@ set_output_delay  -0.5 -clock [get_clocks {WCLK1_A_I2C}] -max [get_ports {PGM_VGMA9[1]}]
#@ set_output_delay  5 -clock [get_clocks {WCLK1_A_I2C}] -min [get_ports {PGM_VGMA9[1]}]
#@ set_output_delay  -0.5 -clock [get_clocks {WCLK1_A_DCLK}] -add_delay [get_ports {PGM_VGMA9[1]}]
#@ set_output_delay  -0.5 -clock [get_clocks {WCLK1_A_I2C}] -max [get_ports {PGM_VGMA3[7]}]
#@ set_output_delay  5 -clock [get_clocks {WCLK1_A_I2C}] -min [get_ports {PGM_VGMA3[7]}]
#@ set_output_delay  -0.5 -clock [get_clocks {WCLK1_A_DCLK}] -add_delay [get_ports {PGM_VGMA3[7]}]
#@ set_output_delay  -0.5 -clock [get_clocks {WCLK1_A_I2C}] -max [get_ports {PGM_VGMA18[7]}]
#@ set_output_delay  5 -clock [get_clocks {WCLK1_A_I2C}] -min [get_ports {PGM_VGMA18[7]}]
#@ set_output_delay  -0.5 -clock [get_clocks {WCLK1_A_DCLK}] -add_delay [get_ports {PGM_VGMA18[7]}]
#@ set_output_delay  -0.5 -clock [get_clocks {WCLK1_A_I2C}] -max [get_ports {PGM_VGMA14[4]}]
#@ set_output_delay  5 -clock [get_clocks {WCLK1_A_I2C}] -min [get_ports {PGM_VGMA14[4]}]
#@ set_output_delay  -0.5 -clock [get_clocks {WCLK1_A_DCLK}] -add_delay [get_ports {PGM_VGMA14[4]}]
#@ set_output_delay  -0.5 -clock [get_clocks {WCLK1_A_I2C}] -max [get_ports {PGM_VGMA8[6]}]
#@ set_output_delay  5 -clock [get_clocks {WCLK1_A_I2C}] -min [get_ports {PGM_VGMA8[6]}]
#@ set_output_delay  -0.5 -clock [get_clocks {WCLK1_A_DCLK}] -add_delay [get_ports {PGM_VGMA8[6]}]
#@ set_output_delay  -0.5 -clock [get_clocks {WCLK1_A_I2C}] -max [get_ports {PGM_VGMA10[1]}]
#@ set_output_delay  5 -clock [get_clocks {WCLK1_A_I2C}] -min [get_ports {PGM_VGMA10[1]}]
#@ set_output_delay  -0.5 -clock [get_clocks {WCLK1_A_DCLK}] -add_delay [get_ports {PGM_VGMA10[1]}]
#@ set_output_delay  -0.5 -clock [get_clocks {WCLK1_A_I2C}] -max [get_ports {PGM_VGMA4[3]}]
#@ set_output_delay  5 -clock [get_clocks {WCLK1_A_I2C}] -min [get_ports {PGM_VGMA4[3]}]
#@ set_output_delay  -0.5 -clock [get_clocks {WCLK1_A_DCLK}] -add_delay [get_ports {PGM_VGMA4[3]}]
#@ set_output_delay  -0.5 -clock [get_clocks {WCLK1_A_I2C}] -max [get_ports {PGM_VGMA9[2]}]
#@ set_output_delay  5 -clock [get_clocks {WCLK1_A_I2C}] -min [get_ports {PGM_VGMA9[2]}]
#@ set_output_delay  -0.5 -clock [get_clocks {WCLK1_A_DCLK}] -add_delay [get_ports {PGM_VGMA9[2]}]
#@ set_output_delay  -0.5 -clock [get_clocks {WCLK1_A_I2C}] -max [get_ports {PGM_VGMA15[0]}]
#@ set_output_delay  5 -clock [get_clocks {WCLK1_A_I2C}] -min [get_ports {PGM_VGMA15[0]}]
#@ set_output_delay  -0.5 -clock [get_clocks {WCLK1_A_DCLK}] -add_delay [get_ports {PGM_VGMA15[0]}]
#@ set_output_delay  -0.5 -clock [get_clocks {WCLK1_A_I2C}] -max [get_ports {MONO_E}]
#@ set_output_delay  5 -clock [get_clocks {WCLK1_A_I2C}] -min [get_ports {MONO_E}]
#@ set_output_delay  -0.5 -clock [get_clocks {WCLK1_A_DCLK}] -add_delay [get_ports {MONO_E}]
#@ set_output_delay  -0.5 -clock [get_clocks {WCLK1_A_I2C}] -max [get_ports {reg_vos_ctrl_L0[0]}]
#@ set_output_delay  5 -clock [get_clocks {WCLK1_A_I2C}] -min [get_ports {reg_vos_ctrl_L0[0]}]
#@ set_output_delay  -0.5 -clock [get_clocks {WCLK1_A_DCLK}] -add_delay [get_ports {reg_vos_ctrl_L0[0]}]
#@ set_output_delay  -0.5 -clock [get_clocks {WCLK1_A_I2C}] -max [get_ports {reg_vos_ctrl_L0[1]}]
#@ set_output_delay  5 -clock [get_clocks {WCLK1_A_I2C}] -min [get_ports {reg_vos_ctrl_L0[1]}]
#@ set_output_delay  -0.5 -clock [get_clocks {WCLK1_A_DCLK}] -add_delay [get_ports {reg_vos_ctrl_L0[1]}]
#@ set_output_delay  -0.5 -clock [get_clocks {WCLK1_A_I2C}] -max [get_ports {reg_vos_ctrl_L0[2]}]
#@ set_output_delay  5 -clock [get_clocks {WCLK1_A_I2C}] -min [get_ports {reg_vos_ctrl_L0[2]}]
#@ set_output_delay  -0.5 -clock [get_clocks {WCLK1_A_DCLK}] -add_delay [get_ports {reg_vos_ctrl_L0[2]}]
#@ set_output_delay  -0.5 -clock [get_clocks {WCLK1_A_I2C}] -max [get_ports {reg_vos_ctrl_L0[3]}]
#@ set_output_delay  5 -clock [get_clocks {WCLK1_A_I2C}] -min [get_ports {reg_vos_ctrl_L0[3]}]
#@ set_output_delay  -0.5 -clock [get_clocks {WCLK1_A_DCLK}] -add_delay [get_ports {reg_vos_ctrl_L0[3]}]
#@ set_output_delay  -0.5 -clock [get_clocks {WCLK1_A_I2C}] -max [get_ports {reg_vos_ctrl_L0[4]}]
#@ set_output_delay  5 -clock [get_clocks {WCLK1_A_I2C}] -min [get_ports {reg_vos_ctrl_L0[4]}]
#@ set_output_delay  -0.5 -clock [get_clocks {WCLK1_A_DCLK}] -add_delay [get_ports {reg_vos_ctrl_L0[4]}]
#@ set_output_delay  -0.5 -clock [get_clocks {WCLK1_A_I2C}] -max [get_ports {reg_vos_ctrl_L1[0]}]
#@ set_output_delay  5 -clock [get_clocks {WCLK1_A_I2C}] -min [get_ports {reg_vos_ctrl_L1[0]}]
#@ set_output_delay  -0.5 -clock [get_clocks {WCLK1_A_DCLK}] -add_delay [get_ports {reg_vos_ctrl_L1[0]}]
#@ set_output_delay  -0.5 -clock [get_clocks {WCLK1_A_I2C}] -max [get_ports {reg_vos_ctrl_L0[5]}]
#@ set_output_delay  5 -clock [get_clocks {WCLK1_A_I2C}] -min [get_ports {reg_vos_ctrl_L0[5]}]
#@ set_output_delay  -0.5 -clock [get_clocks {WCLK1_A_DCLK}] -add_delay [get_ports {reg_vos_ctrl_L0[5]}]
#@ set_output_delay  -0.5 -clock [get_clocks {WCLK1_A_I2C}] -max [get_ports {reg_vos_ctrl_L1[1]}]
#@ set_output_delay  5 -clock [get_clocks {WCLK1_A_I2C}] -min [get_ports {reg_vos_ctrl_L1[1]}]
#@ set_output_delay  -0.5 -clock [get_clocks {WCLK1_A_DCLK}] -add_delay [get_ports {reg_vos_ctrl_L1[1]}]
#@ set_output_delay  -0.5 -clock [get_clocks {WCLK1_A_I2C}] -max [get_ports {reg_vos_ctrl_L1[2]}]
#@ set_output_delay  5 -clock [get_clocks {WCLK1_A_I2C}] -min [get_ports {reg_vos_ctrl_L1[2]}]
#@ set_output_delay  -0.5 -clock [get_clocks {WCLK1_A_DCLK}] -add_delay [get_ports {reg_vos_ctrl_L1[2]}]
#@ set_output_delay  -0.5 -clock [get_clocks {WCLK1_A_I2C}] -max [get_ports {reg_vos_ctrl_L1[3]}]
#@ set_output_delay  5 -clock [get_clocks {WCLK1_A_I2C}] -min [get_ports {reg_vos_ctrl_L1[3]}]
#@ set_output_delay  -0.5 -clock [get_clocks {WCLK1_A_DCLK}] -add_delay [get_ports {reg_vos_ctrl_L1[3]}]
#@ set_output_delay  -0.5 -clock [get_clocks {WCLK1_A_I2C}] -max [get_ports {reg_vos_ctrl_L1[4]}]
#@ set_output_delay  5 -clock [get_clocks {WCLK1_A_I2C}] -min [get_ports {reg_vos_ctrl_L1[4]}]
#@ set_output_delay  -0.5 -clock [get_clocks {WCLK1_A_DCLK}] -add_delay [get_ports {reg_vos_ctrl_L1[4]}]
#@ set_output_delay  -0.5 -clock [get_clocks {WCLK1_A_I2C}] -max [get_ports {reg_vos_ctrl_L1[5]}]
#@ set_output_delay  5 -clock [get_clocks {WCLK1_A_I2C}] -min [get_ports {reg_vos_ctrl_L1[5]}]
#@ set_output_delay  -0.5 -clock [get_clocks {WCLK1_A_DCLK}] -add_delay [get_ports {reg_vos_ctrl_L1[5]}]
#@ set_output_delay  -0.5 -clock [get_clocks {WCLK1_A_I2C}] -max [get_ports {reg_vos_cancel_en_L0}]
#@ set_output_delay  5 -clock [get_clocks {WCLK1_A_I2C}] -min [get_ports {reg_vos_cancel_en_L0}]
#@ set_output_delay  -0.5 -clock [get_clocks {WCLK1_A_DCLK}] -add_delay [get_ports {reg_vos_cancel_en_L0}]
#@ set_output_delay  -0.5 -clock [get_clocks {WCLK1_A_I2C}] -max [get_ports {reg_vos_cancel_en_L1}]
#@ set_output_delay  5 -clock [get_clocks {WCLK1_A_I2C}] -min [get_ports {reg_vos_cancel_en_L1}]
#@ set_output_delay  -0.5 -clock [get_clocks {WCLK1_A_DCLK}] -add_delay [get_ports {reg_vos_cancel_en_L1}]
#@ set_output_delay  -0.5 -clock [get_clocks {WCLK1_A_I2C}] -max [get_ports {reg_eq_rbc0_L0}]
#@ set_output_delay  5 -clock [get_clocks {WCLK1_A_I2C}] -min [get_ports {reg_eq_rbc0_L0}]
#@ set_output_delay  -0.5 -clock [get_clocks {WCLK1_A_DCLK}] -add_delay [get_ports {reg_eq_rbc0_L0}]
#@ set_output_delay  -0.5 -clock [get_clocks {WCLK1_A_I2C}] -max [get_ports {reg_eq_rbc0_L1}]
#@ set_output_delay  5 -clock [get_clocks {WCLK1_A_I2C}] -min [get_ports {reg_eq_rbc0_L1}]
#@ set_output_delay  -0.5 -clock [get_clocks {WCLK1_A_DCLK}] -add_delay [get_ports {reg_eq_rbc0_L1}]
#@ set_output_delay  -0.5 -clock [get_clocks {WCLK1_A_I2C}] -max [get_ports {reg_eq_rbc1_L0}]
#@ set_output_delay  5 -clock [get_clocks {WCLK1_A_I2C}] -min [get_ports {reg_eq_rbc1_L0}]
#@ set_output_delay  -0.5 -clock [get_clocks {WCLK1_A_DCLK}] -add_delay [get_ports {reg_eq_rbc1_L0}]
#@ set_output_delay  -0.5 -clock [get_clocks {WCLK1_A_I2C}] -max [get_ports {reg_eq_rbc1_L1}]
#@ set_output_delay  5 -clock [get_clocks {WCLK1_A_I2C}] -min [get_ports {reg_eq_rbc1_L1}]
#@ set_output_delay  -0.5 -clock [get_clocks {WCLK1_A_DCLK}] -add_delay [get_ports {reg_eq_rbc1_L1}]
#@ set_output_delay  -0.5 -clock [get_clocks {WCLK1_A_I2C}] -max [get_ports {LOD_EN_L}]
#@ set_output_delay  5 -clock [get_clocks {WCLK1_A_I2C}] -min [get_ports {LOD_EN_L}]
#@ set_output_delay  -0.5 -clock [get_clocks {WCLK1_A_DCLK}] -add_delay [get_ports {LOD_EN_L}]
#@ set_output_delay  -0.5 -clock [get_clocks {WCLK1_A_I2C}] -max [get_ports {LOD_EN_R}]
#@ set_output_delay  5 -clock [get_clocks {WCLK1_A_I2C}] -min [get_ports {LOD_EN_R}]
#@ set_output_delay  -0.5 -clock [get_clocks {WCLK1_A_DCLK}] -add_delay [get_ports {LOD_EN_R}]
#@ set_output_delay  -0.5 -clock [get_clocks {WCLK1_A_I2C}] -max [get_ports {R_GMA_LEAK}]
#@ set_output_delay  5 -clock [get_clocks {WCLK1_A_I2C}] -min [get_ports {R_GMA_LEAK}]
#@ set_output_delay  -0.5 -clock [get_clocks {WCLK1_A_DCLK}] -add_delay [get_ports {R_GMA_LEAK}]
#@ set_output_delay  -0.5 -clock [get_clocks {WCLK1_A_I2C}] -max [get_ports {R_GMA_S}]
#@ set_output_delay  5 -clock [get_clocks {WCLK1_A_I2C}] -min [get_ports {R_GMA_S}]
#@ set_output_delay  -0.5 -clock [get_clocks {WCLK1_A_DCLK}] -add_delay [get_ports {R_GMA_S}]
#@ set_output_delay  -0.5 -clock [get_clocks {WCLK1_A_I2C}] -max [get_ports {R_S6B8B}]
#@ set_output_delay  5 -clock [get_clocks {WCLK1_A_I2C}] -min [get_ports {R_S6B8B}]
#@ set_output_delay  -0.5 -clock [get_clocks {WCLK1_A_DCLK}] -add_delay [get_ports {R_S6B8B}]
#@ set_output_delay  -0.5 -clock [get_clocks {WCLK1_A_I2C}] -max [get_ports {DBCO_DRV[0]}]
#@ set_output_delay  5 -clock [get_clocks {WCLK1_A_I2C}] -min [get_ports {DBCO_DRV[0]}]
#@ set_output_delay  -0.5 -clock [get_clocks {WCLK1_A_DCLK}] -add_delay [get_ports {DBCO_DRV[0]}]
#@ set_output_delay  -0.5 -clock [get_clocks {WCLK1_A_I2C}] -max [get_ports {DBCO_DRV[1]}]
#@ set_output_delay  5 -clock [get_clocks {WCLK1_A_I2C}] -min [get_ports {DBCO_DRV[1]}]
#@ set_output_delay  -0.5 -clock [get_clocks {WCLK1_A_DCLK}] -add_delay [get_ports {DBCO_DRV[1]}]
#@ set_output_delay  -0.5 -clock [get_clocks {WCLK1_A_I2C}] -max [get_ports {BGR_SEL[0]}]
#@ set_output_delay  5 -clock [get_clocks {WCLK1_A_I2C}] -min [get_ports {BGR_SEL[0]}]
#@ set_output_delay  -0.5 -clock [get_clocks {WCLK1_A_DCLK}] -add_delay [get_ports {BGR_SEL[0]}]
#@ set_output_delay  -0.5 -clock [get_clocks {WCLK1_A_I2C}] -max [get_ports {BGR_SEL[1]}]
#@ set_output_delay  5 -clock [get_clocks {WCLK1_A_I2C}] -min [get_ports {BGR_SEL[1]}]
#@ set_output_delay  -0.5 -clock [get_clocks {WCLK1_A_DCLK}] -add_delay [get_ports {BGR_SEL[1]}]
#@ set_output_delay  -0.5 -clock [get_clocks {WCLK1_A_I2C}] -max [get_ports {BGR_SEL[2]}]
#@ set_output_delay  5 -clock [get_clocks {WCLK1_A_I2C}] -min [get_ports {BGR_SEL[2]}]
#@ set_output_delay  -0.5 -clock [get_clocks {WCLK1_A_DCLK}] -add_delay [get_ports {BGR_SEL[2]}]
#@ set_output_delay  -0.5 -clock [get_clocks {WCLK1_A_I2C}] -max [get_ports {BGR_SEL[3]}]
#@ set_output_delay  5 -clock [get_clocks {WCLK1_A_I2C}] -min [get_ports {BGR_SEL[3]}]
#@ set_output_delay  -0.5 -clock [get_clocks {WCLK1_A_DCLK}] -add_delay [get_ports {BGR_SEL[3]}]
#@ set_output_delay  -0.5 -clock [get_clocks {WCLK1_A_I2C}] -max [get_ports {BGR_TRIM[0]}]
#@ set_output_delay  5 -clock [get_clocks {WCLK1_A_I2C}] -min [get_ports {BGR_TRIM[0]}]
#@ set_output_delay  -0.5 -clock [get_clocks {WCLK1_A_DCLK}] -add_delay [get_ports {BGR_TRIM[0]}]
#@ set_output_delay  -0.5 -clock [get_clocks {WCLK1_A_I2C}] -max [get_ports {BGR_TRIM[1]}]
#@ set_output_delay  5 -clock [get_clocks {WCLK1_A_I2C}] -min [get_ports {BGR_TRIM[1]}]
#@ set_output_delay  -0.5 -clock [get_clocks {WCLK1_A_DCLK}] -add_delay [get_ports {BGR_TRIM[1]}]
#@ set_output_delay  -0.5 -clock [get_clocks {WCLK1_A_I2C}] -max [get_ports {BGR_TRIM[2]}]
#@ set_output_delay  5 -clock [get_clocks {WCLK1_A_I2C}] -min [get_ports {BGR_TRIM[2]}]
#@ set_output_delay  -0.5 -clock [get_clocks {WCLK1_A_DCLK}] -add_delay [get_ports {BGR_TRIM[2]}]
#@ set_output_delay  -0.5 -clock [get_clocks {WCLK1_A_I2C}] -max [get_ports {DCBIAS_CHOP[3]}]
#@ set_output_delay  5 -clock [get_clocks {WCLK1_A_I2C}] -min [get_ports {DCBIAS_CHOP[3]}]
#@ set_output_delay  -0.5 -clock [get_clocks {WCLK1_A_DCLK}] -add_delay [get_ports {DCBIAS_CHOP[3]}]
#@ set_output_delay  -0.5 -clock [get_clocks {WCLK1_A_I2C}] -max [get_ports {DCBIAS_CHOP[0]}]
#@ set_output_delay  5 -clock [get_clocks {WCLK1_A_I2C}] -min [get_ports {DCBIAS_CHOP[0]}]
#@ set_output_delay  -0.5 -clock [get_clocks {WCLK1_A_DCLK}] -add_delay [get_ports {DCBIAS_CHOP[0]}]
#@ set_output_delay  -0.5 -clock [get_clocks {WCLK1_A_I2C}] -max [get_ports {DCBIAS_CHOP[1]}]
#@ set_output_delay  5 -clock [get_clocks {WCLK1_A_I2C}] -min [get_ports {DCBIAS_CHOP[1]}]
#@ set_output_delay  -0.5 -clock [get_clocks {WCLK1_A_DCLK}] -add_delay [get_ports {DCBIAS_CHOP[1]}]
#@ set_output_delay  -0.5 -clock [get_clocks {WCLK1_A_I2C}] -max [get_ports {DCBIAS_CHOP[2]}]
#@ set_output_delay  5 -clock [get_clocks {WCLK1_A_I2C}] -min [get_ports {DCBIAS_CHOP[2]}]
#@ set_output_delay  -0.5 -clock [get_clocks {WCLK1_A_DCLK}] -add_delay [get_ports {DCBIAS_CHOP[2]}]
#@ set_output_delay  -0.5 -clock [get_clocks {WCLK1_A_I2C}] -max [get_ports {DCBIAS_TOT[0]}]
#@ set_output_delay  5 -clock [get_clocks {WCLK1_A_I2C}] -min [get_ports {DCBIAS_TOT[0]}]
#@ set_output_delay  -0.5 -clock [get_clocks {WCLK1_A_DCLK}] -add_delay [get_ports {DCBIAS_TOT[0]}]
#@ set_output_delay  -0.5 -clock [get_clocks {WCLK1_A_I2C}] -max [get_ports {DCBIAS_TOT[1]}]
#@ set_output_delay  5 -clock [get_clocks {WCLK1_A_I2C}] -min [get_ports {DCBIAS_TOT[1]}]
#@ set_output_delay  -0.5 -clock [get_clocks {WCLK1_A_DCLK}] -add_delay [get_ports {DCBIAS_TOT[1]}]
#@ set_output_delay  -0.5 -clock [get_clocks {WCLK1_A_I2C}] -max [get_ports {DC_MON_SEL[0]}]
#@ set_output_delay  5 -clock [get_clocks {WCLK1_A_I2C}] -min [get_ports {DC_MON_SEL[0]}]
#@ set_output_delay  -0.5 -clock [get_clocks {WCLK1_A_DCLK}] -add_delay [get_ports {DC_MON_SEL[0]}]
#@ set_output_delay  -0.5 -clock [get_clocks {WCLK1_A_I2C}] -max [get_ports {DC_MON_SEL[1]}]
#@ set_output_delay  5 -clock [get_clocks {WCLK1_A_I2C}] -min [get_ports {DC_MON_SEL[1]}]
#@ set_output_delay  -0.5 -clock [get_clocks {WCLK1_A_DCLK}] -add_delay [get_ports {DC_MON_SEL[1]}]
#@ set_output_delay  -0.5 -clock [get_clocks {WCLK1_A_I2C}] -max [get_ports {reg_ana_test_sel_L1[0]}]
#@ set_output_delay  5 -clock [get_clocks {WCLK1_A_I2C}] -min [get_ports {reg_ana_test_sel_L1[0]}]
#@ set_output_delay  -0.5 -clock [get_clocks {WCLK1_A_DCLK}] -add_delay [get_ports {reg_ana_test_sel_L1[0]}]
#@ set_output_delay  -0.5 -clock [get_clocks {WCLK1_A_I2C}] -max [get_ports {reg_ana_test_sel_L1[1]}]
#@ set_output_delay  5 -clock [get_clocks {WCLK1_A_I2C}] -min [get_ports {reg_ana_test_sel_L1[1]}]
#@ set_output_delay  -0.5 -clock [get_clocks {WCLK1_A_DCLK}] -add_delay [get_ports {reg_ana_test_sel_L1[1]}]
#@ set_output_delay  -0.5 -clock [get_clocks {WCLK1_A_I2C}] -max [get_ports {reg_ana_test_sel_L1[2]}]
#@ set_output_delay  5 -clock [get_clocks {WCLK1_A_I2C}] -min [get_ports {reg_ana_test_sel_L1[2]}]
#@ set_output_delay  -0.5 -clock [get_clocks {WCLK1_A_DCLK}] -add_delay [get_ports {reg_ana_test_sel_L1[2]}]
#@ set_output_delay  -0.5 -clock [get_clocks {WCLK1_A_I2C}] -max [get_ports {reg_ana_test_sel_L1[3]}]
#@ set_output_delay  5 -clock [get_clocks {WCLK1_A_I2C}] -min [get_ports {reg_ana_test_sel_L1[3]}]
#@ set_output_delay  -0.5 -clock [get_clocks {WCLK1_A_DCLK}] -add_delay [get_ports {reg_ana_test_sel_L1[3]}]
#@ set_output_delay  -0.5 -clock [get_clocks {WCLK1_A_I2C}] -max [get_ports {reg_ana_test_sel_L0[0]}]
#@ set_output_delay  5 -clock [get_clocks {WCLK1_A_I2C}] -min [get_ports {reg_ana_test_sel_L0[0]}]
#@ set_output_delay  -0.5 -clock [get_clocks {WCLK1_A_DCLK}] -add_delay [get_ports {reg_ana_test_sel_L0[0]}]
#@ set_output_delay  -0.5 -clock [get_clocks {WCLK1_A_I2C}] -max [get_ports {reg_ana_test_sel_L0[1]}]
#@ set_output_delay  5 -clock [get_clocks {WCLK1_A_I2C}] -min [get_ports {reg_ana_test_sel_L0[1]}]
#@ set_output_delay  -0.5 -clock [get_clocks {WCLK1_A_DCLK}] -add_delay [get_ports {reg_ana_test_sel_L0[1]}]
#@ set_output_delay  -0.5 -clock [get_clocks {WCLK1_A_I2C}] -max [get_ports {reg_ana_test_sel_L0[2]}]
#@ set_output_delay  5 -clock [get_clocks {WCLK1_A_I2C}] -min [get_ports {reg_ana_test_sel_L0[2]}]
#@ set_output_delay  -0.5 -clock [get_clocks {WCLK1_A_DCLK}] -add_delay [get_ports {reg_ana_test_sel_L0[2]}]
#@ set_output_delay  -0.5 -clock [get_clocks {WCLK1_A_I2C}] -max [get_ports {reg_ana_test_sel_L0[3]}]
#@ set_output_delay  5 -clock [get_clocks {WCLK1_A_I2C}] -min [get_ports {reg_ana_test_sel_L0[3]}]
#@ set_output_delay  -0.5 -clock [get_clocks {WCLK1_A_DCLK}] -add_delay [get_ports {reg_ana_test_sel_L0[3]}]
#@ set_output_delay  -0.5 -clock [get_clocks {WCLK1_A_I2C}] -max [get_ports {reg_cdr_icp_L1[3]}]
#@ set_output_delay  5 -clock [get_clocks {WCLK1_A_I2C}] -min [get_ports {reg_cdr_icp_L1[3]}]
#@ set_output_delay  -0.5 -clock [get_clocks {WCLK1_A_DCLK}] -add_delay [get_ports {reg_cdr_icp_L1[3]}]
#@ set_output_delay  -0.5 -clock [get_clocks {WCLK1_A_I2C}] -max [get_ports {reg_cdr_icp_L0[0]}]
#@ set_output_delay  5 -clock [get_clocks {WCLK1_A_I2C}] -min [get_ports {reg_cdr_icp_L0[0]}]
#@ set_output_delay  -0.5 -clock [get_clocks {WCLK1_A_DCLK}] -add_delay [get_ports {reg_cdr_icp_L0[0]}]
#@ set_output_delay  -0.5 -clock [get_clocks {WCLK1_A_I2C}] -max [get_ports {reg_cdr_icp_L0[1]}]
#@ set_output_delay  5 -clock [get_clocks {WCLK1_A_I2C}] -min [get_ports {reg_cdr_icp_L0[1]}]
#@ set_output_delay  -0.5 -clock [get_clocks {WCLK1_A_DCLK}] -add_delay [get_ports {reg_cdr_icp_L0[1]}]
#@ set_output_delay  -0.5 -clock [get_clocks {WCLK1_A_I2C}] -max [get_ports {reg_cdr_icp_L0[2]}]
#@ set_output_delay  5 -clock [get_clocks {WCLK1_A_I2C}] -min [get_ports {reg_cdr_icp_L0[2]}]
#@ set_output_delay  -0.5 -clock [get_clocks {WCLK1_A_DCLK}] -add_delay [get_ports {reg_cdr_icp_L0[2]}]
#@ set_output_delay  -0.5 -clock [get_clocks {WCLK1_A_I2C}] -max [get_ports {reg_cdr_icp_L0[3]}]
#@ set_output_delay  5 -clock [get_clocks {WCLK1_A_I2C}] -min [get_ports {reg_cdr_icp_L0[3]}]
#@ set_output_delay  -0.5 -clock [get_clocks {WCLK1_A_DCLK}] -add_delay [get_ports {reg_cdr_icp_L0[3]}]
#@ set_output_delay  -0.5 -clock [get_clocks {WCLK1_A_I2C}] -max [get_ports {reg_cdr_icp_L1[0]}]
#@ set_output_delay  5 -clock [get_clocks {WCLK1_A_I2C}] -min [get_ports {reg_cdr_icp_L1[0]}]
#@ set_output_delay  -0.5 -clock [get_clocks {WCLK1_A_DCLK}] -add_delay [get_ports {reg_cdr_icp_L1[0]}]
#@ set_output_delay  -0.5 -clock [get_clocks {WCLK1_A_I2C}] -max [get_ports {reg_cdr_icp_L1[1]}]
#@ set_output_delay  5 -clock [get_clocks {WCLK1_A_I2C}] -min [get_ports {reg_cdr_icp_L1[1]}]
#@ set_output_delay  -0.5 -clock [get_clocks {WCLK1_A_DCLK}] -add_delay [get_ports {reg_cdr_icp_L1[1]}]
#@ set_output_delay  -0.5 -clock [get_clocks {WCLK1_A_I2C}] -max [get_ports {reg_cdr_icp_L1[2]}]
#@ set_output_delay  5 -clock [get_clocks {WCLK1_A_I2C}] -min [get_ports {reg_cdr_icp_L1[2]}]
#@ set_output_delay  -0.5 -clock [get_clocks {WCLK1_A_DCLK}] -add_delay [get_ports {reg_cdr_icp_L1[2]}]
#@ set_output_delay  -0.5 -clock [get_clocks {WCLK1_A_I2C}] -max [get_ports {reg_cdr_rlpf_L1[3]}]
#@ set_output_delay  5 -clock [get_clocks {WCLK1_A_I2C}] -min [get_ports {reg_cdr_rlpf_L1[3]}]
#@ set_output_delay  -0.5 -clock [get_clocks {WCLK1_A_DCLK}] -add_delay [get_ports {reg_cdr_rlpf_L1[3]}]
#@ set_output_delay  -0.5 -clock [get_clocks {WCLK1_A_I2C}] -max [get_ports {reg_cdr_rlpf_L0[0]}]
#@ set_output_delay  5 -clock [get_clocks {WCLK1_A_I2C}] -min [get_ports {reg_cdr_rlpf_L0[0]}]
#@ set_output_delay  -0.5 -clock [get_clocks {WCLK1_A_DCLK}] -add_delay [get_ports {reg_cdr_rlpf_L0[0]}]
#@ set_output_delay  -0.5 -clock [get_clocks {WCLK1_A_I2C}] -max [get_ports {reg_cdr_rlpf_L0[1]}]
#@ set_output_delay  5 -clock [get_clocks {WCLK1_A_I2C}] -min [get_ports {reg_cdr_rlpf_L0[1]}]
#@ set_output_delay  -0.5 -clock [get_clocks {WCLK1_A_DCLK}] -add_delay [get_ports {reg_cdr_rlpf_L0[1]}]
#@ set_output_delay  -0.5 -clock [get_clocks {WCLK1_A_I2C}] -max [get_ports {reg_cdr_rlpf_L0[2]}]
#@ set_output_delay  5 -clock [get_clocks {WCLK1_A_I2C}] -min [get_ports {reg_cdr_rlpf_L0[2]}]
#@ set_output_delay  -0.5 -clock [get_clocks {WCLK1_A_DCLK}] -add_delay [get_ports {reg_cdr_rlpf_L0[2]}]
#@ set_output_delay  -0.5 -clock [get_clocks {WCLK1_A_I2C}] -max [get_ports {reg_cdr_rlpf_L0[3]}]
#@ set_output_delay  5 -clock [get_clocks {WCLK1_A_I2C}] -min [get_ports {reg_cdr_rlpf_L0[3]}]
#@ set_output_delay  -0.5 -clock [get_clocks {WCLK1_A_DCLK}] -add_delay [get_ports {reg_cdr_rlpf_L0[3]}]
#@ set_output_delay  -0.5 -clock [get_clocks {WCLK1_A_I2C}] -max [get_ports {reg_cdr_rlpf_L1[0]}]
#@ set_output_delay  5 -clock [get_clocks {WCLK1_A_I2C}] -min [get_ports {reg_cdr_rlpf_L1[0]}]
#@ set_output_delay  -0.5 -clock [get_clocks {WCLK1_A_DCLK}] -add_delay [get_ports {reg_cdr_rlpf_L1[0]}]
#@ set_output_delay  -0.5 -clock [get_clocks {WCLK1_A_I2C}] -max [get_ports {reg_cdr_rlpf_L1[1]}]
#@ set_output_delay  5 -clock [get_clocks {WCLK1_A_I2C}] -min [get_ports {reg_cdr_rlpf_L1[1]}]
#@ set_output_delay  -0.5 -clock [get_clocks {WCLK1_A_DCLK}] -add_delay [get_ports {reg_cdr_rlpf_L1[1]}]
#@ set_output_delay  -0.5 -clock [get_clocks {WCLK1_A_I2C}] -max [get_ports {reg_cdr_rlpf_L1[2]}]
#@ set_output_delay  5 -clock [get_clocks {WCLK1_A_I2C}] -min [get_ports {reg_cdr_rlpf_L1[2]}]
#@ set_output_delay  -0.5 -clock [get_clocks {WCLK1_A_DCLK}] -add_delay [get_ports {reg_cdr_rlpf_L1[2]}]
#@ set_output_delay  -0.5 -clock [get_clocks {WCLK1_A_I2C}] -max [get_ports {reg_cr_done_cnt_L0[0]}]
#@ set_output_delay  5 -clock [get_clocks {WCLK1_A_I2C}] -min [get_ports {reg_cr_done_cnt_L0[0]}]
#@ set_output_delay  -0.5 -clock [get_clocks {WCLK1_A_DCLK}] -add_delay [get_ports {reg_cr_done_cnt_L0[0]}]
#@ set_output_delay  -0.5 -clock [get_clocks {WCLK1_A_I2C}] -max [get_ports {reg_cr_done_cnt_L0[1]}]
#@ set_output_delay  5 -clock [get_clocks {WCLK1_A_I2C}] -min [get_ports {reg_cr_done_cnt_L0[1]}]
#@ set_output_delay  -0.5 -clock [get_clocks {WCLK1_A_DCLK}] -add_delay [get_ports {reg_cr_done_cnt_L0[1]}]
#@ set_output_delay  -0.5 -clock [get_clocks {WCLK1_A_I2C}] -max [get_ports {reg_cr_done_cnt_L0[2]}]
#@ set_output_delay  5 -clock [get_clocks {WCLK1_A_I2C}] -min [get_ports {reg_cr_done_cnt_L0[2]}]
#@ set_output_delay  -0.5 -clock [get_clocks {WCLK1_A_DCLK}] -add_delay [get_ports {reg_cr_done_cnt_L0[2]}]
#@ set_output_delay  -0.5 -clock [get_clocks {WCLK1_A_I2C}] -max [get_ports {reg_cr_done_cnt_L0[3]}]
#@ set_output_delay  5 -clock [get_clocks {WCLK1_A_I2C}] -min [get_ports {reg_cr_done_cnt_L0[3]}]
#@ set_output_delay  -0.5 -clock [get_clocks {WCLK1_A_DCLK}] -add_delay [get_ports {reg_cr_done_cnt_L0[3]}]
#@ set_output_delay  -0.5 -clock [get_clocks {WCLK1_A_I2C}] -max [get_ports {reg_cr_done_cnt_L0[4]}]
#@ set_output_delay  5 -clock [get_clocks {WCLK1_A_I2C}] -min [get_ports {reg_cr_done_cnt_L0[4]}]
#@ set_output_delay  -0.5 -clock [get_clocks {WCLK1_A_DCLK}] -add_delay [get_ports {reg_cr_done_cnt_L0[4]}]
#@ set_output_delay  -0.5 -clock [get_clocks {WCLK1_A_I2C}] -max [get_ports {reg_cr_done_cnt_L1[0]}]
#@ set_output_delay  5 -clock [get_clocks {WCLK1_A_I2C}] -min [get_ports {reg_cr_done_cnt_L1[0]}]
#@ set_output_delay  -0.5 -clock [get_clocks {WCLK1_A_DCLK}] -add_delay [get_ports {reg_cr_done_cnt_L1[0]}]
#@ set_output_delay  -0.5 -clock [get_clocks {WCLK1_A_I2C}] -max [get_ports {reg_cr_done_cnt_L0[5]}]
#@ set_output_delay  5 -clock [get_clocks {WCLK1_A_I2C}] -min [get_ports {reg_cr_done_cnt_L0[5]}]
#@ set_output_delay  -0.5 -clock [get_clocks {WCLK1_A_DCLK}] -add_delay [get_ports {reg_cr_done_cnt_L0[5]}]
#@ set_output_delay  -0.5 -clock [get_clocks {WCLK1_A_I2C}] -max [get_ports {reg_cr_done_cnt_L1[1]}]
#@ set_output_delay  5 -clock [get_clocks {WCLK1_A_I2C}] -min [get_ports {reg_cr_done_cnt_L1[1]}]
#@ set_output_delay  -0.5 -clock [get_clocks {WCLK1_A_DCLK}] -add_delay [get_ports {reg_cr_done_cnt_L1[1]}]
#@ set_output_delay  -0.5 -clock [get_clocks {WCLK1_A_I2C}] -max [get_ports {reg_cr_done_cnt_L1[2]}]
#@ set_output_delay  5 -clock [get_clocks {WCLK1_A_I2C}] -min [get_ports {reg_cr_done_cnt_L1[2]}]
#@ set_output_delay  -0.5 -clock [get_clocks {WCLK1_A_DCLK}] -add_delay [get_ports {reg_cr_done_cnt_L1[2]}]
#@ set_output_delay  -0.5 -clock [get_clocks {WCLK1_A_I2C}] -max [get_ports {reg_cr_done_cnt_L1[3]}]
#@ set_output_delay  5 -clock [get_clocks {WCLK1_A_I2C}] -min [get_ports {reg_cr_done_cnt_L1[3]}]
#@ set_output_delay  -0.5 -clock [get_clocks {WCLK1_A_DCLK}] -add_delay [get_ports {reg_cr_done_cnt_L1[3]}]
#@ set_output_delay  -0.5 -clock [get_clocks {WCLK1_A_I2C}] -max [get_ports {reg_cr_done_cnt_L1[4]}]
#@ set_output_delay  5 -clock [get_clocks {WCLK1_A_I2C}] -min [get_ports {reg_cr_done_cnt_L1[4]}]
#@ set_output_delay  -0.5 -clock [get_clocks {WCLK1_A_DCLK}] -add_delay [get_ports {reg_cr_done_cnt_L1[4]}]
#@ set_output_delay  -0.5 -clock [get_clocks {WCLK1_A_I2C}] -max [get_ports {reg_cr_done_cnt_L1[5]}]
#@ set_output_delay  5 -clock [get_clocks {WCLK1_A_I2C}] -min [get_ports {reg_cr_done_cnt_L1[5]}]
#@ set_output_delay  -0.5 -clock [get_clocks {WCLK1_A_DCLK}] -add_delay [get_ports {reg_cr_done_cnt_L1[5]}]
#@ set_output_delay  -0.5 -clock [get_clocks {WCLK1_A_I2C}] -max [get_ports {reg_fast_lock_icp_L0[0]}]
#@ set_output_delay  5 -clock [get_clocks {WCLK1_A_I2C}] -min [get_ports {reg_fast_lock_icp_L0[0]}]
#@ set_output_delay  -0.5 -clock [get_clocks {WCLK1_A_DCLK}] -add_delay [get_ports {reg_fast_lock_icp_L0[0]}]
#@ set_output_delay  -0.5 -clock [get_clocks {WCLK1_A_I2C}] -max [get_ports {reg_fast_lock_icp_L0[1]}]
#@ set_output_delay  5 -clock [get_clocks {WCLK1_A_I2C}] -min [get_ports {reg_fast_lock_icp_L0[1]}]
#@ set_output_delay  -0.5 -clock [get_clocks {WCLK1_A_DCLK}] -add_delay [get_ports {reg_fast_lock_icp_L0[1]}]
#@ set_output_delay  -0.5 -clock [get_clocks {WCLK1_A_I2C}] -max [get_ports {reg_fast_lock_icp_L0[2]}]
#@ set_output_delay  5 -clock [get_clocks {WCLK1_A_I2C}] -min [get_ports {reg_fast_lock_icp_L0[2]}]
#@ set_output_delay  -0.5 -clock [get_clocks {WCLK1_A_DCLK}] -add_delay [get_ports {reg_fast_lock_icp_L0[2]}]
#@ set_output_delay  -0.5 -clock [get_clocks {WCLK1_A_I2C}] -max [get_ports {reg_fast_lock_icp_L0[3]}]
#@ set_output_delay  5 -clock [get_clocks {WCLK1_A_I2C}] -min [get_ports {reg_fast_lock_icp_L0[3]}]
#@ set_output_delay  -0.5 -clock [get_clocks {WCLK1_A_DCLK}] -add_delay [get_ports {reg_fast_lock_icp_L0[3]}]
#@ set_output_delay  -0.5 -clock [get_clocks {WCLK1_A_I2C}] -max [get_ports {reg_fast_lock_icp_L1[0]}]
#@ set_output_delay  5 -clock [get_clocks {WCLK1_A_I2C}] -min [get_ports {reg_fast_lock_icp_L1[0]}]
#@ set_output_delay  -0.5 -clock [get_clocks {WCLK1_A_DCLK}] -add_delay [get_ports {reg_fast_lock_icp_L1[0]}]
#@ set_output_delay  -0.5 -clock [get_clocks {WCLK1_A_I2C}] -max [get_ports {reg_fast_lock_icp_L1[1]}]
#@ set_output_delay  5 -clock [get_clocks {WCLK1_A_I2C}] -min [get_ports {reg_fast_lock_icp_L1[1]}]
#@ set_output_delay  -0.5 -clock [get_clocks {WCLK1_A_DCLK}] -add_delay [get_ports {reg_fast_lock_icp_L1[1]}]
#@ set_output_delay  -0.5 -clock [get_clocks {WCLK1_A_I2C}] -max [get_ports {reg_fast_lock_icp_L1[2]}]
#@ set_output_delay  5 -clock [get_clocks {WCLK1_A_I2C}] -min [get_ports {reg_fast_lock_icp_L1[2]}]
#@ set_output_delay  -0.5 -clock [get_clocks {WCLK1_A_DCLK}] -add_delay [get_ports {reg_fast_lock_icp_L1[2]}]
#@ set_output_delay  -0.5 -clock [get_clocks {WCLK1_A_I2C}] -max [get_ports {reg_fast_lock_icp_L1[3]}]
#@ set_output_delay  5 -clock [get_clocks {WCLK1_A_I2C}] -min [get_ports {reg_fast_lock_icp_L1[3]}]
#@ set_output_delay  -0.5 -clock [get_clocks {WCLK1_A_DCLK}] -add_delay [get_ports {reg_fast_lock_icp_L1[3]}]
#@ set_output_delay  -0.5 -clock [get_clocks {WCLK1_A_I2C}] -max [get_ports {reg_fast_lock_rlpf_L0[0]}]
#@ set_output_delay  5 -clock [get_clocks {WCLK1_A_I2C}] -min [get_ports {reg_fast_lock_rlpf_L0[0]}]
#@ set_output_delay  -0.5 -clock [get_clocks {WCLK1_A_DCLK}] -add_delay [get_ports {reg_fast_lock_rlpf_L0[0]}]
#@ set_output_delay  -0.5 -clock [get_clocks {WCLK1_A_I2C}] -max [get_ports {reg_fast_lock_rlpf_L0[1]}]
#@ set_output_delay  5 -clock [get_clocks {WCLK1_A_I2C}] -min [get_ports {reg_fast_lock_rlpf_L0[1]}]
#@ set_output_delay  -0.5 -clock [get_clocks {WCLK1_A_DCLK}] -add_delay [get_ports {reg_fast_lock_rlpf_L0[1]}]
#@ set_output_delay  -0.5 -clock [get_clocks {WCLK1_A_I2C}] -max [get_ports {reg_fast_lock_rlpf_L0[2]}]
#@ set_output_delay  5 -clock [get_clocks {WCLK1_A_I2C}] -min [get_ports {reg_fast_lock_rlpf_L0[2]}]
#@ set_output_delay  -0.5 -clock [get_clocks {WCLK1_A_DCLK}] -add_delay [get_ports {reg_fast_lock_rlpf_L0[2]}]
#@ set_output_delay  -0.5 -clock [get_clocks {WCLK1_A_I2C}] -max [get_ports {reg_fast_lock_rlpf_L0[3]}]
#@ set_output_delay  5 -clock [get_clocks {WCLK1_A_I2C}] -min [get_ports {reg_fast_lock_rlpf_L0[3]}]
#@ set_output_delay  -0.5 -clock [get_clocks {WCLK1_A_DCLK}] -add_delay [get_ports {reg_fast_lock_rlpf_L0[3]}]
#@ set_output_delay  -0.5 -clock [get_clocks {WCLK1_A_I2C}] -max [get_ports {reg_fast_lock_rlpf_L1[0]}]
#@ set_output_delay  5 -clock [get_clocks {WCLK1_A_I2C}] -min [get_ports {reg_fast_lock_rlpf_L1[0]}]
#@ set_output_delay  -0.5 -clock [get_clocks {WCLK1_A_DCLK}] -add_delay [get_ports {reg_fast_lock_rlpf_L1[0]}]
#@ set_output_delay  -0.5 -clock [get_clocks {WCLK1_A_I2C}] -max [get_ports {reg_fast_lock_rlpf_L1[1]}]
#@ set_output_delay  5 -clock [get_clocks {WCLK1_A_I2C}] -min [get_ports {reg_fast_lock_rlpf_L1[1]}]
#@ set_output_delay  -0.5 -clock [get_clocks {WCLK1_A_DCLK}] -add_delay [get_ports {reg_fast_lock_rlpf_L1[1]}]
#@ set_output_delay  -0.5 -clock [get_clocks {WCLK1_A_I2C}] -max [get_ports {reg_fast_lock_rlpf_L1[2]}]
#@ set_output_delay  5 -clock [get_clocks {WCLK1_A_I2C}] -min [get_ports {reg_fast_lock_rlpf_L1[2]}]
#@ set_output_delay  -0.5 -clock [get_clocks {WCLK1_A_DCLK}] -add_delay [get_ports {reg_fast_lock_rlpf_L1[2]}]
#@ set_output_delay  -0.5 -clock [get_clocks {WCLK1_A_I2C}] -max [get_ports {reg_fast_lock_rlpf_L1[3]}]
#@ set_output_delay  5 -clock [get_clocks {WCLK1_A_I2C}] -min [get_ports {reg_fast_lock_rlpf_L1[3]}]
#@ set_output_delay  -0.5 -clock [get_clocks {WCLK1_A_DCLK}] -add_delay [get_ports {reg_fast_lock_rlpf_L1[3]}]
#@ set_output_delay  -0.5 -clock [get_clocks {WCLK1_A_I2C}] -max [get_ports {reg_icp_bias_tune_L0[0]}]
#@ set_output_delay  5 -clock [get_clocks {WCLK1_A_I2C}] -min [get_ports {reg_icp_bias_tune_L0[0]}]
#@ set_output_delay  -0.5 -clock [get_clocks {WCLK1_A_DCLK}] -add_delay [get_ports {reg_icp_bias_tune_L0[0]}]
#@ set_output_delay  -0.5 -clock [get_clocks {WCLK1_A_I2C}] -max [get_ports {reg_icp_bias_tune_L0[1]}]
#@ set_output_delay  5 -clock [get_clocks {WCLK1_A_I2C}] -min [get_ports {reg_icp_bias_tune_L0[1]}]
#@ set_output_delay  -0.5 -clock [get_clocks {WCLK1_A_DCLK}] -add_delay [get_ports {reg_icp_bias_tune_L0[1]}]
#@ set_output_delay  -0.5 -clock [get_clocks {WCLK1_A_I2C}] -max [get_ports {reg_icp_bias_tune_L0[2]}]
#@ set_output_delay  5 -clock [get_clocks {WCLK1_A_I2C}] -min [get_ports {reg_icp_bias_tune_L0[2]}]
#@ set_output_delay  -0.5 -clock [get_clocks {WCLK1_A_DCLK}] -add_delay [get_ports {reg_icp_bias_tune_L0[2]}]
#@ set_output_delay  -0.5 -clock [get_clocks {WCLK1_A_I2C}] -max [get_ports {reg_icp_bias_tune_L1[0]}]
#@ set_output_delay  5 -clock [get_clocks {WCLK1_A_I2C}] -min [get_ports {reg_icp_bias_tune_L1[0]}]
#@ set_output_delay  -0.5 -clock [get_clocks {WCLK1_A_DCLK}] -add_delay [get_ports {reg_icp_bias_tune_L1[0]}]
#@ set_output_delay  -0.5 -clock [get_clocks {WCLK1_A_I2C}] -max [get_ports {reg_icp_bias_tune_L1[1]}]
#@ set_output_delay  5 -clock [get_clocks {WCLK1_A_I2C}] -min [get_ports {reg_icp_bias_tune_L1[1]}]
#@ set_output_delay  -0.5 -clock [get_clocks {WCLK1_A_DCLK}] -add_delay [get_ports {reg_icp_bias_tune_L1[1]}]
#@ set_output_delay  -0.5 -clock [get_clocks {WCLK1_A_I2C}] -max [get_ports {reg_icp_bias_tune_L1[2]}]
#@ set_output_delay  5 -clock [get_clocks {WCLK1_A_I2C}] -min [get_ports {reg_icp_bias_tune_L1[2]}]
#@ set_output_delay  -0.5 -clock [get_clocks {WCLK1_A_DCLK}] -add_delay [get_ports {reg_icp_bias_tune_L1[2]}]
#@ set_output_delay  -0.5 -clock [get_clocks {WCLK1_A_I2C}] -max [get_ports {reg_kvco_ctrl_L1[3]}]
#@ set_output_delay  5 -clock [get_clocks {WCLK1_A_I2C}] -min [get_ports {reg_kvco_ctrl_L1[3]}]
#@ set_output_delay  -0.5 -clock [get_clocks {WCLK1_A_DCLK}] -add_delay [get_ports {reg_kvco_ctrl_L1[3]}]
#@ set_output_delay  -0.5 -clock [get_clocks {WCLK1_A_I2C}] -max [get_ports {reg_kvco_ctrl_L0[0]}]
#@ set_output_delay  5 -clock [get_clocks {WCLK1_A_I2C}] -min [get_ports {reg_kvco_ctrl_L0[0]}]
#@ set_output_delay  -0.5 -clock [get_clocks {WCLK1_A_DCLK}] -add_delay [get_ports {reg_kvco_ctrl_L0[0]}]
#@ set_output_delay  -0.5 -clock [get_clocks {WCLK1_A_I2C}] -max [get_ports {reg_kvco_ctrl_L0[1]}]
#@ set_output_delay  5 -clock [get_clocks {WCLK1_A_I2C}] -min [get_ports {reg_kvco_ctrl_L0[1]}]
#@ set_output_delay  -0.5 -clock [get_clocks {WCLK1_A_DCLK}] -add_delay [get_ports {reg_kvco_ctrl_L0[1]}]
#@ set_output_delay  -0.5 -clock [get_clocks {WCLK1_A_I2C}] -max [get_ports {reg_kvco_ctrl_L0[2]}]
#@ set_output_delay  5 -clock [get_clocks {WCLK1_A_I2C}] -min [get_ports {reg_kvco_ctrl_L0[2]}]
#@ set_output_delay  -0.5 -clock [get_clocks {WCLK1_A_DCLK}] -add_delay [get_ports {reg_kvco_ctrl_L0[2]}]
#@ set_output_delay  -0.5 -clock [get_clocks {WCLK1_A_I2C}] -max [get_ports {reg_kvco_ctrl_L0[3]}]
#@ set_output_delay  5 -clock [get_clocks {WCLK1_A_I2C}] -min [get_ports {reg_kvco_ctrl_L0[3]}]
#@ set_output_delay  -0.5 -clock [get_clocks {WCLK1_A_DCLK}] -add_delay [get_ports {reg_kvco_ctrl_L0[3]}]
#@ set_output_delay  -0.5 -clock [get_clocks {WCLK1_A_I2C}] -max [get_ports {reg_kvco_ctrl_L1[0]}]
#@ set_output_delay  5 -clock [get_clocks {WCLK1_A_I2C}] -min [get_ports {reg_kvco_ctrl_L1[0]}]
#@ set_output_delay  -0.5 -clock [get_clocks {WCLK1_A_DCLK}] -add_delay [get_ports {reg_kvco_ctrl_L1[0]}]
#@ set_output_delay  -0.5 -clock [get_clocks {WCLK1_A_I2C}] -max [get_ports {reg_kvco_ctrl_L1[1]}]
#@ set_output_delay  5 -clock [get_clocks {WCLK1_A_I2C}] -min [get_ports {reg_kvco_ctrl_L1[1]}]
#@ set_output_delay  -0.5 -clock [get_clocks {WCLK1_A_DCLK}] -add_delay [get_ports {reg_kvco_ctrl_L1[1]}]
#@ set_output_delay  -0.5 -clock [get_clocks {WCLK1_A_I2C}] -max [get_ports {reg_kvco_ctrl_L1[2]}]
#@ set_output_delay  5 -clock [get_clocks {WCLK1_A_I2C}] -min [get_ports {reg_kvco_ctrl_L1[2]}]
#@ set_output_delay  -0.5 -clock [get_clocks {WCLK1_A_DCLK}] -add_delay [get_ports {reg_kvco_ctrl_L1[2]}]
#@ set_output_delay  -0.5 -clock [get_clocks {WCLK1_A_I2C}] -max [get_ports {reg_lane_ck_inv_en_L0}]
#@ set_output_delay  5 -clock [get_clocks {WCLK1_A_I2C}] -min [get_ports {reg_lane_ck_inv_en_L0}]
#@ set_output_delay  -0.5 -clock [get_clocks {WCLK1_A_DCLK}] -add_delay [get_ports {reg_lane_ck_inv_en_L0}]
#@ set_output_delay  -0.5 -clock [get_clocks {WCLK1_A_I2C}] -max [get_ports {reg_lane_ck_inv_en_L1}]
#@ set_output_delay  5 -clock [get_clocks {WCLK1_A_I2C}] -min [get_ports {reg_lane_ck_inv_en_L1}]
#@ set_output_delay  -0.5 -clock [get_clocks {WCLK1_A_DCLK}] -add_delay [get_ports {reg_lane_ck_inv_en_L1}]
#@ set_output_delay  -0.5 -clock [get_clocks {WCLK1_A_I2C}] -max [get_ports {reg_lane_ctrl_L1[1]}]
#@ set_output_delay  5 -clock [get_clocks {WCLK1_A_I2C}] -min [get_ports {reg_lane_ctrl_L1[1]}]
#@ set_output_delay  -0.5 -clock [get_clocks {WCLK1_A_DCLK}] -add_delay [get_ports {reg_lane_ctrl_L1[1]}]
#@ set_output_delay  -0.5 -clock [get_clocks {WCLK1_A_I2C}] -max [get_ports {reg_lane_ctrl_L0[0]}]
#@ set_output_delay  5 -clock [get_clocks {WCLK1_A_I2C}] -min [get_ports {reg_lane_ctrl_L0[0]}]
#@ set_output_delay  -0.5 -clock [get_clocks {WCLK1_A_DCLK}] -add_delay [get_ports {reg_lane_ctrl_L0[0]}]
#@ set_output_delay  -0.5 -clock [get_clocks {WCLK1_A_I2C}] -max [get_ports {reg_lane_ctrl_L0[1]}]
#@ set_output_delay  5 -clock [get_clocks {WCLK1_A_I2C}] -min [get_ports {reg_lane_ctrl_L0[1]}]
#@ set_output_delay  -0.5 -clock [get_clocks {WCLK1_A_DCLK}] -add_delay [get_ports {reg_lane_ctrl_L0[1]}]
#@ set_output_delay  -0.5 -clock [get_clocks {WCLK1_A_I2C}] -max [get_ports {reg_lane_ctrl_L1[0]}]
#@ set_output_delay  5 -clock [get_clocks {WCLK1_A_I2C}] -min [get_ports {reg_lane_ctrl_L1[0]}]
#@ set_output_delay  -0.5 -clock [get_clocks {WCLK1_A_DCLK}] -add_delay [get_ports {reg_lane_ctrl_L1[0]}]
#@ set_output_delay  -0.5 -clock [get_clocks {RX0_CLK}] -max [get_ports {LENB_L}]
#@ set_output_delay  5 -clock [get_clocks {RX0_CLK}] -min [get_ports {LENB_L}]
#@ set_output_delay  -0.5 -clock [get_clocks {RX0_CLK}] -max [get_ports {LENB_R}]
#@ set_output_delay  5 -clock [get_clocks {RX0_CLK}] -min [get_ports {LENB_R}]
#@ set_output_delay  -0.5 -clock [get_clocks {RX0_CLK}] -max [get_ports {LOD_L}]
#@ set_output_delay  5 -clock [get_clocks {RX0_CLK}] -min [get_ports {LOD_L}]
#@ set_output_delay  -0.5 -clock [get_clocks {RX0_CLK}] -max [get_ports {LOD_R}]
#@ set_output_delay  5 -clock [get_clocks {RX0_CLK}] -min [get_ports {LOD_R}]
#@ set_output_delay  -0.5 -clock [get_clocks {RX0_CLK}] [get_ports {R_GMA_MNT}]
#@ set_output_delay  -0.5 -clock [get_clocks {RX0_CLK}] -max [get_ports {GCHOP_1ST}]
#@ set_output_delay  5 -clock [get_clocks {RX0_CLK}] -min [get_ports {GCHOP_1ST}]
#@ set_output_delay  -0.5 -clock [get_clocks {RX0_CLK}] -max [get_ports {GCHOP_2ND}]
#@ set_output_delay  5 -clock [get_clocks {RX0_CLK}] -min [get_ports {GCHOP_2ND}]
#@ set_output_delay  -0.5 -clock [get_clocks {RX0_CLK}] -max [get_ports {DRA_CS}]
#@ set_output_delay  5 -clock [get_clocks {RX0_CLK}] -min [get_ports {DRA_CS}]
#@ set_output_delay  -0.5 -clock [get_clocks {RX0_CLK}] -max [get_ports {DRA_CHOP}]
#@ set_output_delay  5 -clock [get_clocks {RX0_CLK}] -min [get_ports {DRA_CHOP}]
#@ set_output_delay  -0.5 -clock [get_clocks {RX0_CLK}] -max [get_ports {POL1B_L}]
#@ set_output_delay  5 -clock [get_clocks {RX0_CLK}] -min [get_ports {POL1B_L}]
#@ set_output_delay  -0.5 -clock [get_clocks {RX0_CLK}] -max [get_ports {POL1B_R}]
#@ set_output_delay  5 -clock [get_clocks {RX0_CLK}] -min [get_ports {POL1B_R}]
#@ set_output_delay  -0.5 -clock [get_clocks {RX0_CLK}] -max [get_ports {POL2B_L}]
#@ set_output_delay  5 -clock [get_clocks {RX0_CLK}] -min [get_ports {POL2B_L}]
#@ set_output_delay  -0.5 -clock [get_clocks {RX0_CLK}] -max [get_ports {POL2B_R}]
#@ set_output_delay  5 -clock [get_clocks {RX0_CLK}] -min [get_ports {POL2B_R}]
#@ set_output_delay  -0.5 -clock [get_clocks {RX0_CLK}] -max [get_ports {POL1A_L}]
#@ set_output_delay  5 -clock [get_clocks {RX0_CLK}] -min [get_ports {POL1A_L}]
#@ set_output_delay  -0.5 -clock [get_clocks {RX0_CLK}] -max [get_ports {POL1A_R}]
#@ set_output_delay  5 -clock [get_clocks {RX0_CLK}] -min [get_ports {POL1A_R}]
#@ set_output_delay  -0.5 -clock [get_clocks {RX0_CLK}] -max [get_ports {POL2A_L}]
#@ set_output_delay  5 -clock [get_clocks {RX0_CLK}] -min [get_ports {POL2A_L}]
#@ set_output_delay  -0.5 -clock [get_clocks {RX0_CLK}] -max [get_ports {POL2A_R}]
#@ set_output_delay  5 -clock [get_clocks {RX0_CLK}] -min [get_ports {POL2A_R}]
#@ set_output_delay  -0.5 -clock [get_clocks {RX0_CLK}] -max [get_ports {HSREF_N}]
#@ set_output_delay  5 -clock [get_clocks {RX0_CLK}] -min [get_ports {HSREF_N}]
#@ set_output_delay  -0.5 -clock [get_clocks {RX0_CLK}] -max [get_ports {HSREF_P}]
#@ set_output_delay  5 -clock [get_clocks {RX0_CLK}] -min [get_ports {HSREF_P}]
#@ set_output_delay  -0.5 -clock [get_clocks {RX0_CLK}] -max [get_ports {HSRER_N}]
#@ set_output_delay  5 -clock [get_clocks {RX0_CLK}] -min [get_ports {HSRER_N}]
#@ set_output_delay  -0.5 -clock [get_clocks {RX0_CLK}] -max [get_ports {HSRER_P}]
#@ set_output_delay  5 -clock [get_clocks {RX0_CLK}] -min [get_ports {HSRER_P}]
#@ set_output_delay  -0.5 -clock [get_clocks {RX0_CLK}] -max [get_ports {HSRE}]
#@ set_output_delay  5 -clock [get_clocks {RX0_CLK}] -min [get_ports {HSRE}]
#@ set_output_delay  1 -clock [get_clocks {STB_CLK}] [get_ports {PWRCN[0]}]
#@ set_output_delay  1 -clock [get_clocks {STB_CLK}] [get_ports {PWRCN[1]}]
#@ set_output_delay  1 -clock [get_clocks {STB_CLK}] [get_ports {PWRCN[2]}]
#@ set_output_delay  1 -clock [get_clocks {STB_CLK}] [get_ports {PWRCP[0]}]
#@ set_output_delay  1 -clock [get_clocks {STB_CLK}] [get_ports {PWRCP[1]}]
#@ set_output_delay  1 -clock [get_clocks {STB_CLK}] [get_ports {PWRCP[2]}]
#@ set_output_delay  1 -clock [get_clocks {STB_CLK}] [get_ports {PWRC_GOP[0]}]
#@ set_output_delay  1 -clock [get_clocks {STB_CLK}] [get_ports {PWRC_GOP[1]}]
#@ set_output_delay  1 -clock [get_clocks {STB_CLK}] [get_ports {PWRC_LS[0]}]
#@ set_output_delay  1 -clock [get_clocks {STB_CLK}] [get_ports {PWRC_LS[1]}]
#@ set_output_delay  1 -clock [get_clocks {STB_CLK}] [get_ports {DBC}]
#@ #set_ideal_network [get_ports {clk_lane_od_L1}]
#@ #set_ideal_network [get_pins {u_LOGIC_CENTER/CENTER1/ANCTL/BUF_VS_CLK/O}]
#@ #set_ideal_network [get_pins {u_LOGIC_CENTER/CLKGEN_U0/BUF_N_RST/O}]
#@ #set_ideal_network [get_pins {u_LOGIC_CENTER/CENTER1/ANCTL/BUF_LS_CLK/O}]
#@ #set_ideal_network [get_pins {u_LOGIC_CENTER/PAD_INBUF/SCL_BUF/O}]
#@ #set_ideal_network [get_pins {u_LOGIC_CENTER/CLKGEN_U1/BUF_N_RST/O}]
#@ #set_ideal_network [get_pins {u_LOGIC_CENTER/CLKGEN_U0/AND_N_RST_NLOCK0/O}]
#@ #set_ideal_network [get_pins {u_LOGIC_CENTER/CENTER1/TOTAL_DTCTL/DTCTL_L0/DTCLK_1P_ORG_reg/Q}]
#@ #set_ideal_network [get_pins {u_LOGIC_CENTER/CENTER1/ANCTL/BUF_POWERON_CLK/O}]
#@ #set_ideal_network [get_pins {u_LOGIC_CENTER/CLKGEN_U0/AND_N_RST_NLOCK/O}]
#@ #set_ideal_network [get_pins {u_LOGIC_CENTER/LINK_LOGIC/BUF_STB_CLK/O}]
#@ #set_ideal_network [get_ports {OSC_CLK_I}]
#@ #set_ideal_network [get_ports {XPONRST_I}]
#@ #set_ideal_network [get_pins {u_LOGIC_CENTER/CLKGEN_U1/AND_N_RST_NLOCK1/O}]
#@ #set_ideal_network [get_ports {clk_lane_L0}]
#@ #set_ideal_network [get_ports {clk_lane_od_L0}]
#@ #set_ideal_network [get_ports {clk_lane_L1}]
#@ set_max_transition  1.2 [current_design]
#@ set_max_transition  0.6 [get_clocks {RX1_OD_CLK}] -clock_path  -rise 
#@ set_max_transition  0.6 [get_clocks {RX1_OD_CLK}] -clock_path  -fall 
#@ set_max_transition  0.6 [get_clocks {RX0_OD_CLK}] -clock_path  -rise 
#@ set_max_transition  0.6 [get_clocks {RX0_OD_CLK}] -clock_path  -fall 
#@ set_max_transition  0.6 [get_clocks {RX1_CLK}] -clock_path  -rise 
#@ set_max_transition  0.6 [get_clocks {RX1_CLK}] -clock_path  -fall 
#@ set_max_transition  0.6 [get_clocks {RX0_CLK}] -clock_path  -rise 
#@ set_max_transition  0.6 [get_clocks {RX0_CLK}] -clock_path  -fall 
#@ set_max_transition  0.6 [get_clocks {RX0_CLK_DIV1P5_1P}] -clock_path  -rise 
#@ set_max_transition  0.6 [get_clocks {RX0_CLK_DIV1P5_1P}] -clock_path  -fall 
#@ set_max_transition  0.6 [get_clocks {I2C_CLK}] -clock_path  -rise 
#@ set_max_transition  0.6 [get_clocks {I2C_CLK}] -clock_path  -fall 
#@ set_max_transition  0.6 [get_clocks {OSC_CLK_IN}] -clock_path  -rise 
#@ set_max_transition  0.6 [get_clocks {OSC_CLK_IN}] -clock_path  -fall 
#@ set_max_transition  0.6 [get_clocks {POWERON_CLK}] -clock_path  -rise 
#@ set_max_transition  0.6 [get_clocks {POWERON_CLK}] -clock_path  -fall 
#@ set_max_transition  0.6 [get_clocks {STB_CLK}] -clock_path  -rise 
#@ set_max_transition  0.6 [get_clocks {STB_CLK}] -clock_path  -fall 
#@ set_max_transition  0.6 [get_clocks {LS_CLK}] -clock_path  -rise 
#@ set_max_transition  0.6 [get_clocks {LS_CLK}] -clock_path  -fall 
#@ set_max_transition  0.6 [get_clocks {VS_CLK}] -clock_path  -rise 
#@ set_max_transition  0.6 [get_clocks {VS_CLK}] -clock_path  -fall 
#@ ###############################################################################
#@ # POCV Information
#@ ###############################################################################
#@ ######### add on
#@ 
#@ ##remove for easy APR 
#@ set_multicycle_path -setup 0 -through [get_ports dout_lane_L0*]
#@ set_multicycle_path -hold  0 -through [get_ports dout_lane_L0*]
#@ #
#@ set_multicycle_path -setup 0 -through [get_ports dout_lane_L1*]
#@ set_multicycle_path -hold  0 -through [get_ports dout_lane_L1*]
#@ # -- End source /project/HV2M23/DataBase/Digital/Release/HV2M23_digital_top_to_APR/latest/HV2M23_digital_top_postcts.sdc

#@ 
#@ #update_timing > ./rep_dir/update_timing.log
#@ 
#@ set CONS_REPORT     ./rep_dir/${TOP_NAME}_cons.rpt
#@ set COVERAGE_REPORT ./rep_dir/${TOP_NAME}_coverage.rpt
#@ set TIMING_REPORT   ./rep_dir/${TOP_NAME}_timing.rpt
#@ 
#@ source ${TCL_DIR}dc/dc_user_proc.tcl
#@ # -- Starting source /project/HV2M23/designer/DD/ymzhu/HV2M23/SYNTHESIS/common/tcl_dir/dc/dc_user_proc.tcl

#@ proc report_vt_cell_usage {} {
#@    global lib_hvt_name
#@    global lib_lvt_name
#@    global lib_svt_name
#@    global LIB_MEM_NAME
#@ 
#@    if {[info exists lib_lvt_name]} {
#@       if {[get_libs $lib_lvt_name] != ""} {
#@          set_attr [get_libs $lib_lvt_name] default_threshold_voltage_group LVT -type string
#@       }
#@    }
#@    if {[info exists lib_svt_name]} {
#@       if {[get_libs $lib_svt_name] != ""} {
#@          set_attr [get_libs $lib_svt_name] default_threshold_voltage_group SVT -type string
#@       }
#@    }
#@    if {[info exists lib_hvt_name]} {
#@       if {[get_libs $lib_hvt_name] != ""} {
#@          set_attr [get_libs $lib_hvt_name] default_threshold_voltage_group HVT -type string
#@       }
#@    }
#@    if {[info exists LIB_MEM_NAME]} {
#@       if {[get_libs $LIB_MEM_NAME] != ""} {
#@          set_attr [get_libs $LIB_MEM_NAME] default_threshold_voltage_group MEM -type string
#@       }
#@    }
#@    report_threshold_voltage_group
#@ }
#@ 
#@ proc unconnect_unused_output_ports {} {
#@    set ports [get_ports -filter "port_direction == out"]
#@    foreach_in_collection port $ports {
#@       set disconnect_me 1
#@       set driver_pins [remove_from_collection [all_connected [get_net -of $port] -leaf] $port]
#@       foreach_in_collection pin $driver_pins {
#@          if {[sizeof_collection [get_ports $pin -quiet]] > 0 ||
#@              [sizeof_collection [get_cells -of $pin]] > 0} {
#@             set disconnect_me 0
#@             break
#@          }
#@       }
#@       if {$disconnect_me > 0}
#@          set_unconnected $port
#@       }
#@    }
#@ 
#@ 
#@ #for read_filelist
#@ proc read_filelist {file_path netlist_define } {
#@   global PROJECT_PATH
#@   global STD_IP_PATH
#@   global link_library
#@   global search_path
#@   global target_library
#@   set FILE [open $file_path r]
#@   while {[gets $FILE line] >=0} {
#@     if { [regexp {\/\/} $line] == 1} {
#@        continue
#@     } elseif {[regexp {\+incdir\+} $line] == 1} {
#@         regsub -all {\+incdir\+} $line  "" line
#@         if {[regexp {\$PROJECT_PATH} $line] == 1} {
#@           regsub -all {\$PROJECT_PATH} $line  $PROJECT_PATH line
#@         }
#@         if {[regexp {\$STD_IP_PATH} $line] == 1} {
#@           regsub -all {\$STD_IP_PATH} $line  $STD_IP_PATH line
#@         }
#@         puts $line
#@         echo "lappend search_path $line"
#@         lappend search_path $line
#@     } elseif {[regexp {\$PROJECT_PATH} $line] == 1} {
#@         regsub -all {\$PROJECT_PATH} $line  $PROJECT_PATH line
#@         puts $line
#@        echo "read_file -format verilog  $line -define $netlist_define"
#@        read_file -format verilog  $line -define $netlist_define 
#@     } elseif {[regexp {\$STD_IP_PATH} $line] == 1} {
#@         regsub -all {\$STD_IP_PATH} $line  $STD_IP_PATH line
#@         puts $line
#@        echo "read_file -format verilog  $line -define $netlist_define"
#@        read_file -format verilog  $line -define $netlist_define
#@     } elseif {[regexp {\w} $line] == 1} {
#@         puts $line
#@        echo "read_file -format verilog  $line -define $netlist_define"
#@        read_file -format verilog  $line -define $netlist_define
#@     } else {
#@       continue
#@     }
#@   }
#@   close $FILE
#@ }
#@ 
#@ proc read_filelist_sv {file_path netlist_define } {
#@   global PROJECT_PATH
#@   global STD_IP_PATH
#@   global link_library
#@   global search_path
#@   global target_library
#@   set FILE [open $file_path r]
#@   while {[gets $FILE line] >=0} {
#@     if { [regexp {\/\/} $line] == 1} {
#@        continue
#@     } elseif {[regexp {\+incdir\+} $line] == 1} {
#@         regsub -all {\+incdir\+} $line  "" line
#@         if {[regexp {\$PROJECT_PATH} $line] == 1} {
#@           regsub -all {\$PROJECT_PATH} $line  $PROJECT_PATH line
#@         }
#@         if {[regexp {\$STD_IP_PATH} $line] == 1} {
#@           regsub -all {\$STD_IP_PATH} $line  $STD_IP_PATH line
#@         }
#@         puts $line
#@         echo "lappend search_path $line"
#@         lappend search_path $line
#@     } elseif {[regexp {\$PROJECT_PATH} $line] == 1} {
#@         regsub -all {\$PROJECT_PATH} $line  $PROJECT_PATH line
#@         puts $line
#@        echo "read_file -format sverilog  $line -define $netlist_define"
#@        read_file -format sverilog  $line -define $netlist_define 
#@     } elseif {[regexp {\$STD_IP_PATH} $line] == 1} {
#@         regsub -all {\$STD_IP_PATH} $line  $STD_IP_PATH line
#@         puts $line
#@        echo "read_file -format sverilog  $line -define $netlist_define"
#@        read_file -format sverilog  $line -define $netlist_define
#@     } elseif {$line != ""} {
#@         puts $line
#@        echo "read_file -format sverilog  $line -define $netlist_define"
#@        read_file -format sverilog  $line -define $netlist_define
#@     } else {
#@       continue
#@     }
#@   }
#@   close $FILE
#@ }
#@ #for analyze_filelist
#@ proc analyze_filelist {file_path netlist_define } {
#@   global TOP_NAME
#@   global PROJECT_PATH
#@   global link_library
#@   global search_path
#@   global target_library
#@ 
#@   set FILE [open $file_path r]
#@   set ana_flag 0
#@   while {[gets $FILE line] >=0} {
#@     if { [regexp {\/\/} $line] == 1} {
#@        continue
#@     } else {
#@      set ana_flag 1
#@      break
#@     }
#@   }
#@   close $FILE
#@   if {$ana_flag == 1} {
#@     echo "analyze   $file_path -define $netlist_define"
#@     analyze -vcs  "-sverilog -f ${file_path}" -define $netlist_define
#@     return 1    
#@   } else {
#@     return 0
#@   }
#@ }
#@ 
#@ 
#@ proc read_filelist_all { filelist_path netlist_define } {
#@   global TOP_NAME
#@   global PROJECT_PATH
#@   global link_library
#@   global search_path
#@   global target_library
#@   echo "filelist dir is ${filelist_path} !"
#@   set file_v_path ${filelist_path}/advanced/gen_${TOP_NAME}.f
#@   echo "verilog filelist is ${file_v_path} !"
#@   set file_sv_path ${filelist_path}/advanced/gen_${TOP_NAME}.sv.f
#@   echo "system verilog filelist is ${file_sv_path} !"
#@   set file_vhdl_path ${filelist_path}/advanced/${TOP_NAME}.vhdl_dc.f
#@   echo "VHDL tcl is ${file_vhdl_path} !"
#@   set file_ddc_path ${filelist_path}/advanced/${TOP_NAME}.ddc_dc.f
#@   echo "ddc tcl is ${file_ddc_path} !"
#@ 
#@   #read_filelist $file_v_path $netlist_define
#@   #read_filelist_sv $file_sv_path $netlist_define
#@ 
#@   source $file_vhdl_path -verbose -echo
#@   source $file_ddc_path -verbose -echo
#@   set sv_flag [analyze_filelist $file_sv_path $netlist_define]
#@   set v_flag  [analyze_filelist $file_v_path $netlist_define]
#@   if { $sv_flag==1 || $v_flag==1 } {
#@     echo "start elaborate $TOP_NAME"
#@     elaborate $TOP_NAME
#@     echo "end elaborate $TOP_NAME"
#@   }
#@ }
#@ 
#@ 
#@ #add at 2017/01/11
#@ 
#@ proc kv_compile_unltra {power_optimization use_saif {boundary_optimization 1}} {
#@     global TOP_NAME
#@     global TAR_LIB
#@     set hdl_naming_threshold 1000
#@     #create_port -direction "in" scan_se
#@     #set_dft_signal -view spec -port scan_se -type ScanEnable -usage clock_gating
#@     #set_dft_configuration -scan disable -connect_clock_gating enable
#@ 
#@     if { [regexp {snps_gtech} $TAR_LIB] || [regexp {snps_class} $TAR_LIB]} {
#@       compile
#@       #compile -boundary_optimization
#@     } else {
#@       if {$boundary_optimization ==0} {
#@         compile_ultra -scan -no_autoungroup -no_seq_output_inversion -area_high_effort_script -exact_map -gate_clock -no_boundary_optimization     } else {
#@         compile_ultra -scan -no_autoungroup -no_seq_output_inversion -area_high_effort_script -exact_map -gate_clock
#@       }
#@       if {$power_optimization==1} {
#@         set power_default_static_probability 0.5
#@         set power_default_toggle_rate 0.1
#@         reset_switching_activity
#@         if {$use_saif == 1} {
#@           if {[file exist "saif_dir"] == 0} { [sh mkdir saif_dir]}
#@           set f_saif_file      [format "%s%s%s" "saif_dir/f_" $TOP_NAME ".saif"      ]
#@           set b_saif_file      [format "%s%s%s" "saif_dir/b_" $TOP_NAME ".saif"      ]
#@           set saif_rpt         [format "%s%s%s" "rep_dir/" $TOP_NAME "_saif.rpt"      ]
#@           if {-e $b_saif_file} {
#@              read_saif $b_saif_file
#@           } else {
#@           read_saif $f_saif_file -rtl_direct
#@           }
#@         report_saif -hier > $saif_rpt
#@         } else {
#@           set clk_port_list {}
#@           foreach_in_collection clk [get_clocks *] {
#@              lappend clk_port_list [get_object_name [get_attribute $clk sources]]
#@           }
#@           set all_inputs_noclk [remove_from_collection [all_inputs] $clk_port_list]
#@           set_switching_activity -static 0.5 -toggle 0.1 $all_inputs_noclk
#@           set_switching_activity -static 0.5 -toggle 0.5 $clk_port_list
#@        }
#@        set_max_leakage_power 0 mw
#@        #compile_ultra -incr -scan
#@        if {$boundary_optimization ==0} {
#@          compile_ultra -incr -scan -no_boundary_optimization
#@        } else {
#@          compile_ultra -incr -scan
#@        }
#@       }
#@   }   
#@ }
#@ 
#@ proc kv_compile_unltra_non_scan {power_optimization use_saif {boundary_optimization 1}} {
#@     global TOP_NAME
#@     global TAR_LIB
#@     set hdl_naming_threshold 1000
#@     #create_port -direction "in" scan_se
#@     #set_dft_signal -view spec -port scan_se -type ScanEnable -usage clock_gating
#@     #set_dft_configuration -scan disable -connect_clock_gating enable
#@ 
#@     if { [regexp {snps_gtech} $TAR_LIB] || [regexp {snps_class} $TAR_LIB]} {
#@       compile
#@       #compile -boundary_optimization
#@     } else {
#@       if {$boundary_optimization ==0} {
#@         compile_ultra -no_autoungroup -no_seq_output_inversion -area_high_effort_script -exact_map -gate_clock -no_boundary_optimization     } else {
#@         compile_ultra -no_autoungroup -no_seq_output_inversion -area_high_effort_script -exact_map -gate_clock
#@       }
#@       if {$power_optimization==1} {
#@         set power_default_static_probability 0.5
#@         set power_default_toggle_rate 0.1
#@         reset_switching_activity
#@         if {$use_saif == 1} {
#@           if {[file exist "saif_dir"] == 0} { [sh mkdir saif_dir]}
#@           set f_saif_file      [format "%s%s%s" "saif_dir/f_" $TOP_NAME ".saif"      ]
#@           set b_saif_file      [format "%s%s%s" "saif_dir/b_" $TOP_NAME ".saif"      ]
#@           set saif_rpt         [format "%s%s%s" "rep_dir/" $TOP_NAME "_saif.rpt"      ]
#@           if {-e $b_saif_file} {
#@              read_saif $b_saif_file
#@           } else {
#@           read_saif $f_saif_file -rtl_direct
#@           }
#@         report_saif -hier > $saif_rpt
#@         } else {
#@           set clk_port_list {}
#@           foreach_in_collection clk [get_clocks *] {
#@              lappend clk_port_list [get_object_name [get_attribute $clk sources]]
#@           }
#@           set all_inputs_noclk [remove_from_collection [all_inputs] $clk_port_list]
#@           set_switching_activity -static 0.5 -toggle 0.1 $all_inputs_noclk
#@           set_switching_activity -static 0.5 -toggle 0.5 $clk_port_list
#@        }
#@        set_max_leakage_power 0 mw
#@        #compile_ultra -incr -scan
#@        if {$boundary_optimization ==0} {
#@          compile_ultra -incr  -no_boundary_optimization
#@        } else {
#@          compile_ultra -incr 
#@        }
#@       }
#@   }   
#@ }
#@ 
#@ proc kv_report_non_scan {} {
#@   global TOP_NAME
#@   set scan_cell_file   [format "%s%s%s" "rep_dir/" $TOP_NAME ".scan_cell"    ]
#@   set all_regs [get_cells -h -filter "is_a_flip_flop==true"]
#@   set all_scan_regs [get_cells -h -filter "is_a_flip_flop==true && is_a_test_cell==true"]
#@   set non_scan_regs [remove_from_collection $all_regs $all_scan_regs]
#@   echo "Scan cell check results: " > $scan_cell_file
#@   if {[sizeof_collection $non_scan_regs] > 0} {
#@      echo "KiWi Error: non-scan FF(s) in netlist:"
#@      echo "KiWi Error: non-scan FF(s) in netlist:" >> $scan_cell_file
#@      foreach_in_collection non_scan_reg $non_scan_regs {
#@         set non_scan_reg_name [get_object_name $non_scan_reg]
#@         set reg_ref_name [get_attribute $non_scan_reg ref_name]
#@         echo "   $non_scan_reg_name   $reg_ref_name"
#@         echo "   $non_scan_reg_name   $reg_ref_name" >> $scan_cell_file
#@      }
#@   } else {
#@      echo "KiWi Info: No non-scan FF(s) found in netlist"
#@      echo "KiWi Info: No non-scan FF(s) found in netlist" >> $scan_cell_file
#@   }
#@ }
#@ 
#@ proc kv_change_names {} {
#@ #  define_name_rules remove_illegal -restricted {"-", "\\", "*", "/", "[", "]", ".", ":"} -max_length 256
#@ #  change_names -rules remove_illegal -hierarchy
#@ #  change_names -rule verilog -h
#@ #      -map {{"_$", ""}, {"^_",""},{"__","_"}} 
#@    define_name_rules hv_core_rule        -allowed {a-z A-Z 0-9 _ }        -max_length 256        -first_restricted {0-9_}        -target_bus_naming_style {%s[%d]}        -map {{"^_",""},{"__","_"}}        -equal_ports_nets        -inout_ports_equal_nets        -remove_irregular_port_bus        -remove_irregular_net_bus        -flatten_multi_dimension_busses        -check_bus_indexing        -reserved_words [list {always} {assign} {begin} {case} {casex} {casez} {deassign} {default} {defparam} {disable} {event}         {edge} {else} {end} {endcase} {endfunction} {endmodule} {endprimitive} {endspecify} {endtable} {endtask}         {for} {force} {forever} {fork} {function} {highz0} {highz1} {if} {initial} {inout} {input} {integer} {join} {large}         {macromodule} {medium} {module} {negedge} {output} {parameter} {posedge} {primitive} {pull0} {pull1} {reg} {release} {repeat}         {scalared} {small} {specify} {specparam} {strong0} {strong1} {supply0} {supply1} {table} {task} {time} {tri} {tri0} {tri1}         {triand} {trior} {trireg} {vectored} {wait} {wand} {weak0} {weak1} {while} {wire} {wor} {ALIAS} {BIDIRECT} {CEND}         {COMPSEGMENT} {END} {ENDC} {ENDCOMPS} {ENDIMPLS} {ENDMACRO} {ENDNETS} {END_OF_FILE} {EQUIVALENCE} {EXT} {EXTCONNECTOR}         {FROM} {IMPLSEGMENT} {INPUTS} {LEVEL} {MACRO} {NETSEGMENT} {NULL} {OUTPUTS} {PUPROSE} {TO} {TYPES} {USER} {USERNAME}         {abs} {access} {after} {alias} {all} {and} {architecture} {array} {assert} {attribute} {begin} {block} {body} {buffer}         {bus} {case} {component} {configuration} {constant} {disconnect} {downto} {else} {elsif} {end} {entity} {exit} {file} {for}         {function} {generate} {generic} {guarded} {if} {in} {inout} {is} {label} {library} {linkage} {loop} {map} {mod} {nand}         {new} {next} {nor} {not} {null} {of} {on} {open} {or} {others} {out} {package} {port} {procedure} {process} {range} {record}         {register} {rem} {report} {return} {select} {severity} {signal} {subtype} {then} {to} {transport} {type} {units} {until} {use}         {variable} {wait} {when} {while} {with} {xor} {di} {do}]
#@      define_name_rules hv_core_rule_2 -map {{"^_",""},{"__","_"}}
#@      change_names -rules verilog -hierarchy
#@      change_names -rules hv_core_rule -hierarchy
#@      change_names -rules hv_core_rule_2 -hierarchy     
#@ } 
#@ 
#@ 
#@ proc kv_report_all_latch {} {
#@   echo "----- report all latch -----"
#@   echo "KIWI_INFO: latch can only exist in inst\: \'u_occ_top\'"
#@   echo "----------------------------"
#@   set latch_list [get_attribute [all_register -level_sensitive] full_name]
#@   foreach latch $latch_list {
#@      if {[regexp LVISION_WTAP_INST $latch]} {
#@         echo "KIWI_INFO: MBIST latch -> $latch"
#@      } elseif {[regexp SNPS_CG_CELL $latch]} {
#@         echo "KIWI_Warning: Function latch -> $latch , please check the RTL design !!!"
#@      } else {
#@         echo "KIWI_Error: Function latch -> $latch , please check the RTL design !!!"
#@      }
#@ }
#@ }
#@ 
#@ proc kv_report_dff_num {} {
#@ 
#@ set DFF_NUM [sizeof_collection [get_cells -hierarchical * -filter "is_sequential == true && is_hierarchical == false"]]
#@ echo " " 
#@ echo "#TOTAL Sequential INST Number : $DFF_NUM"
#@ echo " "
#@ echo " "
#@ echo "kiwi report DFF num of each clk domain"
#@ echo " "
#@ echo " "
#@ foreach clock [get_attribute [all_clocks] full_name] {
#@ echo " "
#@ set DFF_NUM [sizeof_collection [all_register -clock $clock]]
#@ echo "report the DFF number of $clock : $DFF_NUM"
#@ }
#@ }
#@ 
#@ 
#@ #  proc kv_report_clk_path {} {
#@ #  
#@ #  set ex_list [list u_sh6/u_reset_gen/debounce_rst_n_reg u_sh6/u_reset_gen/sw_rst_n_sync_d1_reg ]
#@ #  
#@ #  echo "report the clk cross path"
#@ #  foreach clock0 [get_attribute [all_clocks] full_name] {
#@ #  echo "closck0 is $clock0 "
#@ #  foreach clock1 [get_attribute [all_clocks] full_name] {
#@ #  #echo "aaa " >> $RPT_FILE
#@ #  if {$clock0 != $clock1} {
#@ #  echo "################################################ "
#@ #  echo " "
#@ #  echo "report from ${clock0} to ${clock1}"
#@ #  echo " "
#@ #  echo "################################################ "
#@ #  echo " "
#@ #  report_tming -from $clock0 -to $clock1 -max_path 1000 -slack_lesser_than 100 -exclude $ex_list
#@ #  
#@ #  echo "################################################ "
#@ #  echo " "
#@ #  echo "report from ${clock1} to ${clock0}"
#@ #  echo " "
#@ #  echo "################################################ "
#@ #  echo " "
#@ #  report_timing -from $clock1 -to $clock0 -max_path 1000 -slack_lesser_than 100 -exclude $ex_list
#@ #  
#@ #  
#@ #  }
#@ #  }
#@ #  }
#@ #  }
#@ #
#@ #proc kv_report_clk_path {} {
#@ #
#@ #    set TOPA_HIER "TOP_A/"
#@ #    set TOPB_HIER "TOP_B/"
#@ #    set TOPC_HIER "TOP_C/"
#@ #    set TOPD_HIER "TOP_D/"
#@ #    set SH01_HIER "${TOPB_HIER}u_sh01/"
#@ #    set SH05_HIER "${TOPB_HIER}u_sh05/"
#@ #    set SH06_HIER "${TOPA_HIER}u_sh06/"
#@ #    set SH08_HIER "${TOPA_HIER}u_sh08/"
#@ #    set SH12_HIER "${TOPB_HIER}u_sh12/"
#@ #
#@ #    set collection_result_display_limit -1
#@ #    set_case_analysis 0 ${SH08_HIER}u_sh8_reg/reg_ate_mbist_mode_reg/Q
#@ #
#@ #    set ex_list [list ${SH06_HIER}u_reset_gen/debounce_rst_n_reg                                                                    #                      ${SH06_HIER}u_reset_gen/sw_rst_n_sync_d1_reg                                                                  #                      ${SH08_HIER}u_pinshare_top/IO_BAR/*/u_*_pad/*                                                                 #                      ${TOPC_HIER}u_topc_ptc_post_top/u_kv_wva_top/u_kv_wva_ram_top/PORT_RAM_*_*__eva_ram_*/SRAM_BLK_0__MEM_0/*     #                      ${TOPC_HIER}u_topc_ptc_post_top/u_kv_wva_top/u_kv_wva_ram_top/PORT_RAM_*_*__eva_ram_*/*_BIST_UNIT/*/*         #                ]
#@ #
#@ #    if {[file exist "rep_async"] == 0}  { [sh mkdir rep_async] }
#@ #    echo "report the clk cross path" > ./rep_async/report.log
#@ #
#@ #    foreach clock0 [get_attribute [all_clocks] full_name] {
#@ #        echo "closck0 is $clock0 " >> ./rep_async/report.log
#@ #        foreach clock1 [get_attribute [all_clocks] full_name] {
#@ #           #echo "aaa " >> $report.log
#@ #            if {$clock0 != $clock1} {
#@ #                set RPT_FILE   [format "%s%s%s%s%s" "rep_async/cross_from_" $clock0 "_to_" $clock1 ".rpt"]
#@ #                echo "################################################ " > $RPT_FILE
#@ #                echo " " >> $RPT_FILE
#@ #                echo "report from ${clock0} to ${clock1}" >> $RPT_FILE
#@ #                echo " " >> $RPT_FILE
#@ #                echo "################################################ " >> $RPT_FILE
#@ #                echo " " >> $RPT_FILE
#@ #                report_timing -from $clock0 -to $clock1 -nworst 10000 -slack_lesser_than 100 -exclude $ex_list >> $RPT_FILE
#@ #
#@ #                set RPT_FILE   [format "%s%s%s%s%s" "rep_async/cross_from_" $clock1 "_to_" $clock0 ".rpt"]
#@ #                echo "################################################ " >  $RPT_FILE
#@ #                echo " " >> $RPT_FILE
#@ #                echo "report from ${clock1} to ${clock0}" >> $RPT_FILE
#@ #                echo " " >> $RPT_FILE
#@ #                echo "################################################ " >> $RPT_FILE
#@ #                echo " " >> $RPT_FILE
#@ #                report_timing -from $clock1 -to $clock0 -nworst 10000 -slack_lesser_than 100 -exclude $ex_list >> $RPT_FILE 
#@ #            }
#@ #        }
#@ #    }
#@ #
#@ #    remove_case_analysis ${SH08_HIER}u_sh8_reg/reg_ate_mbist_mode_reg/Q
#@ #}
#@ #
#@ #
#@ #
#@ #proc kv_report_clk_path_list {clk_list} {
#@ #
#@ #
#@ #    set collection_result_display_limit -1
#@ #
#@ #    foreach clock0 $clk_list {
#@ #        echo "closck0 is $clock0 "
#@ #        foreach clock1 $clk_list {
#@ #           #echo "aaa " >> $report.log
#@ #            if {$clock0 != $clock1} {
#@ #                report_timing -from $clock0 -to $clock1 -nworst 10000 -slack_lesser_than 100 -path_type summary
#@ #                report_timing -from $clock1 -to $clock0 -nworst 10000 -slack_lesser_than 100 -path_type summary
#@ #            }
#@ #        }
#@ #    }
#@ #
#@ #}
#@ #
#@ # -- End source /project/HV2M23/designer/DD/ymzhu/HV2M23/SYNTHESIS/common/tcl_dir/dc/dc_user_proc.tcl

#@ ##source $TCL_DIR/pt_report.tcl  -echo
#@ #
#@ ##sh grep -v "/CDN" ./rep_dir/check_timing.log > a 
#@ ##sh grep -v "/SDN" a  > b 
#@ ##sh grep -v "/latch/E" b > ./rep_dir/uncons.rpt
#@ #
#@ #
#@ #report_timing > ./rep_dir/report_timing.log
#@ #
#@ #write_sdc -nosplit ./rep_dir/${TOP_NAME}.sdc
#@ #
#@ #alias rpt report_timing -nosplit -derate -net -cap -trans -path_type full_clock_ex
#@ #alias h   his
#@ #
#@ ###report dff
#@ #kv_report_dff_num rep_dir/report_dff_num.rpt
#@ #
#@ #
#@ ###ck floating
#@ #if {$CK_FLT_EN == 1} {
#@ #    source $TCL_DIR/pt_check_design.tcl
#@ #    PT_check_design -type input_float
#@ #    PT_check_design -type output_short
#@ #}
#@ 
#@ # -- End source ./common/common_ptpx.tcl

#@ 
#@ # Power Px
#@ #set power_enable_analysis TRUE
#@ #set power_analysis_mode time_based
#@ set si_enable_analysis true
#@ set power_limit_extrapolation_range false 
#@ set power_use_ccsp_pin_capacitance false 
#@ read_parasitics -keep_capacitive_coupling -complete_with zero -verbose /project/HV1V22/designer/AD/yzhao/release/HV1V22_digital_top/timing/latest/HV1V22_digital_top_typical_25c.spef.gz > ./rep_dir/read_parasitics_verbose.log
#@ report_annotated_parasitics -check > ./rep_dir/report_annotated_parasitics.log
#@ #set_operating_conditions tt0p9v85c -analysis_type on_chip_variation
#@ set_operating_conditions  -analysis_type on_chip_variation
#@ 
#@ set_propagated_clock [all_clocks]
#@ #update_timing
#@ 
#@ set i 0
#@ #read_vcd "$vcd_file" -strip_path "bench_hv8107_top/u_hv8107_chp/u_cpu_sys"
#@ if {$use_vcd_saif == "vcd"} {
#@      
#@      foreach {inst strip vcd} $vcd_file {
#@        incr i
#@        if {$inst == $TOP_NAME} {
#@          read_vcd "$vcd"  -strip_path "$strip"
#@          echo "read_vcd $i inst:$inst strip:$strip vcd:$vcd"
#@        } else {
#@          read_vcd "$vcd" -path $inst  -strip_path "$strip"
#@          echo "read_vcd $i inst:$inst strip:$strip vcd:$vcd"
#@        }
#@     }
#@ }
#@ if {$use_vcd_saif == "saif"} {
#@      read_saif "$saif_file" -strip_path "$vcd_stribe_path"
#@      echo "use $use_vcd_saif"
#@      echo "saif_file is $saif_file"
#@ }
#@ 
#@ if {$USE_UPF =="1"} {
#@ source -e -v ${upf_file} > load_upf.txt
#@ create_power_switch vdd1p2d_sw                               -domain PD_AON                               -output_supply_port {NSLEEPOUT DVDD}                               -input_supply_port {NSLEEPIN VDD1P2AON}                               -on_state {state1 NSLEEPIN {!CNTL}}                               -control_port { CNTL u_cgu_rgu_sd/u_sd_analog/pmu_ldo1p2d_pd } 							  -off_state {OFF {CNTL} }
#@ create_power_switch vdd1p2a_sw                               -domain PD_AON                               -output_supply_port {NSLEEPOUT VDD12_ANA}                               -input_supply_port {NSLEEPIN VDD1P2AON}                               -on_state {state1 NSLEEPIN {!CNTL}}                               -control_port { CNTL u_cgu_rgu_sd/u_sd_analog/pmu_ldo1p2a_pd } 							  -off_state {OFF {CNTL} }
#@ create_power_switch vdd2pd_sw                               -domain PD_AON                               -output_supply_port {NSLEEPOUT VDD25}                               -input_supply_port {NSLEEPIN VDD1P2AON}                               -on_state {state1 NSLEEPIN {!CNTL}}                               -control_port { CNTL u_cgu_rgu_sd/u_sd_analog/pmu_ldo2p5d_pd } 							  -off_state {OFF {CNTL} }
#@ 
#@ 
#@ 
#@ set_voltage 5.0 -object_list VSSH_ANAL 
#@ set_voltage 5.0 -object_list VDDH_ANAB 
#@ set_voltage 0.0 -object_list DVSS 
#@ set_voltage 0.0 -object_list VSSH_ANAB 
#@ set_voltage 0.0 -object_list AVSS_ADC 
#@ set_voltage 5.0 -object_list VDDH_ANAL 
#@ set_voltage 5.0 -object_list AVDDH_ADC 
#@ set_voltage 5.0 -object_list VDDIO 
#@ set_voltage 1.2 -object_list DVDD 
#@ set_voltage 1.2 -object_list VDD1P2AON 
#@ set_voltage 1.2 -object_list VDD12_ANA 
#@ set_voltage 2.5 -object_list VDD25 
#@ }
#@ 
#@ 
#@ 
#@ update_timing > update_timing.log
#@ #set power_scale_dynamic_power_at_power_off true
#@ ##below power analysis begin
#@ #set power_enable_analysis TRUE
#@ #set power_analysis_mode time_based
#@ #below is default
#@ #set power_analysis_mode averaged
#@ 
#@ set power_enable_multi_rail_analysis true 
#@ #set_power_analysis_options -waveform_format fsdb -waveform_output ${TOP_NAME}  -waveform_interval 1.666  
#@ #read_vcd -rtl "./fsdb/wva_clkg_memg_deqf_20190110.fsdb" -strip_path "tb/u_kv_wva_top" -time {2597272 2787180}
#@ 
#@ #report_switching_activity -list_not_annotated -include_only sequential > wva_switch.rpt
#@ #report_switching_activity -coverage -hierarchy >> wva_switch.rpt
#@ 
#@ #####################################################################
#@ ##       check/update/report power 
#@ ######################################################################
#@ set pt_rpt "rep_dir"
#@ check_power -verbose  > ./${pt_rpt}/check_power.log
#@ update_power > ./${pt_rpt}/update_power.log
#@ report_power -leaf -hierarch -verbose > ./${pt_rpt}/${TOP_NAME}_power.rpt
#@ report_switching_activity -average_activity -hierarchy > ./${pt_rpt}/${TOP_NAME}_toggle_rate.rpt
#@ report_switching_activity -hierarchy > ./${pt_rpt}/${TOP_NAME}_toggle_rate_detail.rpt
#@ #set_power_analysis_options -waveform_format fsdb -waveform_output ./${pt_rpt}/${TOP_NAME}
#@ 
#@ if {$USE_UPF == "1"} {
#@   set all_power_ports "VDD1P2AON DVDD VDD12_ANA VDD25 VDDIO VDDH_ANAB VDDH_ANAL AVDDH_ADC"
#@   foreach power_port $all_power_ports {
#@   set_current_power_net $power_port
#@   #update_power
#@   report_power -hier -leaf -verbose > ./${pt_rpt}/${power_port}_power.rpt
#@   }
#@ }
#@ return
#@ # -- End source ./px_setup.tcl

exit
