Information: Checking 'out_of_table_range'.
  load 0.000000 at pin 'O' of cell 'C_313__IOBUF' is out of load range (0.002457, 2.162780) of lib_cell 'CLKBUFX8AS9'
  load 0.000000 at pin 'O' of cell 'C_404__IOBUF' is out of load range (0.002457, 2.162780) of lib_cell 'CLKBUFX8AS9'
  load 0.000000 at pin 'O' of cell 'C_154__IOBUF' is out of load range (0.002457, 2.162780) of lib_cell 'CLKBUFX8AS9'
  load 0.000000 at pin 'O' of cell 'C_260__IOBUF' is out of load range (0.002457, 2.162780) of lib_cell 'CLKBUFX8AS9'
  load 0.000000 at pin 'O' of cell 'C_401__IOBUF' is out of load range (0.002457, 2.162780) of lib_cell 'CLKBUFX8AS9'
  load 0.000000 at pin 'O' of cell 'C_151__IOBUF' is out of load range (0.002457, 2.162780) of lib_cell 'CLKBUFX8AS9'
  load 0.000000 at pin 'O' of cell 'C_88__IOBUF' is out of load range (0.002457, 2.162780) of lib_cell 'CLKBUFX8AS9'
  load 0.000000 at pin 'O' of cell 'C_136__IOBUF' is out of load range (0.002457, 2.162780) of lib_cell 'CLKBUFX8AS9'
  load 0.001554 at pin 'O' of cell 'PLACE_FE_OFC769_N_488__IOBUF' is out of load range (0.002457, 0.135174) of lib_cell 'INVX05AS9'
  load 0.000000 at pin 'O' of cell 'C_242__IOBUF' is out of load range (0.002457, 2.162780) of lib_cell 'CLKBUFX8AS9'
  load 0.000000 at pin 'O' of cell 'C_85__IOBUF' is out of load range (0.002457, 2.162780) of lib_cell 'CLKBUFX8AS9'
  load 0.000000 at pin 'O' of cell 'C_227__IOBUF' is out of load range (0.002457, 2.162780) of lib_cell 'CLKBUFX8AS9'
  load 0.000000 at pin 'O' of cell 'C_333__IOBUF' is out of load range (0.002457, 2.162780) of lib_cell 'CLKBUFX8AS9'
  load 0.000000 at pin 'O' of cell 'C_318__IOBUF' is out of load range (0.002457, 2.162780) of lib_cell 'CLKBUFX8AS9'
  load 0.000000 at pin 'O' of cell 'C_424__IOBUF' is out of load range (0.002457, 2.162780) of lib_cell 'CLKBUFX8AS9'
  load 0.000000 at pin 'O' of cell 'C_174__IOBUF' is out of load range (0.002457, 2.162780) of lib_cell 'CLKBUFX8AS9'
  load 0.000000 at pin 'O' of cell 'C_409__IOBUF' is out of load range (0.002457, 2.162780) of lib_cell 'CLKBUFX8AS9'
  load 0.000000 at pin 'O' of cell 'C_159__IOBUF' is out of load range (0.002457, 2.162780) of lib_cell 'CLKBUFX8AS9'
  load 0.000000 at pin 'O' of cell 'C_280__IOBUF' is out of load range (0.002457, 2.162780) of lib_cell 'CLKBUFX8AS9'
  load 0.000000 at pin 'O' of cell 'C_515__IOBUF' is out of load range (0.002457, 2.162780) of lib_cell 'CLKBUFX8AS9'
  load 0.000000 at pin 'O' of cell 'C_265__IOBUF' is out of load range (0.002457, 2.162780) of lib_cell 'CLKBUFX8AS9'
  load 0.000000 at pin 'O' of cell 'C_406__IOBUF' is out of load range (0.002457, 2.162780) of lib_cell 'CLKBUFX8AS9'
  load 0.000000 at pin 'O' of cell 'C_156__IOBUF' is out of load range (0.002457, 2.162780) of lib_cell 'CLKBUFX8AS9'
  load 0.000000 at pin 'O' of cell 'C_512__IOBUF' is out of load range (0.002457, 2.162780) of lib_cell 'CLKBUFX8AS9'
  load 0.000000 at pin 'O' of cell 'C_262__IOBUF' is out of load range (0.002457, 2.162780) of lib_cell 'CLKBUFX8AS9'
  load 0.000000 at pin 'O' of cell 'C_247__IOBUF' is out of load range (0.002457, 2.162780) of lib_cell 'CLKBUFX8AS9'
  load 0.000000 at pin 'O' of cell 'C_353__IOBUF' is out of load range (0.002457, 2.162780) of lib_cell 'CLKBUFX8AS9'
  load 0.000000 at pin 'O' of cell 'C_338__IOBUF' is out of load range (0.002457, 2.162780) of lib_cell 'CLKBUFX8AS9'
  load 0.000000 at pin 'O' of cell 'C_444__IOBUF' is out of load range (0.002457, 2.162780) of lib_cell 'CLKBUFX8AS9'
  load 0.000000 at pin 'O' of cell 'C_194__IOBUF' is out of load range (0.002457, 2.162780) of lib_cell 'CLKBUFX8AS9'
  load 0.000000 at pin 'O' of cell 'C_429__IOBUF' is out of load range (0.002457, 2.162780) of lib_cell 'CLKBUFX8AS9'
  load 0.000000 at pin 'O' of cell 'C_179__IOBUF' is out of load range (0.002457, 2.162780) of lib_cell 'CLKBUFX8AS9'
  load 0.000000 at pin 'O' of cell 'C_285__IOBUF' is out of load range (0.002457, 2.162780) of lib_cell 'CLKBUFX8AS9'
  load 0.001534 at pin 'O' of cell 'C_4__IOBUF' is out of load range (0.002457, 2.162780) of lib_cell 'CLKBUFX8AS9'
  ramp 0.000000 at pin 'I' of cell 'C_4__IOBUF' is out of ramp range (0.005680, 1.182430) of lib_cell 'CLKBUFX8AS9'
  load 0.000000 at pin 'O' of cell 'C_391__IOBUF' is out of load range (0.002457, 2.162780) of lib_cell 'CLKBUFX8AS9'
  load 0.000000 at pin 'O' of cell 'C_282__IOBUF' is out of load range (0.002457, 2.162780) of lib_cell 'CLKBUFX8AS9'
  load 0.000000 at pin 'O' of cell 'C_517__IOBUF' is out of load range (0.002457, 2.162780) of lib_cell 'CLKBUFX8AS9'
  load 0.000000 at pin 'O' of cell 'C_267__IOBUF' is out of load range (0.002457, 2.162780) of lib_cell 'CLKBUFX8AS9'
  load 0.000000 at pin 'O' of cell 'C_373__IOBUF' is out of load range (0.002457, 2.162780) of lib_cell 'CLKBUFX8AS9'
  load 0.000000 at pin 'O' of cell 'C_358__IOBUF' is out of load range (0.002457, 2.162780) of lib_cell 'CLKBUFX8AS9'
  load 0.000000 at pin 'O' of cell 'C_464__IOBUF' is out of load range (0.002457, 2.162780) of lib_cell 'CLKBUFX8AS9'
  ramp 0.000000 at pin 'I' of cell 'C_14__IOBUF' is out of ramp range (0.005680, 1.182430) of lib_cell 'CLKBUFX8AS9'
  load 0.000000 at pin 'O' of cell 'C_449__IOBUF' is out of load range (0.002457, 2.162780) of lib_cell 'CLKBUFX8AS9'
  load 0.000000 at pin 'O' of cell 'C_199__IOBUF' is out of load range (0.002457, 2.162780) of lib_cell 'CLKBUFX8AS9'
  ramp 0.000000 at pin 'I' of cell 'C_9__IOBUF' is out of ramp range (0.005680, 1.182430) of lib_cell 'CLKBUFX8AS9'
  load 0.000000 at pin 'O' of cell 'C_396__IOBUF' is out of load range (0.002457, 2.162780) of lib_cell 'CLKBUFX8AS9'
  load 0.000000 at pin 'O' of cell 'C_100__IOBUF' is out of load range (0.002457, 2.162780) of lib_cell 'CLKBUFX8AS9'
  load 0.000000 at pin 'O' of cell 'C_393__IOBUF' is out of load range (0.002457, 2.162780) of lib_cell 'CLKBUFX8AS9'
  load 0.000000 at pin 'O' of cell 'C_378__IOBUF' is out of load range (0.002457, 2.162780) of lib_cell 'CLKBUFX8AS9'
  load 0.000000 at pin 'O' of cell 'C_484__IOBUF' is out of load range (0.002457, 2.162780) of lib_cell 'CLKBUFX8AS9'
  load 0.001534 at pin 'O' of cell 'C_34__IOBUF' is out of load range (0.002457, 2.162780) of lib_cell 'CLKBUFX8AS9'
  ramp 0.000000 at pin 'I' of cell 'C_34__IOBUF' is out of ramp range (0.005680, 1.182430) of lib_cell 'CLKBUFX8AS9'
  load 0.001554 at pin 'O' of cell 'PLACE_FE_OFC154_N_446__IOBUF' is out of load range (0.002457, 0.135174) of lib_cell 'INVX05AS9'
  load 0.000000 at pin 'O' of cell 'C_469__IOBUF' is out of load range (0.002457, 2.162780) of lib_cell 'CLKBUFX8AS9'
  load 0.001534 at pin 'O' of cell 'C_19__IOBUF' is out of load range (0.002457, 2.162780) of lib_cell 'CLKBUFX8AS9'
  ramp 0.000000 at pin 'I' of cell 'C_19__IOBUF' is out of ramp range (0.005680, 1.182430) of lib_cell 'CLKBUFX8AS9'
  load 0.000000 at pin 'O' of cell 'C_72__IOBUF' is out of load range (0.002457, 2.162780) of lib_cell 'CLKBUFX8AS9'
  load 0.000000 at pin 'O' of cell 'C_120__IOBUF' is out of load range (0.002457, 2.162780) of lib_cell 'CLKBUFX8AS9'
  load 0.000000 at pin 'O' of cell 'C_105__IOBUF' is out of load range (0.002457, 2.162780) of lib_cell 'CLKBUFX8AS9'
  load 0.000000 at pin 'O' of cell 'C_398__IOBUF' is out of load range (0.002457, 2.162780) of lib_cell 'CLKBUFX8AS9'
  load 0.000000 at pin 'O' of cell 'C_211__IOBUF' is out of load range (0.002457, 2.162780) of lib_cell 'CLKBUFX8AS9'
  load 0.000000 at pin 'O' of cell 'C_54__IOBUF' is out of load range (0.002457, 2.162780) of lib_cell 'CLKBUFX8AS9'
  load 0.000000 at pin 'O' of cell 'C_489__IOBUF' is out of load range (0.002457, 2.162780) of lib_cell 'CLKBUFX8AS9'
  load 0.001534 at pin 'O' of cell 'C_39__IOBUF' is out of load range (0.002457, 2.162780) of lib_cell 'CLKBUFX8AS9'
  ramp 0.000000 at pin 'I' of cell 'C_39__IOBUF' is out of ramp range (0.005680, 1.182430) of lib_cell 'CLKBUFX8AS9'
  load 0.000000 at pin 'O' of cell 'C_302__IOBUF' is out of load range (0.002457, 2.162780) of lib_cell 'CLKBUFX8AS9'
  load 0.000000 at pin 'O' of cell 'C_143__IOBUF' is out of load range (0.002457, 2.162780) of lib_cell 'CLKBUFX8AS9'
  load 0.000000 at pin 'O' of cell 'C_92__IOBUF' is out of load range (0.002457, 2.162780) of lib_cell 'CLKBUFX8AS9'
  load 0.000000 at pin 'O' of cell 'C_140__IOBUF' is out of load range (0.002457, 2.162780) of lib_cell 'CLKBUFX8AS9'
  load 0.000000 at pin 'O' of cell 'C_77__IOBUF' is out of load range (0.002457, 2.162780) of lib_cell 'CLKBUFX8AS9'
  load 0.000000 at pin 'O' of cell 'C_125__IOBUF' is out of load range (0.002457, 2.162780) of lib_cell 'CLKBUFX8AS9'
  load 0.000000 at pin 'O' of cell 'C_231__IOBUF' is out of load range (0.002457, 2.162780) of lib_cell 'CLKBUFX8AS9'
  load 0.000000 at pin 'O' of cell 'C_74__IOBUF' is out of load range (0.002457, 2.162780) of lib_cell 'CLKBUFX8AS9'
  load 0.000000 at pin 'O' of cell 'C_216__IOBUF' is out of load range (0.002457, 2.162780) of lib_cell 'CLKBUFX8AS9'
  load 0.000000 at pin 'O' of cell 'C_59__IOBUF' is out of load range (0.002457, 2.162780) of lib_cell 'CLKBUFX8AS9'
  load 0.000000 at pin 'O' of cell 'C_322__IOBUF' is out of load range (0.002457, 2.162780) of lib_cell 'CLKBUFX8AS9'
  load 0.000000 at pin 'O' of cell 'C_307__IOBUF' is out of load range (0.002457, 2.162780) of lib_cell 'CLKBUFX8AS9'
  load 0.000000 at pin 'O' of cell 'C_413__IOBUF' is out of load range (0.002457, 2.162780) of lib_cell 'CLKBUFX8AS9'
  load 0.000000 at pin 'O' of cell 'C_163__IOBUF' is out of load range (0.002457, 2.162780) of lib_cell 'CLKBUFX8AS9'
  load 0.000000 at pin 'O' of cell 'C_148__IOBUF' is out of load range (0.002457, 2.162780) of lib_cell 'CLKBUFX8AS9'
  load 0.000000 at pin 'O' of cell 'C_504__IOBUF' is out of load range (0.002457, 2.162780) of lib_cell 'CLKBUFX8AS9'
  load 0.000000 at pin 'O' of cell 'C_254__IOBUF' is out of load range (0.002457, 2.162780) of lib_cell 'CLKBUFX8AS9'
  load 0.000000 at pin 'O' of cell 'C_97__IOBUF' is out of load range (0.002457, 2.162780) of lib_cell 'CLKBUFX8AS9'
  load 0.000000 at pin 'O' of cell 'C_145__IOBUF' is out of load range (0.002457, 2.162780) of lib_cell 'CLKBUFX8AS9'
  load 0.001554 at pin 'O' of cell 'PLACE_FE_OFC115_N_471__IOBUF' is out of load range (0.002457, 0.135174) of lib_cell 'INVX05AS9'
  load 0.000000 at pin 'O' of cell 'C_501__IOBUF' is out of load range (0.002457, 2.162780) of lib_cell 'CLKBUFX8AS9'
  load 0.000000 at pin 'O' of cell 'C_251__IOBUF' is out of load range (0.002457, 2.162780) of lib_cell 'CLKBUFX8AS9'
  load 0.000000 at pin 'O' of cell 'C_236__IOBUF' is out of load range (0.002457, 2.162780) of lib_cell 'CLKBUFX8AS9'
  load 0.000000 at pin 'O' of cell 'C_79__IOBUF' is out of load range (0.002457, 2.162780) of lib_cell 'CLKBUFX8AS9'
  load 0.000000 at pin 'O' of cell 'C_342__IOBUF' is out of load range (0.002457, 2.162780) of lib_cell 'CLKBUFX8AS9'
  load 0.000000 at pin 'O' of cell 'C_327__IOBUF' is out of load range (0.002457, 2.162780) of lib_cell 'CLKBUFX8AS9'
  load 0.000000 at pin 'O' of cell 'C_433__IOBUF' is out of load range (0.002457, 2.162780) of lib_cell 'CLKBUFX8AS9'
  load 0.000000 at pin 'O' of cell 'C_183__IOBUF' is out of load range (0.002457, 2.162780) of lib_cell 'CLKBUFX8AS9'
  load 0.000000 at pin 'O' of cell 'C_418__IOBUF' is out of load range (0.002457, 2.162780) of lib_cell 'CLKBUFX8AS9'
  load 0.000000 at pin 'O' of cell 'C_168__IOBUF' is out of load range (0.002457, 2.162780) of lib_cell 'CLKBUFX8AS9'
  load 0.000000 at pin 'O' of cell 'C_524__IOBUF' is out of load range (0.002457, 2.162780) of lib_cell 'CLKBUFX8AS9'
  load 0.000000 at pin 'O' of cell 'C_274__IOBUF' is out of load range (0.002457, 2.162780) of lib_cell 'CLKBUFX8AS9'
  load 0.000000 at pin 'O' of cell 'C_509__IOBUF' is out of load range (0.002457, 2.162780) of lib_cell 'CLKBUFX8AS9'
  load 0.000000 at pin 'O' of cell 'C_259__IOBUF' is out of load range (0.002457, 2.162780) of lib_cell 'CLKBUFX8AS9'
  load 0.000000 at pin 'O' of cell 'C_380__IOBUF' is out of load range (0.002457, 2.162780) of lib_cell 'CLKBUFX8AS9'
  load 0.000000 at pin 'O' of cell 'C_521__IOBUF' is out of load range (0.002457, 2.162780) of lib_cell 'CLKBUFX8AS9'
  load 0.000000 at pin 'O' of cell 'C_271__IOBUF' is out of load range (0.002457, 2.162780) of lib_cell 'CLKBUFX8AS9'
  load 0.000000 at pin 'O' of cell 'C_506__IOBUF' is out of load range (0.002457, 2.162780) of lib_cell 'CLKBUFX8AS9'
  load 0.000000 at pin 'O' of cell 'C_256__IOBUF' is out of load range (0.002457, 2.162780) of lib_cell 'CLKBUFX8AS9'
  load 0.000000 at pin 'O' of cell 'C_362__IOBUF' is out of load range (0.002457, 2.162780) of lib_cell 'CLKBUFX8AS9'
  load 0.000000 at pin 'O' of cell 'C_347__IOBUF' is out of load range (0.002457, 2.162780) of lib_cell 'CLKBUFX8AS9'
  load 0.000000 at pin 'O' of cell 'C_453__IOBUF' is out of load range (0.002457, 2.162780) of lib_cell 'CLKBUFX8AS9'
  load 0.000000 at pin 'O' of cell 'C_438__IOBUF' is out of load range (0.002457, 2.162780) of lib_cell 'CLKBUFX8AS9'
  load 0.000000 at pin 'O' of cell 'C_188__IOBUF' is out of load range (0.002457, 2.162780) of lib_cell 'CLKBUFX8AS9'
  load 0.000000 at pin 'O' of cell 'C_294__IOBUF' is out of load range (0.002457, 2.162780) of lib_cell 'CLKBUFX8AS9'
  load 0.000000 at pin 'O' of cell 'C_279__IOBUF' is out of load range (0.002457, 2.162780) of lib_cell 'CLKBUFX8AS9'
  load 0.000000 at pin 'O' of cell 'C_385__IOBUF' is out of load range (0.002457, 2.162780) of lib_cell 'CLKBUFX8AS9'
  load 0.000000 at pin 'O' of cell 'C_526__IOBUF' is out of load range (0.002457, 2.162780) of lib_cell 'CLKBUFX8AS9'
  load 0.000000 at pin 'O' of cell 'C_491__IOBUF' is out of load range (0.002457, 2.162780) of lib_cell 'CLKBUFX8AS9'
  load 0.000000 at pin 'O' of cell 'C_382__IOBUF' is out of load range (0.002457, 2.162780) of lib_cell 'CLKBUFX8AS9'
  load 0.000000 at pin 'O' of cell 'C_367__IOBUF' is out of load range (0.002457, 2.162780) of lib_cell 'CLKBUFX8AS9'
  load 0.000000 at pin 'O' of cell 'C_473__IOBUF' is out of load range (0.002457, 2.162780) of lib_cell 'CLKBUFX8AS9'
  load 0.001534 at pin 'O' of cell 'C_23__IOBUF' is out of load range (0.002457, 2.162780) of lib_cell 'CLKBUFX8AS9'
  ramp 0.000000 at pin 'I' of cell 'C_23__IOBUF' is out of ramp range (0.005680, 1.182430) of lib_cell 'CLKBUFX8AS9'
  load 0.000000 at pin 'O' of cell 'C_458__IOBUF' is out of load range (0.002457, 2.162780) of lib_cell 'CLKBUFX8AS9'
  load 0.000000 at pin 'O' of cell 'C_299__IOBUF' is out of load range (0.002457, 2.162780) of lib_cell 'CLKBUFX8AS9'
  load 0.001554 at pin 'O' of cell 'PLACE_FE_OFC159_N_496__IOBUF' is out of load range (0.002457, 0.135174) of lib_cell 'INVX05AS9'
  load 0.000000 at pin 'O' of cell 'C_61__IOBUF' is out of load range (0.002457, 2.162780) of lib_cell 'CLKBUFX8AS9'
  load 0.000000 at pin 'O' of cell 'C_496__IOBUF' is out of load range (0.002457, 2.162780) of lib_cell 'CLKBUFX8AS9'
  load 0.000000 at pin 'O' of cell 'C_387__IOBUF' is out of load range (0.002457, 2.162780) of lib_cell 'CLKBUFX8AS9'
  load 0.000000 at pin 'O' of cell 'C_200__IOBUF' is out of load range (0.002457, 2.162780) of lib_cell 'CLKBUFX8AS9'
  load 0.000000 at pin 'O' of cell 'C_493__IOBUF' is out of load range (0.002457, 2.162780) of lib_cell 'CLKBUFX8AS9'
  load 0.001534 at pin 'O' of cell 'C_43__IOBUF' is out of load range (0.002457, 2.162780) of lib_cell 'CLKBUFX8AS9'
  ramp 0.000000 at pin 'I' of cell 'C_43__IOBUF' is out of ramp range (0.005680, 1.182430) of lib_cell 'CLKBUFX8AS9'
  load 0.000000 at pin 'O' of cell 'C_478__IOBUF' is out of load range (0.002457, 2.162780) of lib_cell 'CLKBUFX8AS9'
  load 0.001534 at pin 'O' of cell 'C_28__IOBUF' is out of load range (0.002457, 2.162780) of lib_cell 'CLKBUFX8AS9'
  ramp 0.000000 at pin 'I' of cell 'C_28__IOBUF' is out of ramp range (0.005680, 1.182430) of lib_cell 'CLKBUFX8AS9'
  load 0.000000 at pin 'O' of cell 'C_132__IOBUF' is out of load range (0.002457, 2.162780) of lib_cell 'CLKBUFX8AS9'
  load 0.000000 at pin 'O' of cell 'C_117__IOBUF' is out of load range (0.002457, 2.162780) of lib_cell 'CLKBUFX8AS9'
  load 0.000000 at pin 'O' of cell 'C_81__IOBUF' is out of load range (0.002457, 2.162780) of lib_cell 'CLKBUFX8AS9'
  load 0.001554 at pin 'O' of cell 'PLACE_FE_OFC86_N_489__IOBUF' is out of load range (0.002457, 0.135174) of lib_cell 'INVX05AS9'
  load 0.000000 at pin 'O' of cell 'C_66__IOBUF' is out of load range (0.002457, 2.162780) of lib_cell 'CLKBUFX8AS9'
  load 0.000000 at pin 'O' of cell 'C_114__IOBUF' is out of load range (0.002457, 2.162780) of lib_cell 'CLKBUFX8AS9'
  load 0.000000 at pin 'O' of cell 'C_220__IOBUF' is out of load range (0.002457, 2.162780) of lib_cell 'CLKBUFX8AS9'
  load 0.000000 at pin 'O' of cell 'C_63__IOBUF' is out of load range (0.002457, 2.162780) of lib_cell 'CLKBUFX8AS9'
  load 0.000000 at pin 'O' of cell 'C_205__IOBUF' is out of load range (0.002457, 2.162780) of lib_cell 'CLKBUFX8AS9'
  load 0.001554 at pin 'O' of cell 'PLACE_FE_OFC771_N_384__IOBUF' is out of load range (0.002457, 0.081104) of lib_cell 'INVX03AS9'
  load 0.000000 at pin 'O' of cell 'C_498__IOBUF' is out of load range (0.002457, 2.162780) of lib_cell 'CLKBUFX8AS9'
  load 0.001534 at pin 'O' of cell 'C_48__IOBUF' is out of load range (0.002457, 2.162780) of lib_cell 'CLKBUFX8AS9'
  ramp 0.000000 at pin 'I' of cell 'C_48__IOBUF' is out of ramp range (0.005680, 1.182430) of lib_cell 'CLKBUFX8AS9'
  load 0.000000 at pin 'O' of cell 'C_311__IOBUF' is out of load range (0.002457, 2.162780) of lib_cell 'CLKBUFX8AS9'
  load 0.000000 at pin 'O' of cell 'C_402__IOBUF' is out of load range (0.002457, 2.162780) of lib_cell 'CLKBUFX8AS9'
  load 0.000000 at pin 'O' of cell 'C_152__IOBUF' is out of load range (0.002457, 2.162780) of lib_cell 'CLKBUFX8AS9'
  load 0.000000 at pin 'O' of cell 'C_137__IOBUF' is out of load range (0.002457, 2.162780) of lib_cell 'CLKBUFX8AS9'
  load 0.000000 at pin 'O' of cell 'C_243__IOBUF' is out of load range (0.002457, 2.162780) of lib_cell 'CLKBUFX8AS9'
  load 0.000000 at pin 'O' of cell 'C_86__IOBUF' is out of load range (0.002457, 2.162780) of lib_cell 'CLKBUFX8AS9'
  load 0.000000 at pin 'O' of cell 'C_134__IOBUF' is out of load range (0.002457, 2.162780) of lib_cell 'CLKBUFX8AS9'
  load 0.000000 at pin 'O' of cell 'C_119__IOBUF' is out of load range (0.002457, 2.162780) of lib_cell 'CLKBUFX8AS9'
  load 0.000000 at pin 'O' of cell 'C_240__IOBUF' is out of load range (0.002457, 2.162780) of lib_cell 'CLKBUFX8AS9'
  load 0.000000 at pin 'O' of cell 'C_225__IOBUF' is out of load range (0.002457, 2.162780) of lib_cell 'CLKBUFX8AS9'
  load 0.001554 at pin 'O' of cell 'PLACE_FE_OFC780_N_58__IOBUF' is out of load range (0.002457, 0.270347) of lib_cell 'CLKINVX1AS9'
  load 0.000000 at pin 'O' of cell 'C_68__IOBUF' is out of load range (0.002457, 2.162780) of lib_cell 'CLKBUFX8AS9'
  load 0.000000 at pin 'O' of cell 'C_331__IOBUF' is out of load range (0.002457, 2.162780) of lib_cell 'CLKBUFX8AS9'
  load 0.000000 at pin 'O' of cell 'C_316__IOBUF' is out of load range (0.002457, 2.162780) of lib_cell 'CLKBUFX8AS9'
  load 0.001554 at pin 'O' of cell 'PLACE_FE_OFC781_N_58__IOBUF' is out of load range (0.002457, 0.081104) of lib_cell 'INVX03AS9'
  load 0.000000 at pin 'O' of cell 'C_422__IOBUF' is out of load range (0.002457, 2.162780) of lib_cell 'CLKBUFX8AS9'
  load 0.000000 at pin 'O' of cell 'C_172__IOBUF' is out of load range (0.002457, 2.162780) of lib_cell 'CLKBUFX8AS9'
  load 0.000000 at pin 'O' of cell 'C_407__IOBUF' is out of load range (0.002457, 2.162780) of lib_cell 'CLKBUFX8AS9'
  load 0.000000 at pin 'O' of cell 'C_157__IOBUF' is out of load range (0.002457, 2.162780) of lib_cell 'CLKBUFX8AS9'
  load 0.000000 at pin 'O' of cell 'C_513__IOBUF' is out of load range (0.002457, 2.162780) of lib_cell 'CLKBUFX8AS9'
  load 0.000000 at pin 'O' of cell 'C_263__IOBUF' is out of load range (0.002457, 2.162780) of lib_cell 'CLKBUFX8AS9'
  load 0.000000 at pin 'O' of cell 'C_248__IOBUF' is out of load range (0.002457, 2.162780) of lib_cell 'CLKBUFX8AS9'
  load 0.000000 at pin 'O' of cell 'C_139__IOBUF' is out of load range (0.002457, 2.162780) of lib_cell 'CLKBUFX8AS9'
  load 0.000000 at pin 'O' of cell 'C_510__IOBUF' is out of load range (0.002457, 2.162780) of lib_cell 'CLKBUFX8AS9'
  load 0.000000 at pin 'O' of cell 'C_354__IOBUF' is out of load range (0.002457, 2.162780) of lib_cell 'CLKBUFX8AS9'
  load 0.000000 at pin 'O' of cell 'C_245__IOBUF' is out of load range (0.002457, 2.162780) of lib_cell 'CLKBUFX8AS9'
  load 0.000000 at pin 'O' of cell 'C_351__IOBUF' is out of load range (0.002457, 2.162780) of lib_cell 'CLKBUFX8AS9'
  load 0.000000 at pin 'O' of cell 'C_336__IOBUF' is out of load range (0.002457, 2.162780) of lib_cell 'CLKBUFX8AS9'
  load 0.000000 at pin 'O' of cell 'C_442__IOBUF' is out of load range (0.002457, 2.162780) of lib_cell 'CLKBUFX8AS9'
  load 0.000000 at pin 'O' of cell 'C_192__IOBUF' is out of load range (0.002457, 2.162780) of lib_cell 'CLKBUFX8AS9'
  load 0.000000 at pin 'O' of cell 'C_427__IOBUF' is out of load range (0.002457, 2.162780) of lib_cell 'CLKBUFX8AS9'
  load 0.000000 at pin 'O' of cell 'C_177__IOBUF' is out of load range (0.002457, 2.162780) of lib_cell 'CLKBUFX8AS9'
  load 0.000000 at pin 'O' of cell 'C_283__IOBUF' is out of load range (0.002457, 2.162780) of lib_cell 'CLKBUFX8AS9'
  load 0.000000 at pin 'O' of cell 'C_518__IOBUF' is out of load range (0.002457, 2.162780) of lib_cell 'CLKBUFX8AS9'
  ramp 0.000000 at pin 'I' of cell 'C_2__IOBUF' is out of ramp range (0.005680, 1.182430) of lib_cell 'CLKBUFX8AS9'
  load 0.000000 at pin 'O' of cell 'C_268__IOBUF' is out of load range (0.002457, 2.162780) of lib_cell 'CLKBUFX8AS9'
  load 0.000000 at pin 'O' of cell 'C_374__IOBUF' is out of load range (0.002457, 2.162780) of lib_cell 'CLKBUFX8AS9'
  load 0.000000 at pin 'O' of cell 'C_359__IOBUF' is out of load range (0.002457, 2.162780) of lib_cell 'CLKBUFX8AS9'
  load 0.000000 at pin 'O' of cell 'C_480__IOBUF' is out of load range (0.002457, 2.162780) of lib_cell 'CLKBUFX8AS9'
  load 0.000000 at pin 'O' of cell 'C_371__IOBUF' is out of load range (0.002457, 2.162780) of lib_cell 'CLKBUFX8AS9'
  load 0.000000 at pin 'O' of cell 'C_356__IOBUF' is out of load range (0.002457, 2.162780) of lib_cell 'CLKBUFX8AS9'
  load 0.000000 at pin 'O' of cell 'C_462__IOBUF' is out of load range (0.002457, 2.162780) of lib_cell 'CLKBUFX8AS9'
  ramp 0.000000 at pin 'I' of cell 'C_12__IOBUF' is out of ramp range (0.005680, 1.182430) of lib_cell 'CLKBUFX8AS9'
  load 0.000000 at pin 'O' of cell 'C_447__IOBUF' is out of load range (0.002457, 2.162780) of lib_cell 'CLKBUFX8AS9'
  load 0.000000 at pin 'O' of cell 'C_197__IOBUF' is out of load range (0.002457, 2.162780) of lib_cell 'CLKBUFX8AS9'
  load 0.000000 at pin 'O' of cell 'C_288__IOBUF' is out of load range (0.002457, 2.162780) of lib_cell 'CLKBUFX8AS9'
  ramp 0.000000 at pin 'I' of cell 'C_7__IOBUF' is out of ramp range (0.005680, 1.182430) of lib_cell 'CLKBUFX8AS9'
  load 0.000000 at pin 'O' of cell 'C_394__IOBUF' is out of load range (0.002457, 2.162780) of lib_cell 'CLKBUFX8AS9'
  load 0.000000 at pin 'O' of cell 'C_379__IOBUF' is out of load range (0.002457, 2.162780) of lib_cell 'CLKBUFX8AS9'
  load 0.001534 at pin 'O' of cell 'C_50__IOBUF' is out of load range (0.002457, 2.162780) of lib_cell 'CLKBUFX8AS9'
  ramp 0.000000 at pin 'I' of cell 'C_50__IOBUF' is out of ramp range (0.005680, 1.182430) of lib_cell 'CLKBUFX8AS9'
  load 0.000000 at pin 'O' of cell 'C_485__IOBUF' is out of load range (0.002457, 2.162780) of lib_cell 'CLKBUFX8AS9'
  load 0.000000 at pin 'O' of cell 'C_376__IOBUF' is out of load range (0.002457, 2.162780) of lib_cell 'CLKBUFX8AS9'
  load 0.000000 at pin 'O' of cell 'C_482__IOBUF' is out of load range (0.002457, 2.162780) of lib_cell 'CLKBUFX8AS9'
  load 0.001534 at pin 'O' of cell 'C_32__IOBUF' is out of load range (0.002457, 2.162780) of lib_cell 'CLKBUFX8AS9'
  ramp 0.000000 at pin 'I' of cell 'C_32__IOBUF' is out of ramp range (0.005680, 1.182430) of lib_cell 'CLKBUFX8AS9'
  load 0.000000 at pin 'O' of cell 'C_467__IOBUF' is out of load range (0.002457, 2.162780) of lib_cell 'CLKBUFX8AS9'
  load 0.001534 at pin 'O' of cell 'C_17__IOBUF' is out of load range (0.002457, 2.162780) of lib_cell 'CLKBUFX8AS9'
  ramp 0.000000 at pin 'I' of cell 'C_17__IOBUF' is out of ramp range (0.005680, 1.182430) of lib_cell 'CLKBUFX8AS9'
  load 0.000000 at pin 'O' of cell 'C_121__IOBUF' is out of load range (0.002457, 2.162780) of lib_cell 'CLKBUFX8AS9'
  load 0.000000 at pin 'O' of cell 'C_106__IOBUF' is out of load range (0.002457, 2.162780) of lib_cell 'CLKBUFX8AS9'
  load 0.000000 at pin 'O' of cell 'C_399__IOBUF' is out of load range (0.002457, 2.162780) of lib_cell 'CLKBUFX8AS9'
  load 0.000000 at pin 'O' of cell 'C_70__IOBUF' is out of load range (0.002457, 2.162780) of lib_cell 'CLKBUFX8AS9'
  load 0.000000 at pin 'O' of cell 'C_55__IOBUF' is out of load range (0.002457, 2.162780) of lib_cell 'CLKBUFX8AS9'
  load 0.000000 at pin 'O' of cell 'C_103__IOBUF' is out of load range (0.002457, 2.162780) of lib_cell 'CLKBUFX8AS9'
  load 0.000000 at pin 'O' of cell 'C_52__IOBUF' is out of load range (0.002457, 2.162780) of lib_cell 'CLKBUFX8AS9'
  load 0.000000 at pin 'O' of cell 'C_487__IOBUF' is out of load range (0.002457, 2.162780) of lib_cell 'CLKBUFX8AS9'
  load 0.001534 at pin 'O' of cell 'C_37__IOBUF' is out of load range (0.002457, 2.162780) of lib_cell 'CLKBUFX8AS9'
  ramp 0.000000 at pin 'I' of cell 'C_37__IOBUF' is out of ramp range (0.005680, 1.182430) of lib_cell 'CLKBUFX8AS9'
  load 0.000000 at pin 'O' of cell 'C_300__IOBUF' is out of load range (0.002457, 2.162780) of lib_cell 'CLKBUFX8AS9'
  load 0.000000 at pin 'O' of cell 'C_141__IOBUF' is out of load range (0.002457, 2.162780) of lib_cell 'CLKBUFX8AS9'
  load 0.000000 at pin 'O' of cell 'C_126__IOBUF' is out of load range (0.002457, 2.162780) of lib_cell 'CLKBUFX8AS9'
  load 0.000000 at pin 'O' of cell 'C_90__IOBUF' is out of load range (0.002457, 2.162780) of lib_cell 'CLKBUFX8AS9'
  load 0.000000 at pin 'O' of cell 'C_232__IOBUF' is out of load range (0.002457, 2.162780) of lib_cell 'CLKBUFX8AS9'
  load 0.000000 at pin 'O' of cell 'C_75__IOBUF' is out of load range (0.002457, 2.162780) of lib_cell 'CLKBUFX8AS9'
  load 0.000000 at pin 'O' of cell 'C_123__IOBUF' is out of load range (0.002457, 2.162780) of lib_cell 'CLKBUFX8AS9'
  load 0.000000 at pin 'O' of cell 'C_108__IOBUF' is out of load range (0.002457, 2.162780) of lib_cell 'CLKBUFX8AS9'
  load 0.000000 at pin 'O' of cell 'C_214__IOBUF' is out of load range (0.002457, 2.162780) of lib_cell 'CLKBUFX8AS9'
  load 0.000000 at pin 'O' of cell 'C_57__IOBUF' is out of load range (0.002457, 2.162780) of lib_cell 'CLKBUFX8AS9'
  load 0.000000 at pin 'O' of cell 'C_320__IOBUF' is out of load range (0.002457, 2.162780) of lib_cell 'CLKBUFX8AS9'
  load 0.000000 at pin 'O' of cell 'C_305__IOBUF' is out of load range (0.002457, 2.162780) of lib_cell 'CLKBUFX8AS9'
  load 0.000000 at pin 'O' of cell 'C_411__IOBUF' is out of load range (0.002457, 2.162780) of lib_cell 'CLKBUFX8AS9'
  load 0.000000 at pin 'O' of cell 'C_161__IOBUF' is out of load range (0.002457, 2.162780) of lib_cell 'CLKBUFX8AS9'
  load 0.000000 at pin 'O' of cell 'C_146__IOBUF' is out of load range (0.002457, 2.162780) of lib_cell 'CLKBUFX8AS9'
  load 0.000000 at pin 'O' of cell 'C_502__IOBUF' is out of load range (0.002457, 2.162780) of lib_cell 'CLKBUFX8AS9'
  load 0.000000 at pin 'O' of cell 'C_252__IOBUF' is out of load range (0.002457, 2.162780) of lib_cell 'CLKBUFX8AS9'
  load 0.000000 at pin 'O' of cell 'C_95__IOBUF' is out of load range (0.002457, 2.162780) of lib_cell 'CLKBUFX8AS9'
  load 0.000000 at pin 'O' of cell 'C_237__IOBUF' is out of load range (0.002457, 2.162780) of lib_cell 'CLKBUFX8AS9'
  load 0.000000 at pin 'O' of cell 'C_128__IOBUF' is out of load range (0.002457, 2.162780) of lib_cell 'CLKBUFX8AS9'
  load 0.000000 at pin 'O' of cell 'C_343__IOBUF' is out of load range (0.002457, 2.162780) of lib_cell 'CLKBUFX8AS9'
  load 0.000000 at pin 'O' of cell 'C_234__IOBUF' is out of load range (0.002457, 2.162780) of lib_cell 'CLKBUFX8AS9'
  load 0.000000 at pin 'O' of cell 'C_219__IOBUF' is out of load range (0.002457, 2.162780) of lib_cell 'CLKBUFX8AS9'
  load 0.000000 at pin 'O' of cell 'C_340__IOBUF' is out of load range (0.002457, 2.162780) of lib_cell 'CLKBUFX8AS9'
  load 0.000000 at pin 'O' of cell 'C_325__IOBUF' is out of load range (0.002457, 2.162780) of lib_cell 'CLKBUFX8AS9'
  load 0.000000 at pin 'O' of cell 'C_431__IOBUF' is out of load range (0.002457, 2.162780) of lib_cell 'CLKBUFX8AS9'
  load 0.000000 at pin 'O' of cell 'C_181__IOBUF' is out of load range (0.002457, 2.162780) of lib_cell 'CLKBUFX8AS9'
  load 0.000000 at pin 'O' of cell 'C_416__IOBUF' is out of load range (0.002457, 2.162780) of lib_cell 'CLKBUFX8AS9'
  load 0.000000 at pin 'O' of cell 'C_166__IOBUF' is out of load range (0.002457, 2.162780) of lib_cell 'CLKBUFX8AS9'
  load 0.000000 at pin 'O' of cell 'C_522__IOBUF' is out of load range (0.002457, 2.162780) of lib_cell 'CLKBUFX8AS9'
  load 0.000000 at pin 'O' of cell 'C_272__IOBUF' is out of load range (0.002457, 2.162780) of lib_cell 'CLKBUFX8AS9'
  load 0.000000 at pin 'O' of cell 'C_507__IOBUF' is out of load range (0.002457, 2.162780) of lib_cell 'CLKBUFX8AS9'
  load 0.000000 at pin 'O' of cell 'C_257__IOBUF' is out of load range (0.002457, 2.162780) of lib_cell 'CLKBUFX8AS9'
  load 0.000000 at pin 'O' of cell 'C_363__IOBUF' is out of load range (0.002457, 2.162780) of lib_cell 'CLKBUFX8AS9'
  load 0.000000 at pin 'O' of cell 'C_348__IOBUF' is out of load range (0.002457, 2.162780) of lib_cell 'CLKBUFX8AS9'
  load 0.000000 at pin 'O' of cell 'C_239__IOBUF' is out of load range (0.002457, 2.162780) of lib_cell 'CLKBUFX8AS9'
  load 0.000000 at pin 'O' of cell 'C_360__IOBUF' is out of load range (0.002457, 2.162780) of lib_cell 'CLKBUFX8AS9'
  load 0.000000 at pin 'O' of cell 'C_345__IOBUF' is out of load range (0.002457, 2.162780) of lib_cell 'CLKBUFX8AS9'
  load 0.000000 at pin 'O' of cell 'C_451__IOBUF' is out of load range (0.002457, 2.162780) of lib_cell 'CLKBUFX8AS9'
  load 0.000000 at pin 'O' of cell 'C_436__IOBUF' is out of load range (0.002457, 2.162780) of lib_cell 'CLKBUFX8AS9'
  load 0.000000 at pin 'O' of cell 'C_186__IOBUF' is out of load range (0.002457, 2.162780) of lib_cell 'CLKBUFX8AS9'
  load 0.000000 at pin 'O' of cell 'C_292__IOBUF' is out of load range (0.002457, 2.162780) of lib_cell 'CLKBUFX8AS9'
  load 0.000000 at pin 'O' of cell 'C_527__IOBUF' is out of load range (0.002457, 2.162780) of lib_cell 'CLKBUFX8AS9'
  load 0.000000 at pin 'O' of cell 'C_277__IOBUF' is out of load range (0.002457, 2.162780) of lib_cell 'CLKBUFX8AS9'
  load 0.000000 at pin 'O' of cell 'C_383__IOBUF' is out of load range (0.002457, 2.162780) of lib_cell 'CLKBUFX8AS9'
  load 0.000000 at pin 'O' of cell 'C_368__IOBUF' is out of load range (0.002457, 2.162780) of lib_cell 'CLKBUFX8AS9'
  load 0.000000 at pin 'O' of cell 'C_474__IOBUF' is out of load range (0.002457, 2.162780) of lib_cell 'CLKBUFX8AS9'
  load 0.000000 at pin 'O' of cell 'C_365__IOBUF' is out of load range (0.002457, 2.162780) of lib_cell 'CLKBUFX8AS9'
  load 0.000000 at pin 'O' of cell 'C_471__IOBUF' is out of load range (0.002457, 2.162780) of lib_cell 'CLKBUFX8AS9'
  load 0.001534 at pin 'O' of cell 'C_21__IOBUF' is out of load range (0.002457, 2.162780) of lib_cell 'CLKBUFX8AS9'
  ramp 0.000000 at pin 'I' of cell 'C_21__IOBUF' is out of ramp range (0.005680, 1.182430) of lib_cell 'CLKBUFX8AS9'
  load 0.000000 at pin 'O' of cell 'C_456__IOBUF' is out of load range (0.002457, 2.162780) of lib_cell 'CLKBUFX8AS9'
  load 0.000000 at pin 'O' of cell 'C_297__IOBUF' is out of load range (0.002457, 2.162780) of lib_cell 'CLKBUFX8AS9'
  load 0.000000 at pin 'O' of cell 'C_110__IOBUF' is out of load range (0.002457, 2.162780) of lib_cell 'CLKBUFX8AS9'
  load 0.000000 at pin 'O' of cell 'C_388__IOBUF' is out of load range (0.002457, 2.162780) of lib_cell 'CLKBUFX8AS9'
  load 0.000000 at pin 'O' of cell 'C_494__IOBUF' is out of load range (0.002457, 2.162780) of lib_cell 'CLKBUFX8AS9'
  load 0.001534 at pin 'O' of cell 'C_44__IOBUF' is out of load range (0.002457, 2.162780) of lib_cell 'CLKBUFX8AS9'
  ramp 0.000000 at pin 'I' of cell 'C_44__IOBUF' is out of ramp range (0.005680, 1.182430) of lib_cell 'CLKBUFX8AS9'
  load 0.000000 at pin 'O' of cell 'C_479__IOBUF' is out of load range (0.002457, 2.162780) of lib_cell 'CLKBUFX8AS9'
  load 0.001534 at pin 'O' of cell 'C_41__IOBUF' is out of load range (0.002457, 2.162780) of lib_cell 'CLKBUFX8AS9'
  ramp 0.000000 at pin 'I' of cell 'C_41__IOBUF' is out of ramp range (0.005680, 1.182430) of lib_cell 'CLKBUFX8AS9'
  load 0.000000 at pin 'O' of cell 'C_476__IOBUF' is out of load range (0.002457, 2.162780) of lib_cell 'CLKBUFX8AS9'
  load 0.001534 at pin 'O' of cell 'C_26__IOBUF' is out of load range (0.002457, 2.162780) of lib_cell 'CLKBUFX8AS9'
  ramp 0.000000 at pin 'I' of cell 'C_26__IOBUF' is out of ramp range (0.005680, 1.182430) of lib_cell 'CLKBUFX8AS9'
  load 0.000000 at pin 'O' of cell 'C_130__IOBUF' is out of load range (0.002457, 2.162780) of lib_cell 'CLKBUFX8AS9'
  load 0.000000 at pin 'O' of cell 'C_115__IOBUF' is out of load range (0.002457, 2.162780) of lib_cell 'CLKBUFX8AS9'
  load 0.000000 at pin 'O' of cell 'C_221__IOBUF' is out of load range (0.002457, 2.162780) of lib_cell 'CLKBUFX8AS9'
  load 0.000000 at pin 'O' of cell 'C_64__IOBUF' is out of load range (0.002457, 2.162780) of lib_cell 'CLKBUFX8AS9'
  load 0.000000 at pin 'O' of cell 'C_112__IOBUF' is out of load range (0.002457, 2.162780) of lib_cell 'CLKBUFX8AS9'
  load 0.000000 at pin 'O' of cell 'C_499__IOBUF' is out of load range (0.002457, 2.162780) of lib_cell 'CLKBUFX8AS9'
  load 0.001534 at pin 'O' of cell 'C_49__IOBUF' is out of load range (0.002457, 2.162780) of lib_cell 'CLKBUFX8AS9'
  ramp 0.000000 at pin 'I' of cell 'C_49__IOBUF' is out of ramp range (0.005680, 1.182430) of lib_cell 'CLKBUFX8AS9'
  load 0.000000 at pin 'O' of cell 'C_203__IOBUF' is out of load range (0.002457, 2.162780) of lib_cell 'CLKBUFX8AS9'
  load 0.001534 at pin 'O' of cell 'C_46__IOBUF' is out of load range (0.002457, 2.162780) of lib_cell 'CLKBUFX8AS9'
  ramp 0.000000 at pin 'I' of cell 'C_46__IOBUF' is out of ramp range (0.005680, 1.182430) of lib_cell 'CLKBUFX8AS9'
  load 0.000000 at pin 'O' of cell 'C_400__IOBUF' is out of load range (0.002457, 2.162780) of lib_cell 'CLKBUFX8AS9'
  load 0.000000 at pin 'O' of cell 'C_150__IOBUF' is out of load range (0.002457, 2.162780) of lib_cell 'CLKBUFX8AS9'
  load 0.000000 at pin 'O' of cell 'C_135__IOBUF' is out of load range (0.002457, 2.162780) of lib_cell 'CLKBUFX8AS9'
  load 0.000000 at pin 'O' of cell 'C_241__IOBUF' is out of load range (0.002457, 2.162780) of lib_cell 'CLKBUFX8AS9'
  load 0.000000 at pin 'O' of cell 'C_84__IOBUF' is out of load range (0.002457, 2.162780) of lib_cell 'CLKBUFX8AS9'
  load 0.000000 at pin 'O' of cell 'C_226__IOBUF' is out of load range (0.002457, 2.162780) of lib_cell 'CLKBUFX8AS9'
  load 0.000000 at pin 'O' of cell 'C_69__IOBUF' is out of load range (0.002457, 2.162780) of lib_cell 'CLKBUFX8AS9'
  load 0.000000 at pin 'O' of cell 'C_332__IOBUF' is out of load range (0.002457, 2.162780) of lib_cell 'CLKBUFX8AS9'
  load 0.000000 at pin 'O' of cell 'C_223__IOBUF' is out of load range (0.002457, 2.162780) of lib_cell 'CLKBUFX8AS9'
  load 0.000000 at pin 'O' of cell 'C_208__IOBUF' is out of load range (0.002457, 2.162780) of lib_cell 'CLKBUFX8AS9'
  load 0.000000 at pin 'O' of cell 'C_314__IOBUF' is out of load range (0.002457, 2.162780) of lib_cell 'CLKBUFX8AS9'
  load 0.000000 at pin 'O' of cell 'C_420__IOBUF' is out of load range (0.002457, 2.162780) of lib_cell 'CLKBUFX8AS9'
  load 0.000000 at pin 'O' of cell 'C_170__IOBUF' is out of load range (0.002457, 2.162780) of lib_cell 'CLKBUFX8AS9'
  load 0.000000 at pin 'O' of cell 'C_405__IOBUF' is out of load range (0.002457, 2.162780) of lib_cell 'CLKBUFX8AS9'
  load 0.000000 at pin 'O' of cell 'C_155__IOBUF' is out of load range (0.002457, 2.162780) of lib_cell 'CLKBUFX8AS9'
  load 0.000000 at pin 'O' of cell 'C_511__IOBUF' is out of load range (0.002457, 2.162780) of lib_cell 'CLKBUFX8AS9'
  load 0.000000 at pin 'O' of cell 'C_261__IOBUF' is out of load range (0.002457, 2.162780) of lib_cell 'CLKBUFX8AS9'
  load 0.000000 at pin 'O' of cell 'C_246__IOBUF' is out of load range (0.002457, 2.162780) of lib_cell 'CLKBUFX8AS9'
  load 0.000000 at pin 'O' of cell 'C_89__IOBUF' is out of load range (0.002457, 2.162780) of lib_cell 'CLKBUFX8AS9'
  load 0.000000 at pin 'O' of cell 'C_352__IOBUF' is out of load range (0.002457, 2.162780) of lib_cell 'CLKBUFX8AS9'
  load 0.000000 at pin 'O' of cell 'C_337__IOBUF' is out of load range (0.002457, 2.162780) of lib_cell 'CLKBUFX8AS9'
  load 0.000000 at pin 'O' of cell 'C_228__IOBUF' is out of load range (0.002457, 2.162780) of lib_cell 'CLKBUFX8AS9'
  load 0.000000 at pin 'O' of cell 'C_193__IOBUF' is out of load range (0.002457, 2.162780) of lib_cell 'CLKBUFX8AS9'
  load 0.000000 at pin 'O' of cell 'C_334__IOBUF' is out of load range (0.002457, 2.162780) of lib_cell 'CLKBUFX8AS9'
  load 0.000000 at pin 'O' of cell 'C_319__IOBUF' is out of load range (0.002457, 2.162780) of lib_cell 'CLKBUFX8AS9'
  load 0.000000 at pin 'O' of cell 'C_440__IOBUF' is out of load range (0.002457, 2.162780) of lib_cell 'CLKBUFX8AS9'
  load 0.000000 at pin 'O' of cell 'C_190__IOBUF' is out of load range (0.002457, 2.162780) of lib_cell 'CLKBUFX8AS9'
  load 0.000000 at pin 'O' of cell 'C_425__IOBUF' is out of load range (0.002457, 2.162780) of lib_cell 'CLKBUFX8AS9'
  load 0.000000 at pin 'O' of cell 'C_175__IOBUF' is out of load range (0.002457, 2.162780) of lib_cell 'CLKBUFX8AS9'
  load 0.000000 at pin 'O' of cell 'C_281__IOBUF' is out of load range (0.002457, 2.162780) of lib_cell 'CLKBUFX8AS9'
  load 0.000000 at pin 'O' of cell 'C_516__IOBUF' is out of load range (0.002457, 2.162780) of lib_cell 'CLKBUFX8AS9'
  ramp 0.000000 at pin 'I' of cell 'C_0__IOBUF' is out of ramp range (0.005680, 1.182430) of lib_cell 'CLKBUFX8AS9'
  load 0.000000 at pin 'O' of cell 'C_266__IOBUF' is out of load range (0.002457, 2.162780) of lib_cell 'CLKBUFX8AS9'
  load 0.000000 at pin 'O' of cell 'C_372__IOBUF' is out of load range (0.002457, 2.162780) of lib_cell 'CLKBUFX8AS9'
  load 0.000000 at pin 'O' of cell 'C_357__IOBUF' is out of load range (0.002457, 2.162780) of lib_cell 'CLKBUFX8AS9'
  load 0.000000 at pin 'O' of cell 'C_463__IOBUF' is out of load range (0.002457, 2.162780) of lib_cell 'CLKBUFX8AS9'
  load 0.000000 at pin 'O' of cell 'C_448__IOBUF' is out of load range (0.002457, 2.162780) of lib_cell 'CLKBUFX8AS9'
  load 0.000000 at pin 'O' of cell 'C_198__IOBUF' is out of load range (0.002457, 2.162780) of lib_cell 'CLKBUFX8AS9'
  load 0.000000 at pin 'O' of cell 'C_339__IOBUF' is out of load range (0.002457, 2.162780) of lib_cell 'CLKBUFX8AS9'
  load 0.000000 at pin 'O' of cell 'C_460__IOBUF' is out of load range (0.002457, 2.162780) of lib_cell 'CLKBUFX8AS9'
  ramp 0.000000 at pin 'I' of cell 'C_10__IOBUF' is out of ramp range (0.005680, 1.182430) of lib_cell 'CLKBUFX8AS9'
  load 0.000000 at pin 'O' of cell 'C_445__IOBUF' is out of load range (0.002457, 2.162780) of lib_cell 'CLKBUFX8AS9'
  load 0.000000 at pin 'O' of cell 'C_195__IOBUF' is out of load range (0.002457, 2.162780) of lib_cell 'CLKBUFX8AS9'
  load 0.000000 at pin 'O' of cell 'C_286__IOBUF' is out of load range (0.002457, 2.162780) of lib_cell 'CLKBUFX8AS9'
  ramp 0.000000 at pin 'I' of cell 'C_5__IOBUF' is out of ramp range (0.005680, 1.182430) of lib_cell 'CLKBUFX8AS9'
  load 0.000000 at pin 'O' of cell 'C_392__IOBUF' is out of load range (0.002457, 2.162780) of lib_cell 'CLKBUFX8AS9'
  load 0.000000 at pin 'O' of cell 'C_377__IOBUF' is out of load range (0.002457, 2.162780) of lib_cell 'CLKBUFX8AS9'
  load 0.000000 at pin 'O' of cell 'C_483__IOBUF' is out of load range (0.002457, 2.162780) of lib_cell 'CLKBUFX8AS9'
  load 0.001534 at pin 'O' of cell 'C_33__IOBUF' is out of load range (0.002457, 2.162780) of lib_cell 'CLKBUFX8AS9'
  ramp 0.000000 at pin 'I' of cell 'C_33__IOBUF' is out of ramp range (0.005680, 1.182430) of lib_cell 'CLKBUFX8AS9'
  load 0.000000 at pin 'O' of cell 'C_468__IOBUF' is out of load range (0.002457, 2.162780) of lib_cell 'CLKBUFX8AS9'
  load 0.001534 at pin 'O' of cell 'C_18__IOBUF' is out of load range (0.002457, 2.162780) of lib_cell 'CLKBUFX8AS9'
  ramp 0.000000 at pin 'I' of cell 'C_18__IOBUF' is out of ramp range (0.005680, 1.182430) of lib_cell 'CLKBUFX8AS9'
  load 0.001534 at pin 'O' of cell 'C_30__IOBUF' is out of load range (0.002457, 2.162780) of lib_cell 'CLKBUFX8AS9'
  ramp 0.000000 at pin 'I' of cell 'C_30__IOBUF' is out of ramp range (0.005680, 1.182430) of lib_cell 'CLKBUFX8AS9'
  load 0.000000 at pin 'O' of cell 'C_465__IOBUF' is out of load range (0.002457, 2.162780) of lib_cell 'CLKBUFX8AS9'
  load 0.001549 at pin 'O' of cell 'C_15__IOBUF' is out of load range (0.002457, 2.162780) of lib_cell 'CLKBUFX8AS9'
  ramp 0.000000 at pin 'I' of cell 'C_15__IOBUF' is out of ramp range (0.005680, 1.182430) of lib_cell 'CLKBUFX8AS9'
  load 0.000000 at pin 'O' of cell 'C_104__IOBUF' is out of load range (0.002457, 2.162780) of lib_cell 'CLKBUFX8AS9'
  load 0.000000 at pin 'O' of cell 'C_397__IOBUF' is out of load range (0.002457, 2.162780) of lib_cell 'CLKBUFX8AS9'
  load 0.000000 at pin 'O' of cell 'C_210__IOBUF' is out of load range (0.002457, 2.162780) of lib_cell 'CLKBUFX8AS9'
  load 0.000000 at pin 'O' of cell 'C_53__IOBUF' is out of load range (0.002457, 2.162780) of lib_cell 'CLKBUFX8AS9'
  load 0.000000 at pin 'O' of cell 'C_101__IOBUF' is out of load range (0.002457, 2.162780) of lib_cell 'CLKBUFX8AS9'
  load 0.000000 at pin 'O' of cell 'C_488__IOBUF' is out of load range (0.002457, 2.162780) of lib_cell 'CLKBUFX8AS9'
  load 0.001534 at pin 'O' of cell 'C_38__IOBUF' is out of load range (0.002457, 2.162780) of lib_cell 'CLKBUFX8AS9'
  ramp 0.000000 at pin 'I' of cell 'C_38__IOBUF' is out of ramp range (0.005680, 1.182430) of lib_cell 'CLKBUFX8AS9'
  load 0.001534 at pin 'O' of cell 'C_35__IOBUF' is out of load range (0.002457, 2.162780) of lib_cell 'CLKBUFX8AS9'
  ramp 0.000000 at pin 'I' of cell 'C_35__IOBUF' is out of ramp range (0.005680, 1.182430) of lib_cell 'CLKBUFX8AS9'
  load 0.000000 at pin 'O' of cell 'C_124__IOBUF' is out of load range (0.002457, 2.162780) of lib_cell 'CLKBUFX8AS9'
  load 0.000000 at pin 'O' of cell 'C_109__IOBUF' is out of load range (0.002457, 2.162780) of lib_cell 'CLKBUFX8AS9'
  load 0.000000 at pin 'O' of cell 'C_230__IOBUF' is out of load range (0.002457, 2.162780) of lib_cell 'CLKBUFX8AS9'
  load 0.000000 at pin 'O' of cell 'C_73__IOBUF' is out of load range (0.002457, 2.162780) of lib_cell 'CLKBUFX8AS9'
  load 0.000000 at pin 'O' of cell 'C_215__IOBUF' is out of load range (0.002457, 2.162780) of lib_cell 'CLKBUFX8AS9'
  load 0.000000 at pin 'O' of cell 'C_58__IOBUF' is out of load range (0.002457, 2.162780) of lib_cell 'CLKBUFX8AS9'
  load 0.000000 at pin 'O' of cell 'C_321__IOBUF' is out of load range (0.002457, 2.162780) of lib_cell 'CLKBUFX8AS9'
  load 0.000000 at pin 'O' of cell 'C_212__IOBUF' is out of load range (0.002457, 2.162780) of lib_cell 'CLKBUFX8AS9'
  load 0.000000 at pin 'O' of cell 'C_303__IOBUF' is out of load range (0.002457, 2.162780) of lib_cell 'CLKBUFX8AS9'
  load 0.000000 at pin 'O' of cell 'C_144__IOBUF' is out of load range (0.002457, 2.162780) of lib_cell 'CLKBUFX8AS9'
  load 0.000000 at pin 'O' of cell 'C_129__IOBUF' is out of load range (0.002457, 2.162780) of lib_cell 'CLKBUFX8AS9'
  load 0.000000 at pin 'O' of cell 'C_500__IOBUF' is out of load range (0.002457, 2.162780) of lib_cell 'CLKBUFX8AS9'
  load 0.000000 at pin 'O' of cell 'C_250__IOBUF' is out of load range (0.002457, 2.162780) of lib_cell 'CLKBUFX8AS9'
  load 0.000000 at pin 'O' of cell 'C_93__IOBUF' is out of load range (0.002457, 2.162780) of lib_cell 'CLKBUFX8AS9'
  load 0.000000 at pin 'O' of cell 'C_235__IOBUF' is out of load range (0.002457, 2.162780) of lib_cell 'CLKBUFX8AS9'
  load 0.000000 at pin 'O' of cell 'C_78__IOBUF' is out of load range (0.002457, 2.162780) of lib_cell 'CLKBUFX8AS9'
  load 0.000000 at pin 'O' of cell 'C_341__IOBUF' is out of load range (0.002457, 2.162780) of lib_cell 'CLKBUFX8AS9'
  load 0.000000 at pin 'O' of cell 'C_326__IOBUF' is out of load range (0.002457, 2.162780) of lib_cell 'CLKBUFX8AS9'
  load 0.000000 at pin 'O' of cell 'C_217__IOBUF' is out of load range (0.002457, 2.162780) of lib_cell 'CLKBUFX8AS9'
  load 0.000000 at pin 'O' of cell 'C_182__IOBUF' is out of load range (0.002457, 2.162780) of lib_cell 'CLKBUFX8AS9'
  load 0.000000 at pin 'O' of cell 'C_323__IOBUF' is out of load range (0.002457, 2.162780) of lib_cell 'CLKBUFX8AS9'
  load 0.000000 at pin 'O' of cell 'C_308__IOBUF' is out of load range (0.002457, 2.162780) of lib_cell 'CLKBUFX8AS9'
  load 0.000000 at pin 'O' of cell 'C_414__IOBUF' is out of load range (0.002457, 2.162780) of lib_cell 'CLKBUFX8AS9'
  load 0.000000 at pin 'O' of cell 'C_164__IOBUF' is out of load range (0.002457, 2.162780) of lib_cell 'CLKBUFX8AS9'
  load 0.000000 at pin 'O' of cell 'C_149__IOBUF' is out of load range (0.002457, 2.162780) of lib_cell 'CLKBUFX8AS9'
  load 0.000000 at pin 'O' of cell 'C_520__IOBUF' is out of load range (0.002457, 2.162780) of lib_cell 'CLKBUFX8AS9'
  load 0.000000 at pin 'O' of cell 'C_270__IOBUF' is out of load range (0.002457, 2.162780) of lib_cell 'CLKBUFX8AS9'
  load 0.000000 at pin 'O' of cell 'C_505__IOBUF' is out of load range (0.002457, 2.162780) of lib_cell 'CLKBUFX8AS9'
  load 0.000000 at pin 'O' of cell 'C_255__IOBUF' is out of load range (0.002457, 2.162780) of lib_cell 'CLKBUFX8AS9'
  load 0.000000 at pin 'O' of cell 'C_98__IOBUF' is out of load range (0.002457, 2.162780) of lib_cell 'CLKBUFX8AS9'
  load 0.000000 at pin 'O' of cell 'C_361__IOBUF' is out of load range (0.002457, 2.162780) of lib_cell 'CLKBUFX8AS9'
  load 0.000000 at pin 'O' of cell 'C_346__IOBUF' is out of load range (0.002457, 2.162780) of lib_cell 'CLKBUFX8AS9'
  load 0.000000 at pin 'O' of cell 'C_452__IOBUF' is out of load range (0.002457, 2.162780) of lib_cell 'CLKBUFX8AS9'
  load 0.000000 at pin 'O' of cell 'C_437__IOBUF' is out of load range (0.002457, 2.162780) of lib_cell 'CLKBUFX8AS9'
  load 0.000000 at pin 'O' of cell 'C_187__IOBUF' is out of load range (0.002457, 2.162780) of lib_cell 'CLKBUFX8AS9'
  load 0.000000 at pin 'O' of cell 'C_328__IOBUF' is out of load range (0.002457, 2.162780) of lib_cell 'CLKBUFX8AS9'
  load 0.000000 at pin 'O' of cell 'C_434__IOBUF' is out of load range (0.002457, 2.162780) of lib_cell 'CLKBUFX8AS9'
  load 0.000000 at pin 'O' of cell 'C_184__IOBUF' is out of load range (0.002457, 2.162780) of lib_cell 'CLKBUFX8AS9'
  load 0.000000 at pin 'O' of cell 'C_419__IOBUF' is out of load range (0.002457, 2.162780) of lib_cell 'CLKBUFX8AS9'
  load 0.000000 at pin 'O' of cell 'C_169__IOBUF' is out of load range (0.002457, 2.162780) of lib_cell 'CLKBUFX8AS9'
  load 0.000000 at pin 'O' of cell 'C_290__IOBUF' is out of load range (0.002457, 2.162780) of lib_cell 'CLKBUFX8AS9'
  load 0.000000 at pin 'O' of cell 'C_525__IOBUF' is out of load range (0.002457, 2.162780) of lib_cell 'CLKBUFX8AS9'
  load 0.000000 at pin 'O' of cell 'C_275__IOBUF' is out of load range (0.002457, 2.162780) of lib_cell 'CLKBUFX8AS9'
  load 0.000000 at pin 'O' of cell 'C_381__IOBUF' is out of load range (0.002457, 2.162780) of lib_cell 'CLKBUFX8AS9'
  load 0.000000 at pin 'O' of cell 'C_366__IOBUF' is out of load range (0.002457, 2.162780) of lib_cell 'CLKBUFX8AS9'
  load 0.000000 at pin 'O' of cell 'C_472__IOBUF' is out of load range (0.002457, 2.162780) of lib_cell 'CLKBUFX8AS9'
  load 0.001534 at pin 'O' of cell 'C_22__IOBUF' is out of load range (0.002457, 2.162780) of lib_cell 'CLKBUFX8AS9'
  ramp 0.000000 at pin 'I' of cell 'C_22__IOBUF' is out of ramp range (0.005680, 1.182430) of lib_cell 'CLKBUFX8AS9'
  load 0.000000 at pin 'O' of cell 'C_457__IOBUF' is out of load range (0.002457, 2.162780) of lib_cell 'CLKBUFX8AS9'
  load 0.000000 at pin 'O' of cell 'C_454__IOBUF' is out of load range (0.002457, 2.162780) of lib_cell 'CLKBUFX8AS9'
  load 0.000000 at pin 'O' of cell 'C_439__IOBUF' is out of load range (0.002457, 2.162780) of lib_cell 'CLKBUFX8AS9'
  load 0.000000 at pin 'O' of cell 'C_189__IOBUF' is out of load range (0.002457, 2.162780) of lib_cell 'CLKBUFX8AS9'
  load 0.000000 at pin 'O' of cell 'C_295__IOBUF' is out of load range (0.002457, 2.162780) of lib_cell 'CLKBUFX8AS9'
  load 0.000000 at pin 'O' of cell 'C_386__IOBUF' is out of load range (0.002457, 2.162780) of lib_cell 'CLKBUFX8AS9'
  load 0.000000 at pin 'O' of cell 'C_492__IOBUF' is out of load range (0.002457, 2.162780) of lib_cell 'CLKBUFX8AS9'
  load 0.001534 at pin 'O' of cell 'C_42__IOBUF' is out of load range (0.002457, 2.162780) of lib_cell 'CLKBUFX8AS9'
  ramp 0.000000 at pin 'I' of cell 'C_42__IOBUF' is out of ramp range (0.005680, 1.182430) of lib_cell 'CLKBUFX8AS9'
  load 0.000000 at pin 'O' of cell 'C_477__IOBUF' is out of load range (0.002457, 2.162780) of lib_cell 'CLKBUFX8AS9'
  load 0.001534 at pin 'O' of cell 'C_27__IOBUF' is out of load range (0.002457, 2.162780) of lib_cell 'CLKBUFX8AS9'
  ramp 0.000000 at pin 'I' of cell 'C_27__IOBUF' is out of ramp range (0.005680, 1.182430) of lib_cell 'CLKBUFX8AS9'
  load 0.001554 at pin 'O' of cell 'PLACE_FE_OFC161_N_489__IOBUF' is out of load range (0.002457, 0.135174) of lib_cell 'INVX05AS9'
  load 0.001534 at pin 'O' of cell 'C_24__IOBUF' is out of load range (0.002457, 2.162780) of lib_cell 'CLKBUFX8AS9'
  ramp 0.000000 at pin 'I' of cell 'C_24__IOBUF' is out of ramp range (0.005680, 1.182430) of lib_cell 'CLKBUFX8AS9'
  load 0.000000 at pin 'O' of cell 'C_459__IOBUF' is out of load range (0.002457, 2.162780) of lib_cell 'CLKBUFX8AS9'
  load 0.000000 at pin 'O' of cell 'C_113__IOBUF' is out of load range (0.002457, 2.162780) of lib_cell 'CLKBUFX8AS9'
  load 0.001554 at pin 'O' of cell 'PLACE_FE_OFC765_N_513__IOBUF' is out of load range (0.002457, 0.135174) of lib_cell 'INVX05AS9'
  load 0.000000 at pin 'O' of cell 'C_62__IOBUF' is out of load range (0.002457, 2.162780) of lib_cell 'CLKBUFX8AS9'
  load 0.000000 at pin 'O' of cell 'C_204__IOBUF' is out of load range (0.002457, 2.162780) of lib_cell 'CLKBUFX8AS9'
  load 0.000000 at pin 'O' of cell 'C_497__IOBUF' is out of load range (0.002457, 2.162780) of lib_cell 'CLKBUFX8AS9'
  load 0.001534 at pin 'O' of cell 'C_47__IOBUF' is out of load range (0.002457, 2.162780) of lib_cell 'CLKBUFX8AS9'
  ramp 0.000000 at pin 'I' of cell 'C_47__IOBUF' is out of ramp range (0.005680, 1.182430) of lib_cell 'CLKBUFX8AS9'
  load 0.000000 at pin 'O' of cell 'C_310__IOBUF' is out of load range (0.002457, 2.162780) of lib_cell 'CLKBUFX8AS9'
  load 0.000000 at pin 'O' of cell 'C_201__IOBUF' is out of load range (0.002457, 2.162780) of lib_cell 'CLKBUFX8AS9'
  load 0.001534 at pin 'O' of cell 'C_29__IOBUF' is out of load range (0.002457, 2.162780) of lib_cell 'CLKBUFX8AS9'
  ramp 0.000000 at pin 'I' of cell 'C_29__IOBUF' is out of ramp range (0.005680, 1.182430) of lib_cell 'CLKBUFX8AS9'
  load 0.000000 at pin 'O' of cell 'C_133__IOBUF' is out of load range (0.002457, 2.162780) of lib_cell 'CLKBUFX8AS9'
  load 0.000000 at pin 'O' of cell 'C_118__IOBUF' is out of load range (0.002457, 2.162780) of lib_cell 'CLKBUFX8AS9'
  load 0.000000 at pin 'O' of cell 'C_82__IOBUF' is out of load range (0.002457, 2.162780) of lib_cell 'CLKBUFX8AS9'
  load 0.000000 at pin 'O' of cell 'C_224__IOBUF' is out of load range (0.002457, 2.162780) of lib_cell 'CLKBUFX8AS9'
  load 0.000000 at pin 'O' of cell 'C_67__IOBUF' is out of load range (0.002457, 2.162780) of lib_cell 'CLKBUFX8AS9'
  load 0.000000 at pin 'O' of cell 'C_209__IOBUF' is out of load range (0.002457, 2.162780) of lib_cell 'CLKBUFX8AS9'
  load 0.000000 at pin 'O' of cell 'C_330__IOBUF' is out of load range (0.002457, 2.162780) of lib_cell 'CLKBUFX8AS9'
  load 0.000000 at pin 'O' of cell 'C_315__IOBUF' is out of load range (0.002457, 2.162780) of lib_cell 'CLKBUFX8AS9'
  load 0.000000 at pin 'O' of cell 'C_206__IOBUF' is out of load range (0.002457, 2.162780) of lib_cell 'CLKBUFX8AS9'
  load 0.000000 at pin 'O' of cell 'C_421__IOBUF' is out of load range (0.002457, 2.162780) of lib_cell 'CLKBUFX8AS9'
  load 0.000000 at pin 'O' of cell 'C_171__IOBUF' is out of load range (0.002457, 2.162780) of lib_cell 'CLKBUFX8AS9'
  load 0.000000 at pin 'O' of cell 'C_312__IOBUF' is out of load range (0.002457, 2.162780) of lib_cell 'CLKBUFX8AS9'
  load 0.000000 at pin 'O' of cell 'C_403__IOBUF' is out of load range (0.002457, 2.162780) of lib_cell 'CLKBUFX8AS9'
  load 0.000000 at pin 'O' of cell 'C_153__IOBUF' is out of load range (0.002457, 2.162780) of lib_cell 'CLKBUFX8AS9'
  load 0.000000 at pin 'O' of cell 'C_138__IOBUF' is out of load range (0.002457, 2.162780) of lib_cell 'CLKBUFX8AS9'
  load 0.000000 at pin 'O' of cell 'C_244__IOBUF' is out of load range (0.002457, 2.162780) of lib_cell 'CLKBUFX8AS9'
  load 0.000000 at pin 'O' of cell 'C_87__IOBUF' is out of load range (0.002457, 2.162780) of lib_cell 'CLKBUFX8AS9'
  load 0.000000 at pin 'O' of cell 'C_229__IOBUF' is out of load range (0.002457, 2.162780) of lib_cell 'CLKBUFX8AS9'
  load 0.000000 at pin 'O' of cell 'C_350__IOBUF' is out of load range (0.002457, 2.162780) of lib_cell 'CLKBUFX8AS9'
  load 0.000000 at pin 'O' of cell 'C_335__IOBUF' is out of load range (0.002457, 2.162780) of lib_cell 'CLKBUFX8AS9'
  load 0.000000 at pin 'O' of cell 'C_441__IOBUF' is out of load range (0.002457, 2.162780) of lib_cell 'CLKBUFX8AS9'
  load 0.000000 at pin 'O' of cell 'C_191__IOBUF' is out of load range (0.002457, 2.162780) of lib_cell 'CLKBUFX8AS9'
  load 0.000000 at pin 'O' of cell 'C_426__IOBUF' is out of load range (0.002457, 2.162780) of lib_cell 'CLKBUFX8AS9'
  load 0.000000 at pin 'O' of cell 'C_176__IOBUF' is out of load range (0.002457, 2.162780) of lib_cell 'CLKBUFX8AS9'
  load 0.000000 at pin 'O' of cell 'C_317__IOBUF' is out of load range (0.002457, 2.162780) of lib_cell 'CLKBUFX8AS9'
  load 0.000000 at pin 'O' of cell 'C_423__IOBUF' is out of load range (0.002457, 2.162780) of lib_cell 'CLKBUFX8AS9'
  ramp 0.000000 at pin 'I' of cell 'C_1__IOBUF' is out of ramp range (0.005680, 1.182430) of lib_cell 'CLKBUFX8AS9'
  load 0.000000 at pin 'O' of cell 'C_173__IOBUF' is out of load range (0.002457, 2.162780) of lib_cell 'CLKBUFX8AS9'
  load 0.000000 at pin 'O' of cell 'C_408__IOBUF' is out of load range (0.002457, 2.162780) of lib_cell 'CLKBUFX8AS9'
  load 0.000000 at pin 'O' of cell 'C_158__IOBUF' is out of load range (0.002457, 2.162780) of lib_cell 'CLKBUFX8AS9'
  load 0.000000 at pin 'O' of cell 'C_514__IOBUF' is out of load range (0.002457, 2.162780) of lib_cell 'CLKBUFX8AS9'
  load 0.000000 at pin 'O' of cell 'C_264__IOBUF' is out of load range (0.002457, 2.162780) of lib_cell 'CLKBUFX8AS9'
  load 0.000000 at pin 'O' of cell 'C_249__IOBUF' is out of load range (0.002457, 2.162780) of lib_cell 'CLKBUFX8AS9'
  load 0.000000 at pin 'O' of cell 'C_370__IOBUF' is out of load range (0.002457, 2.162780) of lib_cell 'CLKBUFX8AS9'
  load 0.000000 at pin 'O' of cell 'C_355__IOBUF' is out of load range (0.002457, 2.162780) of lib_cell 'CLKBUFX8AS9'
  load 0.000000 at pin 'O' of cell 'C_461__IOBUF' is out of load range (0.002457, 2.162780) of lib_cell 'CLKBUFX8AS9'
  ramp 0.000000 at pin 'I' of cell 'C_11__IOBUF' is out of ramp range (0.005680, 1.182430) of lib_cell 'CLKBUFX8AS9'
  load 0.000000 at pin 'O' of cell 'C_446__IOBUF' is out of load range (0.002457, 2.162780) of lib_cell 'CLKBUFX8AS9'
  load 0.000000 at pin 'O' of cell 'C_196__IOBUF' is out of load range (0.002457, 2.162780) of lib_cell 'CLKBUFX8AS9'
  ramp 0.000000 at pin 'D1' of cell 'u_LOGIC_CENTER/CLKGEN_U0/LOCK_FREQ1_DLY_reg_0_' is out of ramp range (0.005680, 1.182430) of lib_cell 'AND2DFFRBQX1AS9'
  ramp 0.000000 at pin 'D1' of cell 'u_LOGIC_CENTER/CLKGEN_U0/LOCK_FREQ0_DLY_reg_0_' is out of ramp range (0.005680, 1.182430) of lib_cell 'AND2DFFRBQX1AS9'
  ramp 0.000000 at pin 'D1' of cell 'u_LOGIC_CENTER/CLKGEN_U0/U_DCLK0_OD_DIV2/CLK_DIV_NEG_PRE_reg' is out of ramp range (0.005680, 1.182430) of lib_cell 'AND2DFFRBQX2AS9'
  ramp 0.000000 at pin 'D1' of cell 'u_LOGIC_CENTER/CLKGEN_U0/U_DCLK0_DIV1P5/SAMP_CNT_2_INV_reg' is out of ramp range (0.005680, 1.182430) of lib_cell 'AND2DFFRBQX1AS9'
  load 0.001554 at pin 'O' of cell 'u_LOGIC_CENTER/CLKGEN_U0/U_DCLK0_DIV1P5/PLACE_FE_OFC18_SAMP_CNT_1' is out of load range (0.002457, 0.270347) of lib_cell 'CLKINVX1AS9'
  ramp 0.000000 at pin 'D1' of cell 'u_LOGIC_CENTER/CLKGEN_U0/U_DCLK0_DIV1P5/SAMP_CNT_0_INV_reg' is out of ramp range (0.005680, 1.182430) of lib_cell 'AND2DFFRBQX2AS9'
  load 0.001554 at pin 'O' of cell 'u_LOGIC_CENTER/CLKGEN_U0/U_DCLK0_DIV1P5/PLACE_FE_OFC16_SAMP_CNT_0' is out of load range (0.002457, 0.270347) of lib_cell 'CLKINVX1AS9'
  ramp 0.000000 at pin 'TE' of cell 'u_LOGIC_CENTER/CLKGEN_U0/CG_CELL_SETTING_DCLK0_DIV/CG_CELL' is out of ramp range (0.005680, 1.182430) of lib_cell 'GCKHBQX8AS9'
  load 0.001534 at pin 'O' of cell 'u_LOGIC_CENTER/CLKGEN_U0/U_DCLK0_OD_DIV1P5/ccopt_inst__cse_inv_00005' is out of load range (0.002457, 1.081390) of lib_cell 'CLKINVX4AS9'
  ramp 0.000000 at pin 'D1' of cell 'u_LOGIC_CENTER/CLKGEN_U0/U_DCLK0_OD_DIV1P5/SAMP_CNT_0_INV_reg' is out of ramp range (0.005680, 1.182430) of lib_cell 'AND2DFFRBQX2AS9'
  ramp 0.000000 at pin 'D1' of cell 'u_LOGIC_CENTER/CLKGEN_U0/U_DCLK0_OD_DIV1P5/SAMP_CNT_2_INV_reg' is out of ramp range (0.005680, 1.182430) of lib_cell 'AND2DFFRBQX1AS9'
  ramp 0.000000 at pin 'D1' of cell 'u_LOGIC_CENTER/CLKGEN_U0/LOCK_FREQ1_DLY_reg_1_' is out of ramp range (0.005680, 1.182430) of lib_cell 'AND2DFFRBQX1AS9'
  ramp 0.000000 at pin 'D1' of cell 'u_LOGIC_CENTER/CLKGEN_U0/LOCK_FREQ0_DLY_reg_1_' is out of ramp range (0.005680, 1.182430) of lib_cell 'AND2DFFRBQX1AS9'
  ramp 0.000000 at pin 'D1' of cell 'u_LOGIC_CENTER/CLKGEN_U1/U_DCLK1_DIV1P5/SAMP_CNT_2_INV_reg' is out of ramp range (0.005680, 1.182430) of lib_cell 'AND2DFFRBQX1AS9'
  ramp 0.000000 at pin 'D1' of cell 'u_LOGIC_CENTER/CLKGEN_U1/U_DCLK1_DIV1P5/SAMP_CNT_0_INV_reg' is out of ramp range (0.005680, 1.182430) of lib_cell 'AND2DFFRBQX8AS9'
  ramp 0.000000 at pin 'D1' of cell 'u_LOGIC_CENTER/CLKGEN_U1/U_DCLK1_OD_DIV1P5/SAMP_CNT_0_INV_reg' is out of ramp range (0.005680, 1.182430) of lib_cell 'AND2DFFRBQX1AS9'
  ramp 0.000000 at pin 'D1' of cell 'u_LOGIC_CENTER/CLKGEN_U1/U_DCLK1_OD_DIV1P5/SAMP_CNT_2_INV_reg' is out of ramp range (0.005680, 1.182430) of lib_cell 'AND2DFFRBQX4AS9'
  ramp 0.000000 at pin 'D1' of cell 'u_LOGIC_CENTER/CLKGEN_U1/U_DCLK1_OD_DIV2/CLK_DIV_NEG_PRE_reg' is out of ramp range (0.005680, 1.182430) of lib_cell 'AND2DFFRBQX1AS9'
  load 0.001554 at pin 'O' of cell 'u_LOGIC_CENTER/PLACE_FE_OFC735_N_RST0' is out of load range (0.002457, 0.270347) of lib_cell 'CLKINVX1AS9'
  ramp 0.000000 at pin 'I' of cell 'u_LOGIC_CENTER/GMA_OBUF/BUF_PGMA_MNT_NEG_0' is out of ramp range (0.005680, 1.182430) of lib_cell 'BUFX1AS9'
  ramp 0.000000 at pin 'I' of cell 'u_LOGIC_CENTER/GMA_OBUF/BUF_PGMA_MNT_POS_0' is out of ramp range (0.005680, 1.182430) of lib_cell 'BUFX1AS9'
  ramp 0.000000 at pin 'I' of cell 'u_LOGIC_CENTER/GMA_OBUF/BUF_PGMA_MNT_NEG_1' is out of ramp range (0.005680, 1.182430) of lib_cell 'BUFX1AS9'
  ramp 0.000000 at pin 'I' of cell 'u_LOGIC_CENTER/GMA_OBUF/BUF_PGMA_MNT_POS_1' is out of ramp range (0.005680, 1.182430) of lib_cell 'BUFX1AS9'
  ramp 0.000000 at pin 'I' of cell 'u_LOGIC_CENTER/GMA_OBUF/BUF_PGMA_MNT_NEG_2' is out of ramp range (0.005680, 1.182430) of lib_cell 'BUFX1AS9'
  ramp 0.000000 at pin 'I' of cell 'u_LOGIC_CENTER/GMA_OBUF/BUF_PGMA_MNT_POS_2' is out of ramp range (0.005680, 1.182430) of lib_cell 'BUFX1AS9'
  load 0.001756 at pin 'O' of cell 'u_LOGIC_CENTER/I2C_CTL/I2C_EN_CTL/U10' is out of load range (0.002457, 0.135174) of lib_cell 'AO22X05AS9'
  load 0.001756 at pin 'OB' of cell 'u_LOGIC_CENTER/I2C_CTL/I2C_EN_CTL/U16' is out of load range (0.002457, 0.270347) of lib_cell 'MUX2BX1AS9'
  ramp 0.000000 at pin 'D1' of cell 'u_LOGIC_CENTER/I2C_CTL/I2C_ST/REG_ADDR_reg_2_' is out of ramp range (0.005680, 1.182430) of lib_cell 'AND2DFFRBQX1AS9'
  ramp 0.000000 at pin 'D1' of cell 'u_LOGIC_CENTER/I2C_CTL/I2C_ST/REG_DATA_reg_4_' is out of ramp range (0.005680, 1.182430) of lib_cell 'AND2DFFRBQX1AS9'
  load 0.001878 at pin 'O' of cell 'u_LOGIC_CENTER/I2C_CTL/I2C_ST/U88' is out of load range (0.002457, 0.135174) of lib_cell 'NAND2B1X05AS9'
  load 0.001691 at pin 'O' of cell 'u_LOGIC_CENTER/I2C_CTL/I2C_ST/U89' is out of load range (0.002457, 0.270347) of lib_cell 'AND2B1X1AS9'
  load 0.001554 at pin 'O' of cell 'u_LOGIC_CENTER/I2C_CTL/I2C_ST/U32' is out of load range (0.002457, 0.270347) of lib_cell 'OAI12X1AS9'
  ramp 0.000000 at pin 'D1' of cell 'u_LOGIC_CENTER/I2C_CTL/I2C_ST/START_PULSE_SYNC_reg_1_' is out of ramp range (0.005680, 1.182430) of lib_cell 'AND2DFFRBQX1AS9'
  ramp 0.000000 at pin 'D1' of cell 'u_LOGIC_CENTER/I2C_CTL/I2C_ST/REG_ADDR_reg_3_' is out of ramp range (0.005680, 1.182430) of lib_cell 'AND2DFFRBQX1AS9'
  ramp 0.000000 at pin 'SB' of cell 'u_LOGIC_CENTER/I2C_CTL/I2C_ST/I2C_BIT_CNT_reg_1_' is out of ramp range (0.005680, 1.182430) of lib_cell 'DFFRSBQBX1AS9'
  ramp 0.000000 at pin 'D1' of cell 'u_LOGIC_CENTER/I2C_CTL/I2C_ST/I2C_WD_EN_reg' is out of ramp range (0.005680, 1.182430) of lib_cell 'AND2DFFRBQX1AS9'
  ramp 0.000000 at pin 'D1' of cell 'u_LOGIC_CENTER/I2C_CTL/I2C_ST/STOP_PULSE_SYNC_reg_0_' is out of ramp range (0.005680, 1.182430) of lib_cell 'AND2DFFRBQX1AS9'
  ramp 0.000000 at pin 'D1' of cell 'u_LOGIC_CENTER/I2C_CTL/I2C_ST/REG_DATA_reg_5_' is out of ramp range (0.005680, 1.182430) of lib_cell 'AND2DFFRBQX1AS9'
  ramp 0.000000 at pin 'D1' of cell 'u_LOGIC_CENTER/I2C_CTL/I2C_ST/CUR_STATE_reg_1_' is out of ramp range (0.005680, 1.182430) of lib_cell 'AND2DFFRBQX1AS9'
  load 0.001878 at pin 'O' of cell 'u_LOGIC_CENTER/I2C_CTL/I2C_ST/U97' is out of load range (0.002457, 0.135174) of lib_cell 'NOR2X05AS9'
  ramp 0.000000 at pin 'D1' of cell 'u_LOGIC_CENTER/I2C_CTL/I2C_ST/REG_DATA_reg_0_' is out of ramp range (0.005680, 1.182430) of lib_cell 'AND2DFFRBQX1AS9'
  ramp 0.000000 at pin 'D1' of cell 'u_LOGIC_CENTER/I2C_CTL/I2C_ST/TEST_ID_MATCH_reg' is out of ramp range (0.005680, 1.182430) of lib_cell 'AND2DFFRBQX1AS9'
  ramp 0.000000 at pin 'D1' of cell 'u_LOGIC_CENTER/I2C_CTL/I2C_ST/START_PULSE_SYNC_reg_2_' is out of ramp range (0.005680, 1.182430) of lib_cell 'AND2DFFRBQX1AS9'
  ramp 0.000000 at pin 'D1' of cell 'u_LOGIC_CENTER/I2C_CTL/I2C_ST/REG_ADDR_reg_4_' is out of ramp range (0.005680, 1.182430) of lib_cell 'AND2DFFRBQX1AS9'
  ramp 0.000000 at pin 'D1' of cell 'u_LOGIC_CENTER/I2C_CTL/I2C_ST/I2C_BIT_CNT_reg_2_' is out of ramp range (0.005680, 1.182430) of lib_cell 'AND2DFFRBQX1AS9'
  ramp 0.000000 at pin 'D1' of cell 'u_LOGIC_CENTER/I2C_CTL/I2C_ST/STOP_PULSE_SYNC_reg_1_' is out of ramp range (0.005680, 1.182430) of lib_cell 'AND2DFFRBQX1AS9'
  ramp 0.000000 at pin 'D1' of cell 'u_LOGIC_CENTER/I2C_CTL/I2C_ST/REG_DATA_reg_6_' is out of ramp range (0.005680, 1.182430) of lib_cell 'AND2DFFRBQX1AS9'
  load 0.001649 at pin 'O' of cell 'u_LOGIC_CENTER/I2C_CTL/I2C_ST/U6' is out of load range (0.002457, 0.081104) of lib_cell 'INVX03AS9'
  ramp 0.000000 at pin 'D1' of cell 'u_LOGIC_CENTER/I2C_CTL/I2C_ST/REG_DATA_reg_1_' is out of ramp range (0.005680, 1.182430) of lib_cell 'AND2DFFRBQX1AS9'
  load 0.001534 at pin 'O' of cell 'u_LOGIC_CENTER/I2C_CTL/I2C_ST/POSTROUTE_FE_PHC6_n19' is out of load range (0.002457, 0.270347) of lib_cell 'DEL0N75X1AS9'
  ramp 0.000000 at pin 'D1' of cell 'u_LOGIC_CENTER/I2C_CTL/I2C_ST/REG_ADDR_reg_5_' is out of ramp range (0.005680, 1.182430) of lib_cell 'AND2DFFRBQX1AS9'
  ramp 0.000000 at pin 'D1' of cell 'u_LOGIC_CENTER/I2C_CTL/I2C_ST/I2C_BIT_CNT_reg_3_' is out of ramp range (0.005680, 1.182430) of lib_cell 'AND2DFFRBQX1AS9'
  ramp 0.000000 at pin 'D1' of cell 'u_LOGIC_CENTER/I2C_CTL/I2C_ST/REG_ADDR_reg_0_' is out of ramp range (0.005680, 1.182430) of lib_cell 'AND2DFFRBQX1AS9'
  load 0.001680 at pin 'Q' of cell 'u_LOGIC_CENTER/I2C_CTL/I2C_ST/STOP_PULSE_SYNC_reg_2_' is out of load range (0.002457, 0.270347) of lib_cell 'AND2DFFRBQX1AS9'
  ramp 0.000000 at pin 'D1' of cell 'u_LOGIC_CENTER/I2C_CTL/I2C_ST/STOP_PULSE_SYNC_reg_2_' is out of ramp range (0.005680, 1.182430) of lib_cell 'AND2DFFRBQX1AS9'
  ramp 0.000000 at pin 'D1' of cell 'u_LOGIC_CENTER/I2C_CTL/I2C_ST/REG_DATA_reg_7_' is out of ramp range (0.005680, 1.182430) of lib_cell 'AND2DFFRBQX1AS9'
  ramp 0.000000 at pin 'D1' of cell 'u_LOGIC_CENTER/I2C_CTL/I2C_ST/REG_DATA_reg_2_' is out of ramp range (0.005680, 1.182430) of lib_cell 'AND2DFFRBQX1AS9'
  ramp 0.000000 at pin 'D1' of cell 'u_LOGIC_CENTER/I2C_CTL/I2C_ST/REG_ADDR_reg_6_' is out of ramp range (0.005680, 1.182430) of lib_cell 'AND2DFFRBQX1AS9'
  ramp 0.000000 at pin 'D1' of cell 'u_LOGIC_CENTER/I2C_CTL/I2C_ST/ID_MATCH_reg' is out of ramp range (0.005680, 1.182430) of lib_cell 'AND2DFFRBQX1AS9'
  ramp 0.000000 at pin 'D1' of cell 'u_LOGIC_CENTER/I2C_CTL/I2C_ST/DATA_ACK_D1_reg' is out of ramp range (0.005680, 1.182430) of lib_cell 'AND2DFFRBQX1AS9'
  ramp 0.000000 at pin 'D1' of cell 'u_LOGIC_CENTER/I2C_CTL/I2C_ST/I2C_WD_CNT_reg_0_' is out of ramp range (0.005680, 1.182430) of lib_cell 'AND2DFFRBQX1AS9'
  ramp 0.000000 at pin 'D1' of cell 'u_LOGIC_CENTER/I2C_CTL/I2C_ST/REG_ADDR_reg_1_' is out of ramp range (0.005680, 1.182430) of lib_cell 'AND2DFFRBQX1AS9'
  ramp 0.000000 at pin 'TE' of cell 'u_LOGIC_CENTER/I2C_CTL/I2C_ST/SNPS_CG_CELL_SCL_INV_REG_DATA_reg_0/latch' is out of ramp range (0.005680, 1.182430) of lib_cell 'GCKHBQX8AS9'
  ramp 0.000000 at pin 'D1' of cell 'u_LOGIC_CENTER/I2C_CTL/I2C_ST/REG_DATA_reg_3_' is out of ramp range (0.005680, 1.182430) of lib_cell 'AND2DFFRBQX1AS9'
  ramp 0.000000 at pin 'D1' of cell 'u_LOGIC_CENTER/I2C_CTL/I2C_ST/REG_ADDR_reg_7_' is out of ramp range (0.005680, 1.182430) of lib_cell 'AND2DFFRBQX1AS9'
  ramp 0.000000 at pin 'I' of cell 'u_LOGIC_CENTER/DC_INBUF/BUF_PON_CS_SEL_0' is out of ramp range (0.005680, 1.182430) of lib_cell 'BUFX1AS9'
  ramp 0.000000 at pin 'I' of cell 'u_LOGIC_CENTER/DC_INBUF/BUF_PON_CS_SEL_1' is out of ramp range (0.005680, 1.182430) of lib_cell 'BUFX1AS9'
  ramp 0.000000 at pin 'I' of cell 'u_LOGIC_CENTER/DC_INBUF/BUF_POFF_CS_SEL_0' is out of ramp range (0.005680, 1.182430) of lib_cell 'BUFX1AS9'
  ramp 0.000000 at pin 'I' of cell 'u_LOGIC_CENTER/DC_INBUF/BUF_POFF_CS_SEL_1' is out of ramp range (0.005680, 1.182430) of lib_cell 'BUFX1AS9'
  ramp 0.000000 at pin 'TE' of cell 'u_LOGIC_CENTER/LINK_LOGIC/SNPS_CG_CELL_DCLK1_KEY_RST_18UI_L1_EXTEND_reg_0/latch' is out of ramp range (0.005680, 1.182430) of lib_cell 'GCKHBQX8AS9'
  ramp 0.000000 at pin 'D1' of cell 'u_LOGIC_CENTER/LINK_LOGIC/CSPI_CMD_ALIGN_L0/I_INDATA_D3_reg_5_' is out of ramp range (0.005680, 1.182430) of lib_cell 'AND2DFFRBQX1AS9'
  load 0.001472 at pin 'O' of cell 'u_LOGIC_CENTER/LINK_LOGIC/CSPI_CMD_ALIGN_L0/U150' is out of load range (0.002457, 0.135174) of lib_cell 'AO22X05AS9'
  load 0.001587 at pin 'O' of cell 'u_LOGIC_CENTER/LINK_LOGIC/CSPI_CMD_ALIGN_L0/U151' is out of load range (0.002457, 0.135174) of lib_cell 'AO22X05AS9'
  ramp 0.000000 at pin 'D1' of cell 'u_LOGIC_CENTER/LINK_LOGIC/CSPI_CMD_ALIGN_L0/I_INDATA_D1_reg_6_' is out of ramp range (0.005680, 1.182430) of lib_cell 'AND2DFFRBQX1AS9'
  ramp 0.000000 at pin 'D1' of cell 'u_LOGIC_CENTER/LINK_LOGIC/CSPI_CMD_ALIGN_L0/I_INDATA_D1_reg_10_' is out of ramp range (0.005680, 1.182430) of lib_cell 'AND2DFFRBQX1AS9'
  ramp 0.000000 at pin 'D1' of cell 'u_LOGIC_CENTER/LINK_LOGIC/CSPI_CMD_ALIGN_L0/I_INDATA_D2_reg_14_' is out of ramp range (0.005680, 1.182430) of lib_cell 'AND2DFFRBQX1AS9'
  load 0.001587 at pin 'O' of cell 'u_LOGIC_CENTER/LINK_LOGIC/CSPI_CMD_ALIGN_L0/U354' is out of load range (0.002457, 0.135174) of lib_cell 'AO22X05AS9'
  ramp 0.000000 at pin 'D1' of cell 'u_LOGIC_CENTER/LINK_LOGIC/CSPI_CMD_ALIGN_L0/I_INDATA_D3_reg_6_' is out of ramp range (0.005680, 1.182430) of lib_cell 'AND2DFFRBQX1AS9'
  ramp 0.000000 at pin 'D1' of cell 'u_LOGIC_CENTER/LINK_LOGIC/CSPI_CMD_ALIGN_L0/I_INDATA_D2_reg_0_' is out of ramp range (0.005680, 1.182430) of lib_cell 'AND2DFFRBQX1AS9'
  load 0.001472 at pin 'O' of cell 'u_LOGIC_CENTER/LINK_LOGIC/CSPI_CMD_ALIGN_L0/U164' is out of load range (0.002457, 0.135174) of lib_cell 'AO22X05AS9'
  load 0.001587 at pin 'O' of cell 'u_LOGIC_CENTER/LINK_LOGIC/CSPI_CMD_ALIGN_L0/U165' is out of load range (0.002457, 0.135174) of lib_cell 'AO22X05AS9'
  ramp 0.000000 at pin 'D1' of cell 'u_LOGIC_CENTER/LINK_LOGIC/CSPI_CMD_ALIGN_L0/I_INDATA_D1_reg_7_' is out of ramp range (0.005680, 1.182430) of lib_cell 'AND2DFFRBQX1AS9'
  ramp 0.000000 at pin 'D1' of cell 'u_LOGIC_CENTER/LINK_LOGIC/CSPI_CMD_ALIGN_L0/I_INDATA_D1_reg_11_' is out of ramp range (0.005680, 1.182430) of lib_cell 'AND2DFFRBQX1AS9'
  load 0.001472 at pin 'O' of cell 'u_LOGIC_CENTER/LINK_LOGIC/CSPI_CMD_ALIGN_L0/U260' is out of load range (0.002457, 0.135174) of lib_cell 'AO22X05AS9'
  load 0.001587 at pin 'O' of cell 'u_LOGIC_CENTER/LINK_LOGIC/CSPI_CMD_ALIGN_L0/U261' is out of load range (0.002457, 0.135174) of lib_cell 'AO22X05AS9'
  ramp 0.000000 at pin 'D1' of cell 'u_LOGIC_CENTER/LINK_LOGIC/CSPI_CMD_ALIGN_L0/DATA_POINT_LAT_TMP_reg_6_' is out of ramp range (0.005680, 1.182430) of lib_cell 'AND2DFFRBQX1AS9'
  ramp 0.000000 at pin 'D1' of cell 'u_LOGIC_CENTER/LINK_LOGIC/CSPI_CMD_ALIGN_L0/I_INDATA_D2_reg_15_' is out of ramp range (0.005680, 1.182430) of lib_cell 'AND2DFFRBQX1AS9'
  ramp 0.000000 at pin 'D1' of cell 'u_LOGIC_CENTER/LINK_LOGIC/CSPI_CMD_ALIGN_L0/I_INDATA_D3_reg_16_' is out of ramp range (0.005680, 1.182430) of lib_cell 'AND2DFFRBQX1AS9'
  load 0.001472 at pin 'O' of cell 'u_LOGIC_CENTER/LINK_LOGIC/CSPI_CMD_ALIGN_L0/U269' is out of load range (0.002457, 0.270347) of lib_cell 'NAND4X1AS9'
  load 0.001472 at pin 'O' of cell 'u_LOGIC_CENTER/LINK_LOGIC/CSPI_CMD_ALIGN_L0/U366' is out of load range (0.002457, 0.135174) of lib_cell 'AO22X05AS9'
  load 0.001587 at pin 'O' of cell 'u_LOGIC_CENTER/LINK_LOGIC/CSPI_CMD_ALIGN_L0/U367' is out of load range (0.002457, 0.135174) of lib_cell 'AO22X05AS9'
  ramp 0.000000 at pin 'D1' of cell 'u_LOGIC_CENTER/LINK_LOGIC/CSPI_CMD_ALIGN_L0/DATA_POINT_LAT_TMP_reg_17_' is out of ramp range (0.005680, 1.182430) of lib_cell 'AND2DFFRBQX1AS9'
  ramp 0.000000 at pin 'D1' of cell 'u_LOGIC_CENTER/LINK_LOGIC/CSPI_CMD_ALIGN_L0/I_INDATA_D3_reg_7_' is out of ramp range (0.005680, 1.182430) of lib_cell 'AND2DFFRBQX1AS9'
  ramp 0.000000 at pin 'D1' of cell 'u_LOGIC_CENTER/LINK_LOGIC/CSPI_CMD_ALIGN_L0/I_INDATA_D2_reg_1_' is out of ramp range (0.005680, 1.182430) of lib_cell 'AND2DFFRBQX1AS9'
  load 0.001472 at pin 'O' of cell 'u_LOGIC_CENTER/LINK_LOGIC/CSPI_CMD_ALIGN_L0/U74' is out of load range (0.002457, 0.135174) of lib_cell 'AO22X05AS9'
  load 0.001472 at pin 'O' of cell 'u_LOGIC_CENTER/LINK_LOGIC/CSPI_CMD_ALIGN_L0/U178' is out of load range (0.002457, 0.135174) of lib_cell 'AO22X05AS9'
  ramp 0.000000 at pin 'D1' of cell 'u_LOGIC_CENTER/LINK_LOGIC/CSPI_CMD_ALIGN_L0/I_INDATA_D1_reg_8_' is out of ramp range (0.005680, 1.182430) of lib_cell 'AND2DFFRBQX1AS9'
  ramp 0.000000 at pin 'D1' of cell 'u_LOGIC_CENTER/LINK_LOGIC/CSPI_CMD_ALIGN_L0/I_INDATA_D1_reg_12_' is out of ramp range (0.005680, 1.182430) of lib_cell 'AND2DFFRBQX1AS9'
  load 0.001587 at pin 'O' of cell 'u_LOGIC_CENTER/LINK_LOGIC/CSPI_CMD_ALIGN_L0/U75' is out of load range (0.002457, 0.135174) of lib_cell 'AO22X05AS9'
  load 0.001587 at pin 'O' of cell 'u_LOGIC_CENTER/LINK_LOGIC/CSPI_CMD_ALIGN_L0/U179' is out of load range (0.002457, 0.135174) of lib_cell 'AO22X05AS9'
  load 0.001587 at pin 'O' of cell 'u_LOGIC_CENTER/LINK_LOGIC/CSPI_CMD_ALIGN_L0/U270' is out of load range (0.002457, 0.135174) of lib_cell 'AO22X05AS9'
  load 0.001472 at pin 'O' of cell 'u_LOGIC_CENTER/LINK_LOGIC/CSPI_CMD_ALIGN_L0/U273' is out of load range (0.002457, 0.135174) of lib_cell 'AO22X05AS9'
  load 0.001587 at pin 'O' of cell 'u_LOGIC_CENTER/LINK_LOGIC/CSPI_CMD_ALIGN_L0/U274' is out of load range (0.002457, 0.135174) of lib_cell 'AO22X05AS9'
  ramp 0.000000 at pin 'D1' of cell 'u_LOGIC_CENTER/LINK_LOGIC/CSPI_CMD_ALIGN_L0/I_INDATA_D2_reg_16_' is out of ramp range (0.005680, 1.182430) of lib_cell 'AND2DFFRBQX1AS9'
  ramp 0.000000 at pin 'D1' of cell 'u_LOGIC_CENTER/LINK_LOGIC/CSPI_CMD_ALIGN_L0/I_INDATA_D3_reg_17_' is out of ramp range (0.005680, 1.182430) of lib_cell 'AND2DFFRBQX1AS9'
  ramp 0.000000 at pin 'D1' of cell 'u_LOGIC_CENTER/LINK_LOGIC/CSPI_CMD_ALIGN_L0/I_INDATA_D3_reg_8_' is out of ramp range (0.005680, 1.182430) of lib_cell 'AND2DFFRBQX1AS9'
  ramp 0.000000 at pin 'D1' of cell 'u_LOGIC_CENTER/LINK_LOGIC/CSPI_CMD_ALIGN_L0/I_INDATA_D2_reg_2_' is out of ramp range (0.005680, 1.182430) of lib_cell 'AND2DFFRBQX2AS9'
  ramp 0.000000 at pin 'D1' of cell 'u_LOGIC_CENTER/LINK_LOGIC/CSPI_CMD_ALIGN_L0/I_INDATA_D1_reg_9_' is out of ramp range (0.005680, 1.182430) of lib_cell 'AND2DFFRBQX1AS9'
  ramp 0.000000 at pin 'D1' of cell 'u_LOGIC_CENTER/LINK_LOGIC/CSPI_CMD_ALIGN_L0/I_INDATA_D1_reg_13_' is out of ramp range (0.005680, 1.182430) of lib_cell 'AND2DFFRBQX1AS9'
  load 0.001472 at pin 'O' of cell 'u_LOGIC_CENTER/LINK_LOGIC/CSPI_CMD_ALIGN_L0/U282' is out of load range (0.002457, 0.270347) of lib_cell 'NAND4X1AS9'
  load 0.001587 at pin 'O' of cell 'u_LOGIC_CENTER/LINK_LOGIC/CSPI_CMD_ALIGN_L0/U283' is out of load range (0.002457, 0.135174) of lib_cell 'AO22X05AS9'
  load 0.001472 at pin 'O' of cell 'u_LOGIC_CENTER/LINK_LOGIC/CSPI_CMD_ALIGN_L0/U286' is out of load range (0.002457, 0.135174) of lib_cell 'AO22X05AS9'
  load 0.001587 at pin 'O' of cell 'u_LOGIC_CENTER/LINK_LOGIC/CSPI_CMD_ALIGN_L0/U287' is out of load range (0.002457, 0.135174) of lib_cell 'AO22X05AS9'
  ramp 0.000000 at pin 'D1' of cell 'u_LOGIC_CENTER/LINK_LOGIC/CSPI_CMD_ALIGN_L0/I_INDATA_D2_reg_17_' is out of ramp range (0.005680, 1.182430) of lib_cell 'AND2DFFRBQX1AS9'
  ramp 0.000000 at pin 'TE' of cell 'u_LOGIC_CENTER/LINK_LOGIC/CSPI_CMD_ALIGN_L0/SNPS_CG_CELL_DCLK_DATA_POINT_LAT_TMP_reg_0/latch' is out of ramp range (0.005680, 1.182430) of lib_cell 'GCKHBQX8AS9'
  ramp 0.000000 at pin 'D1' of cell 'u_LOGIC_CENTER/LINK_LOGIC/CSPI_CMD_ALIGN_L0/I_INDATA_D3_reg_9_' is out of ramp range (0.005680, 1.182430) of lib_cell 'AND2DFFRBQX1AS9'
  ramp 0.000000 at pin 'D1' of cell 'u_LOGIC_CENTER/LINK_LOGIC/CSPI_CMD_ALIGN_L0/I_INDATA_D2_reg_3_' is out of ramp range (0.005680, 1.182430) of lib_cell 'AND2DFFRBQX1AS9'
  load 0.001472 at pin 'O' of cell 'u_LOGIC_CENTER/LINK_LOGIC/CSPI_CMD_ALIGN_L0/U90' is out of load range (0.002457, 0.135174) of lib_cell 'AO22X05AS9'
  load 0.001587 at pin 'O' of cell 'u_LOGIC_CENTER/LINK_LOGIC/CSPI_CMD_ALIGN_L0/U91' is out of load range (0.002457, 0.135174) of lib_cell 'AO22X05AS9'
  ramp 0.000000 at pin 'D1' of cell 'u_LOGIC_CENTER/LINK_LOGIC/CSPI_CMD_ALIGN_L0/I_INDATA_D1_reg_14_' is out of ramp range (0.005680, 1.182430) of lib_cell 'AND2DFFRBQX1AS9'
  ramp 0.000000 at pin 'D1' of cell 'u_LOGIC_CENTER/LINK_LOGIC/CSPI_CMD_ALIGN_L0/I_INDATA_D1_reg_0_' is out of ramp range (0.005680, 1.182430) of lib_cell 'AND2DFFRBQX1AS9'
  load 0.001472 at pin 'O' of cell 'u_LOGIC_CENTER/LINK_LOGIC/CSPI_CMD_ALIGN_L0/U296' is out of load range (0.002457, 0.270347) of lib_cell 'NAND4X1AS9'
  load 0.001587 at pin 'O' of cell 'u_LOGIC_CENTER/LINK_LOGIC/CSPI_CMD_ALIGN_L0/U297' is out of load range (0.002457, 0.135174) of lib_cell 'AO22X05AS9'
  load 0.001566 at pin 'O' of cell 'u_LOGIC_CENTER/LINK_LOGIC/CSPI_CMD_ALIGN_L0/U390' is out of load range (0.002457, 0.270347) of lib_cell 'XNOR3X1AS9'
  load 0.001620 at pin 'O' of cell 'u_LOGIC_CENTER/LINK_LOGIC/CSPI_CMD_ALIGN_L0/U399' is out of load range (0.002457, 0.270347) of lib_cell 'NAND4X1AS9'
  ramp 0.000000 at pin 'D1' of cell 'u_LOGIC_CENTER/LINK_LOGIC/CSPI_CMD_ALIGN_L0/I_INDATA_D2_reg_4_' is out of ramp range (0.005680, 1.182430) of lib_cell 'AND2DFFRBQX1AS9'
  load 0.001683 at pin 'Q' of cell 'u_LOGIC_CENTER/LINK_LOGIC/CSPI_CMD_ALIGN_L0/I_INDATA_D3_reg_0_' is out of load range (0.002457, 0.270347) of lib_cell 'AND2DFFRBQX1AS9'
  ramp 0.000000 at pin 'D1' of cell 'u_LOGIC_CENTER/LINK_LOGIC/CSPI_CMD_ALIGN_L0/I_INDATA_D3_reg_0_' is out of ramp range (0.005680, 1.182430) of lib_cell 'AND2DFFRBQX1AS9'
  ramp 0.000000 at pin 'D1' of cell 'u_LOGIC_CENTER/LINK_LOGIC/CSPI_CMD_ALIGN_L0/I_INDATA_D1_reg_15_' is out of ramp range (0.005680, 1.182430) of lib_cell 'AND2DFFRBQX1AS9'
  load 0.001472 at pin 'O' of cell 'u_LOGIC_CENTER/LINK_LOGIC/CSPI_CMD_ALIGN_L0/U105' is out of load range (0.002457, 0.135174) of lib_cell 'AO22X05AS9'
  load 0.001587 at pin 'O' of cell 'u_LOGIC_CENTER/LINK_LOGIC/CSPI_CMD_ALIGN_L0/U106' is out of load range (0.002457, 0.135174) of lib_cell 'AO22X05AS9'
  ramp 0.000000 at pin 'D1' of cell 'u_LOGIC_CENTER/LINK_LOGIC/CSPI_CMD_ALIGN_L0/I_INDATA_D1_reg_1_' is out of ramp range (0.005680, 1.182430) of lib_cell 'AND2DFFRBQX1AS9'
  ramp 0.000000 at pin 'TE' of cell 'u_LOGIC_CENTER/LINK_LOGIC/CSPI_CMD_ALIGN_L0/iSP_UTC_DET_L0/SNPS_CG_CELL_DCLK_SETTING_CNT_reg_0/latch' is out of ramp range (0.005680, 1.182430) of lib_cell 'GCKHBQX8AS9'
  load 0.001683 at pin 'O' of cell 'u_LOGIC_CENTER/LINK_LOGIC/CSPI_CMD_ALIGN_L0/iSP_UTC_DET_L0/U80' is out of load range (0.002457, 0.135174) of lib_cell 'AO222X05AS9'
  load 0.001683 at pin 'O' of cell 'u_LOGIC_CENTER/LINK_LOGIC/CSPI_CMD_ALIGN_L0/iSP_UTC_DET_L0/U84' is out of load range (0.002457, 0.135174) of lib_cell 'AO222X05AS9'
  ramp 0.000000 at pin 'D1' of cell 'u_LOGIC_CENTER/LINK_LOGIC/CSPI_CMD_ALIGN_L0/iSP_UTC_DET_L0/DATA_NUM_CNT_reg_6_' is out of ramp range (0.005680, 1.182430) of lib_cell 'AND2DFFRBQX1AS9'
  load 0.001549 at pin 'O' of cell 'u_LOGIC_CENTER/LINK_LOGIC/CSPI_CMD_ALIGN_L0/iSP_UTC_DET_L0/U87' is out of load range (0.002457, 0.135174) of lib_cell 'NOR2X05AS9'
  load 0.001691 at pin 'O' of cell 'u_LOGIC_CENTER/LINK_LOGIC/CSPI_CMD_ALIGN_L0/iSP_UTC_DET_L0/U88' is out of load range (0.002457, 0.135174) of lib_cell 'AO22X05AS9'
  load 0.001683 at pin 'O' of cell 'u_LOGIC_CENTER/LINK_LOGIC/CSPI_CMD_ALIGN_L0/iSP_UTC_DET_L0/U89' is out of load range (0.002457, 0.135174) of lib_cell 'AO13X05AS9'
  ramp 0.000000 at pin 'D1' of cell 'u_LOGIC_CENTER/LINK_LOGIC/CSPI_CMD_ALIGN_L0/iSP_UTC_DET_L0/DATA_NUM_CNT_reg_1_' is out of ramp range (0.005680, 1.182430) of lib_cell 'AND2DFFRBQX1AS9'
  load 0.001554 at pin 'Q' of cell 'u_LOGIC_CENTER/LINK_LOGIC/CSPI_CMD_ALIGN_L0/iSP_UTC_DET_L0/SETTING_CNT_reg_4_' is out of load range (0.002457, 0.270347) of lib_cell 'AND2DFFRBQX1AS9'
  ramp 0.000000 at pin 'D1' of cell 'u_LOGIC_CENTER/LINK_LOGIC/CSPI_CMD_ALIGN_L0/iSP_UTC_DET_L0/SETTING_CNT_reg_4_' is out of ramp range (0.005680, 1.182430) of lib_cell 'AND2DFFRBQX1AS9'
  ramp 0.000000 at pin 'TE' of cell 'u_LOGIC_CENTER/LINK_LOGIC/CSPI_CMD_ALIGN_L0/iSP_UTC_DET_L0/SNPS_CG_CELL_DCLK_FRM_UTC_ERR_CNT_reg_0/latch' is out of ramp range (0.005680, 1.182430) of lib_cell 'GCKHBQX8AS9'
  load 0.001683 at pin 'O' of cell 'u_LOGIC_CENTER/LINK_LOGIC/CSPI_CMD_ALIGN_L0/iSP_UTC_DET_L0/U91' is out of load range (0.002457, 0.270347) of lib_cell 'AOI222X1AS9'
  load 0.001691 at pin 'O' of cell 'u_LOGIC_CENTER/LINK_LOGIC/CSPI_CMD_ALIGN_L0/iSP_UTC_DET_L0/U92' is out of load range (0.002457, 0.135174) of lib_cell 'AO22X05AS9'
  load 0.001683 at pin 'O' of cell 'u_LOGIC_CENTER/LINK_LOGIC/CSPI_CMD_ALIGN_L0/iSP_UTC_DET_L0/U93' is out of load range (0.002457, 0.135174) of lib_cell 'AO13X05AS9'
  ramp 0.000000 at pin 'D1' of cell 'u_LOGIC_CENTER/LINK_LOGIC/CSPI_CMD_ALIGN_L0/iSP_UTC_DET_L0/ENA_TIME_reg' is out of ramp range (0.005680, 1.182430) of lib_cell 'AND2DFFRBQX1AS9'
  ramp 0.000000 at pin 'TE' of cell 'u_LOGIC_CENTER/LINK_LOGIC/CSPI_CMD_ALIGN_L0/iSP_UTC_DET_L0/SNPS_CG_CELL_DCLK_DATA_NUM_CNT_reg_0/latch' is out of ramp range (0.005680, 1.182430) of lib_cell 'GCKHBQX8AS9'
  load 0.001675 at pin 'O' of cell 'u_LOGIC_CENTER/LINK_LOGIC/CSPI_CMD_ALIGN_L0/iSP_UTC_DET_L0/U147' is out of load range (0.002457, 0.135174) of lib_cell 'NOR2X05AS9'
  load 0.001878 at pin 'O' of cell 'u_LOGIC_CENTER/LINK_LOGIC/CSPI_CMD_ALIGN_L0/iSP_UTC_DET_L0/U148' is out of load range (0.002457, 0.081104) of lib_cell 'INVX03AS9'
  load 0.001472 at pin 'O' of cell 'u_LOGIC_CENTER/LINK_LOGIC/CSPI_CMD_ALIGN_L0/iSP_UTC_DET_L0/U97' is out of load range (0.002457, 0.270347) of lib_cell 'AOI21B1X1AS9'
  load 0.001587 at pin 'O' of cell 'u_LOGIC_CENTER/LINK_LOGIC/CSPI_CMD_ALIGN_L0/iSP_UTC_DET_L0/U98' is out of load range (0.002457, 0.270347) of lib_cell 'LOWMUX2X1AS9'
  load 0.001683 at pin 'O' of cell 'u_LOGIC_CENTER/LINK_LOGIC/CSPI_CMD_ALIGN_L0/iSP_UTC_DET_L0/U99' is out of load range (0.002457, 0.135174) of lib_cell 'AO112X05AS9'
  ramp 0.000000 at pin 'D1' of cell 'u_LOGIC_CENTER/LINK_LOGIC/CSPI_CMD_ALIGN_L0/iSP_UTC_DET_L0/UTC_ERR_CNT_reg_0_' is out of ramp range (0.005680, 1.182430) of lib_cell 'AND2DFFRBQX1AS9'
  load 0.001554 at pin 'S' of cell 'u_LOGIC_CENTER/LINK_LOGIC/CSPI_CMD_ALIGN_L0/iSP_UTC_DET_L0/U46' is out of load range (0.002457, 0.135174) of lib_cell 'FAX05AS9'
  ramp 0.000000 at pin 'D1' of cell 'u_LOGIC_CENTER/LINK_LOGIC/CSPI_CMD_ALIGN_L0/iSP_UTC_DET_L0/DATA_NUM_CNT_reg_2_' is out of ramp range (0.005680, 1.182430) of lib_cell 'AND2DFFRBQX1AS9'
  ramp 0.000000 at pin 'TE' of cell 'u_LOGIC_CENTER/LINK_LOGIC/CSPI_CMD_ALIGN_L0/iSP_UTC_DET_L0/SNPS_CG_CELL_DCLK_UTC_CLR_reg_0/latch' is out of ramp range (0.005680, 1.182430) of lib_cell 'GCKHBQX8AS9'
  ramp 0.000000 at pin 'D1' of cell 'u_LOGIC_CENTER/LINK_LOGIC/CSPI_CMD_ALIGN_L0/iSP_UTC_DET_L0/SETTING_CNT_reg_0_' is out of ramp range (0.005680, 1.182430) of lib_cell 'AND2DFFRBQX1AS9'
  load 0.001756 at pin 'O' of cell 'u_LOGIC_CENTER/LINK_LOGIC/CSPI_CMD_ALIGN_L0/iSP_UTC_DET_L0/U5' is out of load range (0.002457, 0.270347) of lib_cell 'XOR2X1AS9'
  load 0.001836 at pin 'O' of cell 'u_LOGIC_CENTER/LINK_LOGIC/CSPI_CMD_ALIGN_L0/iSP_UTC_DET_L0/U158' is out of load range (0.002457, 0.270347) of lib_cell 'NAND4B1X1AS9'
  load 0.001676 at pin 'O' of cell 'u_LOGIC_CENTER/LINK_LOGIC/CSPI_CMD_ALIGN_L0/iSP_UTC_DET_L0/U159' is out of load range (0.002457, 0.081104) of lib_cell 'INVX03AS9'
  load 0.001549 at pin 'O' of cell 'u_LOGIC_CENTER/LINK_LOGIC/CSPI_CMD_ALIGN_L0/iSP_UTC_DET_L0/U102' is out of load range (0.002457, 0.081104) of lib_cell 'INVX03AS9'
  load 0.001691 at pin 'O' of cell 'u_LOGIC_CENTER/LINK_LOGIC/CSPI_CMD_ALIGN_L0/iSP_UTC_DET_L0/U103' is out of load range (0.002457, 0.135174) of lib_cell 'AO22X05AS9'
  ramp 0.000000 at pin 'D1' of cell 'u_LOGIC_CENTER/LINK_LOGIC/CSPI_CMD_ALIGN_L0/iSP_UTC_DET_L0/UTC_ERR_CNT_reg_1_' is out of ramp range (0.005680, 1.182430) of lib_cell 'AND2DFFRBQX1AS9'
  load 0.001683 at pin 'O' of cell 'u_LOGIC_CENTER/LINK_LOGIC/CSPI_CMD_ALIGN_L0/iSP_UTC_DET_L0/U104' is out of load range (0.002457, 0.135174) of lib_cell 'AO13X05AS9'
  load 0.001756 at pin 'S' of cell 'u_LOGIC_CENTER/LINK_LOGIC/CSPI_CMD_ALIGN_L0/iSP_UTC_DET_L0/DP_OP_22J7_124_1380_U3' is out of load range (0.002457, 0.135174) of lib_cell 'FAX05AS9'
  load 0.001756 at pin 'S' of cell 'u_LOGIC_CENTER/LINK_LOGIC/CSPI_CMD_ALIGN_L0/iSP_UTC_DET_L0/DP_OP_22J7_124_1380_U4' is out of load range (0.002457, 0.135174) of lib_cell 'FAX05AS9'
  load 0.001756 at pin 'S' of cell 'u_LOGIC_CENTER/LINK_LOGIC/CSPI_CMD_ALIGN_L0/iSP_UTC_DET_L0/DP_OP_22J7_124_1380_U5' is out of load range (0.002457, 0.135174) of lib_cell 'FAX05AS9'
  ramp 0.000000 at pin 'D1' of cell 'u_LOGIC_CENTER/LINK_LOGIC/CSPI_CMD_ALIGN_L0/iSP_UTC_DET_L0/DATA_NUM_CNT_reg_3_' is out of ramp range (0.005680, 1.182430) of lib_cell 'AND2DFFRBQX1AS9'
  load 0.001708 at pin 'Q' of cell 'u_LOGIC_CENTER/LINK_LOGIC/CSPI_CMD_ALIGN_L0/iSP_UTC_DET_L0/VS_1T_D1_reg' is out of load range (0.002457, 0.270347) of lib_cell 'AND2DFFRBQX1AS9'
  ramp 0.000000 at pin 'D1' of cell 'u_LOGIC_CENTER/LINK_LOGIC/CSPI_CMD_ALIGN_L0/iSP_UTC_DET_L0/SETTING_CNT_reg_1_' is out of ramp range (0.005680, 1.182430) of lib_cell 'AND2DFFRBQX1AS9'
  load 0.001712 at pin 'O' of cell 'u_LOGIC_CENTER/LINK_LOGIC/CSPI_CMD_ALIGN_L0/iSP_UTC_DET_L0/U160' is out of load range (0.002457, 0.135174) of lib_cell 'OA13X05AS9'
  load 0.001554 at pin 'Q' of cell 'u_LOGIC_CENTER/LINK_LOGIC/CSPI_CMD_ALIGN_L0/iSP_UTC_DET_L0/ENA_TIME_D1_reg' is out of load range (0.002457, 0.270347) of lib_cell 'AND2DFFRBQX1AS9'
  ramp 0.000000 at pin 'D1' of cell 'u_LOGIC_CENTER/LINK_LOGIC/CSPI_CMD_ALIGN_L0/iSP_UTC_DET_L0/ENA_TIME_D1_reg' is out of ramp range (0.005680, 1.182430) of lib_cell 'AND2DFFRBQX1AS9'
  ramp 0.000000 at pin 'D1' of cell 'u_LOGIC_CENTER/LINK_LOGIC/CSPI_CMD_ALIGN_L0/iSP_UTC_DET_L0/DATA_NUM_CNT_reg_4_' is out of ramp range (0.005680, 1.182430) of lib_cell 'AND2DFFRBQX1AS9'
  load 0.001683 at pin 'O' of cell 'u_LOGIC_CENTER/LINK_LOGIC/CSPI_CMD_ALIGN_L0/iSP_UTC_DET_L0/U68' is out of load range (0.002457, 0.270347) of lib_cell 'OAI12B2X1AS9'
  load 0.001625 at pin 'O' of cell 'u_LOGIC_CENTER/LINK_LOGIC/CSPI_CMD_ALIGN_L0/iSP_UTC_DET_L0/U11' is out of load range (0.002457, 0.081104) of lib_cell 'INVX03AS9'
  ramp 0.000000 at pin 'D1' of cell 'u_LOGIC_CENTER/LINK_LOGIC/CSPI_CMD_ALIGN_L0/iSP_UTC_DET_L0/SETTING_CNT_reg_2_' is out of ramp range (0.005680, 1.182430) of lib_cell 'AND2DFFRBQX1AS9'
  ramp 0.000000 at pin 'D1' of cell 'u_LOGIC_CENTER/LINK_LOGIC/CSPI_CMD_ALIGN_L0/iSP_UTC_DET_L0/UTC_CHECK_TIME_reg' is out of ramp range (0.005680, 1.182430) of lib_cell 'AND2DFFRBQX1AS9'
  ramp 0.000000 at pin 'D1' of cell 'u_LOGIC_CENTER/LINK_LOGIC/CSPI_CMD_ALIGN_L0/iSP_UTC_DET_L0/DATA_NUM_CNT_reg_5_' is out of ramp range (0.005680, 1.182430) of lib_cell 'AND2DFFRBQX1AS9'
  load 0.001683 at pin 'O' of cell 'u_LOGIC_CENTER/LINK_LOGIC/CSPI_CMD_ALIGN_L0/iSP_UTC_DET_L0/U77' is out of load range (0.002457, 0.135174) of lib_cell 'AO22X05AS9'
  load 0.001540 at pin 'O' of cell 'u_LOGIC_CENTER/LINK_LOGIC/CSPI_CMD_ALIGN_L0/iSP_UTC_DET_L0/U79' is out of load range (0.002457, 0.270347) of lib_cell 'OAI12B2X1AS9'
  ramp 0.000000 at pin 'D1' of cell 'u_LOGIC_CENTER/LINK_LOGIC/CSPI_CMD_ALIGN_L0/iSP_UTC_DET_L0/DATA_NUM_CNT_reg_0_' is out of ramp range (0.005680, 1.182430) of lib_cell 'AND2DFFRBQX1AS9'
  ramp 0.000000 at pin 'D1' of cell 'u_LOGIC_CENTER/LINK_LOGIC/CSPI_CMD_ALIGN_L0/iSP_UTC_DET_L0/SETTING_CNT_reg_3_' is out of ramp range (0.005680, 1.182430) of lib_cell 'AND2DFFRBQX1AS9'
  ramp 0.000000 at pin 'D1' of cell 'u_LOGIC_CENTER/LINK_LOGIC/CSPI_CMD_ALIGN_L0/I_INDATA_D3_reg_10_' is out of ramp range (0.005680, 1.182430) of lib_cell 'AND2DFFRBQX1AS9'
  load 0.001472 at pin 'O' of cell 'u_LOGIC_CENTER/LINK_LOGIC/CSPI_CMD_ALIGN_L0/U300' is out of load range (0.002457, 0.135174) of lib_cell 'AO22X05AS9'
  load 0.001587 at pin 'O' of cell 'u_LOGIC_CENTER/LINK_LOGIC/CSPI_CMD_ALIGN_L0/U301' is out of load range (0.002457, 0.135174) of lib_cell 'AO22X05AS9'
  ramp 0.000000 at pin 'D1' of cell 'u_LOGIC_CENTER/LINK_LOGIC/CSPI_CMD_ALIGN_L0/I_INDATA_D2_reg_5_' is out of ramp range (0.005680, 1.182430) of lib_cell 'AND2DFFRBQX1AS9'
  load 0.001472 at pin 'O' of cell 'u_LOGIC_CENTER/LINK_LOGIC/CSPI_CMD_ALIGN_L0/U309' is out of load range (0.002457, 0.270347) of lib_cell 'NAND4X1AS9'
  ramp 0.000000 at pin 'D1' of cell 'u_LOGIC_CENTER/LINK_LOGIC/CSPI_CMD_ALIGN_L0/I_INDATA_D3_reg_1_' is out of ramp range (0.005680, 1.182430) of lib_cell 'AND2DFFRBQX1AS9'
  ramp 0.000000 at pin 'D1' of cell 'u_LOGIC_CENTER/LINK_LOGIC/CSPI_CMD_ALIGN_L0/I_INDATA_D1_reg_16_' is out of ramp range (0.005680, 1.182430) of lib_cell 'AND2DFFRBQX1AS9'
  load 0.001836 at pin 'O' of cell 'u_LOGIC_CENTER/LINK_LOGIC/CSPI_CMD_ALIGN_L0/U408' is out of load range (0.002457, 0.270347) of lib_cell 'NAND4X1AS9'
  ramp 0.000000 at pin 'D1' of cell 'u_LOGIC_CENTER/LINK_LOGIC/CSPI_CMD_ALIGN_L0/I_INDATA_D1_reg_2_' is out of ramp range (0.005680, 1.182430) of lib_cell 'AND2DFFRBQX1AS9'
  ramp 0.000000 at pin 'D1' of cell 'u_LOGIC_CENTER/LINK_LOGIC/CSPI_CMD_ALIGN_L0/I_INDATA_D2_reg_10_' is out of ramp range (0.005680, 1.182430) of lib_cell 'AND2DFFRBQX1AS9'
  ramp 0.000000 at pin 'D1' of cell 'u_LOGIC_CENTER/LINK_LOGIC/CSPI_CMD_ALIGN_L0/I_INDATA_D3_reg_11_' is out of ramp range (0.005680, 1.182430) of lib_cell 'AND2DFFRBQX1AS9'
  load 0.001587 at pin 'O' of cell 'u_LOGIC_CENTER/LINK_LOGIC/CSPI_CMD_ALIGN_L0/U310' is out of load range (0.002457, 0.135174) of lib_cell 'AO22X05AS9'
  load 0.001472 at pin 'O' of cell 'u_LOGIC_CENTER/LINK_LOGIC/CSPI_CMD_ALIGN_L0/U313' is out of load range (0.002457, 0.135174) of lib_cell 'AO22X05AS9'
  load 0.001587 at pin 'O' of cell 'u_LOGIC_CENTER/LINK_LOGIC/CSPI_CMD_ALIGN_L0/U314' is out of load range (0.002457, 0.135174) of lib_cell 'AO22X05AS9'
  ramp 0.000000 at pin 'D1' of cell 'u_LOGIC_CENTER/LINK_LOGIC/CSPI_CMD_ALIGN_L0/I_INDATA_D2_reg_6_' is out of ramp range (0.005680, 1.182430) of lib_cell 'AND2DFFRBQX1AS9'
  ramp 0.000000 at pin 'D1' of cell 'u_LOGIC_CENTER/LINK_LOGIC/CSPI_CMD_ALIGN_L0/I_INDATA_D3_reg_2_' is out of ramp range (0.005680, 1.182430) of lib_cell 'AND2DFFRBQX1AS9'
  load 0.001472 at pin 'O' of cell 'u_LOGIC_CENTER/LINK_LOGIC/CSPI_CMD_ALIGN_L0/U121' is out of load range (0.002457, 0.135174) of lib_cell 'AO22X05AS9'
  ramp 0.000000 at pin 'D1' of cell 'u_LOGIC_CENTER/LINK_LOGIC/CSPI_CMD_ALIGN_L0/I_INDATA_D1_reg_17_' is out of ramp range (0.005680, 1.182430) of lib_cell 'AND2DFFRBQX1AS9'
  load 0.001587 at pin 'O' of cell 'u_LOGIC_CENTER/LINK_LOGIC/CSPI_CMD_ALIGN_L0/U122' is out of load range (0.002457, 0.135174) of lib_cell 'AO22X05AS9'
  load 0.001472 at pin 'O' of cell 'u_LOGIC_CENTER/LINK_LOGIC/CSPI_CMD_ALIGN_L0/U23' is out of load range (0.002457, 0.135174) of lib_cell 'AO22X05AS9'
  ramp 0.000000 at pin 'D1' of cell 'u_LOGIC_CENTER/LINK_LOGIC/CSPI_CMD_ALIGN_L0/I_INDATA_D1_reg_3_' is out of ramp range (0.005680, 1.182430) of lib_cell 'AND2DFFRBQX1AS9'
  ramp 0.000000 at pin 'D1' of cell 'u_LOGIC_CENTER/LINK_LOGIC/CSPI_CMD_ALIGN_L0/I_INDATA_D2_reg_11_' is out of ramp range (0.005680, 1.182430) of lib_cell 'AND2DFFRBQX1AS9'
  ramp 0.000000 at pin 'D1' of cell 'u_LOGIC_CENTER/LINK_LOGIC/CSPI_CMD_ALIGN_L0/I_INDATA_D3_reg_12_' is out of ramp range (0.005680, 1.182430) of lib_cell 'AND2DFFRBQX1AS9'
  load 0.001472 at pin 'O' of cell 'u_LOGIC_CENTER/LINK_LOGIC/CSPI_CMD_ALIGN_L0/U327' is out of load range (0.002457, 0.135174) of lib_cell 'AO22X05AS9'
  ramp 0.000000 at pin 'D1' of cell 'u_LOGIC_CENTER/LINK_LOGIC/CSPI_CMD_ALIGN_L0/I_INDATA_D2_reg_7_' is out of ramp range (0.005680, 1.182430) of lib_cell 'AND2DFFRBQX1AS9'
  load 0.001587 at pin 'O' of cell 'u_LOGIC_CENTER/LINK_LOGIC/CSPI_CMD_ALIGN_L0/U328' is out of load range (0.002457, 0.135174) of lib_cell 'AO22X05AS9'
  ramp 0.000000 at pin 'D1' of cell 'u_LOGIC_CENTER/LINK_LOGIC/CSPI_CMD_ALIGN_L0/I_INDATA_D3_reg_3_' is out of ramp range (0.005680, 1.182430) of lib_cell 'AND2DFFRBQX1AS9'
  load 0.001472 at pin 'O' of cell 'u_LOGIC_CENTER/LINK_LOGIC/CSPI_CMD_ALIGN_L0/U136' is out of load range (0.002457, 0.135174) of lib_cell 'AO22X05AS9'
  load 0.001676 at pin 'O' of cell 'u_LOGIC_CENTER/LINK_LOGIC/CSPI_CMD_ALIGN_L0/PLACE_FE_OFC258_CPUWR_R_BAC' is out of load range (0.002457, 0.540694) of lib_cell 'CLKINVX2AS9'
  load 0.001587 at pin 'O' of cell 'u_LOGIC_CENTER/LINK_LOGIC/CSPI_CMD_ALIGN_L0/U137' is out of load range (0.002457, 0.135174) of lib_cell 'AO22X05AS9'
  ramp 0.000000 at pin 'D1' of cell 'u_LOGIC_CENTER/LINK_LOGIC/CSPI_CMD_ALIGN_L0/I_INDATA_D1_reg_4_' is out of ramp range (0.005680, 1.182430) of lib_cell 'AND2DFFRBQX1AS9'
  ramp 0.000000 at pin 'D1' of cell 'u_LOGIC_CENTER/LINK_LOGIC/CSPI_CMD_ALIGN_L0/I_INDATA_D2_reg_12_' is out of ramp range (0.005680, 1.182430) of lib_cell 'AND2DFFRBQX1AS9'
  ramp 0.000000 at pin 'D1' of cell 'u_LOGIC_CENTER/LINK_LOGIC/CSPI_CMD_ALIGN_L0/I_INDATA_D2_reg_8_' is out of ramp range (0.005680, 1.182430) of lib_cell 'AND2DFFRBQX1AS9'
  ramp 0.000000 at pin 'D1' of cell 'u_LOGIC_CENTER/LINK_LOGIC/CSPI_CMD_ALIGN_L0/DATA_POINT_LAT_TMP_reg_14_' is out of ramp range (0.005680, 1.182430) of lib_cell 'AND2DFFRBQX1AS9'
  ramp 0.000000 at pin 'D1' of cell 'u_LOGIC_CENTER/LINK_LOGIC/CSPI_CMD_ALIGN_L0/I_INDATA_D3_reg_4_' is out of ramp range (0.005680, 1.182430) of lib_cell 'AND2DFFRBQX1AS9'
  load 0.001472 at pin 'O' of cell 'u_LOGIC_CENTER/LINK_LOGIC/CSPI_CMD_ALIGN_L0/U44' is out of load range (0.002457, 0.135174) of lib_cell 'AO22X05AS9'
  ramp 0.000000 at pin 'D1' of cell 'u_LOGIC_CENTER/LINK_LOGIC/CSPI_CMD_ALIGN_L0/I_INDATA_D1_reg_5_' is out of ramp range (0.005680, 1.182430) of lib_cell 'AND2DFFRBQX1AS9'
  load 0.001587 at pin 'O' of cell 'u_LOGIC_CENTER/LINK_LOGIC/CSPI_CMD_ALIGN_L0/U48' is out of load range (0.002457, 0.135174) of lib_cell 'AO22X05AS9'
  ramp 0.000000 at pin 'D1' of cell 'u_LOGIC_CENTER/LINK_LOGIC/CSPI_CMD_ALIGN_L0/DATA_POINT_LAT_TMP_reg_4_' is out of ramp range (0.005680, 1.182430) of lib_cell 'AND2DFFRBQX1AS9'
  ramp 0.000000 at pin 'D1' of cell 'u_LOGIC_CENTER/LINK_LOGIC/CSPI_CMD_ALIGN_L0/I_INDATA_D2_reg_13_' is out of ramp range (0.005680, 1.182430) of lib_cell 'AND2DFFRBQX1AS9'
  ramp 0.000000 at pin 'D1' of cell 'u_LOGIC_CENTER/LINK_LOGIC/CSPI_CMD_ALIGN_L0/I_INDATA_D3_reg_14_' is out of ramp range (0.005680, 1.182430) of lib_cell 'AND2DFFRBQX1AS9'
  load 0.001756 at pin 'O' of cell 'u_LOGIC_CENTER/LINK_LOGIC/CSPI_CMD_ALIGN_L0/U249' is out of load range (0.002457, 0.081104) of lib_cell 'INVX03AS9'
  load 0.001472 at pin 'O' of cell 'u_LOGIC_CENTER/LINK_LOGIC/CSPI_CMD_ALIGN_L0/U341' is out of load range (0.002457, 0.135174) of lib_cell 'AO22X05AS9'
  load 0.001587 at pin 'O' of cell 'u_LOGIC_CENTER/LINK_LOGIC/CSPI_CMD_ALIGN_L0/U342' is out of load range (0.002457, 0.135174) of lib_cell 'AO22X05AS9'
  ramp 0.000000 at pin 'D1' of cell 'u_LOGIC_CENTER/LINK_LOGIC/CSPI_CMD_ALIGN_L0/I_INDATA_D2_reg_9_' is out of ramp range (0.005680, 1.182430) of lib_cell 'AND2DFFRBQX1AS9'
  ramp 0.000000 at pin 'D1' of cell 'u_LOGIC_CENTER/LINK_LOGIC/CSPI_CMD_ALIGN_L0/DATA_POINT_LAT_TMP_reg_15_' is out of ramp range (0.005680, 1.182430) of lib_cell 'AND2DFFRBQX1AS9'
  load 0.001554 at pin 'Q' of cell 'u_LOGIC_CENTER/LINK_LOGIC/CSPI_WD_BWDBL_POST/WD_CNT_reg_4_' is out of load range (0.002457, 0.270347) of lib_cell 'AND2DFFRBQX1AS9'
  ramp 0.000000 at pin 'D1' of cell 'u_LOGIC_CENTER/LINK_LOGIC/CSPI_WD_BWDBL_POST/BAC_CMD_TOG_DLY_L0_reg_2_' is out of ramp range (0.005680, 1.182430) of lib_cell 'AND2DFFRBQX1AS9'
  load 0.001554 at pin 'Q' of cell 'u_LOGIC_CENTER/LINK_LOGIC/CSPI_WD_BWDBL_POST/WD_CNT_reg_2_' is out of load range (0.002457, 0.270347) of lib_cell 'AND2DFFRBQX1AS9'
  ramp 0.000000 at pin 'D1' of cell 'u_LOGIC_CENTER/LINK_LOGIC/CSPI_WD_BWDBL_POST/LOCK_FREQ_DEB_DLY_reg' is out of ramp range (0.005680, 1.182430) of lib_cell 'AND2DFFRBQX1AS9'
  ramp 0.000000 at pin 'D1' of cell 'u_LOGIC_CENTER/LINK_LOGIC/CSPI_WD_BWDBL_POST/BAC_CMD_TOG_DLY_L1_reg_3_' is out of ramp range (0.005680, 1.182430) of lib_cell 'AND2DFFRBQX1AS9'
  ramp 0.000000 at pin 'D1' of cell 'u_LOGIC_CENTER/LINK_LOGIC/CSPI_WD_BWDBL_POST/BAC_CMD_TOG_DLY_L1_reg_1_' is out of ramp range (0.005680, 1.182430) of lib_cell 'AND2DFFRBQX1AS9'
  ramp 0.000000 at pin 'D1' of cell 'u_LOGIC_CENTER/LINK_LOGIC/CSPI_WD_BWDBL_POST/BAC_CMD_TOG_DLY_L0_reg_3_' is out of ramp range (0.005680, 1.182430) of lib_cell 'AND2DFFRBQBX1AS9'
  ramp 0.000000 at pin 'D1' of cell 'u_LOGIC_CENTER/LINK_LOGIC/CSPI_WD_BWDBL_POST/BAC_CMD_RF_STORE_reg' is out of ramp range (0.005680, 1.182430) of lib_cell 'AND2DFFRBQX1AS9'
  load 0.001554 at pin 'O' of cell 'u_LOGIC_CENTER/LINK_LOGIC/CSPI_WD_BWDBL_POST/ECO_WD_CNT_EN_WAKE' is out of load range (0.002457, 0.270347) of lib_cell 'AND2X1AS9'
  load 0.001620 at pin 'O' of cell 'u_LOGIC_CENTER/LINK_LOGIC/CSPI_WD_BWDBL_POST/U12' is out of load range (0.002457, 0.270347) of lib_cell 'AND3X1AS9'
  load 0.001554 at pin 'Q' of cell 'u_LOGIC_CENTER/LINK_LOGIC/CSPI_WD_BWDBL_POST/WD_CNT_reg_6_' is out of load range (0.002457, 0.270347) of lib_cell 'AND2DFFRBQX1AS9'
  ramp 0.000000 at pin 'D1' of cell 'u_LOGIC_CENTER/LINK_LOGIC/CSPI_WD_BWDBL_POST/BAC_CMD_TOG_DLY_L0_reg_1_' is out of ramp range (0.005680, 1.182430) of lib_cell 'AND2DFFRBQX1AS9'
  load 0.001836 at pin 'O' of cell 'u_LOGIC_CENTER/LINK_LOGIC/CSPI_WD_BWDBL_POST/U15' is out of load range (0.002457, 0.135174) of lib_cell 'OA13X05AS9'
  load 0.001534 at pin 'Q' of cell 'u_LOGIC_CENTER/LINK_LOGIC/CSPI_WD_BWDBL_POST/BAC_CMD_TOG_DLY_L1_reg_2_' is out of load range (0.002457, 0.270347) of lib_cell 'AND2DFFRBQX1AS9'
  ramp 0.000000 at pin 'D1' of cell 'u_LOGIC_CENTER/LINK_LOGIC/CSPI_WD_BWDBL_POST/BAC_CMD_TOG_DLY_L1_reg_2_' is out of ramp range (0.005680, 1.182430) of lib_cell 'AND2DFFRBQX1AS9'
  ramp 0.000000 at pin 'TE' of cell 'u_LOGIC_CENTER/LINK_LOGIC/CSPI_CMD_ALIGN_L1/SNPS_CG_CELL_DCLK_DATA_POINT_LAT_TMP_reg_0/latch' is out of ramp range (0.005680, 1.182430) of lib_cell 'GCKHBQX8AS9'
  ramp 0.000000 at pin 'D1' of cell 'u_LOGIC_CENTER/LINK_LOGIC/CSPI_CMD_ALIGN_L1/I_INDATA_D3_reg_3_' is out of ramp range (0.005680, 1.182430) of lib_cell 'AND2DFFRBQX1AS9'
  ramp 0.000000 at pin 'D1' of cell 'u_LOGIC_CENTER/LINK_LOGIC/CSPI_CMD_ALIGN_L1/I_INDATA_D2_reg_17_' is out of ramp range (0.005680, 1.182430) of lib_cell 'AND2DFFRBQX1AS9'
  ramp 0.000000 at pin 'D1' of cell 'u_LOGIC_CENTER/LINK_LOGIC/CSPI_CMD_ALIGN_L1/I_INDATA_D1_reg_10_' is out of ramp range (0.005680, 1.182430) of lib_cell 'AND2DFFRBQX1AS9'
  load 0.001472 at pin 'O' of cell 'u_LOGIC_CENTER/LINK_LOGIC/CSPI_CMD_ALIGN_L1/U282' is out of load range (0.002457, 0.270347) of lib_cell 'NAND4X1AS9'
  load 0.001587 at pin 'O' of cell 'u_LOGIC_CENTER/LINK_LOGIC/CSPI_CMD_ALIGN_L1/U283' is out of load range (0.002457, 0.135174) of lib_cell 'AO22X05AS9'
  load 0.001587 at pin 'O' of cell 'u_LOGIC_CENTER/LINK_LOGIC/CSPI_CMD_ALIGN_L1/U284' is out of load range (0.002457, 0.135174) of lib_cell 'AO112X05AS9'
  load 0.001472 at pin 'O' of cell 'u_LOGIC_CENTER/LINK_LOGIC/CSPI_CMD_ALIGN_L1/U286' is out of load range (0.002457, 0.135174) of lib_cell 'AO22X05AS9'
  load 0.001587 at pin 'O' of cell 'u_LOGIC_CENTER/LINK_LOGIC/CSPI_CMD_ALIGN_L1/U287' is out of load range (0.002457, 0.135174) of lib_cell 'AO22X05AS9'
  load 0.001472 at pin 'O' of cell 'u_LOGIC_CENTER/LINK_LOGIC/CSPI_CMD_ALIGN_L1/U288' is out of load range (0.002457, 0.135174) of lib_cell 'AO112X05AS9'
  ramp 0.000000 at pin 'D1' of cell 'u_LOGIC_CENTER/LINK_LOGIC/CSPI_CMD_ALIGN_L1/I_INDATA_D3_reg_10_' is out of ramp range (0.005680, 1.182430) of lib_cell 'AND2DFFRBQX1AS9'
  ramp 0.000000 at pin 'D1' of cell 'u_LOGIC_CENTER/LINK_LOGIC/CSPI_CMD_ALIGN_L1/I_INDATA_D3_reg_4_' is out of ramp range (0.005680, 1.182430) of lib_cell 'AND2DFFRBQX1AS9'
  ramp 0.000000 at pin 'D1' of cell 'u_LOGIC_CENTER/LINK_LOGIC/CSPI_CMD_ALIGN_L1/I_INDATA_D1_reg_11_' is out of ramp range (0.005680, 1.182430) of lib_cell 'AND2DFFRBQX1AS9'
  load 0.001472 at pin 'O' of cell 'u_LOGIC_CENTER/LINK_LOGIC/CSPI_CMD_ALIGN_L1/U296' is out of load range (0.002457, 0.270347) of lib_cell 'NAND4X1AS9'
  load 0.001587 at pin 'O' of cell 'u_LOGIC_CENTER/LINK_LOGIC/CSPI_CMD_ALIGN_L1/U297' is out of load range (0.002457, 0.135174) of lib_cell 'AO22X05AS9'
  load 0.001587 at pin 'O' of cell 'u_LOGIC_CENTER/LINK_LOGIC/CSPI_CMD_ALIGN_L1/U298' is out of load range (0.002457, 0.135174) of lib_cell 'AO112X05AS9'
  ramp 0.000000 at pin 'D1' of cell 'u_LOGIC_CENTER/LINK_LOGIC/CSPI_CMD_ALIGN_L1/I_INDATA_D3_reg_11_' is out of ramp range (0.005680, 1.182430) of lib_cell 'AND2DFFRBQX1AS9'
  load 0.001554 at pin 'O' of cell 'u_LOGIC_CENTER/LINK_LOGIC/CSPI_CMD_ALIGN_L1/PLACE_FE_OFC89_KEY_RST_18UI_L1_PRE' is out of load range (0.002457, 0.135174) of lib_cell 'INVX05AS9'
  ramp 0.000000 at pin 'D1' of cell 'u_LOGIC_CENTER/LINK_LOGIC/CSPI_CMD_ALIGN_L1/I_INDATA_D1_reg_0_' is out of ramp range (0.005680, 1.182430) of lib_cell 'AND2DFFRBQX1AS9'
  ramp 0.000000 at pin 'D1' of cell 'u_LOGIC_CENTER/LINK_LOGIC/CSPI_CMD_ALIGN_L1/I_INDATA_D3_reg_5_' is out of ramp range (0.005680, 1.182430) of lib_cell 'AND2DFFRBQX1AS9'
  load 0.001587 at pin 'O' of cell 'u_LOGIC_CENTER/LINK_LOGIC/CSPI_CMD_ALIGN_L1/U106' is out of load range (0.002457, 0.270347) of lib_cell 'NAND4X1AS9'
  ramp 0.000000 at pin 'D1' of cell 'u_LOGIC_CENTER/LINK_LOGIC/CSPI_CMD_ALIGN_L1/I_INDATA_D1_reg_12_' is out of ramp range (0.005680, 1.182430) of lib_cell 'AND2DFFRBQX1AS9'
  load 0.001472 at pin 'O' of cell 'u_LOGIC_CENTER/LINK_LOGIC/CSPI_CMD_ALIGN_L1/U108' is out of load range (0.002457, 0.135174) of lib_cell 'AO22X05AS9'
  load 0.001587 at pin 'O' of cell 'u_LOGIC_CENTER/LINK_LOGIC/CSPI_CMD_ALIGN_L1/U109' is out of load range (0.002457, 0.135174) of lib_cell 'AO22X05AS9'
  ramp 0.000000 at pin 'D1' of cell 'u_LOGIC_CENTER/LINK_LOGIC/CSPI_CMD_ALIGN_L1/I_INDATA_D3_reg_12_' is out of ramp range (0.005680, 1.182430) of lib_cell 'AND2DFFRBQX1AS9'
  ramp 0.000000 at pin 'D1' of cell 'u_LOGIC_CENTER/LINK_LOGIC/CSPI_CMD_ALIGN_L1/BLANK_EN_ASYNC_reg' is out of ramp range (0.005680, 1.182430) of lib_cell 'AND2DFFRBQX1AS9'
  ramp 0.000000 at pin 'D1' of cell 'u_LOGIC_CENTER/LINK_LOGIC/CSPI_CMD_ALIGN_L1/DATA_POINT_LAT_TMP_reg_14_' is out of ramp range (0.005680, 1.182430) of lib_cell 'AND2DFFRBQX1AS9'
  ramp 0.000000 at pin 'D1' of cell 'u_LOGIC_CENTER/LINK_LOGIC/CSPI_CMD_ALIGN_L1/I_INDATA_D1_reg_1_' is out of ramp range (0.005680, 1.182430) of lib_cell 'AND2DFFRBQX1AS9'
  ramp 0.000000 at pin 'D1' of cell 'u_LOGIC_CENTER/LINK_LOGIC/CSPI_CMD_ALIGN_L1/I_INDATA_D3_reg_6_' is out of ramp range (0.005680, 1.182430) of lib_cell 'AND2DFFRBQX1AS9'
  load 0.001472 at pin 'O' of cell 'u_LOGIC_CENTER/LINK_LOGIC/CSPI_CMD_ALIGN_L1/U300' is out of load range (0.002457, 0.135174) of lib_cell 'AO22X05AS9'
  load 0.001587 at pin 'O' of cell 'u_LOGIC_CENTER/LINK_LOGIC/CSPI_CMD_ALIGN_L1/U301' is out of load range (0.002457, 0.135174) of lib_cell 'AO22X05AS9'
  load 0.001472 at pin 'O' of cell 'u_LOGIC_CENTER/LINK_LOGIC/CSPI_CMD_ALIGN_L1/U110' is out of load range (0.002457, 0.135174) of lib_cell 'AO112X05AS9'
  load 0.001472 at pin 'O' of cell 'u_LOGIC_CENTER/LINK_LOGIC/CSPI_CMD_ALIGN_L1/U302' is out of load range (0.002457, 0.135174) of lib_cell 'AO112X05AS9'
  load 0.001472 at pin 'O' of cell 'u_LOGIC_CENTER/LINK_LOGIC/CSPI_CMD_ALIGN_L1/U309' is out of load range (0.002457, 0.270347) of lib_cell 'NAND4X1AS9'
  ramp 0.000000 at pin 'D1' of cell 'u_LOGIC_CENTER/LINK_LOGIC/CSPI_CMD_ALIGN_L1/I_INDATA_D1_reg_13_' is out of ramp range (0.005680, 1.182430) of lib_cell 'AND2DFFRBQX1AS9'
  ramp 0.000000 at pin 'D1' of cell 'u_LOGIC_CENTER/LINK_LOGIC/CSPI_CMD_ALIGN_L1/DATA_POINT_LAT_TMP_reg_15_' is out of ramp range (0.005680, 1.182430) of lib_cell 'AND2DFFRBQX1AS9'
  load 0.001676 at pin 'O' of cell 'u_LOGIC_CENTER/LINK_LOGIC/CSPI_CMD_ALIGN_L1/PLACE_FE_OFC257_CPUWR_R_BAC' is out of load range (0.002457, 0.270347) of lib_cell 'CLKINVX1AS9'
  ramp 0.000000 at pin 'D1' of cell 'u_LOGIC_CENTER/LINK_LOGIC/CSPI_CMD_ALIGN_L1/I_INDATA_D1_reg_2_' is out of ramp range (0.005680, 1.182430) of lib_cell 'AND2DFFRBQX1AS9'
  ramp 0.000000 at pin 'D1' of cell 'u_LOGIC_CENTER/LINK_LOGIC/CSPI_CMD_ALIGN_L1/I_INDATA_D3_reg_7_' is out of ramp range (0.005680, 1.182430) of lib_cell 'AND2DFFRBQX1AS9'
  load 0.001587 at pin 'O' of cell 'u_LOGIC_CENTER/LINK_LOGIC/CSPI_CMD_ALIGN_L1/U310' is out of load range (0.002457, 0.135174) of lib_cell 'AO22X05AS9'
  load 0.001587 at pin 'O' of cell 'u_LOGIC_CENTER/LINK_LOGIC/CSPI_CMD_ALIGN_L1/U311' is out of load range (0.002457, 0.135174) of lib_cell 'AO112X05AS9'
  load 0.001587 at pin 'O' of cell 'u_LOGIC_CENTER/LINK_LOGIC/CSPI_CMD_ALIGN_L1/U121' is out of load range (0.002457, 0.270347) of lib_cell 'NAND4X1AS9'
  load 0.001472 at pin 'O' of cell 'u_LOGIC_CENTER/LINK_LOGIC/CSPI_CMD_ALIGN_L1/U313' is out of load range (0.002457, 0.135174) of lib_cell 'AO22X05AS9'
  load 0.001472 at pin 'O' of cell 'u_LOGIC_CENTER/LINK_LOGIC/CSPI_CMD_ALIGN_L1/U314' is out of load range (0.002457, 0.135174) of lib_cell 'AO112X05AS9'
  load 0.001472 at pin 'O' of cell 'u_LOGIC_CENTER/LINK_LOGIC/CSPI_CMD_ALIGN_L1/U123' is out of load range (0.002457, 0.135174) of lib_cell 'AO22X05AS9'
  load 0.001587 at pin 'O' of cell 'u_LOGIC_CENTER/LINK_LOGIC/CSPI_CMD_ALIGN_L1/U124' is out of load range (0.002457, 0.135174) of lib_cell 'AO22X05AS9'
  ramp 0.000000 at pin 'D1' of cell 'u_LOGIC_CENTER/LINK_LOGIC/CSPI_CMD_ALIGN_L1/I_INDATA_D1_reg_14_' is out of ramp range (0.005680, 1.182430) of lib_cell 'AND2DFFRBQX1AS9'
  ramp 0.000000 at pin 'D1' of cell 'u_LOGIC_CENTER/LINK_LOGIC/CSPI_CMD_ALIGN_L1/I_INDATA_D3_reg_14_' is out of ramp range (0.005680, 1.182430) of lib_cell 'AND2DFFRBQX2AS9'
  load 0.001472 at pin 'O' of cell 'u_LOGIC_CENTER/LINK_LOGIC/CSPI_CMD_ALIGN_L1/U77' is out of load range (0.002457, 0.135174) of lib_cell 'AO22X05AS9'
  ramp 0.000000 at pin 'D1' of cell 'u_LOGIC_CENTER/LINK_LOGIC/CSPI_CMD_ALIGN_L1/I_INDATA_D1_reg_3_' is out of ramp range (0.005680, 1.182430) of lib_cell 'AND2DFFRBQX1AS9'
  ramp 0.000000 at pin 'D1' of cell 'u_LOGIC_CENTER/LINK_LOGIC/CSPI_CMD_ALIGN_L1/I_INDATA_D3_reg_8_' is out of ramp range (0.005680, 1.182430) of lib_cell 'AND2DFFRBQX1AS9'
  load 0.001587 at pin 'O' of cell 'u_LOGIC_CENTER/LINK_LOGIC/CSPI_CMD_ALIGN_L1/U324' is out of load range (0.002457, 0.270347) of lib_cell 'NAND4B1X1AS9'
  load 0.001472 at pin 'O' of cell 'u_LOGIC_CENTER/LINK_LOGIC/CSPI_CMD_ALIGN_L1/U326' is out of load range (0.002457, 0.135174) of lib_cell 'AO22X05AS9'
  load 0.001587 at pin 'O' of cell 'u_LOGIC_CENTER/LINK_LOGIC/CSPI_CMD_ALIGN_L1/U327' is out of load range (0.002457, 0.135174) of lib_cell 'AO22X05AS9'
  load 0.001472 at pin 'O' of cell 'u_LOGIC_CENTER/LINK_LOGIC/CSPI_CMD_ALIGN_L1/U328' is out of load range (0.002457, 0.135174) of lib_cell 'AO112X05AS9'
  load 0.001472 at pin 'O' of cell 'u_LOGIC_CENTER/LINK_LOGIC/CSPI_CMD_ALIGN_L1/U137' is out of load range (0.002457, 0.135174) of lib_cell 'AO22X05AS9'
  ramp 0.000000 at pin 'D1' of cell 'u_LOGIC_CENTER/LINK_LOGIC/CSPI_CMD_ALIGN_L1/I_INDATA_D1_reg_15_' is out of ramp range (0.005680, 1.182430) of lib_cell 'AND2DFFRBQX1AS9'
  load 0.001587 at pin 'O' of cell 'u_LOGIC_CENTER/LINK_LOGIC/CSPI_CMD_ALIGN_L1/U138' is out of load range (0.002457, 0.135174) of lib_cell 'AO22X05AS9'
  load 0.001587 at pin 'O' of cell 'u_LOGIC_CENTER/LINK_LOGIC/CSPI_CMD_ALIGN_L1/U80' is out of load range (0.002457, 0.135174) of lib_cell 'AO22X05AS9'
  load 0.001472 at pin 'O' of cell 'u_LOGIC_CENTER/LINK_LOGIC/CSPI_CMD_ALIGN_L1/U81' is out of load range (0.002457, 0.135174) of lib_cell 'AO112X05AS9'
  ramp 0.000000 at pin 'D1' of cell 'u_LOGIC_CENTER/LINK_LOGIC/CSPI_CMD_ALIGN_L1/I_INDATA_D3_reg_15_' is out of ramp range (0.005680, 1.182430) of lib_cell 'AND2DFFRBQBX1AS9'
  ramp 0.000000 at pin 'D1' of cell 'u_LOGIC_CENTER/LINK_LOGIC/CSPI_CMD_ALIGN_L1/DATA_POINT_LAT_TMP_reg_17_' is out of ramp range (0.005680, 1.182430) of lib_cell 'AND2DFFRBQX1AS9'
  ramp 0.000000 at pin 'D1' of cell 'u_LOGIC_CENTER/LINK_LOGIC/CSPI_CMD_ALIGN_L1/I_INDATA_D1_reg_4_' is out of ramp range (0.005680, 1.182430) of lib_cell 'AND2DFFRBQX1AS9'
  ramp 0.000000 at pin 'D1' of cell 'u_LOGIC_CENTER/LINK_LOGIC/CSPI_CMD_ALIGN_L1/I_INDATA_D3_reg_9_' is out of ramp range (0.005680, 1.182430) of lib_cell 'AND2DFFRBQX1AS9'
  load 0.001587 at pin 'O' of cell 'u_LOGIC_CENTER/LINK_LOGIC/CSPI_CMD_ALIGN_L1/U338' is out of load range (0.002457, 0.270347) of lib_cell 'NAND4X1AS9'
  ramp 0.000000 at pin 'D1' of cell 'u_LOGIC_CENTER/LINK_LOGIC/CSPI_CMD_ALIGN_L1/I_INDATA_D1_reg_16_' is out of ramp range (0.005680, 1.182430) of lib_cell 'AND2DFFRBQX1AS9'
  ramp 0.000000 at pin 'D1' of cell 'u_LOGIC_CENTER/LINK_LOGIC/CSPI_CMD_ALIGN_L1/BLANK_EN_reg' is out of ramp range (0.005680, 1.182430) of lib_cell 'AND2DFFRBQX1AS9'
  ramp 0.000000 at pin 'D1' of cell 'u_LOGIC_CENTER/LINK_LOGIC/CSPI_CMD_ALIGN_L1/I_INDATA_D3_reg_16_' is out of ramp range (0.005680, 1.182430) of lib_cell 'AND2DFFRBQX2AS9'
  ramp 0.000000 at pin 'D1' of cell 'u_LOGIC_CENTER/LINK_LOGIC/CSPI_CMD_ALIGN_L1/I_INDATA_D2_reg_0_' is out of ramp range (0.005680, 1.182430) of lib_cell 'AND2DFFRBQX1AS9'
  ramp 0.000000 at pin 'D1' of cell 'u_LOGIC_CENTER/LINK_LOGIC/CSPI_CMD_ALIGN_L1/I_INDATA_D1_reg_5_' is out of ramp range (0.005680, 1.182430) of lib_cell 'AND2DFFRBQX1AS9'
  load 0.001472 at pin 'O' of cell 'u_LOGIC_CENTER/LINK_LOGIC/CSPI_CMD_ALIGN_L1/U340' is out of load range (0.002457, 0.135174) of lib_cell 'AO22X05AS9'
  load 0.001587 at pin 'O' of cell 'u_LOGIC_CENTER/LINK_LOGIC/CSPI_CMD_ALIGN_L1/U341' is out of load range (0.002457, 0.135174) of lib_cell 'AO22X05AS9'
  load 0.001472 at pin 'O' of cell 'u_LOGIC_CENTER/LINK_LOGIC/CSPI_CMD_ALIGN_L1/U342' is out of load range (0.002457, 0.135174) of lib_cell 'AO112X05AS9'
  load 0.001472 at pin 'O' of cell 'u_LOGIC_CENTER/LINK_LOGIC/CSPI_CMD_ALIGN_L1/U152' is out of load range (0.002457, 0.135174) of lib_cell 'AO22X05AS9'
  load 0.001587 at pin 'O' of cell 'u_LOGIC_CENTER/LINK_LOGIC/CSPI_CMD_ALIGN_L1/U153' is out of load range (0.002457, 0.135174) of lib_cell 'AO22X05AS9'
  ramp 0.000000 at pin 'D1' of cell 'u_LOGIC_CENTER/LINK_LOGIC/CSPI_CMD_ALIGN_L1/I_INDATA_D1_reg_17_' is out of ramp range (0.005680, 1.182430) of lib_cell 'AND2DFFRBQX1AS9'
  ramp 0.000000 at pin 'D1' of cell 'u_LOGIC_CENTER/LINK_LOGIC/CSPI_CMD_ALIGN_L1/I_INDATA_D3_reg_17_' is out of ramp range (0.005680, 1.182430) of lib_cell 'AND2DFFRBQX1AS9'
  ramp 0.000000 at pin 'D1' of cell 'u_LOGIC_CENTER/LINK_LOGIC/CSPI_CMD_ALIGN_L1/I_INDATA_D2_reg_1_' is out of ramp range (0.005680, 1.182430) of lib_cell 'AND2DFFRBQX1AS9'
  ramp 0.000000 at pin 'D1' of cell 'u_LOGIC_CENTER/LINK_LOGIC/CSPI_CMD_ALIGN_L1/I_INDATA_D1_reg_6_' is out of ramp range (0.005680, 1.182430) of lib_cell 'AND2DFFRBQX1AS9'
  load 0.001587 at pin 'O' of cell 'u_LOGIC_CENTER/LINK_LOGIC/CSPI_CMD_ALIGN_L1/U351' is out of load range (0.002457, 0.270347) of lib_cell 'NAND4X1AS9'
  ramp 0.000000 at pin 'D1' of cell 'u_LOGIC_CENTER/LINK_LOGIC/CSPI_CMD_ALIGN_L1/BAC_REG_D1_reg' is out of ramp range (0.005680, 1.182430) of lib_cell 'AND2DFFRBQX1AS9'
  load 0.001472 at pin 'O' of cell 'u_LOGIC_CENTER/LINK_LOGIC/CSPI_CMD_ALIGN_L1/U353' is out of load range (0.002457, 0.135174) of lib_cell 'AO22X05AS9'
  load 0.001587 at pin 'O' of cell 'u_LOGIC_CENTER/LINK_LOGIC/CSPI_CMD_ALIGN_L1/U354' is out of load range (0.002457, 0.135174) of lib_cell 'AO22X05AS9'
  load 0.001472 at pin 'O' of cell 'u_LOGIC_CENTER/LINK_LOGIC/CSPI_CMD_ALIGN_L1/U355' is out of load range (0.002457, 0.135174) of lib_cell 'AO112X05AS9'
  load 0.001472 at pin 'O' of cell 'u_LOGIC_CENTER/LINK_LOGIC/CSPI_CMD_ALIGN_L1/U166' is out of load range (0.002457, 0.135174) of lib_cell 'AO22X05AS9'
  ramp 0.000000 at pin 'D1' of cell 'u_LOGIC_CENTER/LINK_LOGIC/CSPI_CMD_ALIGN_L1/I_INDATA_D2_reg_2_' is out of ramp range (0.005680, 1.182430) of lib_cell 'AND2DFFRBQX1AS9'
  ramp 0.000000 at pin 'D1' of cell 'u_LOGIC_CENTER/LINK_LOGIC/CSPI_CMD_ALIGN_L1/I_INDATA_D1_reg_7_' is out of ramp range (0.005680, 1.182430) of lib_cell 'AND2DFFRBQX1AS9'
  load 0.001587 at pin 'O' of cell 'u_LOGIC_CENTER/LINK_LOGIC/CSPI_CMD_ALIGN_L1/U364' is out of load range (0.002457, 0.270347) of lib_cell 'NAND4X1AS9'
  load 0.001472 at pin 'O' of cell 'u_LOGIC_CENTER/LINK_LOGIC/CSPI_CMD_ALIGN_L1/U366' is out of load range (0.002457, 0.135174) of lib_cell 'AO22X05AS9'
  load 0.001587 at pin 'O' of cell 'u_LOGIC_CENTER/LINK_LOGIC/CSPI_CMD_ALIGN_L1/U367' is out of load range (0.002457, 0.135174) of lib_cell 'AO22X05AS9'
  load 0.001472 at pin 'O' of cell 'u_LOGIC_CENTER/LINK_LOGIC/CSPI_CMD_ALIGN_L1/U368' is out of load range (0.002457, 0.135174) of lib_cell 'AO112X05AS9'
  load 0.001472 at pin 'O' of cell 'u_LOGIC_CENTER/LINK_LOGIC/CSPI_CMD_ALIGN_L1/U178' is out of load range (0.002457, 0.135174) of lib_cell 'AO22X05AS9'
  load 0.001587 at pin 'O' of cell 'u_LOGIC_CENTER/LINK_LOGIC/CSPI_CMD_ALIGN_L1/U179' is out of load range (0.002457, 0.135174) of lib_cell 'AO22X05AS9'
  ramp 0.000000 at pin 'D1' of cell 'u_LOGIC_CENTER/LINK_LOGIC/CSPI_CMD_ALIGN_L1/I_INDATA_D2_reg_3_' is out of ramp range (0.005680, 1.182430) of lib_cell 'AND2DFFRBQX1AS9'
  ramp 0.000000 at pin 'D1' of cell 'u_LOGIC_CENTER/LINK_LOGIC/CSPI_CMD_ALIGN_L1/I_INDATA_D1_reg_8_' is out of ramp range (0.005680, 1.182430) of lib_cell 'AND2DFFRBQX1AS9'
  load 0.001587 at pin 'O' of cell 'u_LOGIC_CENTER/LINK_LOGIC/CSPI_CMD_ALIGN_L1/U377' is out of load range (0.002457, 0.270347) of lib_cell 'NAND4X1AS9'
  ramp 0.000000 at pin 'D1' of cell 'u_LOGIC_CENTER/LINK_LOGIC/CSPI_CMD_ALIGN_L1/I_INDATA_D2_reg_4_' is out of ramp range (0.005680, 1.182430) of lib_cell 'AND2DFFRBQX1AS9'
  ramp 0.000000 at pin 'D1' of cell 'u_LOGIC_CENTER/LINK_LOGIC/CSPI_CMD_ALIGN_L1/I_INDATA_D1_reg_9_' is out of ramp range (0.005680, 1.182430) of lib_cell 'AND2DFFRBQX1AS9'
  load 0.001472 at pin 'O' of cell 'u_LOGIC_CENTER/LINK_LOGIC/CSPI_CMD_ALIGN_L1/U191' is out of load range (0.002457, 0.135174) of lib_cell 'AO22X05AS9'
  ramp 0.000000 at pin 'D1' of cell 'u_LOGIC_CENTER/LINK_LOGIC/CSPI_CMD_ALIGN_L1/BAC_CMD_TOG_reg' is out of ramp range (0.005680, 1.182430) of lib_cell 'AND2DFFRBQX1AS9'
  load 0.001587 at pin 'O' of cell 'u_LOGIC_CENTER/LINK_LOGIC/CSPI_CMD_ALIGN_L1/U192' is out of load range (0.002457, 0.135174) of lib_cell 'AO22X05AS9'
  ramp 0.000000 at pin 'D1' of cell 'u_LOGIC_CENTER/LINK_LOGIC/CSPI_CMD_ALIGN_L1/I_INDATA_D2_reg_5_' is out of ramp range (0.005680, 1.182430) of lib_cell 'AND2DFFRBQX1AS9'
  load 0.001566 at pin 'O' of cell 'u_LOGIC_CENTER/LINK_LOGIC/CSPI_CMD_ALIGN_L1/U390' is out of load range (0.002457, 0.270347) of lib_cell 'XNOR3X1AS9'
  ramp 0.000000 at pin 'D1' of cell 'u_LOGIC_CENTER/LINK_LOGIC/CSPI_CMD_ALIGN_L1/DATA_POINT_LAT_TMP_reg_4_' is out of ramp range (0.005680, 1.182430) of lib_cell 'AND2DFFRBQX1AS9'
  load 0.001620 at pin 'O' of cell 'u_LOGIC_CENTER/LINK_LOGIC/CSPI_CMD_ALIGN_L1/U399' is out of load range (0.002457, 0.270347) of lib_cell 'NAND4X1AS9'
  load 0.001472 at pin 'O' of cell 'u_LOGIC_CENTER/LINK_LOGIC/CSPI_CMD_ALIGN_L1/U204' is out of load range (0.002457, 0.135174) of lib_cell 'AO22X05AS9'
  ramp 0.000000 at pin 'D1' of cell 'u_LOGIC_CENTER/LINK_LOGIC/CSPI_CMD_ALIGN_L1/I_INDATA_D2_reg_6_' is out of ramp range (0.005680, 1.182430) of lib_cell 'AND2DFFRBQX1AS9'
  load 0.001587 at pin 'O' of cell 'u_LOGIC_CENTER/LINK_LOGIC/CSPI_CMD_ALIGN_L1/U205' is out of load range (0.002457, 0.135174) of lib_cell 'AO22X05AS9'
  ramp 0.000000 at pin 'D1' of cell 'u_LOGIC_CENTER/LINK_LOGIC/CSPI_CMD_ALIGN_L1/I_INDATA_D2_reg_10_' is out of ramp range (0.005680, 1.182430) of lib_cell 'AND2DFFRBQX1AS9'
  ramp 0.000000 at pin 'D1' of cell 'u_LOGIC_CENTER/LINK_LOGIC/CSPI_CMD_ALIGN_L1/I_INDATA_D2_reg_7_' is out of ramp range (0.005680, 1.182430) of lib_cell 'AND2DFFRBQX1AS9'
  load 0.001836 at pin 'O' of cell 'u_LOGIC_CENTER/LINK_LOGIC/CSPI_CMD_ALIGN_L1/U408' is out of load range (0.002457, 0.270347) of lib_cell 'NAND4X1AS9'
  ramp 0.000000 at pin 'D1' of cell 'u_LOGIC_CENTER/LINK_LOGIC/CSPI_CMD_ALIGN_L1/DATA_POINT_LAT_TMP_reg_6_' is out of ramp range (0.005680, 1.182430) of lib_cell 'AND2DFFRBQX1AS9'
  ramp 0.000000 at pin 'TE' of cell 'u_LOGIC_CENTER/LINK_LOGIC/CSPI_CMD_ALIGN_L1/iSP_UTC_DET_L1/SNPS_CG_CELL_DCLK_SETTING_CNT_reg_0/latch' is out of ramp range (0.005680, 1.182430) of lib_cell 'GCKHBQX8AS9'
  load 0.001540 at pin 'O' of cell 'u_LOGIC_CENTER/LINK_LOGIC/CSPI_CMD_ALIGN_L1/iSP_UTC_DET_L1/U80' is out of load range (0.002457, 0.270347) of lib_cell 'OAI12B2X1AS9'
  ramp 0.000000 at pin 'D1' of cell 'u_LOGIC_CENTER/LINK_LOGIC/CSPI_CMD_ALIGN_L1/iSP_UTC_DET_L1/POL_EN_N_reg' is out of ramp range (0.005680, 1.182430) of lib_cell 'AND2DFFRBQX1AS9'
  load 0.001683 at pin 'O' of cell 'u_LOGIC_CENTER/LINK_LOGIC/CSPI_CMD_ALIGN_L1/iSP_UTC_DET_L1/U81' is out of load range (0.002457, 0.135174) of lib_cell 'AO222X05AS9'
  load 0.001683 at pin 'O' of cell 'u_LOGIC_CENTER/LINK_LOGIC/CSPI_CMD_ALIGN_L1/iSP_UTC_DET_L1/U85' is out of load range (0.002457, 0.135174) of lib_cell 'AO222X05AS9'
  ramp 0.000000 at pin 'D1' of cell 'u_LOGIC_CENTER/LINK_LOGIC/CSPI_CMD_ALIGN_L1/iSP_UTC_DET_L1/DATA_NUM_CNT_reg_6_' is out of ramp range (0.005680, 1.182430) of lib_cell 'AND2DFFRBQX1AS9'
  load 0.001549 at pin 'O' of cell 'u_LOGIC_CENTER/LINK_LOGIC/CSPI_CMD_ALIGN_L1/iSP_UTC_DET_L1/U88' is out of load range (0.002457, 0.135174) of lib_cell 'NOR2X05AS9'
  load 0.001691 at pin 'O' of cell 'u_LOGIC_CENTER/LINK_LOGIC/CSPI_CMD_ALIGN_L1/iSP_UTC_DET_L1/U89' is out of load range (0.002457, 0.135174) of lib_cell 'AO22X05AS9'
  ramp 0.000000 at pin 'D1' of cell 'u_LOGIC_CENTER/LINK_LOGIC/CSPI_CMD_ALIGN_L1/iSP_UTC_DET_L1/BKPOL_EN_N_reg' is out of ramp range (0.005680, 1.182430) of lib_cell 'AND2DFFRBQX1AS9'
  ramp 0.000000 at pin 'D1' of cell 'u_LOGIC_CENTER/LINK_LOGIC/CSPI_CMD_ALIGN_L1/iSP_UTC_DET_L1/DATA_NUM_CNT_reg_1_' is out of ramp range (0.005680, 1.182430) of lib_cell 'AND2DFFRBQX1AS9'
  load 0.001554 at pin 'Q' of cell 'u_LOGIC_CENTER/LINK_LOGIC/CSPI_CMD_ALIGN_L1/iSP_UTC_DET_L1/SETTING_CNT_reg_4_' is out of load range (0.002457, 0.270347) of lib_cell 'AND2DFFRBQX1AS9'
  ramp 0.000000 at pin 'D1' of cell 'u_LOGIC_CENTER/LINK_LOGIC/CSPI_CMD_ALIGN_L1/iSP_UTC_DET_L1/SETTING_CNT_reg_4_' is out of ramp range (0.005680, 1.182430) of lib_cell 'AND2DFFRBQX1AS9'
  ramp 0.000000 at pin 'TE' of cell 'u_LOGIC_CENTER/LINK_LOGIC/CSPI_CMD_ALIGN_L1/iSP_UTC_DET_L1/SNPS_CG_CELL_DCLK_FRM_UTC_ERR_CNT_reg_0/latch' is out of ramp range (0.005680, 1.182430) of lib_cell 'GCKHBQX8AS9'
  load 0.001683 at pin 'O' of cell 'u_LOGIC_CENTER/LINK_LOGIC/CSPI_CMD_ALIGN_L1/iSP_UTC_DET_L1/U90' is out of load range (0.002457, 0.135174) of lib_cell 'AO13X05AS9'
  load 0.001683 at pin 'O' of cell 'u_LOGIC_CENTER/LINK_LOGIC/CSPI_CMD_ALIGN_L1/iSP_UTC_DET_L1/U92' is out of load range (0.002457, 0.270347) of lib_cell 'AOI222X1AS9'
  load 0.001691 at pin 'O' of cell 'u_LOGIC_CENTER/LINK_LOGIC/CSPI_CMD_ALIGN_L1/iSP_UTC_DET_L1/U93' is out of load range (0.002457, 0.135174) of lib_cell 'AO22X05AS9'
  ramp 0.000000 at pin 'D1' of cell 'u_LOGIC_CENTER/LINK_LOGIC/CSPI_CMD_ALIGN_L1/iSP_UTC_DET_L1/ENA_TIME_reg' is out of ramp range (0.005680, 1.182430) of lib_cell 'AND2DFFRBQX1AS9'
  ramp 0.000000 at pin 'TE' of cell 'u_LOGIC_CENTER/LINK_LOGIC/CSPI_CMD_ALIGN_L1/iSP_UTC_DET_L1/SNPS_CG_CELL_DCLK_DATA_NUM_CNT_reg_0/latch' is out of ramp range (0.005680, 1.182430) of lib_cell 'GCKHBQX8AS9'
  load 0.001683 at pin 'O' of cell 'u_LOGIC_CENTER/LINK_LOGIC/CSPI_CMD_ALIGN_L1/iSP_UTC_DET_L1/U94' is out of load range (0.002457, 0.135174) of lib_cell 'AO13X05AS9'
  load 0.001675 at pin 'O' of cell 'u_LOGIC_CENTER/LINK_LOGIC/CSPI_CMD_ALIGN_L1/iSP_UTC_DET_L1/U148' is out of load range (0.002457, 0.135174) of lib_cell 'NOR2X05AS9'
  ramp 0.000000 at pin 'D1' of cell 'u_LOGIC_CENTER/LINK_LOGIC/CSPI_CMD_ALIGN_L1/iSP_UTC_DET_L1/DATA_NUM_CNT_reg_7_' is out of ramp range (0.005680, 1.182430) of lib_cell 'AND2DFFRBQX1AS9'
  load 0.001878 at pin 'O' of cell 'u_LOGIC_CENTER/LINK_LOGIC/CSPI_CMD_ALIGN_L1/iSP_UTC_DET_L1/U149' is out of load range (0.002457, 0.081104) of lib_cell 'INVX03AS9'
  load 0.001472 at pin 'O' of cell 'u_LOGIC_CENTER/LINK_LOGIC/CSPI_CMD_ALIGN_L1/iSP_UTC_DET_L1/U98' is out of load range (0.002457, 0.270347) of lib_cell 'AOI21B1X1AS9'
  load 0.001676 at pin 'O' of cell 'u_LOGIC_CENTER/LINK_LOGIC/CSPI_CMD_ALIGN_L1/iSP_UTC_DET_L1/U40' is out of load range (0.002457, 0.135174) of lib_cell 'NAND3X05AS9'
  load 0.001587 at pin 'O' of cell 'u_LOGIC_CENTER/LINK_LOGIC/CSPI_CMD_ALIGN_L1/iSP_UTC_DET_L1/U99' is out of load range (0.002457, 0.270347) of lib_cell 'LOWMUX2X1AS9'
  ramp 0.000000 at pin 'D1' of cell 'u_LOGIC_CENTER/LINK_LOGIC/CSPI_CMD_ALIGN_L1/iSP_UTC_DET_L1/UTC_ERR_CNT_reg_0_' is out of ramp range (0.005680, 1.182430) of lib_cell 'AND2DFFRBQX1AS9'
  ramp 0.000000 at pin 'D1' of cell 'u_LOGIC_CENTER/LINK_LOGIC/CSPI_CMD_ALIGN_L1/iSP_UTC_DET_L1/DATA_NUM_CNT_reg_2_' is out of ramp range (0.005680, 1.182430) of lib_cell 'AND2DFFRBQX1AS9'
  load 0.001554 at pin 'S' of cell 'u_LOGIC_CENTER/LINK_LOGIC/CSPI_CMD_ALIGN_L1/iSP_UTC_DET_L1/U48' is out of load range (0.002457, 0.135174) of lib_cell 'FAX05AS9'
  ramp 0.000000 at pin 'TE' of cell 'u_LOGIC_CENTER/LINK_LOGIC/CSPI_CMD_ALIGN_L1/iSP_UTC_DET_L1/SNPS_CG_CELL_DCLK_UTC_CLR_reg_0/latch' is out of ramp range (0.005680, 1.182430) of lib_cell 'GCKHBQX8AS9'
  ramp 0.000000 at pin 'D1' of cell 'u_LOGIC_CENTER/LINK_LOGIC/CSPI_CMD_ALIGN_L1/iSP_UTC_DET_L1/SETTING_CNT_reg_0_' is out of ramp range (0.005680, 1.182430) of lib_cell 'AND2DFFRBQX1AS9'
  load 0.001683 at pin 'O' of cell 'u_LOGIC_CENTER/LINK_LOGIC/CSPI_CMD_ALIGN_L1/iSP_UTC_DET_L1/U100' is out of load range (0.002457, 0.135174) of lib_cell 'AO112X05AS9'
  ramp 0.000000 at pin 'D1' of cell 'u_LOGIC_CENTER/LINK_LOGIC/CSPI_CMD_ALIGN_L1/iSP_UTC_DET_L1/DATA_NUM_CNT_reg_8_' is out of ramp range (0.005680, 1.182430) of lib_cell 'AND2DFFRBQX1AS9'
  load 0.001836 at pin 'O' of cell 'u_LOGIC_CENTER/LINK_LOGIC/CSPI_CMD_ALIGN_L1/iSP_UTC_DET_L1/U159' is out of load range (0.002457, 0.270347) of lib_cell 'NAND4B1X1AS9'
  load 0.001549 at pin 'O' of cell 'u_LOGIC_CENTER/LINK_LOGIC/CSPI_CMD_ALIGN_L1/iSP_UTC_DET_L1/U103' is out of load range (0.002457, 0.081104) of lib_cell 'INVX03AS9'
  load 0.001676 at pin 'O' of cell 'u_LOGIC_CENTER/LINK_LOGIC/CSPI_CMD_ALIGN_L1/iSP_UTC_DET_L1/U51' is out of load range (0.002457, 0.135174) of lib_cell 'INVX05AS9'
  ramp 0.000000 at pin 'D1' of cell 'u_LOGIC_CENTER/LINK_LOGIC/CSPI_CMD_ALIGN_L1/iSP_UTC_DET_L1/UTC_ERR_CNT_reg_1_' is out of ramp range (0.005680, 1.182430) of lib_cell 'AND2DFFRBQX1AS9'
  load 0.001691 at pin 'O' of cell 'u_LOGIC_CENTER/LINK_LOGIC/CSPI_CMD_ALIGN_L1/iSP_UTC_DET_L1/U104' is out of load range (0.002457, 0.135174) of lib_cell 'AO22X05AS9'
  load 0.001683 at pin 'O' of cell 'u_LOGIC_CENTER/LINK_LOGIC/CSPI_CMD_ALIGN_L1/iSP_UTC_DET_L1/U105' is out of load range (0.002457, 0.135174) of lib_cell 'AO13X05AS9'
  ramp 0.000000 at pin 'D1' of cell 'u_LOGIC_CENTER/LINK_LOGIC/CSPI_CMD_ALIGN_L1/iSP_UTC_DET_L1/DATA_NUM_CNT_reg_3_' is out of ramp range (0.005680, 1.182430) of lib_cell 'AND2DFFRBQX1AS9'
  load 0.001708 at pin 'Q' of cell 'u_LOGIC_CENTER/LINK_LOGIC/CSPI_CMD_ALIGN_L1/iSP_UTC_DET_L1/VS_1T_D1_reg' is out of load range (0.002457, 0.270347) of lib_cell 'AND2DFFRBQX1AS9'
  ramp 0.000000 at pin 'D1' of cell 'u_LOGIC_CENTER/LINK_LOGIC/CSPI_CMD_ALIGN_L1/iSP_UTC_DET_L1/SETTING_CNT_reg_1_' is out of ramp range (0.005680, 1.182430) of lib_cell 'AND2DFFRBQX1AS9'
  ramp 0.000000 at pin 'D1' of cell 'u_LOGIC_CENTER/LINK_LOGIC/CSPI_CMD_ALIGN_L1/iSP_UTC_DET_L1/SETTING_EN_reg' is out of ramp range (0.005680, 1.182430) of lib_cell 'AND2DFFRBQX1AS9'
  ramp 0.000000 at pin 'D1' of cell 'u_LOGIC_CENTER/LINK_LOGIC/CSPI_CMD_ALIGN_L1/iSP_UTC_DET_L1/DATA_NUM_CNT_reg_10_' is out of ramp range (0.005680, 1.182430) of lib_cell 'AND2DFFRBQX1AS9'
  ramp 0.000000 at pin 'D1' of cell 'u_LOGIC_CENTER/LINK_LOGIC/CSPI_CMD_ALIGN_L1/iSP_UTC_DET_L1/POL_EN_P_reg' is out of ramp range (0.005680, 1.182430) of lib_cell 'AND2DFFRBQX1AS9'
  load 0.001712 at pin 'O' of cell 'u_LOGIC_CENTER/LINK_LOGIC/CSPI_CMD_ALIGN_L1/iSP_UTC_DET_L1/U160' is out of load range (0.002457, 0.135174) of lib_cell 'OA13X05AS9'
  ramp 0.000000 at pin 'D1' of cell 'u_LOGIC_CENTER/LINK_LOGIC/CSPI_CMD_ALIGN_L1/iSP_UTC_DET_L1/DATA_NUM_CNT_reg_9_' is out of ramp range (0.005680, 1.182430) of lib_cell 'AND2DFFRBQX1AS9'
  ramp 0.000000 at pin 'D1' of cell 'u_LOGIC_CENTER/LINK_LOGIC/CSPI_CMD_ALIGN_L1/iSP_UTC_DET_L1/BKPOL_EN_P_reg' is out of ramp range (0.005680, 1.182430) of lib_cell 'AND2DFFRBQX1AS9'
  load 0.001472 at pin 'O' of cell 'u_LOGIC_CENTER/LINK_LOGIC/CSPI_CMD_ALIGN_L1/iSP_UTC_DET_L1/U112' is out of load range (0.002457, 0.270347) of lib_cell 'AOI12B2X1AS9'
  load 0.001554 at pin 'Q' of cell 'u_LOGIC_CENTER/LINK_LOGIC/CSPI_CMD_ALIGN_L1/iSP_UTC_DET_L1/ENA_TIME_D1_reg' is out of load range (0.002457, 0.270347) of lib_cell 'AND2DFFRBQX1AS9'
  ramp 0.000000 at pin 'D1' of cell 'u_LOGIC_CENTER/LINK_LOGIC/CSPI_CMD_ALIGN_L1/iSP_UTC_DET_L1/ENA_TIME_D1_reg' is out of ramp range (0.005680, 1.182430) of lib_cell 'AND2DFFRBQX1AS9'
  ramp 0.000000 at pin 'D1' of cell 'u_LOGIC_CENTER/LINK_LOGIC/CSPI_CMD_ALIGN_L1/iSP_UTC_DET_L1/DATA_NUM_CNT_reg_4_' is out of ramp range (0.005680, 1.182430) of lib_cell 'AND2DFFRBQX1AS9'
  load 0.001676 at pin 'O' of cell 'u_LOGIC_CENTER/LINK_LOGIC/CSPI_CMD_ALIGN_L1/iSP_UTC_DET_L1/U11' is out of load range (0.002457, 0.081104) of lib_cell 'INVX03AS9'
  load 0.001625 at pin 'O' of cell 'u_LOGIC_CENTER/LINK_LOGIC/CSPI_CMD_ALIGN_L1/iSP_UTC_DET_L1/U12' is out of load range (0.002457, 0.081104) of lib_cell 'INVX03AS9'
  ramp 0.000000 at pin 'D1' of cell 'u_LOGIC_CENTER/LINK_LOGIC/CSPI_CMD_ALIGN_L1/iSP_UTC_DET_L1/KEY_RST_18UI_reg' is out of ramp range (0.005680, 1.182430) of lib_cell 'AND2DFFRBQX1AS9'
  ramp 0.000000 at pin 'D1' of cell 'u_LOGIC_CENTER/LINK_LOGIC/CSPI_CMD_ALIGN_L1/iSP_UTC_DET_L1/SETTING_CNT_reg_2_' is out of ramp range (0.005680, 1.182430) of lib_cell 'AND2DFFRBQX1AS9'
  ramp 0.000000 at pin 'D1' of cell 'u_LOGIC_CENTER/LINK_LOGIC/CSPI_CMD_ALIGN_L1/iSP_UTC_DET_L1/UTC_CHECK_TIME_reg' is out of ramp range (0.005680, 1.182430) of lib_cell 'AND2DFFRBQX1AS9'
  load 0.001683 at pin 'O' of cell 'u_LOGIC_CENTER/LINK_LOGIC/CSPI_CMD_ALIGN_L1/iSP_UTC_DET_L1/U70' is out of load range (0.002457, 0.270347) of lib_cell 'OAI12B2X1AS9'
  ramp 0.000000 at pin 'D1' of cell 'u_LOGIC_CENTER/LINK_LOGIC/CSPI_CMD_ALIGN_L1/iSP_UTC_DET_L1/DATA_NUM_CNT_reg_5_' is out of ramp range (0.005680, 1.182430) of lib_cell 'AND2DFFRBQX1AS9'
  load 0.001683 at pin 'O' of cell 'u_LOGIC_CENTER/LINK_LOGIC/CSPI_CMD_ALIGN_L1/iSP_UTC_DET_L1/U78' is out of load range (0.002457, 0.135174) of lib_cell 'AO22X05AS9'
  ramp 0.000000 at pin 'D1' of cell 'u_LOGIC_CENTER/LINK_LOGIC/CSPI_CMD_ALIGN_L1/iSP_UTC_DET_L1/DATA_NUM_CNT_reg_0_' is out of ramp range (0.005680, 1.182430) of lib_cell 'AND2DFFRBQX1AS9'
  ramp 0.000000 at pin 'D1' of cell 'u_LOGIC_CENTER/LINK_LOGIC/CSPI_CMD_ALIGN_L1/iSP_UTC_DET_L1/SETTING_CNT_reg_3_' is out of ramp range (0.005680, 1.182430) of lib_cell 'AND2DFFRBQX1AS9'
  ramp 0.000000 at pin 'D1' of cell 'u_LOGIC_CENTER/LINK_LOGIC/CSPI_CMD_ALIGN_L1/I_INDATA_D2_reg_11_' is out of ramp range (0.005680, 1.182430) of lib_cell 'AND2DFFRBQX1AS9'
  ramp 0.000000 at pin 'D1' of cell 'u_LOGIC_CENTER/LINK_LOGIC/CSPI_CMD_ALIGN_L1/I_INDATA_D2_reg_8_' is out of ramp range (0.005680, 1.182430) of lib_cell 'AND2DFFRBQX1AS9'
  ramp 0.000000 at pin 'D1' of cell 'u_LOGIC_CENTER/LINK_LOGIC/CSPI_CMD_ALIGN_L1/I_INDATA_D2_reg_12_' is out of ramp range (0.005680, 1.182430) of lib_cell 'AND2DFFRBQX1AS9'
  ramp 0.000000 at pin 'D1' of cell 'u_LOGIC_CENTER/LINK_LOGIC/CSPI_CMD_ALIGN_L1/I_INDATA_D2_reg_9_' is out of ramp range (0.005680, 1.182430) of lib_cell 'AND2DFFRBQX1AS9'
  ramp 0.000000 at pin 'D1' of cell 'u_LOGIC_CENTER/LINK_LOGIC/CSPI_CMD_ALIGN_L1/I_INDATA_D2_reg_13_' is out of ramp range (0.005680, 1.182430) of lib_cell 'AND2DFFRBQX1AS9'
  load 0.001683 at pin 'Q' of cell 'u_LOGIC_CENTER/LINK_LOGIC/CSPI_CMD_ALIGN_L1/I_INDATA_D3_reg_0_' is out of load range (0.002457, 0.270347) of lib_cell 'AND2DFFRBQX1AS9'
  ramp 0.000000 at pin 'D1' of cell 'u_LOGIC_CENTER/LINK_LOGIC/CSPI_CMD_ALIGN_L1/I_INDATA_D3_reg_0_' is out of ramp range (0.005680, 1.182430) of lib_cell 'AND2DFFRBQX1AS9'
  ramp 0.000000 at pin 'D1' of cell 'u_LOGIC_CENTER/LINK_LOGIC/CSPI_CMD_ALIGN_L1/I_INDATA_D2_reg_14_' is out of ramp range (0.005680, 1.182430) of lib_cell 'AND2DFFRBQX1AS9'
  load 0.001472 at pin 'O' of cell 'u_LOGIC_CENTER/LINK_LOGIC/CSPI_CMD_ALIGN_L1/U259' is out of load range (0.002457, 0.135174) of lib_cell 'AO22X05AS9'
  ramp 0.000000 at pin 'D1' of cell 'u_LOGIC_CENTER/LINK_LOGIC/CSPI_CMD_ALIGN_L1/I_INDATA_D3_reg_1_' is out of ramp range (0.005680, 1.182430) of lib_cell 'AND2DFFRBQX1AS9'
  ramp 0.000000 at pin 'D1' of cell 'u_LOGIC_CENTER/LINK_LOGIC/CSPI_CMD_ALIGN_L1/I_INDATA_D2_reg_15_' is out of ramp range (0.005680, 1.182430) of lib_cell 'AND2DFFRBQX1AS9'
  load 0.001472 at pin 'O' of cell 'u_LOGIC_CENTER/LINK_LOGIC/CSPI_CMD_ALIGN_L1/U260' is out of load range (0.002457, 0.135174) of lib_cell 'AO112X05AS9'
  load 0.001472 at pin 'O' of cell 'u_LOGIC_CENTER/LINK_LOGIC/CSPI_CMD_ALIGN_L1/U268' is out of load range (0.002457, 0.270347) of lib_cell 'NAND4X1AS9'
  load 0.001587 at pin 'O' of cell 'u_LOGIC_CENTER/LINK_LOGIC/CSPI_CMD_ALIGN_L1/U269' is out of load range (0.002457, 0.135174) of lib_cell 'AO22X05AS9'
  load 0.001587 at pin 'O' of cell 'u_LOGIC_CENTER/LINK_LOGIC/CSPI_CMD_ALIGN_L1/U18' is out of load range (0.002457, 0.135174) of lib_cell 'AO22X05AS9'
  load 0.001587 at pin 'O' of cell 'u_LOGIC_CENTER/LINK_LOGIC/CSPI_CMD_ALIGN_L1/U19' is out of load range (0.002457, 0.135174) of lib_cell 'AO22X05AS9'
  ramp 0.000000 at pin 'D1' of cell 'u_LOGIC_CENTER/LINK_LOGIC/CSPI_CMD_ALIGN_L1/I_INDATA_D3_reg_2_' is out of ramp range (0.005680, 1.182430) of lib_cell 'AND2DFFRBQX1AS9'
  ramp 0.000000 at pin 'D1' of cell 'u_LOGIC_CENTER/LINK_LOGIC/CSPI_CMD_ALIGN_L1/I_INDATA_D2_reg_16_' is out of ramp range (0.005680, 1.182430) of lib_cell 'AND2DFFRBQX1AS9'
  load 0.001587 at pin 'O' of cell 'u_LOGIC_CENTER/LINK_LOGIC/CSPI_CMD_ALIGN_L1/U270' is out of load range (0.002457, 0.135174) of lib_cell 'AO112X05AS9'
  load 0.001472 at pin 'O' of cell 'u_LOGIC_CENTER/LINK_LOGIC/CSPI_CMD_ALIGN_L1/U272' is out of load range (0.002457, 0.135174) of lib_cell 'AO22X05AS9'
  load 0.001587 at pin 'O' of cell 'u_LOGIC_CENTER/LINK_LOGIC/CSPI_CMD_ALIGN_L1/U273' is out of load range (0.002457, 0.135174) of lib_cell 'AO22X05AS9'
  load 0.001472 at pin 'O' of cell 'u_LOGIC_CENTER/LINK_LOGIC/CSPI_CMD_ALIGN_L1/U274' is out of load range (0.002457, 0.135174) of lib_cell 'AO112X05AS9'
  load 0.001587 at pin 'O' of cell 'u_LOGIC_CENTER/LINK_LOGIC/CSPI_CMD_ALIGN_L1/U22' is out of load range (0.002457, 0.135174) of lib_cell 'AO22X05AS9'
  load 0.001756 at pin 'O' of cell 'u_LOGIC_CENTER/LINK_LOGIC/U5' is out of load range (0.002457, 0.270347) of lib_cell 'XOR2X1AS9'
  load 0.001549 at pin 'O' of cell 'u_LOGIC_CENTER/LINK_LOGIC/REG_MAPPING_HV2M23/U47' is out of load range (0.002457, 0.270347) of lib_cell 'CLKOR2X1AS9'
  load 0.001756 at pin 'O' of cell 'u_LOGIC_CENTER/LINK_LOGIC/REG_MAPPING_HV2M23/U50' is out of load range (0.002457, 0.135174) of lib_cell 'AO22X05AS9'
  load 0.001756 at pin 'O' of cell 'u_LOGIC_CENTER/LINK_LOGIC/REG_MAPPING_HV2M23/U48' is out of load range (0.002457, 0.135174) of lib_cell 'AO22X05AS9'
  load 0.001549 at pin 'O' of cell 'u_LOGIC_CENTER/LINK_LOGIC/REG_MAPPING_HV2M23/U49' is out of load range (0.002457, 0.270347) of lib_cell 'CLKOR2X1AS9'
  load 0.001537 at pin 'Q' of cell 'u_LOGIC_CENTER/LINK_LOGIC/REG_MAPPING_HV2M23/R_CS_reg_0_' is out of load range (0.002457, 0.135174) of lib_cell 'DFFRBQX05AS9'
  ramp 0.000000 at pin 'D1' of cell 'u_LOGIC_CENTER/LINK_LOGIC/LC_CSPIF_L0/R_DATA_reg_2_' is out of ramp range (0.005680, 1.182430) of lib_cell 'AND2DFFRBQX1AS9'
  ramp 0.000000 at pin 'TE' of cell 'u_LOGIC_CENTER/LINK_LOGIC/LC_CSPIF_L0/SNPS_CG_CELL_DCLK_RR_DATA_reg_0/latch' is out of ramp range (0.005680, 1.182430) of lib_cell 'GCKHBQX8AS9'
  load 0.001534 at pin 'O' of cell 'u_LOGIC_CENTER/LINK_LOGIC/LC_CSPIF_L0/U285' is out of load range (0.002457, 0.270347) of lib_cell 'AND3B2X1AS9'
  load 0.001757 at pin 'O' of cell 'u_LOGIC_CENTER/LINK_LOGIC/LC_CSPIF_L0/U478' is out of load range (0.002457, 0.135174) of lib_cell 'NOR2X05AS9'
  ramp 0.000000 at pin 'D1' of cell 'u_LOGIC_CENTER/LINK_LOGIC/LC_CSPIF_L0/DATA_24BIT_reg_7_' is out of ramp range (0.005680, 1.182430) of lib_cell 'AND2DFFRBQX1AS9'
  load 0.001756 at pin 'O' of cell 'u_LOGIC_CENTER/LINK_LOGIC/LC_CSPIF_L0/U479' is out of load range (0.002457, 0.135174) of lib_cell 'NOR2X05AS9'
  ramp 0.000000 at pin 'D1' of cell 'u_LOGIC_CENTER/LINK_LOGIC/LC_CSPIF_L0/DATA_24BIT_reg_20_' is out of ramp range (0.005680, 1.182430) of lib_cell 'AND2DFFRBQX1AS9'
  load 0.001534 at pin 'O' of cell 'u_LOGIC_CENTER/LINK_LOGIC/LC_CSPIF_L0/POSTROUTE_FE_PHC186_FE_OFN218_KEY_RST_18UI_L0_CLKGEN' is out of load range (0.002457, 0.081104) of lib_cell 'BUFX03AS9'
  ramp 0.000000 at pin 'D1' of cell 'u_LOGIC_CENTER/LINK_LOGIC/LC_CSPIF_L0/R_DATA_reg_3_' is out of ramp range (0.005680, 1.182430) of lib_cell 'AND2DFFRBQX1AS9'
  ramp 0.000000 at pin 'D1' of cell 'u_LOGIC_CENTER/LINK_LOGIC/LC_CSPIF_L0/DATA_PS_ENC_reg_12_' is out of ramp range (0.005680, 1.182430) of lib_cell 'AND2DFFRBQX1AS9'
  load 0.001756 at pin 'O' of cell 'u_LOGIC_CENTER/LINK_LOGIC/LC_CSPIF_L0/POSTROUTE_FE_PHC36_RDATA_SEL_2' is out of load range (0.002457, 0.270347) of lib_cell 'DEL0N15X1AS9'
  load 0.001836 at pin 'O' of cell 'u_LOGIC_CENTER/LINK_LOGIC/LC_CSPIF_L0/U483' is out of load range (0.002457, 0.270347) of lib_cell 'AOI222X1AS9'
  load 0.001534 at pin 'O' of cell 'u_LOGIC_CENTER/LINK_LOGIC/LC_CSPIF_L0/U292' is out of load range (0.002457, 0.270347) of lib_cell 'OAI22B2X1AS9'
  load 0.001676 at pin 'O' of cell 'u_LOGIC_CENTER/LINK_LOGIC/LC_CSPIF_L0/U486' is out of load range (0.002457, 0.135174) of lib_cell 'NAND3X05AS9'
  load 0.001537 at pin 'O' of cell 'u_LOGIC_CENTER/LINK_LOGIC/LC_CSPIF_L0/U294' is out of load range (0.002457, 0.270347) of lib_cell 'AND2B1X1AS9'
  load 0.001762 at pin 'O' of cell 'u_LOGIC_CENTER/LINK_LOGIC/LC_CSPIF_L0/POSTROUTE_FE_PHC180_FE_OFN218_KEY_RST_18UI_L0_CLKGEN' is out of load range (0.002457, 0.270347) of lib_cell 'DEL0N25X1AS9'
  ramp 0.000000 at pin 'D1' of cell 'u_LOGIC_CENTER/LINK_LOGIC/LC_CSPIF_L0/DATA_24BIT_reg_8_' is out of ramp range (0.005680, 1.182430) of lib_cell 'AND2DFFRBQX1AS9'
  ramp 0.000000 at pin 'D1' of cell 'u_LOGIC_CENTER/LINK_LOGIC/LC_CSPIF_L0/DATA_24BIT_reg_21_' is out of ramp range (0.005680, 1.182430) of lib_cell 'AND2DFFRBQX1AS9'
  ramp 0.000000 at pin 'D1' of cell 'u_LOGIC_CENTER/LINK_LOGIC/LC_CSPIF_L0/R_DATA_reg_4_' is out of ramp range (0.005680, 1.182430) of lib_cell 'AND2DFFRBQX1AS9'
  load 0.001534 at pin 'O' of cell 'u_LOGIC_CENTER/LINK_LOGIC/LC_CSPIF_L0/POSTROUTE_FE_PHC171_RDATA_SEL_6' is out of load range (0.002457, 0.081104) of lib_cell 'BUFX03AS9'
  ramp 0.000000 at pin 'D1' of cell 'u_LOGIC_CENTER/LINK_LOGIC/LC_CSPIF_L0/STB_A_reg' is out of ramp range (0.005680, 1.182430) of lib_cell 'AND2DFFRBQX1AS9'
  ramp 0.000000 at pin 'D1' of cell 'u_LOGIC_CENTER/LINK_LOGIC/LC_CSPIF_L0/DATA_PS_ENC_reg_13_' is out of ramp range (0.005680, 1.182430) of lib_cell 'AND2DFFRBQX1AS9'
  load 0.001836 at pin 'O' of cell 'u_LOGIC_CENTER/LINK_LOGIC/LC_CSPIF_L0/U496' is out of load range (0.002457, 0.135174) of lib_cell 'AO222X05AS9'
  ramp 0.000000 at pin 'SB' of cell 'u_LOGIC_CENTER/LINK_LOGIC/LC_CSPIF_L0/ADD_SE_OH_pre_reg_16_' is out of ramp range (0.005680, 1.182430) of lib_cell 'DFFRSBQBX05AS9'
  ramp 0.000000 at pin 'D1' of cell 'u_LOGIC_CENTER/LINK_LOGIC/LC_CSPIF_L0/DATA_24BIT_reg_9_' is out of ramp range (0.005680, 1.182430) of lib_cell 'AND2DFFRBQX1AS9'
  load 0.001756 at pin 'O' of cell 'u_LOGIC_CENTER/LINK_LOGIC/LC_CSPIF_L0/POSTROUTE_FE_PHC50_GDATA_SEL_0' is out of load range (0.002457, 0.081104) of lib_cell 'BUFX03AS9'
  ramp 0.000000 at pin 'D1' of cell 'u_LOGIC_CENTER/LINK_LOGIC/LC_CSPIF_L0/TP_DLY_CNT_reg_0_' is out of ramp range (0.005680, 1.182430) of lib_cell 'AND2DFFRBQX1AS9'
  ramp 0.000000 at pin 'D1' of cell 'u_LOGIC_CENTER/LINK_LOGIC/LC_CSPIF_L0/DATA_24BIT_reg_22_' is out of ramp range (0.005680, 1.182430) of lib_cell 'AND2DFFRBQX1AS9'
  load 0.001756 at pin 'O' of cell 'u_LOGIC_CENTER/LINK_LOGIC/LC_CSPIF_L0/POSTROUTE_FE_PHC44_BDATA_SEL_3' is out of load range (0.002457, 0.135174) of lib_cell 'BUFX05AS9'
  load 0.001756 at pin 'O' of cell 'u_LOGIC_CENTER/LINK_LOGIC/LC_CSPIF_L0/U58' is out of load range (0.002457, 0.270347) of lib_cell 'XOR2X1AS9'
  load 0.001537 at pin 'O' of cell 'u_LOGIC_CENTER/LINK_LOGIC/LC_CSPIF_L0/U59' is out of load range (0.002457, 0.270347) of lib_cell 'AND2B1X1AS9'
  ramp 0.000000 at pin 'D1' of cell 'u_LOGIC_CENTER/LINK_LOGIC/LC_CSPIF_L0/R_DATA_reg_5_' is out of ramp range (0.005680, 1.182430) of lib_cell 'AND2DFFRBQX1AS9'
  ramp 0.000000 at pin 'D1' of cell 'u_LOGIC_CENTER/LINK_LOGIC/LC_CSPIF_L0/DATA_PS_ENC_reg_14_' is out of ramp range (0.005680, 1.182430) of lib_cell 'AND2DFFRBQX1AS9'
  load 0.001756 at pin 'O' of cell 'u_LOGIC_CENTER/LINK_LOGIC/LC_CSPIF_L0/POSTROUTE_FE_PHC47_BDATA_SEL_2' is out of load range (0.002457, 0.135174) of lib_cell 'BUFX05AS9'
  load 0.001762 at pin 'O' of cell 'u_LOGIC_CENTER/LINK_LOGIC/LC_CSPIF_L0/POSTROUTE_FE_PHC136_RDATA_SEL_6' is out of load range (0.002457, 0.081104) of lib_cell 'BUFX03AS9'
  load 0.001534 at pin 'O' of cell 'u_LOGIC_CENTER/LINK_LOGIC/LC_CSPIF_L0/POSTROUTE_FE_PHC137_RDATA_SEL_4' is out of load range (0.002457, 0.081104) of lib_cell 'BUFX03AS9'
  load 0.001752 at pin 'O' of cell 'u_LOGIC_CENTER/LINK_LOGIC/LC_CSPIF_L0/PLACE_FE_OFC282_DSINL_2' is out of load range (0.002457, 0.081104) of lib_cell 'INVX03AS9'
  load 0.001534 at pin 'O' of cell 'u_LOGIC_CENTER/LINK_LOGIC/LC_CSPIF_L0/U119' is out of load range (0.002457, 0.270347) of lib_cell 'XOR2X1AS9'
  ramp 0.000000 at pin 'D1' of cell 'u_LOGIC_CENTER/LINK_LOGIC/LC_CSPIF_L0/TP_DLY_CNT_reg_1_' is out of ramp range (0.005680, 1.182430) of lib_cell 'AND2DFFRBQX1AS9'
  ramp 0.000000 at pin 'D1' of cell 'u_LOGIC_CENTER/LINK_LOGIC/LC_CSPIF_L0/DATA_24BIT_reg_23_' is out of ramp range (0.005680, 1.182430) of lib_cell 'AND2DFFRBQX1AS9'
  load 0.001563 at pin 'O' of cell 'u_LOGIC_CENTER/LINK_LOGIC/LC_CSPIF_L0/PLACE_FE_OFC284_DSINL_1' is out of load range (0.002457, 0.081104) of lib_cell 'INVX03AS9'
  ramp 0.000000 at pin 'D1' of cell 'u_LOGIC_CENTER/LINK_LOGIC/LC_CSPIF_L0/act_det_cnt_reg_0_' is out of ramp range (0.005680, 1.182430) of lib_cell 'AND2DFFRBQX1AS9'
  ramp 0.000000 at pin 'D1' of cell 'u_LOGIC_CENTER/LINK_LOGIC/LC_CSPIF_L0/R_DATA_reg_6_' is out of ramp range (0.005680, 1.182430) of lib_cell 'AND2DFFRBQX1AS9'
  load 0.001676 at pin 'O' of cell 'u_LOGIC_CENTER/LINK_LOGIC/LC_CSPIF_L0/U500' is out of load range (0.002457, 0.135174) of lib_cell 'NAND3X05AS9'
  ramp 0.000000 at pin 'D1' of cell 'u_LOGIC_CENTER/LINK_LOGIC/LC_CSPIF_L0/DATA_PS_ENC_reg_15_' is out of ramp range (0.005680, 1.182430) of lib_cell 'AND2DFFRBQX1AS9'
  load 0.001537 at pin 'OB' of cell 'u_LOGIC_CENTER/LINK_LOGIC/LC_CSPIF_L0/U506' is out of load range (0.002457, 0.270347) of lib_cell 'MUX2BX1AS9'
  ramp 0.000000 at pin 'TE' of cell 'u_LOGIC_CENTER/LINK_LOGIC/LC_CSPIF_L0/SNPS_CG_CELL_DCLK_B_DATA_reg_0/latch' is out of ramp range (0.005680, 1.182430) of lib_cell 'GCKHBQX8AS9'
  load 0.001534 at pin 'O' of cell 'u_LOGIC_CENTER/LINK_LOGIC/LC_CSPIF_L0/POSTROUTE_FE_PHC181_FE_OFN218_KEY_RST_18UI_L0_CLKGEN' is out of load range (0.002457, 0.081104) of lib_cell 'BUFX03AS9'
  ramp 0.000000 at pin 'D1' of cell 'u_LOGIC_CENTER/LINK_LOGIC/LC_CSPIF_L0/TP_DLY_CNT_reg_2_' is out of ramp range (0.005680, 1.182430) of lib_cell 'AND2DFFRBQX1AS9'
  ramp 0.000000 at pin 'D1' of cell 'u_LOGIC_CENTER/LINK_LOGIC/LC_CSPIF_L0/LENB_POL_reg' is out of ramp range (0.005680, 1.182430) of lib_cell 'AND2DFFRBQX1AS9'
  ramp 0.000000 at pin 'D1' of cell 'u_LOGIC_CENTER/LINK_LOGIC/LC_CSPIF_L0/ENA_TIME_DLY_DCLKDIV_reg_1_' is out of ramp range (0.005680, 1.182430) of lib_cell 'AND2DFFRBQX1AS9'
  load 0.001756 at pin 'S' of cell 'u_LOGIC_CENTER/LINK_LOGIC/LC_CSPIF_L0/DP_OP_49J1_125_2992_U3' is out of load range (0.002457, 0.135174) of lib_cell 'FAX05AS9'
  load 0.001756 at pin 'S' of cell 'u_LOGIC_CENTER/LINK_LOGIC/LC_CSPIF_L0/DP_OP_49J1_125_2992_U4' is out of load range (0.002457, 0.135174) of lib_cell 'FAX05AS9'
  load 0.001756 at pin 'S' of cell 'u_LOGIC_CENTER/LINK_LOGIC/LC_CSPIF_L0/DP_OP_49J1_125_2992_U5' is out of load range (0.002457, 0.135174) of lib_cell 'FAX05AS9'
  load 0.001534 at pin 'O' of cell 'u_LOGIC_CENTER/LINK_LOGIC/LC_CSPIF_L0/POSTROUTE_FE_PHC152_GDATA_SEL_5' is out of load range (0.002457, 0.081104) of lib_cell 'BUFX03AS9'
  load 0.001756 at pin 'S' of cell 'u_LOGIC_CENTER/LINK_LOGIC/LC_CSPIF_L0/DP_OP_49J1_125_2992_U6' is out of load range (0.002457, 0.135174) of lib_cell 'FAX05AS9'
  ramp 0.000000 at pin 'D1' of cell 'u_LOGIC_CENTER/LINK_LOGIC/LC_CSPIF_L0/R_DATA_reg_7_' is out of ramp range (0.005680, 1.182430) of lib_cell 'AND2DFFRBQX1AS9'
  load 0.001537 at pin 'OB' of cell 'u_LOGIC_CENTER/LINK_LOGIC/LC_CSPIF_L0/U510' is out of load range (0.002457, 0.270347) of lib_cell 'MUX2BX1AS9'
  load 0.001756 at pin 'O' of cell 'u_LOGIC_CENTER/LINK_LOGIC/LC_CSPIF_L0/POSTROUTE_FE_PHC146_BDATA_SEL_5' is out of load range (0.002457, 0.081104) of lib_cell 'BUFX03AS9'
  load 0.001699 at pin 'O' of cell 'u_LOGIC_CENTER/LINK_LOGIC/LC_CSPIF_L0/U513' is out of load range (0.002457, 0.081104) of lib_cell 'INVX03AS9'
  ramp 0.000000 at pin 'D1' of cell 'u_LOGIC_CENTER/LINK_LOGIC/LC_CSPIF_L0/DATA_PS_ENC_reg_16_' is out of ramp range (0.005680, 1.182430) of lib_cell 'AND2DFFRBQX1AS9'
  load 0.001534 at pin 'O' of cell 'u_LOGIC_CENTER/LINK_LOGIC/LC_CSPIF_L0/POSTROUTE_FE_PHC147_BDATA_SEL_7' is out of load range (0.002457, 0.081104) of lib_cell 'BUFX03AS9'
  load 0.001537 at pin 'OB' of cell 'u_LOGIC_CENTER/LINK_LOGIC/LC_CSPIF_L0/U518' is out of load range (0.002457, 0.270347) of lib_cell 'MUX2BX1AS9'
  load 0.001534 at pin 'O' of cell 'u_LOGIC_CENTER/LINK_LOGIC/LC_CSPIF_L0/POSTROUTE_FE_PHC156_GDATA_SEL_1' is out of load range (0.002457, 0.081104) of lib_cell 'BUFX03AS9'
  ramp 0.000000 at pin 'D1' of cell 'u_LOGIC_CENTER/LINK_LOGIC/LC_CSPIF_L0/STB_A_PRE_reg' is out of ramp range (0.005680, 1.182430) of lib_cell 'AND2DFFRBQX1AS9'
  ramp 0.000000 at pin 'D1' of cell 'u_LOGIC_CENTER/LINK_LOGIC/LC_CSPIF_L0/VBK_CNT_reg_0_' is out of ramp range (0.005680, 1.182430) of lib_cell 'AND2DFFRBQX1AS9'
  ramp 0.000000 at pin 'D1' of cell 'u_LOGIC_CENTER/LINK_LOGIC/LC_CSPIF_L0/TP_DLY_CNT_reg_3_' is out of ramp range (0.005680, 1.182430) of lib_cell 'AND2DFFRBQX1AS9'
  ramp 0.000000 at pin 'D1' of cell 'u_LOGIC_CENTER/LINK_LOGIC/LC_CSPIF_L0/R_DATA_reg_8_' is out of ramp range (0.005680, 1.182430) of lib_cell 'AND2DFFRBQX1AS9'
  load 0.001455 at pin 'O' of cell 'u_LOGIC_CENTER/LINK_LOGIC/LC_CSPIF_L0/U520' is out of load range (0.002457, 0.135174) of lib_cell 'NOR2X05AS9'
  load 0.001699 at pin 'O' of cell 'u_LOGIC_CENTER/LINK_LOGIC/LC_CSPIF_L0/U521' is out of load range (0.002457, 0.081104) of lib_cell 'INVX03AS9'
  load 0.001683 at pin 'O' of cell 'u_LOGIC_CENTER/LINK_LOGIC/LC_CSPIF_L0/U330' is out of load range (0.002457, 0.135174) of lib_cell 'NAND2X05AS9'
  load 0.001699 at pin 'O' of cell 'u_LOGIC_CENTER/LINK_LOGIC/LC_CSPIF_L0/U523' is out of load range (0.002457, 0.081104) of lib_cell 'INVX03AS9'
  load 0.001537 at pin 'OB' of cell 'u_LOGIC_CENTER/LINK_LOGIC/LC_CSPIF_L0/U524' is out of load range (0.002457, 0.270347) of lib_cell 'MUX2BX1AS9'
  load 0.001878 at pin 'O' of cell 'u_LOGIC_CENTER/LINK_LOGIC/LC_CSPIF_L0/U141' is out of load range (0.002457, 0.270347) of lib_cell 'AOI222X1AS9'
  load 0.001537 at pin 'OB' of cell 'u_LOGIC_CENTER/LINK_LOGIC/LC_CSPIF_L0/U526' is out of load range (0.002457, 0.270347) of lib_cell 'MUX2BX1AS9'
  ramp 0.000000 at pin 'D1' of cell 'u_LOGIC_CENTER/LINK_LOGIC/LC_CSPIF_L0/BLANK_EN_L0toL1_reg' is out of ramp range (0.005680, 1.182430) of lib_cell 'AND2DFFRBQX1AS9'
  load 0.001691 at pin 'O' of cell 'u_LOGIC_CENTER/LINK_LOGIC/LC_CSPIF_L0/U145' is out of load range (0.002457, 0.270347) of lib_cell 'AND3B2X1AS9'
  load 0.001683 at pin 'O' of cell 'u_LOGIC_CENTER/LINK_LOGIC/LC_CSPIF_L0/U339' is out of load range (0.002457, 0.135174) of lib_cell 'AO112X05AS9'
  ramp 0.000000 at pin 'D1' of cell 'u_LOGIC_CENTER/LINK_LOGIC/LC_CSPIF_L0/DIOH_DCLK_reg' is out of ramp range (0.005680, 1.182430) of lib_cell 'AND2DFFRBQX2AS9'
  ramp 0.000000 at pin 'D1' of cell 'u_LOGIC_CENTER/LINK_LOGIC/LC_CSPIF_L0/VBK_CNT_reg_1_' is out of ramp range (0.005680, 1.182430) of lib_cell 'AND2DFFRBQX1AS9'
  ramp 0.000000 at pin 'D1' of cell 'u_LOGIC_CENTER/LINK_LOGIC/LC_CSPIF_L0/TP_DLY_CNT_reg_4_' is out of ramp range (0.005680, 1.182430) of lib_cell 'AND2DFFRBQX1AS9'
  ramp 0.000000 at pin 'D1' of cell 'u_LOGIC_CENTER/LINK_LOGIC/LC_CSPIF_L0/SETTING_CNT_reg_0_' is out of ramp range (0.005680, 1.182430) of lib_cell 'AND2DFFRBQX1AS9'
  ramp 0.000000 at pin 'D1' of cell 'u_LOGIC_CENTER/LINK_LOGIC/LC_CSPIF_L0/STB_EMI_reg_0_' is out of ramp range (0.005680, 1.182430) of lib_cell 'AND2DFFRBQX1AS9'
  load 0.001878 at pin 'O' of cell 'u_LOGIC_CENTER/LINK_LOGIC/LC_CSPIF_L0/U151' is out of load range (0.002457, 0.270347) of lib_cell 'AOI222X1AS9'
  load 0.001587 at pin 'O' of cell 'u_LOGIC_CENTER/LINK_LOGIC/LC_CSPIF_L0/U344' is out of load range (0.002457, 0.270347) of lib_cell 'AOI12B2X1AS9'
  load 0.001691 at pin 'O' of cell 'u_LOGIC_CENTER/LINK_LOGIC/LC_CSPIF_L0/U155' is out of load range (0.002457, 0.270347) of lib_cell 'AND3B2X1AS9'
  load 0.001756 at pin 'O' of cell 'u_LOGIC_CENTER/LINK_LOGIC/LC_CSPIF_L0/POSTROUTE_FE_PHC31_BDATA_SEL_0' is out of load range (0.002457, 0.081104) of lib_cell 'BUFX03AS9'
  ramp 0.000000 at pin 'D1' of cell 'u_LOGIC_CENTER/LINK_LOGIC/LC_CSPIF_L0/TP_DLY_CNT_reg_5_' is out of ramp range (0.005680, 1.182430) of lib_cell 'AND2DFFRBQX1AS9'
  ramp 0.000000 at pin 'D1' of cell 'u_LOGIC_CENTER/LINK_LOGIC/LC_CSPIF_L0/SETTING_CNT_reg_1_' is out of ramp range (0.005680, 1.182430) of lib_cell 'AND2DFFRBQX1AS9'
  load 0.001534 at pin 'O' of cell 'u_LOGIC_CENTER/LINK_LOGIC/LC_CSPIF_L0/POSTROUTE_FE_PHC32_BDATA_SEL_6' is out of load range (0.002457, 0.081104) of lib_cell 'BUFX03AS9'
  load 0.001756 at pin 'O' of cell 'u_LOGIC_CENTER/LINK_LOGIC/LC_CSPIF_L0/POSTROUTE_FE_PHC40_GDATA_SEL_2' is out of load range (0.002457, 0.135174) of lib_cell 'BUFX05AS9'
  ramp 0.000000 at pin 'D1' of cell 'u_LOGIC_CENTER/LINK_LOGIC/LC_CSPIF_L0/STB_EMI_reg_1_' is out of ramp range (0.005680, 1.182430) of lib_cell 'AND2DFFRBQX1AS9'
  ramp 0.000000 at pin 'D1' of cell 'u_LOGIC_CENTER/LINK_LOGIC/LC_CSPIF_L0/ENA_TIME_reg' is out of ramp range (0.005680, 1.182430) of lib_cell 'AND2DFFRBQX1AS9'
  load 0.001756 at pin 'O' of cell 'u_LOGIC_CENTER/LINK_LOGIC/LC_CSPIF_L0/POSTROUTE_FE_PHC41_GDATA_SEL_1' is out of load range (0.002457, 0.081104) of lib_cell 'BUFX03AS9'
  load 0.001762 at pin 'O' of cell 'u_LOGIC_CENTER/LINK_LOGIC/LC_CSPIF_L0/POSTROUTE_FE_PHC177_FE_OFN218_KEY_RST_18UI_L0_CLKGEN' is out of load range (0.002457, 0.135174) of lib_cell 'BUFX05AS9'
  load 0.001683 at pin 'O' of cell 'u_LOGIC_CENTER/LINK_LOGIC/LC_CSPIF_L0/U353' is out of load range (0.002457, 0.135174) of lib_cell 'NAND3B1X05AS9'
  load 0.001472 at pin 'O' of cell 'u_LOGIC_CENTER/LINK_LOGIC/LC_CSPIF_L0/U358' is out of load range (0.002457, 0.135174) of lib_cell 'NOR2X05AS9'
  ramp 0.000000 at pin 'TE' of cell 'u_LOGIC_CENTER/LINK_LOGIC/LC_CSPIF_L0/CG_CELL_KEY_RST_DCLK/CG_CELL' is out of ramp range (0.005680, 1.182430) of lib_cell 'GCKHBQX8AS9'
  ramp 0.000000 at pin 'D1' of cell 'u_LOGIC_CENTER/LINK_LOGIC/LC_CSPIF_L0/DATA_NUM_CNT_reg_3_' is out of ramp range (0.005680, 1.182430) of lib_cell 'AND2DFFRBQX1AS9'
  load 0.001712 at pin 'O' of cell 'u_LOGIC_CENTER/LINK_LOGIC/LC_CSPIF_L0/PLACE_FE_OFC280_DSINL_3' is out of load range (0.002457, 0.135174) of lib_cell 'INVX05AS9'
  load 0.001683 at pin 'O' of cell 'u_LOGIC_CENTER/LINK_LOGIC/LC_CSPIF_L0/PLACE_FE_OFC413_n410' is out of load range (0.002457, 0.270347) of lib_cell 'CLKINVX1AS9'
  ramp 0.000000 at pin 'D1' of cell 'u_LOGIC_CENTER/LINK_LOGIC/LC_CSPIF_L0/TP_DLY_CNT_reg_6_' is out of ramp range (0.005680, 1.182430) of lib_cell 'AND2DFFRBQX1AS9'
  ramp 0.000000 at pin 'D1' of cell 'u_LOGIC_CENTER/LINK_LOGIC/LC_CSPIF_L0/SETTING_CNT_reg_2_' is out of ramp range (0.005680, 1.182430) of lib_cell 'AND2DFFRBQX1AS9'
  ramp 0.000000 at pin 'TE' of cell 'u_LOGIC_CENTER/LINK_LOGIC/LC_CSPIF_L0/SNPS_CG_CELL_DCLK_KEY_CODE_reg_0/latch' is out of ramp range (0.005680, 1.182430) of lib_cell 'GCKHBQX8AS9'
  load 0.001756 at pin 'O' of cell 'u_LOGIC_CENTER/LINK_LOGIC/LC_CSPIF_L0/POSTROUTE_FE_PHC46_GDATA_SEL_3' is out of load range (0.002457, 0.135174) of lib_cell 'BUFX05AS9'
  ramp 0.000000 at pin 'D1' of cell 'u_LOGIC_CENTER/LINK_LOGIC/LC_CSPIF_L0/STB_EMI_reg_2_' is out of ramp range (0.005680, 1.182430) of lib_cell 'AND2DFFRBQX1AS9'
  ramp 0.000000 at pin 'D1' of cell 'u_LOGIC_CENTER/LINK_LOGIC/LC_CSPIF_L0/RR_DATA_reg_0_' is out of ramp range (0.005680, 1.182430) of lib_cell 'AND2DFFRBQX1AS9'
  load 0.001587 at pin 'O' of cell 'u_LOGIC_CENTER/LINK_LOGIC/LC_CSPIF_L0/U360' is out of load range (0.002457, 0.081104) of lib_cell 'INVX03AS9'
  load 0.001464 at pin 'O' of cell 'u_LOGIC_CENTER/LINK_LOGIC/LC_CSPIF_L0/U364' is out of load range (0.002457, 0.135174) of lib_cell 'NAND2X05AS9'
  load 0.001534 at pin 'O' of cell 'u_LOGIC_CENTER/LINK_LOGIC/LC_CSPIF_L0/POSTROUTE_FE_PHC187_FE_OFN218_KEY_RST_18UI_L0_CLKGEN' is out of load range (0.002457, 0.081104) of lib_cell 'BUFX03AS9'
  ramp 0.000000 at pin 'D1' of cell 'u_LOGIC_CENTER/LINK_LOGIC/LC_CSPIF_L0/DATA_NUM_CNT_reg_4_' is out of ramp range (0.005680, 1.182430) of lib_cell 'AND2DFFRBQX1AS9'
  ramp 0.000000 at pin 'D1' of cell 'u_LOGIC_CENTER/LINK_LOGIC/LC_CSPIF_L0/SETTING_CNT_reg_3_' is out of ramp range (0.005680, 1.182430) of lib_cell 'AND2DFFRBQX1AS9'
  load 0.001534 at pin 'O' of cell 'u_LOGIC_CENTER/LINK_LOGIC/LC_CSPIF_L0/POSTROUTE_FE_PHC184_FE_OFN218_KEY_RST_18UI_L0_CLKGEN' is out of load range (0.002457, 0.081104) of lib_cell 'BUFX03AS9'
  load 0.001534 at pin 'O' of cell 'u_LOGIC_CENTER/LINK_LOGIC/LC_CSPIF_L0/POSTROUTE_FE_PHC140_GDATA_SEL_4' is out of load range (0.002457, 0.081104) of lib_cell 'BUFX03AS9'
  ramp 0.000000 at pin 'D1' of cell 'u_LOGIC_CENTER/LINK_LOGIC/LC_CSPIF_L0/STB_EMI_reg_3_' is out of ramp range (0.005680, 1.182430) of lib_cell 'AND2DFFRBQX1AS9'
  load 0.001534 at pin 'O' of cell 'u_LOGIC_CENTER/LINK_LOGIC/LC_CSPIF_L0/POSTROUTE_FE_PHC142_GDATA_SEL_0' is out of load range (0.002457, 0.081104) of lib_cell 'BUFX03AS9'
  load 0.001587 at pin 'O' of cell 'u_LOGIC_CENTER/LINK_LOGIC/LC_CSPIF_L0/U373' is out of load range (0.002457, 0.135174) of lib_cell 'NOR2X05AS9'
  load 0.001587 at pin 'O' of cell 'u_LOGIC_CENTER/LINK_LOGIC/LC_CSPIF_L0/U376' is out of load range (0.002457, 0.135174) of lib_cell 'NOR2X05AS9'
  load 0.001587 at pin 'O' of cell 'u_LOGIC_CENTER/LINK_LOGIC/LC_CSPIF_L0/U378' is out of load range (0.002457, 0.135174) of lib_cell 'NOR2X05AS9'
  load 0.001762 at pin 'O' of cell 'u_LOGIC_CENTER/LINK_LOGIC/LC_CSPIF_L0/U187' is out of load range (0.002457, 0.270347) of lib_cell 'XOR2X1AS9'
  load 0.001534 at pin 'O' of cell 'u_LOGIC_CENTER/LINK_LOGIC/LC_CSPIF_L0/U189' is out of load range (0.002457, 0.270347) of lib_cell 'XOR2X1AS9'
  ramp 0.000000 at pin 'D1' of cell 'u_LOGIC_CENTER/LINK_LOGIC/LC_CSPIF_L0/DATA_24BIT_reg_10_' is out of ramp range (0.005680, 1.182430) of lib_cell 'AND2DFFRBQX1AS9'
  ramp 0.000000 at pin 'D1' of cell 'u_LOGIC_CENTER/LINK_LOGIC/LC_CSPIF_L0/DATA_NUM_CNT_reg_5_' is out of ramp range (0.005680, 1.182430) of lib_cell 'AND2DFFRBQX1AS9'
  load 0.001756 at pin 'O' of cell 'u_LOGIC_CENTER/LINK_LOGIC/LC_CSPIF_L0/POSTROUTE_FE_PHC145_GDATA_SEL_7' is out of load range (0.002457, 0.081104) of lib_cell 'BUFX03AS9'
  ramp 0.000000 at pin 'D1' of cell 'u_LOGIC_CENTER/LINK_LOGIC/LC_CSPIF_L0/SETTING_CNT_reg_4_' is out of ramp range (0.005680, 1.182430) of lib_cell 'AND2DFFRBQX1AS9'
  ramp 0.000000 at pin 'D1' of cell 'u_LOGIC_CENTER/LINK_LOGIC/LC_CSPIF_L0/B_DATA_reg_0_' is out of ramp range (0.005680, 1.182430) of lib_cell 'AND2DFFRBQX1AS9'
  load 0.001549 at pin 'Q' of cell 'u_LOGIC_CENTER/LINK_LOGIC/LC_CSPIF_L0/STB_EMI_reg_4_' is out of load range (0.002457, 0.270347) of lib_cell 'AND2DFFRBQX1AS9'
  ramp 0.000000 at pin 'D1' of cell 'u_LOGIC_CENTER/LINK_LOGIC/LC_CSPIF_L0/STB_EMI_reg_4_' is out of ramp range (0.005680, 1.182430) of lib_cell 'AND2DFFRBQX1AS9'
  load 0.001525 at pin 'O' of cell 'u_LOGIC_CENTER/LINK_LOGIC/LC_CSPIF_L0/U570' is out of load range (0.002457, 0.270347) of lib_cell 'OAI12B2X1AS9'
  ramp 0.000000 at pin 'D1' of cell 'u_LOGIC_CENTER/LINK_LOGIC/LC_CSPIF_L0/RR_DATA_reg_2_' is out of ramp range (0.005680, 1.182430) of lib_cell 'AND2DFFRBQX1AS9'
  ramp 0.000000 at pin 'TE' of cell 'u_LOGIC_CENTER/LINK_LOGIC/LC_CSPIF_L0/SNPS_CG_CELL_DCLK_SETTING_CNT_reg_0/latch' is out of ramp range (0.005680, 1.182430) of lib_cell 'GCKHBQX8AS9'
  load 0.001587 at pin 'O' of cell 'u_LOGIC_CENTER/LINK_LOGIC/LC_CSPIF_L0/U380' is out of load range (0.002457, 0.135174) of lib_cell 'NOR2X05AS9'
  load 0.001525 at pin 'O' of cell 'u_LOGIC_CENTER/LINK_LOGIC/LC_CSPIF_L0/U573' is out of load range (0.002457, 0.270347) of lib_cell 'OAI12B2X1AS9'
  load 0.001472 at pin 'O' of cell 'u_LOGIC_CENTER/LINK_LOGIC/LC_CSPIF_L0/U382' is out of load range (0.002457, 0.135174) of lib_cell 'NOR2X05AS9'
  load 0.001525 at pin 'O' of cell 'u_LOGIC_CENTER/LINK_LOGIC/LC_CSPIF_L0/U575' is out of load range (0.002457, 0.270347) of lib_cell 'OAI12B2X1AS9'
  load 0.001756 at pin 'O' of cell 'u_LOGIC_CENTER/LINK_LOGIC/LC_CSPIF_L0/U383' is out of load range (0.002457, 0.135174) of lib_cell 'AO112X05AS9'
  load 0.001534 at pin 'O' of cell 'u_LOGIC_CENTER/LINK_LOGIC/LC_CSPIF_L0/U191' is out of load range (0.002457, 0.270347) of lib_cell 'XOR2X1AS9'
  load 0.001472 at pin 'O' of cell 'u_LOGIC_CENTER/LINK_LOGIC/LC_CSPIF_L0/U384' is out of load range (0.002457, 0.135174) of lib_cell 'NOR2X05AS9'
  load 0.001525 at pin 'O' of cell 'u_LOGIC_CENTER/LINK_LOGIC/LC_CSPIF_L0/U577' is out of load range (0.002457, 0.270347) of lib_cell 'OAI12B2X1AS9'
  load 0.001756 at pin 'O' of cell 'u_LOGIC_CENTER/LINK_LOGIC/LC_CSPIF_L0/U385' is out of load range (0.002457, 0.135174) of lib_cell 'AO112X05AS9'
  load 0.001472 at pin 'O' of cell 'u_LOGIC_CENTER/LINK_LOGIC/LC_CSPIF_L0/U386' is out of load range (0.002457, 0.135174) of lib_cell 'NOR2X05AS9'
  load 0.001525 at pin 'O' of cell 'u_LOGIC_CENTER/LINK_LOGIC/LC_CSPIF_L0/U579' is out of load range (0.002457, 0.270347) of lib_cell 'OAI12B2X1AS9'
  load 0.001756 at pin 'O' of cell 'u_LOGIC_CENTER/LINK_LOGIC/LC_CSPIF_L0/U387' is out of load range (0.002457, 0.135174) of lib_cell 'AO112X05AS9'
  load 0.001534 at pin 'O' of cell 'u_LOGIC_CENTER/LINK_LOGIC/LC_CSPIF_L0/U195' is out of load range (0.002457, 0.270347) of lib_cell 'XOR2X1AS9'
  load 0.001534 at pin 'O' of cell 'u_LOGIC_CENTER/LINK_LOGIC/LC_CSPIF_L0/U196' is out of load range (0.002457, 0.270347) of lib_cell 'XOR2X1AS9'
  ramp 0.000000 at pin 'D1' of cell 'u_LOGIC_CENTER/LINK_LOGIC/LC_CSPIF_L0/G_DATA_reg_0_' is out of ramp range (0.005680, 1.182430) of lib_cell 'AND2DFFRBQX1AS9'
  ramp 0.000000 at pin 'D1' of cell 'u_LOGIC_CENTER/LINK_LOGIC/LC_CSPIF_L0/DATA_24BIT_reg_11_' is out of ramp range (0.005680, 1.182430) of lib_cell 'AND2DFFRBQX1AS9'
  ramp 0.000000 at pin 'D1' of cell 'u_LOGIC_CENTER/LINK_LOGIC/LC_CSPIF_L0/ENA_TIME_DLY_reg_0_' is out of ramp range (0.005680, 1.182430) of lib_cell 'AND2DFFRBQX1AS9'
  ramp 0.000000 at pin 'TE' of cell 'u_LOGIC_CENTER/LINK_LOGIC/LC_CSPIF_L0/SNPS_CG_CELL_DCLK_DATA_24BIT_reg_0/latch' is out of ramp range (0.005680, 1.182430) of lib_cell 'GCKHBQX8AS9'
  ramp 0.000000 at pin 'D1' of cell 'u_LOGIC_CENTER/LINK_LOGIC/LC_CSPIF_L0/RR_DATA_reg_3_' is out of ramp range (0.005680, 1.182430) of lib_cell 'AND2DFFRBQX1AS9'
  ramp 0.000000 at pin 'TE' of cell 'u_LOGIC_CENTER/LINK_LOGIC/LC_CSPIF_L0/SNPS_CG_CELL_DCLK_DATA_24BIT_reg_1/latch' is out of ramp range (0.005680, 1.182430) of lib_cell 'GCKHBQX8AS9'
  load 0.001525 at pin 'O' of cell 'u_LOGIC_CENTER/LINK_LOGIC/LC_CSPIF_L0/U581' is out of load range (0.002457, 0.270347) of lib_cell 'OAI12B2X1AS9'
  load 0.001756 at pin 'O' of cell 'u_LOGIC_CENTER/LINK_LOGIC/LC_CSPIF_L0/U390' is out of load range (0.002457, 0.135174) of lib_cell 'AO222X05AS9'
  load 0.001729 at pin 'O' of cell 'u_LOGIC_CENTER/LINK_LOGIC/LC_CSPIF_L0/U583' is out of load range (0.002457, 0.135174) of lib_cell 'NOR2X05AS9'
  load 0.001675 at pin 'O' of cell 'u_LOGIC_CENTER/LINK_LOGIC/LC_CSPIF_L0/U584' is out of load range (0.002457, 0.135174) of lib_cell 'NOR2X05AS9'
  load 0.001878 at pin 'O' of cell 'u_LOGIC_CENTER/LINK_LOGIC/LC_CSPIF_L0/U585' is out of load range (0.002457, 0.135174) of lib_cell 'NOR2X05AS9'
  ramp 0.000000 at pin 'D1' of cell 'u_LOGIC_CENTER/LINK_LOGIC/LC_CSPIF_L0/act_det_reg' is out of ramp range (0.005680, 1.182430) of lib_cell 'AND2DFFRBQX1AS9'
  load 0.001708 at pin 'Q' of cell 'u_LOGIC_CENTER/LINK_LOGIC/LC_CSPIF_L0/KEY_RST_D_reg' is out of load range (0.002457, 0.270347) of lib_cell 'AND2DFFRBQX1AS9'
  ramp 0.000000 at pin 'D1' of cell 'u_LOGIC_CENTER/LINK_LOGIC/LC_CSPIF_L0/KEY_RST_D_reg' is out of ramp range (0.005680, 1.182430) of lib_cell 'AND2DFFRBQX1AS9'
  load 0.001525 at pin 'O' of cell 'u_LOGIC_CENTER/LINK_LOGIC/LC_CSPIF_L0/U586' is out of load range (0.002457, 0.135174) of lib_cell 'AO13X05AS9'
  load 0.001730 at pin 'O' of cell 'u_LOGIC_CENTER/LINK_LOGIC/LC_CSPIF_L0/U587' is out of load range (0.002457, 0.135174) of lib_cell 'NAND2X05AS9'
  load 0.001756 at pin 'O' of cell 'u_LOGIC_CENTER/LINK_LOGIC/LC_CSPIF_L0/POSTROUTE_FE_PHC19_RDATA_SEL_3' is out of load range (0.002457, 0.081104) of lib_cell 'BUFX03AS9'
  load 0.001534 at pin 'O' of cell 'u_LOGIC_CENTER/LINK_LOGIC/LC_CSPIF_L0/POSTROUTE_FE_PHC151_RDATA_SEL_1' is out of load range (0.002457, 0.081104) of lib_cell 'BUFX03AS9'
  load 0.001756 at pin 'O' of cell 'u_LOGIC_CENTER/LINK_LOGIC/LC_CSPIF_L0/POSTROUTE_FE_PHC150_RDATA_SEL_7' is out of load range (0.002457, 0.081104) of lib_cell 'BUFX03AS9'
  ramp 0.000000 at pin 'D1' of cell 'u_LOGIC_CENTER/LINK_LOGIC/LC_CSPIF_L0/DATA_24BIT_reg_12_' is out of ramp range (0.005680, 1.182430) of lib_cell 'AND2DFFRBQX1AS9'
  ramp 0.000000 at pin 'D1' of cell 'u_LOGIC_CENTER/LINK_LOGIC/LC_CSPIF_L0/B_DATA_reg_2_' is out of ramp range (0.005680, 1.182430) of lib_cell 'AND2DFFRBQX1AS9'
  ramp 0.000000 at pin 'D1' of cell 'u_LOGIC_CENTER/LINK_LOGIC/LC_CSPIF_L0/DATA_PS_ENC_reg_4_' is out of ramp range (0.005680, 1.182430) of lib_cell 'AND2DFFRBQX1AS9'
  ramp 0.000000 at pin 'D1' of cell 'u_LOGIC_CENTER/LINK_LOGIC/LC_CSPIF_L0/ENA_TIME_DLY_reg_1_' is out of ramp range (0.005680, 1.182430) of lib_cell 'AND2DFFRBQX1AS9'
  load 0.001534 at pin 'O' of cell 'u_LOGIC_CENTER/LINK_LOGIC/LC_CSPIF_L0/U200' is out of load range (0.002457, 0.270347) of lib_cell 'XNOR2X1AS9'
  load 0.001534 at pin 'O' of cell 'u_LOGIC_CENTER/LINK_LOGIC/LC_CSPIF_L0/U204' is out of load range (0.002457, 0.270347) of lib_cell 'XNOR2X1AS9'
  load 0.001534 at pin 'O' of cell 'u_LOGIC_CENTER/LINK_LOGIC/LC_CSPIF_L0/U206' is out of load range (0.002457, 0.270347) of lib_cell 'XOR2X1AS9'
  ramp 0.000000 at pin 'D1' of cell 'u_LOGIC_CENTER/LINK_LOGIC/LC_CSPIF_L0/RR_DATA_reg_4_' is out of ramp range (0.005680, 1.182430) of lib_cell 'AND2DFFRBQX1AS9'
  load 0.001534 at pin 'O' of cell 'u_LOGIC_CENTER/LINK_LOGIC/LC_CSPIF_L0/POSTROUTE_FE_PHC182_FE_OFN218_KEY_RST_18UI_L0_CLKGEN' is out of load range (0.002457, 0.081104) of lib_cell 'BUFX03AS9'
  load 0.001878 at pin 'O' of cell 'u_LOGIC_CENTER/LINK_LOGIC/LC_CSPIF_L0/U596' is out of load range (0.002457, 0.135174) of lib_cell 'OA12X05AS9'
  load 0.001472 at pin 'O' of cell 'u_LOGIC_CENTER/LINK_LOGIC/LC_CSPIF_L0/U599' is out of load range (0.002457, 0.135174) of lib_cell 'NOR2X05AS9'
  ramp 0.000000 at pin 'D1' of cell 'u_LOGIC_CENTER/LINK_LOGIC/LC_CSPIF_L0/G_DATA_reg_2_' is out of ramp range (0.005680, 1.182430) of lib_cell 'AND2DFFRBQX1AS9'
  ramp 0.000000 at pin 'D1' of cell 'u_LOGIC_CENTER/LINK_LOGIC/LC_CSPIF_L0/DATA_24BIT_reg_13_' is out of ramp range (0.005680, 1.182430) of lib_cell 'AND2DFFRBQX1AS9'
  load 0.001534 at pin 'O' of cell 'u_LOGIC_CENTER/LINK_LOGIC/LC_CSPIF_L0/POSTROUTE_FE_PHC26_BDATA_SEL_1' is out of load range (0.002457, 0.081104) of lib_cell 'BUFX03AS9'
  ramp 0.000000 at pin 'D1' of cell 'u_LOGIC_CENTER/LINK_LOGIC/LC_CSPIF_L0/B_DATA_reg_3_' is out of ramp range (0.005680, 1.182430) of lib_cell 'AND2DFFRBQX1AS9'
  load 0.001587 at pin 'O' of cell 'u_LOGIC_CENTER/LINK_LOGIC/LC_CSPIF_L0/U400' is out of load range (0.002457, 0.135174) of lib_cell 'NOR2X05AS9'
  ramp 0.000000 at pin 'D1' of cell 'u_LOGIC_CENTER/LINK_LOGIC/LC_CSPIF_L0/DATA_PS_ENC_reg_5_' is out of ramp range (0.005680, 1.182430) of lib_cell 'AND2DFFRBQX1AS9'
  load 0.001534 at pin 'O' of cell 'u_LOGIC_CENTER/LINK_LOGIC/LC_CSPIF_L0/U210' is out of load range (0.002457, 0.270347) of lib_cell 'XNOR2X1AS9'
  load 0.001534 at pin 'O' of cell 'u_LOGIC_CENTER/LINK_LOGIC/LC_CSPIF_L0/POSTROUTE_FE_PHC33_GDATA_SEL_7' is out of load range (0.002457, 0.081104) of lib_cell 'BUFX03AS9'
  load 0.001472 at pin 'O' of cell 'u_LOGIC_CENTER/LINK_LOGIC/LC_CSPIF_L0/U404' is out of load range (0.002457, 0.135174) of lib_cell 'OA122X05AS9'
  load 0.001534 at pin 'O' of cell 'u_LOGIC_CENTER/LINK_LOGIC/LC_CSPIF_L0/U212' is out of load range (0.002457, 0.270347) of lib_cell 'XNOR2X1AS9'
  load 0.001472 at pin 'O' of cell 'u_LOGIC_CENTER/LINK_LOGIC/LC_CSPIF_L0/U406' is out of load range (0.002457, 0.270347) of lib_cell 'LOWMUX2X1AS9'
  load 0.001756 at pin 'O' of cell 'u_LOGIC_CENTER/LINK_LOGIC/LC_CSPIF_L0/U407' is out of load range (0.002457, 0.135174) of lib_cell 'AO112X05AS9'
  load 0.001756 at pin 'O' of cell 'u_LOGIC_CENTER/LINK_LOGIC/LC_CSPIF_L0/U408' is out of load range (0.002457, 0.135174) of lib_cell 'AO222X05AS9'
  load 0.001534 at pin 'O' of cell 'u_LOGIC_CENTER/LINK_LOGIC/LC_CSPIF_L0/U216' is out of load range (0.002457, 0.270347) of lib_cell 'XNOR2X1AS9'
  ramp 0.000000 at pin 'D1' of cell 'u_LOGIC_CENTER/LINK_LOGIC/LC_CSPIF_L0/DATA_24BIT_reg_0_' is out of ramp range (0.005680, 1.182430) of lib_cell 'AND2DFFRBQX1AS9'
  load 0.001472 at pin 'O' of cell 'u_LOGIC_CENTER/LINK_LOGIC/LC_CSPIF_L0/U409' is out of load range (0.002457, 0.135174) of lib_cell 'NOR2X05AS9'
  load 0.001534 at pin 'O' of cell 'u_LOGIC_CENTER/LINK_LOGIC/LC_CSPIF_L0/POSTROUTE_FE_PHC35_GDATA_SEL_6' is out of load range (0.002457, 0.081104) of lib_cell 'BUFX03AS9'
  ramp 0.000000 at pin 'D1' of cell 'u_LOGIC_CENTER/LINK_LOGIC/LC_CSPIF_L0/RR_DATA_reg_5_' is out of ramp range (0.005680, 1.182430) of lib_cell 'AND2DFFRBQX1AS9'
  load 0.001756 at pin 'O' of cell 'u_LOGIC_CENTER/LINK_LOGIC/LC_CSPIF_L0/POSTROUTE_FE_PHC160_BDATA_SEL_4' is out of load range (0.002457, 0.081104) of lib_cell 'BUFX03AS9'
  load 0.001534 at pin 'O' of cell 'u_LOGIC_CENTER/LINK_LOGIC/LC_CSPIF_L0/U219' is out of load range (0.002457, 0.270347) of lib_cell 'XNOR2X1AS9'
  load 0.001756 at pin 'O' of cell 'u_LOGIC_CENTER/LINK_LOGIC/LC_CSPIF_L0/POSTROUTE_FE_PHC162_BDATA_SEL_1' is out of load range (0.002457, 0.081104) of lib_cell 'BUFX03AS9'
  ramp 0.000000 at pin 'D1' of cell 'u_LOGIC_CENTER/LINK_LOGIC/LC_CSPIF_L0/G_DATA_reg_3_' is out of ramp range (0.005680, 1.182430) of lib_cell 'AND2DFFRBQX1AS9'
  ramp 0.000000 at pin 'D1' of cell 'u_LOGIC_CENTER/LINK_LOGIC/LC_CSPIF_L0/DATA_24BIT_reg_14_' is out of ramp range (0.005680, 1.182430) of lib_cell 'AND2DFFRBQX1AS9'
  load 0.001675 at pin 'O' of cell 'u_LOGIC_CENTER/LINK_LOGIC/LC_CSPIF_L0/U601' is out of load range (0.002457, 0.081104) of lib_cell 'INVX03AS9'
  ramp 0.000000 at pin 'D1' of cell 'u_LOGIC_CENTER/LINK_LOGIC/LC_CSPIF_L0/B_DATA_reg_4_' is out of ramp range (0.005680, 1.182430) of lib_cell 'AND2DFFRBQX1AS9'
  load 0.001691 at pin 'O' of cell 'u_LOGIC_CENTER/LINK_LOGIC/LC_CSPIF_L0/U602' is out of load range (0.002457, 0.270347) of lib_cell 'AND2B1X1AS9'
  ramp 0.000000 at pin 'D1' of cell 'u_LOGIC_CENTER/LINK_LOGIC/LC_CSPIF_L0/DATA_PS_ENC_reg_6_' is out of ramp range (0.005680, 1.182430) of lib_cell 'AND2DFFRBQX1AS9'
  load 0.001472 at pin 'O' of cell 'u_LOGIC_CENTER/LINK_LOGIC/LC_CSPIF_L0/U411' is out of load range (0.002457, 0.135174) of lib_cell 'NOR2X05AS9'
  load 0.001577 at pin 'O' of cell 'u_LOGIC_CENTER/LINK_LOGIC/LC_CSPIF_L0/U412' is out of load range (0.002457, 0.081104) of lib_cell 'INVX03AS9'
  load 0.001625 at pin 'O' of cell 'u_LOGIC_CENTER/LINK_LOGIC/LC_CSPIF_L0/U413' is out of load range (0.002457, 0.081104) of lib_cell 'INVX03AS9'
  load 0.001587 at pin 'O' of cell 'u_LOGIC_CENTER/LINK_LOGIC/LC_CSPIF_L0/U414' is out of load range (0.002457, 0.135174) of lib_cell 'OA122X05AS9'
  load 0.001534 at pin 'O' of cell 'u_LOGIC_CENTER/LINK_LOGIC/LC_CSPIF_L0/U222' is out of load range (0.002457, 0.270347) of lib_cell 'XNOR2X1AS9'
  load 0.001756 at pin 'O' of cell 'u_LOGIC_CENTER/LINK_LOGIC/LC_CSPIF_L0/U415' is out of load range (0.002457, 0.135174) of lib_cell 'AO112X05AS9'
  load 0.001534 at pin 'O' of cell 'u_LOGIC_CENTER/LINK_LOGIC/LC_CSPIF_L0/U224' is out of load range (0.002457, 0.270347) of lib_cell 'XNOR2X1AS9'
  ramp 0.000000 at pin 'D1' of cell 'u_LOGIC_CENTER/LINK_LOGIC/LC_CSPIF_L0/DATA_24BIT_reg_1_' is out of ramp range (0.005680, 1.182430) of lib_cell 'AND2DFFRBQX1AS9'
  load 0.001534 at pin 'O' of cell 'u_LOGIC_CENTER/LINK_LOGIC/LC_CSPIF_L0/U227' is out of load range (0.002457, 0.270347) of lib_cell 'XNOR2X1AS9'
  ramp 0.000000 at pin 'D1' of cell 'u_LOGIC_CENTER/LINK_LOGIC/LC_CSPIF_L0/RR_DATA_reg_6_' is out of ramp range (0.005680, 1.182430) of lib_cell 'AND2DFFRBQX1AS9'
  ramp 0.000000 at pin 'TE' of cell 'u_LOGIC_CENTER/LINK_LOGIC/LC_CSPIF_L0/CG_CELL_HSR_DCLK/CG_CELL' is out of ramp range (0.005680, 1.182430) of lib_cell 'GCKHBQX8AS9'
  ramp 0.000000 at pin 'D1' of cell 'u_LOGIC_CENTER/LINK_LOGIC/LC_CSPIF_L0/G_DATA_reg_4_' is out of ramp range (0.005680, 1.182430) of lib_cell 'AND2DFFRBQX1AS9'
  ramp 0.000000 at pin 'D1' of cell 'u_LOGIC_CENTER/LINK_LOGIC/LC_CSPIF_L0/DATA_24BIT_reg_15_' is out of ramp range (0.005680, 1.182430) of lib_cell 'AND2DFFRBQX1AS9'
  ramp 0.000000 at pin 'D1' of cell 'u_LOGIC_CENTER/LINK_LOGIC/LC_CSPIF_L0/B_DATA_reg_5_' is out of ramp range (0.005680, 1.182430) of lib_cell 'AND2DFFRBQX1AS9'
  load 0.001464 at pin 'O' of cell 'u_LOGIC_CENTER/LINK_LOGIC/LC_CSPIF_L0/U612' is out of load range (0.002457, 0.135174) of lib_cell 'NOR2X05AS9'
  ramp 0.000000 at pin 'D1' of cell 'u_LOGIC_CENTER/LINK_LOGIC/LC_CSPIF_L0/DATA_PS_ENC_reg_7_' is out of ramp range (0.005680, 1.182430) of lib_cell 'AND2DFFRBQX1AS9'
  load 0.001756 at pin 'O' of cell 'u_LOGIC_CENTER/LINK_LOGIC/LC_CSPIF_L0/U613' is out of load range (0.002457, 0.135174) of lib_cell 'AO22X05AS9'
  load 0.001534 at pin 'O' of cell 'u_LOGIC_CENTER/LINK_LOGIC/LC_CSPIF_L0/U230' is out of load range (0.002457, 0.270347) of lib_cell 'XNOR2X1AS9'
  load 0.001534 at pin 'O' of cell 'u_LOGIC_CENTER/LINK_LOGIC/LC_CSPIF_L0/U233' is out of load range (0.002457, 0.270347) of lib_cell 'XNOR2X1AS9'
  load 0.001756 at pin 'O' of cell 'u_LOGIC_CENTER/LINK_LOGIC/LC_CSPIF_L0/POSTROUTE_FE_PHC42_RDATA_SEL_1' is out of load range (0.002457, 0.081104) of lib_cell 'BUFX03AS9'
  load 0.001534 at pin 'O' of cell 'u_LOGIC_CENTER/LINK_LOGIC/LC_CSPIF_L0/U235' is out of load range (0.002457, 0.270347) of lib_cell 'XNOR2X1AS9'
  ramp 0.000000 at pin 'D1' of cell 'u_LOGIC_CENTER/LINK_LOGIC/LC_CSPIF_L0/DATA_24BIT_reg_2_' is out of ramp range (0.005680, 1.182430) of lib_cell 'AND2DFFRBQX1AS9'
  load 0.001534 at pin 'O' of cell 'u_LOGIC_CENTER/LINK_LOGIC/LC_CSPIF_L0/U238' is out of load range (0.002457, 0.270347) of lib_cell 'XNOR2X1AS9'
  load 0.001762 at pin 'O' of cell 'u_LOGIC_CENTER/LINK_LOGIC/LC_CSPIF_L0/POSTROUTE_FE_PHC138_GDATA_SEL_2' is out of load range (0.002457, 0.081104) of lib_cell 'BUFX03AS9'
  load 0.001554 at pin 'O' of cell 'u_LOGIC_CENTER/LINK_LOGIC/LC_CSPIF_L0/PLACE_FE_OFC281_DSINL_2' is out of load range (0.002457, 0.135174) of lib_cell 'INVX05AS9'
  load 0.001762 at pin 'O' of cell 'u_LOGIC_CENTER/LINK_LOGIC/LC_CSPIF_L0/POSTROUTE_FE_PHC139_GDATA_SEL_3' is out of load range (0.002457, 0.081104) of lib_cell 'BUFX03AS9'
  ramp 0.000000 at pin 'D1' of cell 'u_LOGIC_CENTER/LINK_LOGIC/LC_CSPIF_L0/G_DATA_reg_5_' is out of ramp range (0.005680, 1.182430) of lib_cell 'AND2DFFRBQX1AS9'
  ramp 0.000000 at pin 'D1' of cell 'u_LOGIC_CENTER/LINK_LOGIC/LC_CSPIF_L0/STB_A_DLY_reg' is out of ramp range (0.005680, 1.182430) of lib_cell 'AND2DFFRBQX1AS9'
  ramp 0.000000 at pin 'TE' of cell 'u_LOGIC_CENTER/LINK_LOGIC/LC_CSPIF_L0/CG_CELL_DLY_CNT_DCLK/CG_CELL' is out of ramp range (0.005680, 1.182430) of lib_cell 'GCKHBQX8AS9'
  load 0.001756 at pin 'O' of cell 'u_LOGIC_CENTER/LINK_LOGIC/LC_CSPIF_L0/POSTROUTE_FE_PHC45_RDATA_SEL_6' is out of load range (0.002457, 0.135174) of lib_cell 'BUFX05AS9'
  ramp 0.000000 at pin 'D1' of cell 'u_LOGIC_CENTER/LINK_LOGIC/LC_CSPIF_L0/DATA_24BIT_reg_16_' is out of ramp range (0.005680, 1.182430) of lib_cell 'AND2DFFRBQX1AS9'
  load 0.001554 at pin 'O' of cell 'u_LOGIC_CENTER/LINK_LOGIC/LC_CSPIF_L0/PLACE_FE_OFC283_DSINL_1' is out of load range (0.002457, 0.135174) of lib_cell 'INVX05AS9'
  load 0.001756 at pin 'O' of cell 'u_LOGIC_CENTER/LINK_LOGIC/LC_CSPIF_L0/POSTROUTE_FE_PHC48_RDATA_SEL_0' is out of load range (0.002457, 0.081104) of lib_cell 'BUFX03AS9'
  load 0.001534 at pin 'O' of cell 'u_LOGIC_CENTER/LINK_LOGIC/LC_CSPIF_L0/POSTROUTE_FE_PHC178_FE_OFN218_KEY_RST_18UI_L0_CLKGEN' is out of load range (0.002457, 0.270347) of lib_cell 'DEL0N25X1AS9'
  load 0.001756 at pin 'O' of cell 'u_LOGIC_CENTER/LINK_LOGIC/LC_CSPIF_L0/POSTROUTE_FE_PHC149_GDATA_SEL_6' is out of load range (0.002457, 0.081104) of lib_cell 'BUFX03AS9'
  ramp 0.000000 at pin 'TE' of cell 'u_LOGIC_CENTER/LINK_LOGIC/LC_CSPIF_L0/SNPS_CG_CELL_DCLK_DATA_NUM_CNT_reg_0/latch' is out of ramp range (0.005680, 1.182430) of lib_cell 'GCKHBQX8AS9'
  ramp 0.000000 at pin 'D1' of cell 'u_LOGIC_CENTER/LINK_LOGIC/LC_CSPIF_L0/B_DATA_reg_6_' is out of ramp range (0.005680, 1.182430) of lib_cell 'AND2DFFRBQX1AS9'
  ramp 0.000000 at pin 'D1' of cell 'u_LOGIC_CENTER/LINK_LOGIC/LC_CSPIF_L0/DATA_PS_ENC_reg_8_' is out of ramp range (0.005680, 1.182430) of lib_cell 'AND2DFFRBQX1AS9'
  ramp 0.000000 at pin 'D1' of cell 'u_LOGIC_CENTER/LINK_LOGIC/LC_CSPIF_L0/STB_C_DLY_reg' is out of ramp range (0.005680, 1.182430) of lib_cell 'AND2DFFRBQX1AS9'
  load 0.001534 at pin 'O' of cell 'u_LOGIC_CENTER/LINK_LOGIC/LC_CSPIF_L0/U240' is out of load range (0.002457, 0.270347) of lib_cell 'XNOR2X1AS9'
  load 0.001455 at pin 'O' of cell 'u_LOGIC_CENTER/LINK_LOGIC/LC_CSPIF_L0/U241' is out of load range (0.002457, 0.135174) of lib_cell 'AO22X05AS9'
  load 0.001534 at pin 'O' of cell 'u_LOGIC_CENTER/LINK_LOGIC/LC_CSPIF_L0/U437' is out of load range (0.002457, 0.270347) of lib_cell 'XNOR2X1AS9'
  load 0.001534 at pin 'O' of cell 'u_LOGIC_CENTER/LINK_LOGIC/LC_CSPIF_L0/U438' is out of load range (0.002457, 0.270347) of lib_cell 'XNOR2X1AS9'
  ramp 0.000000 at pin 'D1' of cell 'u_LOGIC_CENTER/LINK_LOGIC/LC_CSPIF_L0/DATA_24BIT_reg_3_' is out of ramp range (0.005680, 1.182430) of lib_cell 'AND2DFFRBQX1AS9'
  load 0.001537 at pin 'O' of cell 'u_LOGIC_CENTER/LINK_LOGIC/LC_CSPIF_L0/U439' is out of load range (0.002457, 0.135174) of lib_cell 'NOR2X05AS9'
  load 0.001455 at pin 'O' of cell 'u_LOGIC_CENTER/LINK_LOGIC/LC_CSPIF_L0/U248' is out of load range (0.002457, 0.270347) of lib_cell 'NAND4X1AS9'
  ramp 0.000000 at pin 'D1' of cell 'u_LOGIC_CENTER/LINK_LOGIC/LC_CSPIF_L0/G_DATA_reg_6_' is out of ramp range (0.005680, 1.182430) of lib_cell 'AND2DFFRBQX1AS9'
  ramp 0.000000 at pin 'D1' of cell 'u_LOGIC_CENTER/LINK_LOGIC/LC_CSPIF_L0/DATA_24BIT_reg_17_' is out of ramp range (0.005680, 1.182430) of lib_cell 'AND2DFFRBQX1AS9'
  ramp 0.000000 at pin 'D1' of cell 'u_LOGIC_CENTER/LINK_LOGIC/LC_CSPIF_L0/B_DATA_reg_7_' is out of ramp range (0.005680, 1.182430) of lib_cell 'AND2DFFRBQX1AS9'
  load 0.001549 at pin 'O' of cell 'u_LOGIC_CENTER/LINK_LOGIC/LC_CSPIF_L0/U632' is out of load range (0.002457, 0.270347) of lib_cell 'NAND4X1AS9'
  load 0.001534 at pin 'O' of cell 'u_LOGIC_CENTER/LINK_LOGIC/LC_CSPIF_L0/POSTROUTE_FE_PHC141_RDATA_SEL_5' is out of load range (0.002457, 0.081104) of lib_cell 'BUFX03AS9'
  load 0.001566 at pin 'O' of cell 'u_LOGIC_CENTER/LINK_LOGIC/LC_CSPIF_L0/U634' is out of load range (0.002457, 0.270347) of lib_cell 'NAND4X1AS9'
  load 0.001740 at pin 'O' of cell 'u_LOGIC_CENTER/LINK_LOGIC/LC_CSPIF_L0/U250' is out of load range (0.002457, 0.270347) of lib_cell 'NAND4X1AS9'
  load 0.001620 at pin 'O' of cell 'u_LOGIC_CENTER/LINK_LOGIC/LC_CSPIF_L0/U635' is out of load range (0.002457, 0.270347) of lib_cell 'NAND4X1AS9'
  load 0.001878 at pin 'O' of cell 'u_LOGIC_CENTER/LINK_LOGIC/LC_CSPIF_L0/U253' is out of load range (0.002457, 0.270347) of lib_cell 'AOI222X1AS9'
  load 0.001534 at pin 'O' of cell 'u_LOGIC_CENTER/LINK_LOGIC/LC_CSPIF_L0/POSTROUTE_FE_PHC144_RDATA_SEL_0' is out of load range (0.002457, 0.081104) of lib_cell 'BUFX03AS9'
  ramp 0.000000 at pin 'D1' of cell 'u_LOGIC_CENTER/LINK_LOGIC/LC_CSPIF_L0/DATA_24BIT_reg_4_' is out of ramp range (0.005680, 1.182430) of lib_cell 'AND2DFFRBQX1AS9'
  load 0.001756 at pin 'O' of cell 'u_LOGIC_CENTER/LINK_LOGIC/LC_CSPIF_L0/POSTROUTE_FE_PHC55_BDATA_SEL_7' is out of load range (0.002457, 0.081104) of lib_cell 'BUFX03AS9'
  ramp 0.000000 at pin 'D1' of cell 'u_LOGIC_CENTER/LINK_LOGIC/LC_CSPIF_L0/R_DATA_reg_0_' is out of ramp range (0.005680, 1.182430) of lib_cell 'AND2DFFRBQX1AS9'
  ramp 0.000000 at pin 'D1' of cell 'u_LOGIC_CENTER/LINK_LOGIC/LC_CSPIF_L0/G_DATA_reg_7_' is out of ramp range (0.005680, 1.182430) of lib_cell 'AND2DFFRBQX1AS9'
  ramp 0.000000 at pin 'TE' of cell 'u_LOGIC_CENTER/LINK_LOGIC/LC_CSPIF_L0/SNPS_CG_CELL_HSR_DCLK_HSR_WIDTH_CNT_reg_0/latch' is out of ramp range (0.005680, 1.182430) of lib_cell 'GCKHBQX8AS9'
  ramp 0.000000 at pin 'D1' of cell 'u_LOGIC_CENTER/LINK_LOGIC/LC_CSPIF_L0/DATA_24BIT_reg_18_' is out of ramp range (0.005680, 1.182430) of lib_cell 'AND2DFFRBQX1AS9'
  load 0.001534 at pin 'O' of cell 'u_LOGIC_CENTER/LINK_LOGIC/LC_CSPIF_L0/POSTROUTE_FE_PHC148_RDATA_SEL_3' is out of load range (0.002457, 0.081104) of lib_cell 'BUFX03AS9'
  load 0.001836 at pin 'O' of cell 'u_LOGIC_CENTER/LINK_LOGIC/LC_CSPIF_L0/U641' is out of load range (0.002457, 0.270347) of lib_cell 'NAND4X1AS9'
  ramp 0.000000 at pin 'D1' of cell 'u_LOGIC_CENTER/LINK_LOGIC/LC_CSPIF_L0/B_DATA_reg_8_' is out of ramp range (0.005680, 1.182430) of lib_cell 'AND2DFFRBQX1AS9'
  load 0.001537 at pin 'O' of cell 'u_LOGIC_CENTER/LINK_LOGIC/LC_CSPIF_L0/U450' is out of load range (0.002457, 0.135174) of lib_cell 'NOR2X05AS9'
  load 0.001641 at pin 'O' of cell 'u_LOGIC_CENTER/LINK_LOGIC/LC_CSPIF_L0/U455' is out of load range (0.002457, 0.135174) of lib_cell 'AO12X05AS9'
  load 0.001708 at pin 'O' of cell 'u_LOGIC_CENTER/LINK_LOGIC/LC_CSPIF_L0/U456' is out of load range (0.002457, 0.135174) of lib_cell 'AO13X05AS9'
  ramp 0.000000 at pin 'D1' of cell 'u_LOGIC_CENTER/LINK_LOGIC/LC_CSPIF_L0/DATA_24BIT_reg_5_' is out of ramp range (0.005680, 1.182430) of lib_cell 'AND2DFFRBQX1AS9'
  ramp 0.000000 at pin 'D1' of cell 'u_LOGIC_CENTER/LINK_LOGIC/LC_CSPIF_L0/R_DATA_reg_1_' is out of ramp range (0.005680, 1.182430) of lib_cell 'AND2DFFRBQX1AS9'
  ramp 0.000000 at pin 'D1' of cell 'u_LOGIC_CENTER/LINK_LOGIC/LC_CSPIF_L0/G_DATA_reg_8_' is out of ramp range (0.005680, 1.182430) of lib_cell 'AND2DFFRBQX1AS9'
  ramp 0.000000 at pin 'D1' of cell 'u_LOGIC_CENTER/LINK_LOGIC/LC_CSPIF_L0/DATA_24BIT_reg_19_' is out of ramp range (0.005680, 1.182430) of lib_cell 'AND2DFFRBQX1AS9'
  load 0.001756 at pin 'O' of cell 'u_LOGIC_CENTER/LINK_LOGIC/LC_CSPIF_L0/POSTROUTE_FE_PHC153_BDATA_SEL_6' is out of load range (0.002457, 0.081104) of lib_cell 'BUFX03AS9'
  load 0.001762 at pin 'O' of cell 'u_LOGIC_CENTER/LINK_LOGIC/LC_CSPIF_L0/POSTROUTE_FE_PHC155_BDATA_SEL_2' is out of load range (0.002457, 0.081104) of lib_cell 'BUFX03AS9'
  ramp 0.000000 at pin 'D1' of cell 'u_LOGIC_CENTER/LINK_LOGIC/LC_CSPIF_L0/DATA_24BIT_reg_6_' is out of ramp range (0.005680, 1.182430) of lib_cell 'AND2DFFRBQX1AS9'
  load 0.001762 at pin 'O' of cell 'u_LOGIC_CENTER/LINK_LOGIC/LC_CSPIF_L0/POSTROUTE_FE_PHC157_BDATA_SEL_3' is out of load range (0.002457, 0.081104) of lib_cell 'BUFX03AS9'
  load 0.001534 at pin 'O' of cell 'u_LOGIC_CENTER/LINK_LOGIC/LC_CSPIF_L0/POSTROUTE_FE_PHC158_BDATA_SEL_0' is out of load range (0.002457, 0.081104) of lib_cell 'BUFX03AS9'
  load 0.001554 at pin 'Q' of cell 'u_LOGIC_CENTER/LINK_LOGIC/CSPI_WD_BWDBL/WD_CNT_reg_4_' is out of load range (0.002457, 0.270347) of lib_cell 'AND2DFFRBQX1AS9'
  load 0.001534 at pin 'Q' of cell 'u_LOGIC_CENTER/LINK_LOGIC/CSPI_WD_BWDBL/BAC_CMD_TOG_DLY_L0_reg_2_' is out of load range (0.002457, 0.270347) of lib_cell 'AND2DFFRBQX1AS9'
  ramp 0.000000 at pin 'D1' of cell 'u_LOGIC_CENTER/LINK_LOGIC/CSPI_WD_BWDBL/BAC_CMD_TOG_DLY_L0_reg_2_' is out of ramp range (0.005680, 1.182430) of lib_cell 'AND2DFFRBQX1AS9'
  load 0.001554 at pin 'Q' of cell 'u_LOGIC_CENTER/LINK_LOGIC/CSPI_WD_BWDBL/WD_CNT_reg_2_' is out of load range (0.002457, 0.270347) of lib_cell 'AND2DFFRBQX1AS9'
  ramp 0.000000 at pin 'D1' of cell 'u_LOGIC_CENTER/LINK_LOGIC/CSPI_WD_BWDBL/LOCK_FREQ_DEB_DLY_reg' is out of ramp range (0.005680, 1.182430) of lib_cell 'AND2DFFRBQX1AS9'
  ramp 0.000000 at pin 'D1' of cell 'u_LOGIC_CENTER/LINK_LOGIC/CSPI_WD_BWDBL/BAC_CMD_TOG_DLY_L1_reg_3_' is out of ramp range (0.005680, 1.182430) of lib_cell 'AND2DFFRBQX1AS9'
  ramp 0.000000 at pin 'D1' of cell 'u_LOGIC_CENTER/LINK_LOGIC/CSPI_WD_BWDBL/BAC_CMD_TOG_DLY_L1_reg_1_' is out of ramp range (0.005680, 1.182430) of lib_cell 'AND2DFFRBQX1AS9'
  ramp 0.000000 at pin 'D1' of cell 'u_LOGIC_CENTER/LINK_LOGIC/CSPI_WD_BWDBL/BAC_CMD_TOG_DLY_L0_reg_3_' is out of ramp range (0.005680, 1.182430) of lib_cell 'AND2DFFRBQBX1AS9'
  ramp 0.000000 at pin 'D1' of cell 'u_LOGIC_CENTER/LINK_LOGIC/CSPI_WD_BWDBL/BAC_CMD_RF_STORE_reg' is out of ramp range (0.005680, 1.182430) of lib_cell 'AND2DFFRBQX1AS9'
  load 0.001620 at pin 'O' of cell 'u_LOGIC_CENTER/LINK_LOGIC/CSPI_WD_BWDBL/U12' is out of load range (0.002457, 0.270347) of lib_cell 'AND3X1AS9'
  load 0.001554 at pin 'Q' of cell 'u_LOGIC_CENTER/LINK_LOGIC/CSPI_WD_BWDBL/WD_CNT_reg_6_' is out of load range (0.002457, 0.270347) of lib_cell 'AND2DFFRBQX1AS9'
  ramp 0.000000 at pin 'D1' of cell 'u_LOGIC_CENTER/LINK_LOGIC/CSPI_WD_BWDBL/BAC_CMD_TOG_DLY_L0_reg_1_' is out of ramp range (0.005680, 1.182430) of lib_cell 'AND2DFFRBQX1AS9'
  load 0.001836 at pin 'O' of cell 'u_LOGIC_CENTER/LINK_LOGIC/CSPI_WD_BWDBL/U15' is out of load range (0.002457, 0.135174) of lib_cell 'OA13X05AS9'
  ramp 0.000000 at pin 'D1' of cell 'u_LOGIC_CENTER/LINK_LOGIC/CSPI_WD_BWDBL/BAC_CMD_TOG_DLY_L1_reg_2_' is out of ramp range (0.005680, 1.182430) of lib_cell 'AND2DFFRBQX1AS9'
  load 0.001756 at pin 'O' of cell 'u_LOGIC_CENTER/LINK_LOGIC/LC_CSPIF_L1/POSTROUTE_FE_PHC126_GDATA_SEL_6' is out of load range (0.002457, 0.270347) of lib_cell 'DEL0N2X1AS9'
  ramp 0.000000 at pin 'D1' of cell 'u_LOGIC_CENTER/LINK_LOGIC/LC_CSPIF_L1/RR_DATA_reg_2_' is out of ramp range (0.005680, 1.182430) of lib_cell 'AND2DFFRBQX1AS9'
  ramp 0.000000 at pin 'D1' of cell 'u_LOGIC_CENTER/LINK_LOGIC/LC_CSPIF_L1/B_DATA_reg_5_' is out of ramp range (0.005680, 1.182430) of lib_cell 'AND2DFFRBQX1AS9'
  ramp 0.000000 at pin 'D1' of cell 'u_LOGIC_CENTER/LINK_LOGIC/LC_CSPIF_L1/DATA_PS_ENC_reg_9_' is out of ramp range (0.005680, 1.182430) of lib_cell 'AND2DFFRBQX1AS9'
  ramp 0.000000 at pin 'D1' of cell 'u_LOGIC_CENTER/LINK_LOGIC/LC_CSPIF_L1/DATA_24BIT_reg_12_' is out of ramp range (0.005680, 1.182430) of lib_cell 'AND2DFFRBQX1AS9'
  ramp 0.000000 at pin 'D1' of cell 'u_LOGIC_CENTER/LINK_LOGIC/LC_CSPIF_L1/DATA_24BIT_reg_7_' is out of ramp range (0.005680, 1.182430) of lib_cell 'AND2DFFRBQX1AS9'
  ramp 0.000000 at pin 'D1' of cell 'u_LOGIC_CENTER/LINK_LOGIC/LC_CSPIF_L1/G_DATA_reg_2_' is out of ramp range (0.005680, 1.182430) of lib_cell 'AND2DFFRBQX1AS9'
  load 0.001708 at pin 'Q' of cell 'u_LOGIC_CENTER/LINK_LOGIC/LC_CSPIF_L1/KEY_RST_D_reg' is out of load range (0.002457, 0.270347) of lib_cell 'AND2DFFRBQX1AS9'
  ramp 0.000000 at pin 'D1' of cell 'u_LOGIC_CENTER/LINK_LOGIC/LC_CSPIF_L1/KEY_RST_D_reg' is out of ramp range (0.005680, 1.182430) of lib_cell 'AND2DFFRBQX1AS9'
  ramp 0.000000 at pin 'D1' of cell 'u_LOGIC_CENTER/LINK_LOGIC/LC_CSPIF_L1/DATA_24BIT_reg_22_' is out of ramp range (0.005680, 1.182430) of lib_cell 'AND2DFFRBQX1AS9'
  ramp 0.000000 at pin 'D1' of cell 'u_LOGIC_CENTER/LINK_LOGIC/LC_CSPIF_L1/DATA_PS_ENC_reg_13_' is out of ramp range (0.005680, 1.182430) of lib_cell 'AND2DFFRBQX1AS9'
  ramp 0.000000 at pin 'D1' of cell 'u_LOGIC_CENTER/LINK_LOGIC/LC_CSPIF_L1/R_DATA_reg_4_' is out of ramp range (0.005680, 1.182430) of lib_cell 'AND2DFFRBQX1AS9'
  load 0.001756 at pin 'O' of cell 'u_LOGIC_CENTER/LINK_LOGIC/LC_CSPIF_L1/U160' is out of load range (0.002457, 0.135174) of lib_cell 'AO222X05AS9'
  load 0.001756 at pin 'O' of cell 'u_LOGIC_CENTER/LINK_LOGIC/LC_CSPIF_L1/U162' is out of load range (0.002457, 0.135174) of lib_cell 'AO222X05AS9'
  load 0.001625 at pin 'O' of cell 'u_LOGIC_CENTER/LINK_LOGIC/LC_CSPIF_L1/U164' is out of load range (0.002457, 0.081104) of lib_cell 'INVX03AS9'
  load 0.001472 at pin 'O' of cell 'u_LOGIC_CENTER/LINK_LOGIC/LC_CSPIF_L1/U165' is out of load range (0.002457, 0.135174) of lib_cell 'OA122X05AS9'
  ramp 0.000000 at pin 'D1' of cell 'u_LOGIC_CENTER/LINK_LOGIC/LC_CSPIF_L1/RR_DATA_reg_3_' is out of ramp range (0.005680, 1.182430) of lib_cell 'AND2DFFRBQX1AS9'
  load 0.001587 at pin 'O' of cell 'u_LOGIC_CENTER/LINK_LOGIC/LC_CSPIF_L1/U167' is out of load range (0.002457, 0.135174) of lib_cell 'NOR2X05AS9'
  load 0.001756 at pin 'O' of cell 'u_LOGIC_CENTER/LINK_LOGIC/LC_CSPIF_L1/U168' is out of load range (0.002457, 0.135174) of lib_cell 'AO112X05AS9'
  ramp 0.000000 at pin 'D1' of cell 'u_LOGIC_CENTER/LINK_LOGIC/LC_CSPIF_L1/B_DATA_reg_6_' is out of ramp range (0.005680, 1.182430) of lib_cell 'AND2DFFRBQX1AS9'
  load 0.001534 at pin 'O' of cell 'u_LOGIC_CENTER/LINK_LOGIC/LC_CSPIF_L1/U69' is out of load range (0.002457, 0.270347) of lib_cell 'XNOR2X1AS9'
  ramp 0.000000 at pin 'D1' of cell 'u_LOGIC_CENTER/LINK_LOGIC/LC_CSPIF_L1/DATA_24BIT_reg_13_' is out of ramp range (0.005680, 1.182430) of lib_cell 'AND2DFFRBQX1AS9'
  ramp 0.000000 at pin 'D1' of cell 'u_LOGIC_CENTER/LINK_LOGIC/LC_CSPIF_L1/DATA_24BIT_reg_8_' is out of ramp range (0.005680, 1.182430) of lib_cell 'AND2DFFRBQX1AS9'
  ramp 0.000000 at pin 'D1' of cell 'u_LOGIC_CENTER/LINK_LOGIC/LC_CSPIF_L1/G_DATA_reg_3_' is out of ramp range (0.005680, 1.182430) of lib_cell 'AND2DFFRBQX1AS9'
  ramp 0.000000 at pin 'D1' of cell 'u_LOGIC_CENTER/LINK_LOGIC/LC_CSPIF_L1/DATA_PS_ENC_reg_0_' is out of ramp range (0.005680, 1.182430) of lib_cell 'AND2DFFRBQX1AS9'
  ramp 0.000000 at pin 'D1' of cell 'u_LOGIC_CENTER/LINK_LOGIC/LC_CSPIF_L1/DATA_24BIT_reg_23_' is out of ramp range (0.005680, 1.182430) of lib_cell 'AND2DFFRBQX1AS9'
  ramp 0.000000 at pin 'D1' of cell 'u_LOGIC_CENTER/LINK_LOGIC/LC_CSPIF_L1/DATA_PS_ENC_reg_14_' is out of ramp range (0.005680, 1.182430) of lib_cell 'AND2DFFRBQX1AS9'
  ramp 0.000000 at pin 'D1' of cell 'u_LOGIC_CENTER/LINK_LOGIC/LC_CSPIF_L1/R_DATA_reg_5_' is out of ramp range (0.005680, 1.182430) of lib_cell 'AND2DFFRBQX1AS9'
  load 0.001756 at pin 'O' of cell 'u_LOGIC_CENTER/LINK_LOGIC/LC_CSPIF_L1/POSTROUTE_FE_PHC21_BDATA_SEL_4' is out of load range (0.002457, 0.270347) of lib_cell 'DEL0N2X1AS9'
  load 0.001587 at pin 'O' of cell 'u_LOGIC_CENTER/LINK_LOGIC/LC_CSPIF_L1/U171' is out of load range (0.002457, 0.270347) of lib_cell 'LOWMUX2X1AS9'
  load 0.001756 at pin 'O' of cell 'u_LOGIC_CENTER/LINK_LOGIC/LC_CSPIF_L1/U172' is out of load range (0.002457, 0.135174) of lib_cell 'AO112X05AS9'
  load 0.001587 at pin 'O' of cell 'u_LOGIC_CENTER/LINK_LOGIC/LC_CSPIF_L1/U173' is out of load range (0.002457, 0.135174) of lib_cell 'OA122X05AS9'
  load 0.001756 at pin 'O' of cell 'u_LOGIC_CENTER/LINK_LOGIC/LC_CSPIF_L1/POSTROUTE_FE_PHC23_GDATA_SEL_4' is out of load range (0.002457, 0.270347) of lib_cell 'DEL0N2X1AS9'
  ramp 0.000000 at pin 'D1' of cell 'u_LOGIC_CENTER/LINK_LOGIC/LC_CSPIF_L1/RR_DATA_reg_4_' is out of ramp range (0.005680, 1.182430) of lib_cell 'AND2DFFRBQX1AS9'
  load 0.001534 at pin 'O' of cell 'u_LOGIC_CENTER/LINK_LOGIC/LC_CSPIF_L1/U73' is out of load range (0.002457, 0.270347) of lib_cell 'XNOR2X1AS9'
  ramp 0.000000 at pin 'D1' of cell 'u_LOGIC_CENTER/LINK_LOGIC/LC_CSPIF_L1/B_DATA_reg_7_' is out of ramp range (0.005680, 1.182430) of lib_cell 'AND2DFFRBQX1AS9'
  ramp 0.000000 at pin 'D1' of cell 'u_LOGIC_CENTER/LINK_LOGIC/LC_CSPIF_L1/DATA_24BIT_reg_14_' is out of ramp range (0.005680, 1.182430) of lib_cell 'AND2DFFRBQX1AS9'
  load 0.001534 at pin 'QB' of cell 'u_LOGIC_CENTER/LINK_LOGIC/LC_CSPIF_L1/SAMP_CNT_reg_1_' is out of load range (0.002457, 0.270347) of lib_cell 'DFFSBQBX1AS9'
  ramp 0.000000 at pin 'D1' of cell 'u_LOGIC_CENTER/LINK_LOGIC/LC_CSPIF_L1/G_DATA_reg_4_' is out of ramp range (0.005680, 1.182430) of lib_cell 'AND2DFFRBQX1AS9'
  ramp 0.000000 at pin 'D1' of cell 'u_LOGIC_CENTER/LINK_LOGIC/LC_CSPIF_L1/DATA_24BIT_reg_9_' is out of ramp range (0.005680, 1.182430) of lib_cell 'AND2DFFRBQX1AS9'
  ramp 0.000000 at pin 'D1' of cell 'u_LOGIC_CENTER/LINK_LOGIC/LC_CSPIF_L1/DATA_PS_ENC_reg_1_' is out of ramp range (0.005680, 1.182430) of lib_cell 'AND2DFFRBQX1AS9'
  load 0.001762 at pin 'O' of cell 'u_LOGIC_CENTER/LINK_LOGIC/LC_CSPIF_L1/POSTROUTE_FE_PHC135_BDATA_SEL_3' is out of load range (0.002457, 0.081104) of lib_cell 'BUFX03AS9'
  load 0.001756 at pin 'O' of cell 'u_LOGIC_CENTER/LINK_LOGIC/LC_CSPIF_L1/POSTROUTE_FE_PHC38_BDATA_SEL_3' is out of load range (0.002457, 0.135174) of lib_cell 'BUFX05AS9'
  ramp 0.000000 at pin 'D1' of cell 'u_LOGIC_CENTER/LINK_LOGIC/LC_CSPIF_L1/DATA_PS_ENC_reg_15_' is out of ramp range (0.005680, 1.182430) of lib_cell 'AND2DFFRBQX1AS9'
  ramp 0.000000 at pin 'D1' of cell 'u_LOGIC_CENTER/LINK_LOGIC/LC_CSPIF_L1/R_DATA_reg_6_' is out of ramp range (0.005680, 1.182430) of lib_cell 'AND2DFFRBQX1AS9'
  load 0.001756 at pin 'O' of cell 'u_LOGIC_CENTER/LINK_LOGIC/LC_CSPIF_L1/POSTROUTE_FE_PHC24_RDATA_SEL_0' is out of load range (0.002457, 0.270347) of lib_cell 'DEL0N2X1AS9'
  ramp 0.000000 at pin 'D1' of cell 'u_LOGIC_CENTER/LINK_LOGIC/LC_CSPIF_L1/RR_DATA_reg_5_' is out of ramp range (0.005680, 1.182430) of lib_cell 'AND2DFFRBQX1AS9'
  load 0.001756 at pin 'O' of cell 'u_LOGIC_CENTER/LINK_LOGIC/LC_CSPIF_L1/POSTROUTE_FE_PHC8_RDATA_SEL_4' is out of load range (0.002457, 0.270347) of lib_cell 'DEL0N25X1AS9'
  load 0.001534 at pin 'QB' of cell 'u_LOGIC_CENTER/LINK_LOGIC/LC_CSPIF_L1/KEY_CODE_reg_5_' is out of load range (0.002457, 0.270347) of lib_cell 'DFFRBQBX1AS9'
  ramp 0.000000 at pin 'D1' of cell 'u_LOGIC_CENTER/LINK_LOGIC/LC_CSPIF_L1/B_DATA_reg_8_' is out of ramp range (0.005680, 1.182430) of lib_cell 'AND2DFFRBQX1AS9'
  load 0.001534 at pin 'O' of cell 'u_LOGIC_CENTER/LINK_LOGIC/LC_CSPIF_L1/POSTROUTE_FE_PHC172_GDATA_SEL_3' is out of load range (0.002457, 0.081104) of lib_cell 'BUFX03AS9'
  ramp 0.000000 at pin 'D1' of cell 'u_LOGIC_CENTER/LINK_LOGIC/LC_CSPIF_L1/DATA_24BIT_reg_15_' is out of ramp range (0.005680, 1.182430) of lib_cell 'AND2DFFRBQX1AS9'
  ramp 0.000000 at pin 'D1' of cell 'u_LOGIC_CENTER/LINK_LOGIC/LC_CSPIF_L1/G_DATA_reg_5_' is out of ramp range (0.005680, 1.182430) of lib_cell 'AND2DFFRBQX1AS9'
  ramp 0.000000 at pin 'D1' of cell 'u_LOGIC_CENTER/LINK_LOGIC/LC_CSPIF_L1/DATA_PS_ENC_reg_2_' is out of ramp range (0.005680, 1.182430) of lib_cell 'AND2DFFRBQX1AS9'
  ramp 0.000000 at pin 'D1' of cell 'u_LOGIC_CENTER/LINK_LOGIC/LC_CSPIF_L1/DIOH_DCLK_reg' is out of ramp range (0.005680, 1.182430) of lib_cell 'AND2DFFRBQX4AS9'
  ramp 0.000000 at pin 'TE' of cell 'u_LOGIC_CENTER/LINK_LOGIC/LC_CSPIF_L1/SNPS_CG_CELL_DCLK_B_DATA_reg_0/latch' is out of ramp range (0.005680, 1.182430) of lib_cell 'GCKHBQX8AS9'
  load 0.001756 at pin 'O' of cell 'u_LOGIC_CENTER/LINK_LOGIC/LC_CSPIF_L1/POSTROUTE_FE_PHC127_BDATA_SEL_7' is out of load range (0.002457, 0.270347) of lib_cell 'DEL0N15X1AS9'
  ramp 0.000000 at pin 'D1' of cell 'u_LOGIC_CENTER/LINK_LOGIC/LC_CSPIF_L1/DATA_24BIT_reg_0_' is out of ramp range (0.005680, 1.182430) of lib_cell 'AND2DFFRBQX1AS9'
  ramp 0.000000 at pin 'D1' of cell 'u_LOGIC_CENTER/LINK_LOGIC/LC_CSPIF_L1/DATA_PS_ENC_reg_16_' is out of ramp range (0.005680, 1.182430) of lib_cell 'AND2DFFRBQX1AS9'
  load 0.001534 at pin 'O' of cell 'u_LOGIC_CENTER/LINK_LOGIC/LC_CSPIF_L1/POSTROUTE_FE_PHC169_BDATA_SEL_3' is out of load range (0.002457, 0.081104) of lib_cell 'BUFX03AS9'
  load 0.001756 at pin 'O' of cell 'u_LOGIC_CENTER/LINK_LOGIC/LC_CSPIF_L1/POSTROUTE_FE_PHC13_GDATA_SEL_5' is out of load range (0.002457, 0.270347) of lib_cell 'DEL0N2X1AS9'
  ramp 0.000000 at pin 'D1' of cell 'u_LOGIC_CENTER/LINK_LOGIC/LC_CSPIF_L1/R_DATA_reg_7_' is out of ramp range (0.005680, 1.182430) of lib_cell 'AND2DFFRBQX1AS9'
  load 0.001756 at pin 'O' of cell 'u_LOGIC_CENTER/LINK_LOGIC/LC_CSPIF_L1/U190' is out of load range (0.002457, 0.135174) of lib_cell 'NAND2X05AS9'
  load 0.001756 at pin 'O' of cell 'u_LOGIC_CENTER/LINK_LOGIC/LC_CSPIF_L1/U192' is out of load range (0.002457, 0.135174) of lib_cell 'NAND2X05AS9'
  load 0.001756 at pin 'O' of cell 'u_LOGIC_CENTER/LINK_LOGIC/LC_CSPIF_L1/U194' is out of load range (0.002457, 0.135174) of lib_cell 'NAND2X05AS9'
  load 0.001534 at pin 'O' of cell 'u_LOGIC_CENTER/LINK_LOGIC/LC_CSPIF_L1/U91' is out of load range (0.002457, 0.270347) of lib_cell 'XNOR2X1AS9'
  ramp 0.000000 at pin 'D1' of cell 'u_LOGIC_CENTER/LINK_LOGIC/LC_CSPIF_L1/RR_DATA_reg_6_' is out of ramp range (0.005680, 1.182430) of lib_cell 'AND2DFFRBQX1AS9'
  load 0.001836 at pin 'O' of cell 'u_LOGIC_CENTER/LINK_LOGIC/LC_CSPIF_L1/U198' is out of load range (0.002457, 0.270347) of lib_cell 'AOI222X1AS9'
  ramp 0.000000 at pin 'TE' of cell 'u_LOGIC_CENTER/LINK_LOGIC/LC_CSPIF_L1/SNPS_CG_CELL_DCLK_KEY_CODE_reg_0/latch' is out of ramp range (0.005680, 1.182430) of lib_cell 'GCKHBQX8AS9'
  load 0.001762 at pin 'O' of cell 'u_LOGIC_CENTER/LINK_LOGIC/LC_CSPIF_L1/POSTROUTE_FE_PHC133_GDATA_SEL_3' is out of load range (0.002457, 0.081104) of lib_cell 'BUFX03AS9'
  ramp 0.000000 at pin 'D1' of cell 'u_LOGIC_CENTER/LINK_LOGIC/LC_CSPIF_L1/DATA_24BIT_reg_16_' is out of ramp range (0.005680, 1.182430) of lib_cell 'AND2DFFRBQX1AS9'
  ramp 0.000000 at pin 'D1' of cell 'u_LOGIC_CENTER/LINK_LOGIC/LC_CSPIF_L1/G_DATA_reg_6_' is out of ramp range (0.005680, 1.182430) of lib_cell 'AND2DFFRBQX1AS9'
  ramp 0.000000 at pin 'D1' of cell 'u_LOGIC_CENTER/LINK_LOGIC/LC_CSPIF_L1/DATA_PS_ENC_reg_3_' is out of ramp range (0.005680, 1.182430) of lib_cell 'AND2DFFRBQX1AS9'
  ramp 0.000000 at pin 'TE' of cell 'u_LOGIC_CENTER/LINK_LOGIC/LC_CSPIF_L1/SNPS_CG_CELL_DCLK_RR_DATA_reg_0/latch' is out of ramp range (0.005680, 1.182430) of lib_cell 'GCKHBQX8AS9'
  ramp 0.000000 at pin 'D1' of cell 'u_LOGIC_CENTER/LINK_LOGIC/LC_CSPIF_L1/DATA_PS_ENC_reg_17_' is out of ramp range (0.005680, 1.182430) of lib_cell 'AND2DFFRBQX1AS9'
  ramp 0.000000 at pin 'D1' of cell 'u_LOGIC_CENTER/LINK_LOGIC/LC_CSPIF_L1/DATA_24BIT_reg_1_' is out of ramp range (0.005680, 1.182430) of lib_cell 'AND2DFFRBQX1AS9'
  ramp 0.000000 at pin 'D1' of cell 'u_LOGIC_CENTER/LINK_LOGIC/LC_CSPIF_L1/R_DATA_reg_8_' is out of ramp range (0.005680, 1.182430) of lib_cell 'AND2DFFRBQX1AS9'
  ramp 0.000000 at pin 'D1' of cell 'u_LOGIC_CENTER/LINK_LOGIC/LC_CSPIF_L1/DATA_24BIT_reg_17_' is out of ramp range (0.005680, 1.182430) of lib_cell 'AND2DFFRBQX1AS9'
  load 0.001676 at pin 'O' of cell 'u_LOGIC_CENTER/LINK_LOGIC/LC_CSPIF_L1/U201' is out of load range (0.002457, 0.135174) of lib_cell 'NAND3X05AS9'
  ramp 0.000000 at pin 'D1' of cell 'u_LOGIC_CENTER/LINK_LOGIC/LC_CSPIF_L1/B_DATA_reg_0_' is out of ramp range (0.005680, 1.182430) of lib_cell 'AND2DFFRBQX1AS9'
  ramp 0.000000 at pin 'D1' of cell 'u_LOGIC_CENTER/LINK_LOGIC/LC_CSPIF_L1/G_DATA_reg_7_' is out of ramp range (0.005680, 1.182430) of lib_cell 'AND2DFFRBQX1AS9'
  ramp 0.000000 at pin 'D1' of cell 'u_LOGIC_CENTER/LINK_LOGIC/LC_CSPIF_L1/DATA_PS_ENC_reg_4_' is out of ramp range (0.005680, 1.182430) of lib_cell 'AND2DFFRBQX1AS9'
  ramp 0.000000 at pin 'D1' of cell 'u_LOGIC_CENTER/LINK_LOGIC/LC_CSPIF_L1/DATA_24BIT_reg_2_' is out of ramp range (0.005680, 1.182430) of lib_cell 'AND2DFFRBQX1AS9'
  load 0.001641 at pin 'O' of cell 'u_LOGIC_CENTER/LINK_LOGIC/LC_CSPIF_L1/POSTROUTE_FE_PHC170_n20' is out of load range (0.002457, 0.081104) of lib_cell 'BUFX03AS9'
  load 0.001756 at pin 'O' of cell 'u_LOGIC_CENTER/LINK_LOGIC/LC_CSPIF_L1/POSTROUTE_FE_PHC18_BDATA_SEL_0' is out of load range (0.002457, 0.270347) of lib_cell 'DEL0N2X1AS9'
  load 0.001756 at pin 'O' of cell 'u_LOGIC_CENTER/LINK_LOGIC/LC_CSPIF_L1/POSTROUTE_FE_PHC123_GDATA_SEL_7' is out of load range (0.002457, 0.270347) of lib_cell 'DEL0N2X1AS9'
  load 0.001537 at pin 'O' of cell 'u_LOGIC_CENTER/LINK_LOGIC/LC_CSPIF_L1/U13' is out of load range (0.002457, 0.270347) of lib_cell 'AND2B1X1AS9'
  ramp 0.000000 at pin 'D1' of cell 'u_LOGIC_CENTER/LINK_LOGIC/LC_CSPIF_L1/DATA_24BIT_reg_18_' is out of ramp range (0.005680, 1.182430) of lib_cell 'AND2DFFRBQX1AS9'
  load 0.001836 at pin 'O' of cell 'u_LOGIC_CENTER/LINK_LOGIC/LC_CSPIF_L1/U210' is out of load range (0.002457, 0.135174) of lib_cell 'AO222X05AS9'
  ramp 0.000000 at pin 'D1' of cell 'u_LOGIC_CENTER/LINK_LOGIC/LC_CSPIF_L1/G_DATA_reg_8_' is out of ramp range (0.005680, 1.182430) of lib_cell 'AND2DFFRBQX1AS9'
  ramp 0.000000 at pin 'D1' of cell 'u_LOGIC_CENTER/LINK_LOGIC/LC_CSPIF_L1/DATA_PS_ENC_reg_5_' is out of ramp range (0.005680, 1.182430) of lib_cell 'AND2DFFRBQX1AS9'
  load 0.001676 at pin 'O' of cell 'u_LOGIC_CENTER/LINK_LOGIC/LC_CSPIF_L1/U214' is out of load range (0.002457, 0.135174) of lib_cell 'NAND3X05AS9'
  load 0.001756 at pin 'O' of cell 'u_LOGIC_CENTER/LINK_LOGIC/LC_CSPIF_L1/POSTROUTE_FE_PHC30_GDATA_SEL_3' is out of load range (0.002457, 0.135174) of lib_cell 'BUFX05AS9'
  ramp 0.000000 at pin 'D1' of cell 'u_LOGIC_CENTER/LINK_LOGIC/LC_CSPIF_L1/DATA_24BIT_reg_3_' is out of ramp range (0.005680, 1.182430) of lib_cell 'AND2DFFRBQX1AS9'
  ramp 0.000000 at pin 'D1' of cell 'u_LOGIC_CENTER/LINK_LOGIC/LC_CSPIF_L1/R_DATA_reg_0_' is out of ramp range (0.005680, 1.182430) of lib_cell 'AND2DFFRBQX1AS9'
  load 0.001756 at pin 'O' of cell 'u_LOGIC_CENTER/LINK_LOGIC/LC_CSPIF_L1/POSTROUTE_FE_PHC124_RDATA_SEL_7' is out of load range (0.002457, 0.270347) of lib_cell 'DEL0N2X1AS9'
  ramp 0.000000 at pin 'D1' of cell 'u_LOGIC_CENTER/LINK_LOGIC/LC_CSPIF_L1/DATA_24BIT_reg_19_' is out of ramp range (0.005680, 1.182430) of lib_cell 'AND2DFFRBQX1AS9'
  load 0.001537 at pin 'OB' of cell 'u_LOGIC_CENTER/LINK_LOGIC/LC_CSPIF_L1/U220' is out of load range (0.002457, 0.270347) of lib_cell 'MUX2BX1AS9'
  ramp 0.000000 at pin 'D1' of cell 'u_LOGIC_CENTER/LINK_LOGIC/LC_CSPIF_L1/B_DATA_reg_2_' is out of ramp range (0.005680, 1.182430) of lib_cell 'AND2DFFRBQX1AS9'
  load 0.001878 at pin 'O' of cell 'u_LOGIC_CENTER/LINK_LOGIC/LC_CSPIF_L1/U29' is out of load range (0.002457, 0.270347) of lib_cell 'AOI222X1AS9'
  ramp 0.000000 at pin 'D1' of cell 'u_LOGIC_CENTER/LINK_LOGIC/LC_CSPIF_L1/DATA_PS_ENC_reg_6_' is out of ramp range (0.005680, 1.182430) of lib_cell 'AND2DFFRBQX1AS9'
  load 0.001537 at pin 'OB' of cell 'u_LOGIC_CENTER/LINK_LOGIC/LC_CSPIF_L1/U224' is out of load range (0.002457, 0.270347) of lib_cell 'MUX2BX1AS9'
  load 0.001756 at pin 'O' of cell 'u_LOGIC_CENTER/LINK_LOGIC/LC_CSPIF_L1/POSTROUTE_FE_PHC14_BDATA_SEL_6' is out of load range (0.002457, 0.270347) of lib_cell 'DEL0N2X1AS9'
  load 0.001756 at pin 'O' of cell 'u_LOGIC_CENTER/LINK_LOGIC/LC_CSPIF_L1/POSTROUTE_FE_PHC16_GDATA_SEL_0' is out of load range (0.002457, 0.270347) of lib_cell 'DEL0N2X1AS9'
  load 0.001699 at pin 'O' of cell 'u_LOGIC_CENTER/LINK_LOGIC/LC_CSPIF_L1/U227' is out of load range (0.002457, 0.081104) of lib_cell 'INVX03AS9'
  ramp 0.000000 at pin 'D1' of cell 'u_LOGIC_CENTER/LINK_LOGIC/LC_CSPIF_L1/DATA_24BIT_reg_4_' is out of ramp range (0.005680, 1.182430) of lib_cell 'AND2DFFRBQX1AS9'
  ramp 0.000000 at pin 'TE' of cell 'u_LOGIC_CENTER/LINK_LOGIC/LC_CSPIF_L1/SNPS_CG_CELL_DCLK_DATA_24BIT_reg_0/latch' is out of ramp range (0.005680, 1.182430) of lib_cell 'GCKHBQX8AS9'
  ramp 0.000000 at pin 'TE' of cell 'u_LOGIC_CENTER/LINK_LOGIC/LC_CSPIF_L1/SNPS_CG_CELL_DCLK_DATA_24BIT_reg_1/latch' is out of ramp range (0.005680, 1.182430) of lib_cell 'GCKHBQX8AS9'
  load 0.001756 at pin 'O' of cell 'u_LOGIC_CENTER/LINK_LOGIC/LC_CSPIF_L1/POSTROUTE_FE_PHC9_RDATA_SEL_3' is out of load range (0.002457, 0.270347) of lib_cell 'DEL0N25X1AS9'
  ramp 0.000000 at pin 'D1' of cell 'u_LOGIC_CENTER/LINK_LOGIC/LC_CSPIF_L1/DATA_PS_ENC_reg_10_' is out of ramp range (0.005680, 1.182430) of lib_cell 'AND2DFFRBQX1AS9'
  load 0.001756 at pin 'O' of cell 'u_LOGIC_CENTER/LINK_LOGIC/LC_CSPIF_L1/POSTROUTE_FE_PHC43_BDATA_SEL_1' is out of load range (0.002457, 0.135174) of lib_cell 'BUFX05AS9'
  ramp 0.000000 at pin 'D1' of cell 'u_LOGIC_CENTER/LINK_LOGIC/LC_CSPIF_L1/R_DATA_reg_1_' is out of ramp range (0.005680, 1.182430) of lib_cell 'AND2DFFRBQX1AS9'
  load 0.001762 at pin 'O' of cell 'u_LOGIC_CENTER/LINK_LOGIC/LC_CSPIF_L1/POSTROUTE_FE_PHC134_BDATA_SEL_1' is out of load range (0.002457, 0.081104) of lib_cell 'BUFX03AS9'
  load 0.001756 at pin 'O' of cell 'u_LOGIC_CENTER/LINK_LOGIC/LC_CSPIF_L1/POSTROUTE_FE_PHC20_GDATA_SEL_1' is out of load range (0.002457, 0.270347) of lib_cell 'DEL0N2X1AS9'
  ramp 0.000000 at pin 'D1' of cell 'u_LOGIC_CENTER/LINK_LOGIC/LC_CSPIF_L1/RR_DATA_reg_0_' is out of ramp range (0.005680, 1.182430) of lib_cell 'AND2DFFRBQX1AS9'
  load 0.001756 at pin 'O' of cell 'u_LOGIC_CENTER/LINK_LOGIC/LC_CSPIF_L1/POSTROUTE_FE_PHC12_RDATA_SEL_6' is out of load range (0.002457, 0.270347) of lib_cell 'DEL0N2X1AS9'
  load 0.001691 at pin 'O' of cell 'u_LOGIC_CENTER/LINK_LOGIC/LC_CSPIF_L1/U33' is out of load range (0.002457, 0.270347) of lib_cell 'AND3B2X1AS9'
  load 0.001756 at pin 'O' of cell 'u_LOGIC_CENTER/LINK_LOGIC/LC_CSPIF_L1/POSTROUTE_FE_PHC128_BDATA_SEL_5' is out of load range (0.002457, 0.270347) of lib_cell 'DEL0N3X1AS9'
  ramp 0.000000 at pin 'D1' of cell 'u_LOGIC_CENTER/LINK_LOGIC/LC_CSPIF_L1/B_DATA_reg_3_' is out of ramp range (0.005680, 1.182430) of lib_cell 'AND2DFFRBQX1AS9'
  load 0.001537 at pin 'OB' of cell 'u_LOGIC_CENTER/LINK_LOGIC/LC_CSPIF_L1/U232' is out of load range (0.002457, 0.270347) of lib_cell 'MUX2BX1AS9'
  load 0.001878 at pin 'O' of cell 'u_LOGIC_CENTER/LINK_LOGIC/LC_CSPIF_L1/U39' is out of load range (0.002457, 0.270347) of lib_cell 'AOI222X1AS9'
  ramp 0.000000 at pin 'D1' of cell 'u_LOGIC_CENTER/LINK_LOGIC/LC_CSPIF_L1/DATA_PS_ENC_reg_7_' is out of ramp range (0.005680, 1.182430) of lib_cell 'AND2DFFRBQX1AS9'
  load 0.001455 at pin 'O' of cell 'u_LOGIC_CENTER/LINK_LOGIC/LC_CSPIF_L1/U234' is out of load range (0.002457, 0.135174) of lib_cell 'NOR2X05AS9'
  load 0.001699 at pin 'O' of cell 'u_LOGIC_CENTER/LINK_LOGIC/LC_CSPIF_L1/U235' is out of load range (0.002457, 0.081104) of lib_cell 'INVX03AS9'
  ramp 0.000000 at pin 'D1' of cell 'u_LOGIC_CENTER/LINK_LOGIC/LC_CSPIF_L1/DATA_24BIT_reg_10_' is out of ramp range (0.005680, 1.182430) of lib_cell 'AND2DFFRBQX1AS9'
  load 0.001699 at pin 'O' of cell 'u_LOGIC_CENTER/LINK_LOGIC/LC_CSPIF_L1/U237' is out of load range (0.002457, 0.081104) of lib_cell 'INVX03AS9'
  load 0.001537 at pin 'OB' of cell 'u_LOGIC_CENTER/LINK_LOGIC/LC_CSPIF_L1/U238' is out of load range (0.002457, 0.270347) of lib_cell 'MUX2BX1AS9'
  ramp 0.000000 at pin 'D1' of cell 'u_LOGIC_CENTER/LINK_LOGIC/LC_CSPIF_L1/DATA_24BIT_reg_5_' is out of ramp range (0.005680, 1.182430) of lib_cell 'AND2DFFRBQX1AS9'
  ramp 0.000000 at pin 'D1' of cell 'u_LOGIC_CENTER/LINK_LOGIC/LC_CSPIF_L1/G_DATA_reg_0_' is out of ramp range (0.005680, 1.182430) of lib_cell 'AND2DFFRBQX1AS9'
  ramp 0.000000 at pin 'D1' of cell 'u_LOGIC_CENTER/LINK_LOGIC/LC_CSPIF_L1/KEY_RST_18UI_reg' is out of ramp range (0.005680, 1.182430) of lib_cell 'AND2DFFRBQX1AS9'
  load 0.001756 at pin 'O' of cell 'u_LOGIC_CENTER/LINK_LOGIC/LC_CSPIF_L1/POSTROUTE_FE_PHC17_RDATA_SEL_5' is out of load range (0.002457, 0.270347) of lib_cell 'DEL0N2X1AS9'
  ramp 0.000000 at pin 'D1' of cell 'u_LOGIC_CENTER/LINK_LOGIC/LC_CSPIF_L1/DATA_24BIT_reg_20_' is out of ramp range (0.005680, 1.182430) of lib_cell 'AND2DFFRBQX1AS9'
  ramp 0.000000 at pin 'D1' of cell 'u_LOGIC_CENTER/LINK_LOGIC/LC_CSPIF_L1/DATA_PS_ENC_reg_11_' is out of ramp range (0.005680, 1.182430) of lib_cell 'AND2DFFRBQX1AS9'
  ramp 0.000000 at pin 'D1' of cell 'u_LOGIC_CENTER/LINK_LOGIC/LC_CSPIF_L1/R_DATA_reg_2_' is out of ramp range (0.005680, 1.182430) of lib_cell 'AND2DFFRBQX1AS9'
  load 0.001691 at pin 'O' of cell 'u_LOGIC_CENTER/LINK_LOGIC/LC_CSPIF_L1/U43' is out of load range (0.002457, 0.270347) of lib_cell 'AND3B2X1AS9'
  load 0.001537 at pin 'OB' of cell 'u_LOGIC_CENTER/LINK_LOGIC/LC_CSPIF_L1/U240' is out of load range (0.002457, 0.270347) of lib_cell 'MUX2BX1AS9'
  load 0.001756 at pin 'O' of cell 'u_LOGIC_CENTER/LINK_LOGIC/LC_CSPIF_L1/POSTROUTE_FE_PHC15_RDATA_SEL_2' is out of load range (0.002457, 0.270347) of lib_cell 'DEL0N2X1AS9'
  ramp 0.000000 at pin 'D1' of cell 'u_LOGIC_CENTER/LINK_LOGIC/LC_CSPIF_L1/B_DATA_reg_4_' is out of ramp range (0.005680, 1.182430) of lib_cell 'AND2DFFRBQX1AS9'
  ramp 0.000000 at pin 'D1' of cell 'u_LOGIC_CENTER/LINK_LOGIC/LC_CSPIF_L1/DATA_PS_ENC_reg_8_' is out of ramp range (0.005680, 1.182430) of lib_cell 'AND2DFFRBQX1AS9'
  ramp 0.000000 at pin 'D1' of cell 'u_LOGIC_CENTER/LINK_LOGIC/LC_CSPIF_L1/DATA_24BIT_reg_11_' is out of ramp range (0.005680, 1.182430) of lib_cell 'AND2DFFRBQX1AS9'
  ramp 0.000000 at pin 'D1' of cell 'u_LOGIC_CENTER/LINK_LOGIC/LC_CSPIF_L1/DATA_24BIT_reg_6_' is out of ramp range (0.005680, 1.182430) of lib_cell 'AND2DFFRBQX1AS9'
  load 0.001756 at pin 'O' of cell 'u_LOGIC_CENTER/LINK_LOGIC/LC_CSPIF_L1/POSTROUTE_FE_PHC27_BDATA_SEL_2' is out of load range (0.002457, 0.270347) of lib_cell 'DEL0N3X1AS9'
  load 0.001756 at pin 'O' of cell 'u_LOGIC_CENTER/LINK_LOGIC/LC_CSPIF_L1/POSTROUTE_FE_PHC10_GDATA_SEL_2' is out of load range (0.002457, 0.270347) of lib_cell 'DEL0N2X1AS9'
  ramp 0.000000 at pin 'D1' of cell 'u_LOGIC_CENTER/LINK_LOGIC/LC_CSPIF_L1/DATA_24BIT_reg_21_' is out of ramp range (0.005680, 1.182430) of lib_cell 'AND2DFFRBQX1AS9'
  ramp 0.000000 at pin 'D1' of cell 'u_LOGIC_CENTER/LINK_LOGIC/LC_CSPIF_L1/DATA_PS_ENC_reg_12_' is out of ramp range (0.005680, 1.182430) of lib_cell 'AND2DFFRBQX1AS9'
  ramp 0.000000 at pin 'D1' of cell 'u_LOGIC_CENTER/LINK_LOGIC/LC_CSPIF_L1/R_DATA_reg_3_' is out of ramp range (0.005680, 1.182430) of lib_cell 'AND2DFFRBQX1AS9'
  load 0.001723 at pin 'O' of cell 'u_LOGIC_CENTER/LINK_LOGIC/LC_MONBLOCK/PLACE_FE_OFC349_DCLK1_CNT_2' is out of load range (0.002457, 0.540694) of lib_cell 'CLKINVX2AS9'
  ramp 0.000000 at pin 'D1' of cell 'u_LOGIC_CENTER/LINK_LOGIC/LC_MONBLOCK/DCLK0_CNT_reg_1_' is out of ramp range (0.005680, 1.182430) of lib_cell 'AND2DFFRBQX1AS9'
  load 0.001554 at pin 'O' of cell 'u_LOGIC_CENTER/LINK_LOGIC/LC_MONBLOCK/PLACE_FE_OFC20_n13' is out of load range (0.002457, 0.270347) of lib_cell 'CLKINVX1AS9'
  load 0.001657 at pin 'O' of cell 'u_LOGIC_CENTER/LINK_LOGIC/LC_MONBLOCK/U29' is out of load range (0.002457, 0.135174) of lib_cell 'AO2222X05AS9'
  load 0.001683 at pin 'O' of cell 'u_LOGIC_CENTER/LINK_LOGIC/LC_MONBLOCK/PLACE_FE_PDC1_N_364__IOBUF' is out of load range (0.002457, 0.081104) of lib_cell 'INVX03AS9'
  ramp 0.000000 at pin 'D1' of cell 'u_LOGIC_CENTER/LINK_LOGIC/LC_MONBLOCK/DCLK0_CNT_reg_2_' is out of ramp range (0.005680, 1.182430) of lib_cell 'AND2DFFRBQX1AS9'
  load 0.001541 at pin 'O' of cell 'u_LOGIC_CENTER/LINK_LOGIC/LC_MONBLOCK/PLACE_FE_OFC1_DCLK0_CNT_2' is out of load range (0.002457, 0.081104) of lib_cell 'INVX03AS9'
  ramp 0.000000 at pin 'D1' of cell 'u_LOGIC_CENTER/LINK_LOGIC/LC_MONBLOCK/DCLK1_CNT_reg_1_' is out of ramp range (0.005680, 1.182430) of lib_cell 'AND2DFFRBQX1AS9'
  load 0.001545 at pin 'O' of cell 'u_LOGIC_CENTER/LINK_LOGIC/LC_MONBLOCK/U12' is out of load range (0.002457, 0.270347) of lib_cell 'AND2B1X1AS9'
  ramp 0.000000 at pin 'D1' of cell 'u_LOGIC_CENTER/LINK_LOGIC/LC_MONBLOCK/DCLK1_CNT_reg_2_' is out of ramp range (0.005680, 1.182430) of lib_cell 'AND2DFFRBQX1AS9'
  load 0.001554 at pin 'O' of cell 'u_LOGIC_CENTER/LINK_LOGIC/LC_MONBLOCK/PLACE_FE_OFC0_DCLK0_CNT_2' is out of load range (0.002457, 0.270347) of lib_cell 'CLKINVX1AS9'
  ramp 0.000000 at pin 'TE' of cell 'u_LOGIC_CENTER/LINK_LOGIC/SNPS_CG_CELL_DCLK0_BKPOL_EN_P_L0_PRE_STORE_reg_0/latch' is out of ramp range (0.005680, 1.182430) of lib_cell 'GCKHBQX8AS9'
  ramp 0.000000 at pin 'D1' of cell 'u_LOGIC_CENTER/LINK_LOGIC/RSTN_POFF_CTL/UTC_CNT_END_DLY_reg_2_' is out of ramp range (0.005680, 1.182430) of lib_cell 'AND2DFFRBQX1AS9'
  load 0.001756 at pin 'O' of cell 'u_LOGIC_CENTER/LINK_LOGIC/RSTN_POFF_CTL/U9' is out of load range (0.002457, 0.270347) of lib_cell 'OR4X1AS9'
  ramp 0.000000 at pin 'D1' of cell 'u_LOGIC_CENTER/LINK_LOGIC/RSTN_POFF_CTL/UTC_CNT_END_DLY_reg_1_' is out of ramp range (0.005680, 1.182430) of lib_cell 'AND2DFFRBQX1AS9'
  load 0.001680 at pin 'O' of cell 'u_LOGIC_CENTER/LINK_LOGIC/RSTN_POFF_CTL/U3' is out of load range (0.002457, 0.081104) of lib_cell 'INVX03AS9'
  ramp 0.000000 at pin 'D1' of cell 'u_LOGIC_CENTER/LINK_LOGIC/RSTN_POFF_CTL/N_RST_PHY_PRE_reg' is out of ramp range (0.005680, 1.182430) of lib_cell 'AND2DFFRBQX1AS9'
  load 0.001680 at pin 'Q' of cell 'u_LOGIC_CENTER/LINK_LOGIC/LC_CPUWR_HV2M23/R_REG_4_reg_5_' is out of load range (0.002457, 0.135174) of lib_cell 'DFFRBQX05AS9'
  ramp 0.000000 at pin 'RB' of cell 'u_LOGIC_CENTER/LINK_LOGIC/LC_CPUWR_HV2M23/R_REG_36_reg_2_' is out of ramp range (0.005680, 1.182430) of lib_cell 'DFFRBQX05AS9'
  ramp 0.000000 at pin 'TE' of cell 'u_LOGIC_CENTER/LINK_LOGIC/LC_CPUWR_HV2M23/SNPS_CG_CELL_WCK1_A_R_REG_0_reg_0/latch' is out of ramp range (0.005680, 1.182430) of lib_cell 'GCKHBQX8AS9'
  load 0.001683 at pin 'Q' of cell 'u_LOGIC_CENTER/LINK_LOGIC/LC_CPUWR_HV2M23/R_REG_39_reg_5_' is out of load range (0.002457, 0.270347) of lib_cell 'DFFSBQX1AS9'
  load 0.001683 at pin 'Q' of cell 'u_LOGIC_CENTER/LINK_LOGIC/LC_CPUWR_HV2M23/R_REG_1_reg_0_' is out of load range (0.002457, 0.270347) of lib_cell 'DFFSBQX1AS9'
  ramp 0.000000 at pin 'TE' of cell 'u_LOGIC_CENTER/LINK_LOGIC/LC_CPUWR_HV2M23/SNPS_CG_CELL_WCK1_A_R_REG_5_reg_0/latch' is out of ramp range (0.005680, 1.182430) of lib_cell 'GCKHBQX8AS9'
  load 0.001636 at pin 'Q' of cell 'u_LOGIC_CENTER/LINK_LOGIC/LC_CPUWR_HV2M23/R_REG_38_reg_2_' is out of load range (0.002457, 0.270347) of lib_cell 'DFFSBQX1AS9'
  load 0.001554 at pin 'Q' of cell 'u_LOGIC_CENTER/LINK_LOGIC/LC_CPUWR_HV2M23/R_REG_35_reg_7_' is out of load range (0.002457, 0.540694) of lib_cell 'DFFRBQX2AS9'
  ramp 0.000000 at pin 'RB' of cell 'u_LOGIC_CENTER/LINK_LOGIC/LC_CPUWR_HV2M23/R_REG_36_reg_3_' is out of ramp range (0.005680, 1.182430) of lib_cell 'DFFRBQX05AS9'
  load 0.001683 at pin 'Q' of cell 'u_LOGIC_CENTER/LINK_LOGIC/LC_CPUWR_HV2M23/R_REG_39_reg_6_' is out of load range (0.002457, 0.135174) of lib_cell 'DFFRBQX05AS9'
  load 0.001683 at pin 'Q' of cell 'u_LOGIC_CENTER/LINK_LOGIC/LC_CPUWR_HV2M23/R_REG_40_reg_4_' is out of load range (0.002457, 0.270347) of lib_cell 'DFFSBQX1AS9'
  ramp 0.000000 at pin 'TE' of cell 'u_LOGIC_CENTER/LINK_LOGIC/LC_CPUWR_HV2M23/SNPS_CG_CELL_WCK1_A_R_REG_1_reg_0/latch' is out of ramp range (0.005680, 1.182430) of lib_cell 'GCKHBQX8AS9'
  ramp 0.000000 at pin 'RB' of cell 'u_LOGIC_CENTER/LINK_LOGIC/LC_CPUWR_HV2M23/R_REG_36_reg_4_' is out of ramp range (0.005680, 1.182430) of lib_cell 'DFFRBQX05AS9'
  ramp 0.000000 at pin 'TE' of cell 'u_LOGIC_CENTER/LINK_LOGIC/LC_CPUWR_HV2M23/SNPS_CG_CELL_WCK1_A_R_REG_6_reg_0/latch' is out of ramp range (0.005680, 1.182430) of lib_cell 'GCKHBQX8AS9'
  ramp 0.000000 at pin 'TE' of cell 'u_LOGIC_CENTER/LINK_LOGIC/LC_CPUWR_HV2M23/SNPS_CG_CELL_WCK1_A_R_REG_34_reg_0/latch' is out of ramp range (0.005680, 1.182430) of lib_cell 'GCKHBQX8AS9'
  load 0.001683 at pin 'Q' of cell 'u_LOGIC_CENTER/LINK_LOGIC/LC_CPUWR_HV2M23/R_REG_40_reg_5_' is out of load range (0.002457, 0.135174) of lib_cell 'DFFRBQX05AS9'
  load 0.001464 at pin 'Q' of cell 'u_LOGIC_CENTER/LINK_LOGIC/LC_CPUWR_HV2M23/R_REG_38_reg_4_' is out of load range (0.002457, 0.270347) of lib_cell 'DFFSBQX1AS9'
  ramp 0.000000 at pin 'TE' of cell 'u_LOGIC_CENTER/LINK_LOGIC/LC_CPUWR_HV2M23/SNPS_CG_CELL_WCK1_A_R_REG_39_reg_0/latch' is out of ramp range (0.005680, 1.182430) of lib_cell 'GCKHBQX8AS9'
  ramp 0.000000 at pin 'TE' of cell 'u_LOGIC_CENTER/LINK_LOGIC/LC_CPUWR_HV2M23/SNPS_CG_CELL_WCK1_A_R_REG_10_reg_0/latch' is out of ramp range (0.005680, 1.182430) of lib_cell 'GCKHBQX8AS9'
  ramp 0.000000 at pin 'RB' of cell 'u_LOGIC_CENTER/LINK_LOGIC/LC_CPUWR_HV2M23/R_REG_36_reg_5_' is out of ramp range (0.005680, 1.182430) of lib_cell 'DFFRBQX1AS9'
  ramp 0.000000 at pin 'TE' of cell 'u_LOGIC_CENTER/LINK_LOGIC/LC_CPUWR_HV2M23/SNPS_CG_CELL_WCK1_A_R_REG_42_reg_0/latch' is out of ramp range (0.005680, 1.182430) of lib_cell 'GCKHBQX8AS9'
  ramp 0.000000 at pin 'TE' of cell 'u_LOGIC_CENTER/LINK_LOGIC/LC_CPUWR_HV2M23/SNPS_CG_CELL_WCK1_A_R_REG_2_reg_0/latch' is out of ramp range (0.005680, 1.182430) of lib_cell 'GCKHBQX8AS9'
  load 0.001683 at pin 'Q' of cell 'u_LOGIC_CENTER/LINK_LOGIC/LC_CPUWR_HV2M23/R_REG_40_reg_6_' is out of load range (0.002457, 0.135174) of lib_cell 'DFFRBQX05AS9'
  ramp 0.000000 at pin 'TE' of cell 'u_LOGIC_CENTER/LINK_LOGIC/LC_CPUWR_HV2M23/SNPS_CG_CELL_WCK1_A_R_REG_47_reg_0/latch' is out of ramp range (0.005680, 1.182430) of lib_cell 'GCKHBQX8AS9'
  ramp 0.000000 at pin 'TE' of cell 'u_LOGIC_CENTER/LINK_LOGIC/LC_CPUWR_HV2M23/SNPS_CG_CELL_WCK1_A_R_REG_7_reg_0/latch' is out of ramp range (0.005680, 1.182430) of lib_cell 'GCKHBQX8AS9'
  load 0.001464 at pin 'Q' of cell 'u_LOGIC_CENTER/LINK_LOGIC/LC_CPUWR_HV2M23/R_REG_38_reg_5_' is out of load range (0.002457, 0.135174) of lib_cell 'DFFRBQX05AS9'
  load 0.001472 at pin 'Q' of cell 'u_LOGIC_CENTER/LINK_LOGIC/LC_CPUWR_HV2M23/R_REG_7_reg_4_' is out of load range (0.002457, 0.135174) of lib_cell 'DFFRBQX05AS9'
  ramp 0.000000 at pin 'TE' of cell 'u_LOGIC_CENTER/LINK_LOGIC/LC_CPUWR_HV2M23/SNPS_CG_CELL_WCK1_A_R_REG_35_reg_0/latch' is out of ramp range (0.005680, 1.182430) of lib_cell 'GCKHBQX8AS9'
  load 0.001756 at pin 'O' of cell 'u_LOGIC_CENTER/LINK_LOGIC/LC_CPUWR_HV2M23/PLACE_FE_OFC545_DATA_C_6' is out of load range (0.002457, 0.270347) of lib_cell 'INVX1AS9'
  load 0.001554 at pin 'Q' of cell 'u_LOGIC_CENTER/LINK_LOGIC/LC_CPUWR_HV2M23/R_REG_35_reg_0_' is out of load range (0.002457, 0.540694) of lib_cell 'DFFRBQX2AS9'
  ramp 0.000000 at pin 'TE' of cell 'u_LOGIC_CENTER/LINK_LOGIC/LC_CPUWR_HV2M23/SNPS_CG_CELL_WCK1_A_R_REG_50_reg_0/latch' is out of ramp range (0.005680, 1.182430) of lib_cell 'GCKHBQX8AS9'
  load 0.001691 at pin 'Q' of cell 'u_LOGIC_CENTER/LINK_LOGIC/LC_CPUWR_HV2M23/R_REG_10_reg_1_' is out of load range (0.002457, 0.135174) of lib_cell 'DFFRBQX05AS9'
  ramp 0.000000 at pin 'TE' of cell 'u_LOGIC_CENTER/LINK_LOGIC/LC_CPUWR_HV2M23/SNPS_CG_CELL_WCK1_A_R_REG_11_reg_0/latch' is out of ramp range (0.005680, 1.182430) of lib_cell 'GCKHBQX8AS9'
  load 0.001756 at pin 'Q' of cell 'u_LOGIC_CENTER/LINK_LOGIC/LC_CPUWR_HV2M23/R_REG_1_reg_4_' is out of load range (0.002457, 0.135174) of lib_cell 'DFFRBQX05AS9'
  load 0.001683 at pin 'Q' of cell 'u_LOGIC_CENTER/LINK_LOGIC/LC_CPUWR_HV2M23/R_REG_2_reg_0_' is out of load range (0.002457, 0.270347) of lib_cell 'DFFSBQX1AS9'
  load 0.001756 at pin 'O' of cell 'u_LOGIC_CENTER/LINK_LOGIC/LC_CPUWR_HV2M23/PLACE_FE_OFC540_DATA_B_6' is out of load range (0.002457, 0.540694) of lib_cell 'CLKINVX2AS9'
  load 0.001464 at pin 'Q' of cell 'u_LOGIC_CENTER/LINK_LOGIC/LC_CPUWR_HV2M23/R_REG_38_reg_6_' is out of load range (0.002457, 0.270347) of lib_cell 'DFFSBQX1AS9'
  load 0.001472 at pin 'Q' of cell 'u_LOGIC_CENTER/LINK_LOGIC/LC_CPUWR_HV2M23/R_REG_7_reg_5_' is out of load range (0.002457, 0.135174) of lib_cell 'DFFRBQX05AS9'
  ramp 0.000000 at pin 'TE' of cell 'u_LOGIC_CENTER/LINK_LOGIC/LC_CPUWR_HV2M23/SNPS_CG_CELL_WCK1_A_R_REG_43_reg_0/latch' is out of ramp range (0.005680, 1.182430) of lib_cell 'GCKHBQX8AS9'
  ramp 0.000000 at pin 'TE' of cell 'u_LOGIC_CENTER/LINK_LOGIC/LC_CPUWR_HV2M23/SNPS_CG_CELL_WCK1_A_R_REG_3_reg_0/latch' is out of ramp range (0.005680, 1.182430) of lib_cell 'GCKHBQX8AS9'
  ramp 0.000000 at pin 'TE' of cell 'u_LOGIC_CENTER/LINK_LOGIC/LC_CPUWR_HV2M23/SNPS_CG_CELL_WCK1_A_R_REG_31_reg_0/latch' is out of ramp range (0.005680, 1.182430) of lib_cell 'GCKHBQX8AS9'
  load 0.001554 at pin 'Q' of cell 'u_LOGIC_CENTER/LINK_LOGIC/LC_CPUWR_HV2M23/R_REG_3_reg_4_' is out of load range (0.002457, 0.270347) of lib_cell 'DFFSBQX1AS9'
  load 0.001554 at pin 'Q' of cell 'u_LOGIC_CENTER/LINK_LOGIC/LC_CPUWR_HV2M23/R_REG_35_reg_1_' is out of load range (0.002457, 0.270347) of lib_cell 'DFFRBQX1AS9'
  ramp 0.000000 at pin 'TE' of cell 'u_LOGIC_CENTER/LINK_LOGIC/LC_CPUWR_HV2M23/SNPS_CG_CELL_WCK1_A_R_REG_48_reg_0/latch' is out of ramp range (0.005680, 1.182430) of lib_cell 'GCKHBQX8AS9'
  ramp 0.000000 at pin 'TE' of cell 'u_LOGIC_CENTER/LINK_LOGIC/LC_CPUWR_HV2M23/SNPS_CG_CELL_WCK1_A_R_REG_8_reg_0/latch' is out of ramp range (0.005680, 1.182430) of lib_cell 'GCKHBQX8AS9'
  load 0.001756 at pin 'Q' of cell 'u_LOGIC_CENTER/LINK_LOGIC/LC_CPUWR_HV2M23/R_REG_1_reg_5_' is out of load range (0.002457, 0.135174) of lib_cell 'DFFRBQX05AS9'
  ramp 0.000000 at pin 'TE' of cell 'u_LOGIC_CENTER/LINK_LOGIC/LC_CPUWR_HV2M23/SNPS_CG_CELL_WCK1_A_R_REG_36_reg_0/latch' is out of ramp range (0.005680, 1.182430) of lib_cell 'GCKHBQX8AS9'
  load 0.001549 at pin 'Q' of cell 'u_LOGIC_CENTER/LINK_LOGIC/LC_CPUWR_HV2M23/R_REG_39_reg_0_' is out of load range (0.002457, 0.135174) of lib_cell 'DFFRBQX05AS9'
  ramp 0.000000 at pin 'TE' of cell 'u_LOGIC_CENTER/LINK_LOGIC/LC_CPUWR_HV2M23/SNPS_CG_CELL_WCK1_A_R_REG_12_reg_0/latch' is out of ramp range (0.005680, 1.182430) of lib_cell 'GCKHBQX8AS9'
  ramp 0.000000 at pin 'TE' of cell 'u_LOGIC_CENTER/LINK_LOGIC/LC_CPUWR_HV2M23/SNPS_CG_CELL_WCK1_A_R_REG_44_reg_0/latch' is out of ramp range (0.005680, 1.182430) of lib_cell 'GCKHBQX8AS9'
  ramp 0.000000 at pin 'TE' of cell 'u_LOGIC_CENTER/LINK_LOGIC/LC_CPUWR_HV2M23/SNPS_CG_CELL_WCK1_A_R_REG_4_reg_0/latch' is out of ramp range (0.005680, 1.182430) of lib_cell 'GCKHBQX8AS9'
  load 0.001549 at pin 'Q' of cell 'u_LOGIC_CENTER/LINK_LOGIC/LC_CPUWR_HV2M23/R_REG_39_reg_1_' is out of load range (0.002457, 0.135174) of lib_cell 'DFFRBQX05AS9'
  ramp 0.000000 at pin 'TE' of cell 'u_LOGIC_CENTER/LINK_LOGIC/LC_CPUWR_HV2M23/SNPS_CG_CELL_WCK1_A_R_REG_32_reg_0/latch' is out of ramp range (0.005680, 1.182430) of lib_cell 'GCKHBQX8AS9'
  ramp 0.000000 at pin 'TE' of cell 'u_LOGIC_CENTER/LINK_LOGIC/LC_CPUWR_HV2M23/SNPS_CG_CELL_WCK1_A_R_REG_9_reg_0/latch' is out of ramp range (0.005680, 1.182430) of lib_cell 'GCKHBQX8AS9'
  ramp 0.000000 at pin 'TE' of cell 'u_LOGIC_CENTER/LINK_LOGIC/LC_CPUWR_HV2M23/SNPS_CG_CELL_WCK1_A_R_REG_49_reg_0/latch' is out of ramp range (0.005680, 1.182430) of lib_cell 'GCKHBQX8AS9'
  ramp 0.000000 at pin 'TE' of cell 'u_LOGIC_CENTER/LINK_LOGIC/LC_CPUWR_HV2M23/SNPS_CG_CELL_WCK1_A_R_REG_37_reg_0/latch' is out of ramp range (0.005680, 1.182430) of lib_cell 'GCKHBQX8AS9'
  load 0.001554 at pin 'Q' of cell 'u_LOGIC_CENTER/LINK_LOGIC/LC_CPUWR_HV2M23/R_REG_3_reg_6_' is out of load range (0.002457, 0.135174) of lib_cell 'DFFRBQX05AS9'
  load 0.001554 at pin 'Q' of cell 'u_LOGIC_CENTER/LINK_LOGIC/LC_CPUWR_HV2M23/R_REG_35_reg_3_' is out of load range (0.002457, 0.540694) of lib_cell 'DFFRBQX2AS9'
  load 0.001549 at pin 'Q' of cell 'u_LOGIC_CENTER/LINK_LOGIC/LC_CPUWR_HV2M23/R_REG_39_reg_2_' is out of load range (0.002457, 0.270347) of lib_cell 'DFFSBQX1AS9'
  ramp 0.000000 at pin 'TE' of cell 'u_LOGIC_CENTER/LINK_LOGIC/LC_CPUWR_HV2M23/SNPS_CG_CELL_WCK1_A_R_REG_40_reg_0/latch' is out of ramp range (0.005680, 1.182430) of lib_cell 'GCKHBQX8AS9'
  load 0.001549 at pin 'Q' of cell 'u_LOGIC_CENTER/LINK_LOGIC/LC_CPUWR_HV2M23/R_REG_40_reg_0_' is out of load range (0.002457, 0.135174) of lib_cell 'DFFRBQX05AS9'
  ramp 0.000000 at pin 'TE' of cell 'u_LOGIC_CENTER/LINK_LOGIC/LC_CPUWR_HV2M23/SNPS_CG_CELL_WCK1_A_R_REG_45_reg_0/latch' is out of ramp range (0.005680, 1.182430) of lib_cell 'GCKHBQX8AS9'
  ramp 0.000000 at pin 'RB' of cell 'u_LOGIC_CENTER/LINK_LOGIC/LC_CPUWR_HV2M23/R_REG_36_reg_0_' is out of ramp range (0.005680, 1.182430) of lib_cell 'DFFRBQX05AS9'
  ramp 0.000000 at pin 'TE' of cell 'u_LOGIC_CENTER/LINK_LOGIC/LC_CPUWR_HV2M23/SNPS_CG_CELL_WCK1_A_R_REG_60_reg_0/latch' is out of ramp range (0.005680, 1.182430) of lib_cell 'GCKHBQX8AS9'
  load 0.001554 at pin 'Q' of cell 'u_LOGIC_CENTER/LINK_LOGIC/LC_CPUWR_HV2M23/R_REG_11_reg_1_' is out of load range (0.002457, 0.135174) of lib_cell 'DFFRBQX05AS9'
  ramp 0.000000 at pin 'TE' of cell 'u_LOGIC_CENTER/LINK_LOGIC/LC_CPUWR_HV2M23/SNPS_CG_CELL_WCK1_A_R_REG_38_reg_0/latch' is out of ramp range (0.005680, 1.182430) of lib_cell 'GCKHBQX8AS9'
  load 0.001756 at pin 'O' of cell 'u_LOGIC_CENTER/LINK_LOGIC/LC_CPUWR_HV2M23/PLACE_FE_RC_0_0' is out of load range (0.002457, 0.135174) of lib_cell 'MUX2X05AS9'
  load 0.001549 at pin 'Q' of cell 'u_LOGIC_CENTER/LINK_LOGIC/LC_CPUWR_HV2M23/R_REG_40_reg_1_' is out of load range (0.002457, 0.270347) of lib_cell 'DFFSBQX1AS9'
  load 0.001636 at pin 'Q' of cell 'u_LOGIC_CENTER/LINK_LOGIC/LC_CPUWR_HV2M23/R_REG_38_reg_0_' is out of load range (0.002457, 0.135174) of lib_cell 'DFFRBQX05AS9'
  ramp 0.000000 at pin 'TE' of cell 'u_LOGIC_CENTER/LINK_LOGIC/LC_CPUWR_HV2M23/SNPS_CG_CELL_WCK1_A_R_REG_41_reg_0/latch' is out of ramp range (0.005680, 1.182430) of lib_cell 'GCKHBQX8AS9'
  load 0.001708 at pin 'Q' of cell 'u_LOGIC_CENTER/LINK_LOGIC/LC_CPUWR_HV2M23/R_REG_4_reg_4_' is out of load range (0.002457, 0.135174) of lib_cell 'DFFRBQX05AS9'
  ramp 0.000000 at pin 'RB' of cell 'u_LOGIC_CENTER/LINK_LOGIC/LC_CPUWR_HV2M23/R_REG_36_reg_1_' is out of ramp range (0.005680, 1.182430) of lib_cell 'DFFRBQX05AS9'
  load 0.001756 at pin 'O' of cell 'u_LOGIC_CENTER/LINK_LOGIC/LC_CPUWR_HV2M23/U40' is out of load range (0.002457, 0.135174) of lib_cell 'MUX2X05AS9'
  load 0.001683 at pin 'Q' of cell 'u_LOGIC_CENTER/LINK_LOGIC/LC_CPUWR_HV2M23/R_REG_39_reg_4_' is out of load range (0.002457, 0.270347) of lib_cell 'DFFSBQX1AS9'
  ramp 0.000000 at pin 'TE' of cell 'u_LOGIC_CENTER/LINK_LOGIC/LC_CPUWR_HV2M23/SNPS_CG_CELL_WCK1_A_R_REG_46_reg_0/latch' is out of ramp range (0.005680, 1.182430) of lib_cell 'GCKHBQX8AS9'
  load 0.001549 at pin 'Q' of cell 'u_LOGIC_CENTER/LINK_LOGIC/LC_CPUWR_HV2M23/R_REG_40_reg_2_' is out of load range (0.002457, 0.135174) of lib_cell 'DFFRBQX05AS9'
  load 0.001636 at pin 'Q' of cell 'u_LOGIC_CENTER/LINK_LOGIC/LC_CPUWR_HV2M23/R_REG_38_reg_1_' is out of load range (0.002457, 0.270347) of lib_cell 'DFFSBQX1AS9'
  ramp 0.000000 at pin 'D1' of cell 'u_LOGIC_CENTER/LINK_LOGIC/BAC_CMD_TOG_POST_L1_reg' is out of ramp range (0.005680, 1.182430) of lib_cell 'AND2DFFRBQX1AS9'
  load 0.001563 at pin 'Q' of cell 'u_LOGIC_CENTER/LINK_LOGIC/U_SYNC_L0L1/L1_BUF1_SYNCED_reg_14_' is out of load range (0.002457, 0.270347) of lib_cell 'AND2DFFRBQX1AS9'
  ramp 0.000000 at pin 'D1' of cell 'u_LOGIC_CENTER/LINK_LOGIC/U_SYNC_L0L1/L1_BUF1_SYNCED_reg_14_' is out of ramp range (0.005680, 1.182430) of lib_cell 'AND2DFFRBQX1AS9'
  load 0.001549 at pin 'Q' of cell 'u_LOGIC_CENTER/LINK_LOGIC/U_SYNC_L0L1/U_L0_CIRC_DELAY_BUF/L0_BUF3_reg_3_' is out of load range (0.002457, 0.270347) of lib_cell 'AND2DFFRBQX1AS9'
  ramp 0.000000 at pin 'D1' of cell 'u_LOGIC_CENTER/LINK_LOGIC/U_SYNC_L0L1/U_L0_CIRC_DELAY_BUF/L0_BUF3_reg_3_' is out of ramp range (0.005680, 1.182430) of lib_cell 'AND2DFFRBQX1AS9'
  ramp 0.000000 at pin 'D1' of cell 'u_LOGIC_CENTER/LINK_LOGIC/U_SYNC_L0L1/U_L0_CIRC_DELAY_BUF/L0_BUF4_reg_13_' is out of ramp range (0.005680, 1.182430) of lib_cell 'AND2DFFRBQX1AS9'
  ramp 0.000000 at pin 'D1' of cell 'u_LOGIC_CENTER/LINK_LOGIC/U_SYNC_L0L1/U_L0_CIRC_DELAY_BUF/L0_BUF5_reg_14_' is out of ramp range (0.005680, 1.182430) of lib_cell 'AND2DFFRBQX1AS9'
  load 0.001836 at pin 'O' of cell 'u_LOGIC_CENTER/LINK_LOGIC/U_SYNC_L0L1/U_L0_CIRC_DELAY_BUF/U50' is out of load range (0.002457, 0.135174) of lib_cell 'AO12X05AS9'
  ramp 0.000000 at pin 'D1' of cell 'u_LOGIC_CENTER/LINK_LOGIC/U_SYNC_L0L1/U_L0_CIRC_DELAY_BUF/L0_BUF0_reg_14_' is out of ramp range (0.005680, 1.182430) of lib_cell 'AND2DFFRBQX1AS9'
  ramp 0.000000 at pin 'D1' of cell 'u_LOGIC_CENTER/LINK_LOGIC/U_SYNC_L0L1/U_L0_CIRC_DELAY_BUF/L0_BUF0_reg_8_' is out of ramp range (0.005680, 1.182430) of lib_cell 'AND2DFFRBQX1AS9'
  load 0.001549 at pin 'Q' of cell 'u_LOGIC_CENTER/LINK_LOGIC/U_SYNC_L0L1/U_L0_CIRC_DELAY_BUF/L0_BUF1_reg_4_' is out of load range (0.002457, 0.270347) of lib_cell 'AND2DFFRBQX1AS9'
  ramp 0.000000 at pin 'D1' of cell 'u_LOGIC_CENTER/LINK_LOGIC/U_SYNC_L0L1/U_L0_CIRC_DELAY_BUF/L0_BUF1_reg_4_' is out of ramp range (0.005680, 1.182430) of lib_cell 'AND2DFFRBQX1AS9'
  load 0.001566 at pin 'O' of cell 'u_LOGIC_CENTER/LINK_LOGIC/U_SYNC_L0L1/U_L0_CIRC_DELAY_BUF/U54' is out of load range (0.002457, 0.135174) of lib_cell 'AO22X05AS9'
  load 0.001620 at pin 'O' of cell 'u_LOGIC_CENTER/LINK_LOGIC/U_SYNC_L0L1/U_L0_CIRC_DELAY_BUF/U55' is out of load range (0.002457, 0.135174) of lib_cell 'AO22X05AS9'
  load 0.001836 at pin 'O' of cell 'u_LOGIC_CENTER/LINK_LOGIC/U_SYNC_L0L1/U_L0_CIRC_DELAY_BUF/U57' is out of load range (0.002457, 0.270347) of lib_cell 'OAI12B2X1AS9'
  load 0.001683 at pin 'Q' of cell 'u_LOGIC_CENTER/LINK_LOGIC/U_SYNC_L0L1/U_L0_CIRC_DELAY_BUF/L0_BUF6_reg_9_' is out of load range (0.002457, 0.270347) of lib_cell 'AND2DFFRBQX1AS9'
  ramp 0.000000 at pin 'D1' of cell 'u_LOGIC_CENTER/LINK_LOGIC/U_SYNC_L0L1/U_L0_CIRC_DELAY_BUF/L0_BUF6_reg_9_' is out of ramp range (0.005680, 1.182430) of lib_cell 'AND2DFFRBQX1AS9'
  ramp 0.000000 at pin 'D1' of cell 'u_LOGIC_CENTER/LINK_LOGIC/U_SYNC_L0L1/U_L0_CIRC_DELAY_BUF/L0_BUF_CNT_FIX_SEL_reg_5_' is out of ramp range (0.005680, 1.182430) of lib_cell 'AND2DFFRBQX1AS9'
  ramp 0.000000 at pin 'D1' of cell 'u_LOGIC_CENTER/LINK_LOGIC/U_SYNC_L0L1/U_L0_CIRC_DELAY_BUF/L0_BUF4_reg_7_' is out of ramp range (0.005680, 1.182430) of lib_cell 'AND2DFFRBQX1AS9'
  ramp 0.000000 at pin 'TE' of cell 'u_LOGIC_CENTER/LINK_LOGIC/U_SYNC_L0L1/U_L0_CIRC_DELAY_BUF/SNPS_CG_CELL_DCLK0_L0_BUF4_reg_0/latch' is out of ramp range (0.005680, 1.182430) of lib_cell 'GCKHBQX8AS9'
  ramp 0.000000 at pin 'D1' of cell 'u_LOGIC_CENTER/LINK_LOGIC/U_SYNC_L0L1/U_L0_CIRC_DELAY_BUF/L0_BUF5_reg_3_' is out of ramp range (0.005680, 1.182430) of lib_cell 'AND2DFFRBQX1AS9'
  load 0.001549 at pin 'Q' of cell 'u_LOGIC_CENTER/LINK_LOGIC/U_SYNC_L0L1/U_L0_CIRC_DELAY_BUF/L0_BUF3_reg_10_' is out of load range (0.002457, 0.270347) of lib_cell 'AND2DFFRBQX1AS9'
  ramp 0.000000 at pin 'D1' of cell 'u_LOGIC_CENTER/LINK_LOGIC/U_SYNC_L0L1/U_L0_CIRC_DELAY_BUF/L0_BUF3_reg_10_' is out of ramp range (0.005680, 1.182430) of lib_cell 'AND2DFFRBQX1AS9'
  ramp 0.000000 at pin 'D1' of cell 'u_LOGIC_CENTER/LINK_LOGIC/U_SYNC_L0L1/U_L0_CIRC_DELAY_BUF/L0_WR_SEL_reg_1_' is out of ramp range (0.005680, 1.182430) of lib_cell 'AND2DFFRBQX1AS9'
  load 0.001683 at pin 'Q' of cell 'u_LOGIC_CENTER/LINK_LOGIC/U_SYNC_L0L1/U_L0_CIRC_DELAY_BUF/L0_BUF2_reg_8_' is out of load range (0.002457, 0.270347) of lib_cell 'AND2DFFRBQX1AS9'
  ramp 0.000000 at pin 'D1' of cell 'u_LOGIC_CENTER/LINK_LOGIC/U_SYNC_L0L1/U_L0_CIRC_DELAY_BUF/L0_BUF2_reg_8_' is out of ramp range (0.005680, 1.182430) of lib_cell 'AND2DFFRBQX1AS9'
  load 0.001549 at pin 'Q' of cell 'u_LOGIC_CENTER/LINK_LOGIC/U_SYNC_L0L1/U_L0_CIRC_DELAY_BUF/L0_BUF3_reg_4_' is out of load range (0.002457, 0.270347) of lib_cell 'AND2DFFRBQX1AS9'
  ramp 0.000000 at pin 'D1' of cell 'u_LOGIC_CENTER/LINK_LOGIC/U_SYNC_L0L1/U_L0_CIRC_DELAY_BUF/L0_BUF3_reg_4_' is out of ramp range (0.005680, 1.182430) of lib_cell 'AND2DFFRBQX1AS9'
  ramp 0.000000 at pin 'TE' of cell 'u_LOGIC_CENTER/LINK_LOGIC/U_SYNC_L0L1/U_L0_CIRC_DELAY_BUF/SNPS_CG_CELL_DCLK0_L0_BUF_CNT_FIX_SEL_reg_0/latch' is out of ramp range (0.005680, 1.182430) of lib_cell 'GCKHBQX8AS9'
  ramp 0.000000 at pin 'D1' of cell 'u_LOGIC_CENTER/LINK_LOGIC/U_SYNC_L0L1/U_L0_CIRC_DELAY_BUF/L0_BUF4_reg_14_' is out of ramp range (0.005680, 1.182430) of lib_cell 'AND2DFFRBQX1AS9'
  ramp 0.000000 at pin 'D1' of cell 'u_LOGIC_CENTER/LINK_LOGIC/U_SYNC_L0L1/U_L0_CIRC_DELAY_BUF/L0_BUF5_reg_15_' is out of ramp range (0.005680, 1.182430) of lib_cell 'AND2DFFRBQX1AS9'
  load 0.001566 at pin 'O' of cell 'u_LOGIC_CENTER/LINK_LOGIC/U_SYNC_L0L1/U_L0_CIRC_DELAY_BUF/U60' is out of load range (0.002457, 0.135174) of lib_cell 'AO22X05AS9'
  ramp 0.000000 at pin 'D1' of cell 'u_LOGIC_CENTER/LINK_LOGIC/U_SYNC_L0L1/U_L0_CIRC_DELAY_BUF/L0_BUF0_reg_9_' is out of ramp range (0.005680, 1.182430) of lib_cell 'AND2DFFRBQX1AS9'
  ramp 0.000000 at pin 'D1' of cell 'u_LOGIC_CENTER/LINK_LOGIC/U_SYNC_L0L1/U_L0_CIRC_DELAY_BUF/L0_BUF0_reg_15_' is out of ramp range (0.005680, 1.182430) of lib_cell 'AND2DFFRBQX1AS9'
  load 0.001620 at pin 'O' of cell 'u_LOGIC_CENTER/LINK_LOGIC/U_SYNC_L0L1/U_L0_CIRC_DELAY_BUF/U61' is out of load range (0.002457, 0.135174) of lib_cell 'AO22X05AS9'
  load 0.001708 at pin 'O' of cell 'u_LOGIC_CENTER/LINK_LOGIC/U_SYNC_L0L1/U_L0_CIRC_DELAY_BUF/U62' is out of load range (0.002457, 0.135174) of lib_cell 'AO22X05AS9'
  load 0.001836 at pin 'O' of cell 'u_LOGIC_CENTER/LINK_LOGIC/U_SYNC_L0L1/U_L0_CIRC_DELAY_BUF/U63' is out of load range (0.002457, 0.135174) of lib_cell 'AO12X05AS9'
  load 0.001549 at pin 'Q' of cell 'u_LOGIC_CENTER/LINK_LOGIC/U_SYNC_L0L1/U_L0_CIRC_DELAY_BUF/L0_BUF1_reg_5_' is out of load range (0.002457, 0.270347) of lib_cell 'AND2DFFRBQX1AS9'
  ramp 0.000000 at pin 'D1' of cell 'u_LOGIC_CENTER/LINK_LOGIC/U_SYNC_L0L1/U_L0_CIRC_DELAY_BUF/L0_BUF1_reg_5_' is out of ramp range (0.005680, 1.182430) of lib_cell 'AND2DFFRBQX1AS9'
  load 0.001756 at pin 'O' of cell 'u_LOGIC_CENTER/LINK_LOGIC/U_SYNC_L0L1/U_L0_CIRC_DELAY_BUF/U66' is out of load range (0.002457, 0.270347) of lib_cell 'NAND4X1AS9'
  ramp 0.000000 at pin 'D1' of cell 'u_LOGIC_CENTER/LINK_LOGIC/U_SYNC_L0L1/U_L0_CIRC_DELAY_BUF/L0_BUF_CNT_FIX_SEL_reg_6_' is out of ramp range (0.005680, 1.182430) of lib_cell 'AND2DFFRBQX1AS9'
  ramp 0.000000 at pin 'D1' of cell 'u_LOGIC_CENTER/LINK_LOGIC/U_SYNC_L0L1/U_L0_CIRC_DELAY_BUF/L0_BUF4_reg_8_' is out of ramp range (0.005680, 1.182430) of lib_cell 'AND2DFFRBQX1AS9'
  ramp 0.000000 at pin 'D1' of cell 'u_LOGIC_CENTER/LINK_LOGIC/U_SYNC_L0L1/U_L0_CIRC_DELAY_BUF/L0_BUF5_reg_4_' is out of ramp range (0.005680, 1.182430) of lib_cell 'AND2DFFRBQX1AS9'
  load 0.001683 at pin 'Q' of cell 'u_LOGIC_CENTER/LINK_LOGIC/U_SYNC_L0L1/U_L0_CIRC_DELAY_BUF/L0_BUF2_reg_10_' is out of load range (0.002457, 0.270347) of lib_cell 'AND2DFFRBQX1AS9'
  ramp 0.000000 at pin 'D1' of cell 'u_LOGIC_CENTER/LINK_LOGIC/U_SYNC_L0L1/U_L0_CIRC_DELAY_BUF/L0_BUF2_reg_10_' is out of ramp range (0.005680, 1.182430) of lib_cell 'AND2DFFRBQX1AS9'
  load 0.001549 at pin 'Q' of cell 'u_LOGIC_CENTER/LINK_LOGIC/U_SYNC_L0L1/U_L0_CIRC_DELAY_BUF/L0_BUF3_reg_11_' is out of load range (0.002457, 0.270347) of lib_cell 'AND2DFFRBQX1AS9'
  ramp 0.000000 at pin 'D1' of cell 'u_LOGIC_CENTER/LINK_LOGIC/U_SYNC_L0L1/U_L0_CIRC_DELAY_BUF/L0_BUF3_reg_11_' is out of ramp range (0.005680, 1.182430) of lib_cell 'AND2DFFRBQX1AS9'
  load 0.001683 at pin 'Q' of cell 'u_LOGIC_CENTER/LINK_LOGIC/U_SYNC_L0L1/U_L0_CIRC_DELAY_BUF/L0_BUF6_reg_0_' is out of load range (0.002457, 0.270347) of lib_cell 'AND2DFFRBQX1AS9'
  ramp 0.000000 at pin 'D1' of cell 'u_LOGIC_CENTER/LINK_LOGIC/U_SYNC_L0L1/U_L0_CIRC_DELAY_BUF/L0_BUF6_reg_0_' is out of ramp range (0.005680, 1.182430) of lib_cell 'AND2DFFRBQX1AS9'
  ramp 0.000000 at pin 'D1' of cell 'u_LOGIC_CENTER/LINK_LOGIC/U_SYNC_L0L1/U_L0_CIRC_DELAY_BUF/L0_WR_SEL_reg_2_' is out of ramp range (0.005680, 1.182430) of lib_cell 'AND2DFFRBQX1AS9'
  load 0.001683 at pin 'Q' of cell 'u_LOGIC_CENTER/LINK_LOGIC/U_SYNC_L0L1/U_L0_CIRC_DELAY_BUF/L0_BUF2_reg_9_' is out of load range (0.002457, 0.270347) of lib_cell 'AND2DFFRBQX1AS9'
  ramp 0.000000 at pin 'D1' of cell 'u_LOGIC_CENTER/LINK_LOGIC/U_SYNC_L0L1/U_L0_CIRC_DELAY_BUF/L0_BUF2_reg_9_' is out of ramp range (0.005680, 1.182430) of lib_cell 'AND2DFFRBQX1AS9'
  load 0.001549 at pin 'Q' of cell 'u_LOGIC_CENTER/LINK_LOGIC/U_SYNC_L0L1/U_L0_CIRC_DELAY_BUF/L0_BUF3_reg_5_' is out of load range (0.002457, 0.270347) of lib_cell 'AND2DFFRBQX1AS9'
  ramp 0.000000 at pin 'D1' of cell 'u_LOGIC_CENTER/LINK_LOGIC/U_SYNC_L0L1/U_L0_CIRC_DELAY_BUF/L0_BUF3_reg_5_' is out of ramp range (0.005680, 1.182430) of lib_cell 'AND2DFFRBQX1AS9'
  ramp 0.000000 at pin 'D1' of cell 'u_LOGIC_CENTER/LINK_LOGIC/U_SYNC_L0L1/U_L0_CIRC_DELAY_BUF/L0_BUF4_reg_15_' is out of ramp range (0.005680, 1.182430) of lib_cell 'AND2DFFRBQX1AS9'
  ramp 0.000000 at pin 'D1' of cell 'u_LOGIC_CENTER/LINK_LOGIC/U_SYNC_L0L1/U_L0_CIRC_DELAY_BUF/L0_BUF5_reg_16_' is out of ramp range (0.005680, 1.182430) of lib_cell 'AND2DFFRBQX1AS9'
  ramp 0.000000 at pin 'D1' of cell 'u_LOGIC_CENTER/LINK_LOGIC/U_SYNC_L0L1/U_L0_CIRC_DELAY_BUF/L0_BUF0_reg_16_' is out of ramp range (0.005680, 1.182430) of lib_cell 'AND2DFFRBQX1AS9'
  load 0.001756 at pin 'O' of cell 'u_LOGIC_CENTER/LINK_LOGIC/U_SYNC_L0L1/U_L0_CIRC_DELAY_BUF/U73' is out of load range (0.002457, 0.270347) of lib_cell 'NAND4X1AS9'
  load 0.001549 at pin 'Q' of cell 'u_LOGIC_CENTER/LINK_LOGIC/U_SYNC_L0L1/U_L0_CIRC_DELAY_BUF/L0_BUF1_reg_6_' is out of load range (0.002457, 0.270347) of lib_cell 'AND2DFFRBQX1AS9'
  ramp 0.000000 at pin 'D1' of cell 'u_LOGIC_CENTER/LINK_LOGIC/U_SYNC_L0L1/U_L0_CIRC_DELAY_BUF/L0_BUF1_reg_6_' is out of ramp range (0.005680, 1.182430) of lib_cell 'AND2DFFRBQX1AS9'
  ramp 0.000000 at pin 'D1' of cell 'u_LOGIC_CENTER/LINK_LOGIC/U_SYNC_L0L1/U_L0_CIRC_DELAY_BUF/L0_BUF0_reg_0_' is out of ramp range (0.005680, 1.182430) of lib_cell 'AND2DFFRBQX1AS9'
  ramp 0.000000 at pin 'D1' of cell 'u_LOGIC_CENTER/LINK_LOGIC/U_SYNC_L0L1/U_L0_CIRC_DELAY_BUF/L0_BUF4_reg_9_' is out of ramp range (0.005680, 1.182430) of lib_cell 'AND2DFFRBQX1AS9'
  load 0.001683 at pin 'Q' of cell 'u_LOGIC_CENTER/LINK_LOGIC/U_SYNC_L0L1/U_L0_CIRC_DELAY_BUF/L0_BUF6_reg_10_' is out of load range (0.002457, 0.270347) of lib_cell 'AND2DFFRBQX1AS9'
  ramp 0.000000 at pin 'D1' of cell 'u_LOGIC_CENTER/LINK_LOGIC/U_SYNC_L0L1/U_L0_CIRC_DELAY_BUF/L0_BUF6_reg_10_' is out of ramp range (0.005680, 1.182430) of lib_cell 'AND2DFFRBQX1AS9'
  load 0.001549 at pin 'Q' of cell 'u_LOGIC_CENTER/LINK_LOGIC/U_SYNC_L0L1/U_L0_CIRC_DELAY_BUF/L0_BUF1_reg_10_' is out of load range (0.002457, 0.270347) of lib_cell 'AND2DFFRBQX1AS9'
  ramp 0.000000 at pin 'D1' of cell 'u_LOGIC_CENTER/LINK_LOGIC/U_SYNC_L0L1/U_L0_CIRC_DELAY_BUF/L0_BUF1_reg_10_' is out of ramp range (0.005680, 1.182430) of lib_cell 'AND2DFFRBQX1AS9'
  ramp 0.000000 at pin 'D1' of cell 'u_LOGIC_CENTER/LINK_LOGIC/U_SYNC_L0L1/U_L0_CIRC_DELAY_BUF/L0_BUF5_reg_5_' is out of ramp range (0.005680, 1.182430) of lib_cell 'AND2DFFRBQX1AS9'
  load 0.001683 at pin 'Q' of cell 'u_LOGIC_CENTER/LINK_LOGIC/U_SYNC_L0L1/U_L0_CIRC_DELAY_BUF/L0_BUF2_reg_11_' is out of load range (0.002457, 0.270347) of lib_cell 'AND2DFFRBQX1AS9'
  ramp 0.000000 at pin 'D1' of cell 'u_LOGIC_CENTER/LINK_LOGIC/U_SYNC_L0L1/U_L0_CIRC_DELAY_BUF/L0_BUF2_reg_11_' is out of ramp range (0.005680, 1.182430) of lib_cell 'AND2DFFRBQX1AS9'
  load 0.001549 at pin 'Q' of cell 'u_LOGIC_CENTER/LINK_LOGIC/U_SYNC_L0L1/U_L0_CIRC_DELAY_BUF/L0_BUF3_reg_12_' is out of load range (0.002457, 0.270347) of lib_cell 'AND2DFFRBQX1AS9'
  ramp 0.000000 at pin 'D1' of cell 'u_LOGIC_CENTER/LINK_LOGIC/U_SYNC_L0L1/U_L0_CIRC_DELAY_BUF/L0_BUF3_reg_12_' is out of ramp range (0.005680, 1.182430) of lib_cell 'AND2DFFRBQX1AS9'
  load 0.001683 at pin 'Q' of cell 'u_LOGIC_CENTER/LINK_LOGIC/U_SYNC_L0L1/U_L0_CIRC_DELAY_BUF/L0_BUF6_reg_1_' is out of load range (0.002457, 0.270347) of lib_cell 'AND2DFFRBQX1AS9'
  ramp 0.000000 at pin 'D1' of cell 'u_LOGIC_CENTER/LINK_LOGIC/U_SYNC_L0L1/U_L0_CIRC_DELAY_BUF/L0_BUF6_reg_1_' is out of ramp range (0.005680, 1.182430) of lib_cell 'AND2DFFRBQX1AS9'
  ramp 0.000000 at pin 'D1' of cell 'u_LOGIC_CENTER/LINK_LOGIC/U_SYNC_L0L1/U_L0_CIRC_DELAY_BUF/L0_WR_SEL_reg_3_' is out of ramp range (0.005680, 1.182430) of lib_cell 'AND2DFFRBQX1AS9'
  load 0.001549 at pin 'Q' of cell 'u_LOGIC_CENTER/LINK_LOGIC/U_SYNC_L0L1/U_L0_CIRC_DELAY_BUF/L0_BUF3_reg_6_' is out of load range (0.002457, 0.270347) of lib_cell 'AND2DFFRBQX1AS9'
  ramp 0.000000 at pin 'D1' of cell 'u_LOGIC_CENTER/LINK_LOGIC/U_SYNC_L0L1/U_L0_CIRC_DELAY_BUF/L0_BUF3_reg_6_' is out of ramp range (0.005680, 1.182430) of lib_cell 'AND2DFFRBQX1AS9'
  ramp 0.000000 at pin 'D1' of cell 'u_LOGIC_CENTER/LINK_LOGIC/U_SYNC_L0L1/U_L0_CIRC_DELAY_BUF/L0_BUF4_reg_16_' is out of ramp range (0.005680, 1.182430) of lib_cell 'AND2DFFRBQX1AS9'
  ramp 0.000000 at pin 'D1' of cell 'u_LOGIC_CENTER/LINK_LOGIC/U_SYNC_L0L1/U_L0_CIRC_DELAY_BUF/L0_BUF5_reg_17_' is out of ramp range (0.005680, 1.182430) of lib_cell 'AND2DFFRBQX1AS9'
  load 0.001683 at pin 'Q' of cell 'u_LOGIC_CENTER/LINK_LOGIC/U_SYNC_L0L1/U_L0_CIRC_DELAY_BUF/L0_BUF2_reg_0_' is out of load range (0.002457, 0.270347) of lib_cell 'AND2DFFRBQX1AS9'
  ramp 0.000000 at pin 'D1' of cell 'u_LOGIC_CENTER/LINK_LOGIC/U_SYNC_L0L1/U_L0_CIRC_DELAY_BUF/L0_BUF2_reg_0_' is out of ramp range (0.005680, 1.182430) of lib_cell 'AND2DFFRBQX1AS9'
  load 0.001756 at pin 'O' of cell 'u_LOGIC_CENTER/LINK_LOGIC/U_SYNC_L0L1/U_L0_CIRC_DELAY_BUF/U80' is out of load range (0.002457, 0.270347) of lib_cell 'NAND4X1AS9'
  ramp 0.000000 at pin 'D1' of cell 'u_LOGIC_CENTER/LINK_LOGIC/U_SYNC_L0L1/U_L0_CIRC_DELAY_BUF/L0_BUF0_reg_17_' is out of ramp range (0.005680, 1.182430) of lib_cell 'AND2DFFRBQX1AS9'
  load 0.001756 at pin 'O' of cell 'u_LOGIC_CENTER/LINK_LOGIC/U_SYNC_L0L1/U_L0_CIRC_DELAY_BUF/U185' is out of load range (0.002457, 0.270347) of lib_cell 'NAND4X1AS9'
  load 0.001549 at pin 'Q' of cell 'u_LOGIC_CENTER/LINK_LOGIC/U_SYNC_L0L1/U_L0_CIRC_DELAY_BUF/L0_BUF1_reg_7_' is out of load range (0.002457, 0.270347) of lib_cell 'AND2DFFRBQX1AS9'
  ramp 0.000000 at pin 'D1' of cell 'u_LOGIC_CENTER/LINK_LOGIC/U_SYNC_L0L1/U_L0_CIRC_DELAY_BUF/L0_BUF1_reg_7_' is out of ramp range (0.005680, 1.182430) of lib_cell 'AND2DFFRBQX1AS9'
  load 0.001756 at pin 'O' of cell 'u_LOGIC_CENTER/LINK_LOGIC/U_SYNC_L0L1/U_L0_CIRC_DELAY_BUF/U87' is out of load range (0.002457, 0.270347) of lib_cell 'NAND4X1AS9'
  ramp 0.000000 at pin 'D1' of cell 'u_LOGIC_CENTER/LINK_LOGIC/U_SYNC_L0L1/U_L0_CIRC_DELAY_BUF/L0_BUF0_reg_1_' is out of ramp range (0.005680, 1.182430) of lib_cell 'AND2DFFRBQX1AS9'
  load 0.001683 at pin 'Q' of cell 'u_LOGIC_CENTER/LINK_LOGIC/U_SYNC_L0L1/U_L0_CIRC_DELAY_BUF/L0_BUF6_reg_11_' is out of load range (0.002457, 0.270347) of lib_cell 'AND2DFFRBQX1AS9'
  ramp 0.000000 at pin 'D1' of cell 'u_LOGIC_CENTER/LINK_LOGIC/U_SYNC_L0L1/U_L0_CIRC_DELAY_BUF/L0_BUF6_reg_11_' is out of ramp range (0.005680, 1.182430) of lib_cell 'AND2DFFRBQX1AS9'
  load 0.001549 at pin 'Q' of cell 'u_LOGIC_CENTER/LINK_LOGIC/U_SYNC_L0L1/U_L0_CIRC_DELAY_BUF/L0_BUF1_reg_11_' is out of load range (0.002457, 0.270347) of lib_cell 'AND2DFFRBQX1AS9'
  ramp 0.000000 at pin 'D1' of cell 'u_LOGIC_CENTER/LINK_LOGIC/U_SYNC_L0L1/U_L0_CIRC_DELAY_BUF/L0_BUF1_reg_11_' is out of ramp range (0.005680, 1.182430) of lib_cell 'AND2DFFRBQX1AS9'
  ramp 0.000000 at pin 'D1' of cell 'u_LOGIC_CENTER/LINK_LOGIC/U_SYNC_L0L1/U_L0_CIRC_DELAY_BUF/L0_BUF5_reg_6_' is out of ramp range (0.005680, 1.182430) of lib_cell 'AND2DFFRBQX1AS9'
  load 0.001683 at pin 'Q' of cell 'u_LOGIC_CENTER/LINK_LOGIC/U_SYNC_L0L1/U_L0_CIRC_DELAY_BUF/L0_BUF2_reg_12_' is out of load range (0.002457, 0.270347) of lib_cell 'AND2DFFRBQX1AS9'
  ramp 0.000000 at pin 'D1' of cell 'u_LOGIC_CENTER/LINK_LOGIC/U_SYNC_L0L1/U_L0_CIRC_DELAY_BUF/L0_BUF2_reg_12_' is out of ramp range (0.005680, 1.182430) of lib_cell 'AND2DFFRBQX1AS9'
  load 0.001549 at pin 'Q' of cell 'u_LOGIC_CENTER/LINK_LOGIC/U_SYNC_L0L1/U_L0_CIRC_DELAY_BUF/L0_BUF3_reg_13_' is out of load range (0.002457, 0.270347) of lib_cell 'AND2DFFRBQX1AS9'
  ramp 0.000000 at pin 'D1' of cell 'u_LOGIC_CENTER/LINK_LOGIC/U_SYNC_L0L1/U_L0_CIRC_DELAY_BUF/L0_BUF3_reg_13_' is out of ramp range (0.005680, 1.182430) of lib_cell 'AND2DFFRBQX1AS9'
  load 0.001683 at pin 'Q' of cell 'u_LOGIC_CENTER/LINK_LOGIC/U_SYNC_L0L1/U_L0_CIRC_DELAY_BUF/L0_BUF6_reg_2_' is out of load range (0.002457, 0.270347) of lib_cell 'AND2DFFRBQX1AS9'
  ramp 0.000000 at pin 'D1' of cell 'u_LOGIC_CENTER/LINK_LOGIC/U_SYNC_L0L1/U_L0_CIRC_DELAY_BUF/L0_BUF6_reg_2_' is out of ramp range (0.005680, 1.182430) of lib_cell 'AND2DFFRBQX1AS9'
  ramp 0.000000 at pin 'D1' of cell 'u_LOGIC_CENTER/LINK_LOGIC/U_SYNC_L0L1/U_L0_CIRC_DELAY_BUF/L0_BUF4_reg_0_' is out of ramp range (0.005680, 1.182430) of lib_cell 'AND2DFFRBQX1AS9'
  ramp 0.000000 at pin 'D1' of cell 'u_LOGIC_CENTER/LINK_LOGIC/U_SYNC_L0L1/U_L0_CIRC_DELAY_BUF/L0_WR_SEL_reg_4_' is out of ramp range (0.005680, 1.182430) of lib_cell 'AND2DFFRBQX1AS9'
  load 0.001549 at pin 'Q' of cell 'u_LOGIC_CENTER/LINK_LOGIC/U_SYNC_L0L1/U_L0_CIRC_DELAY_BUF/L0_BUF3_reg_7_' is out of load range (0.002457, 0.270347) of lib_cell 'AND2DFFRBQX1AS9'
  ramp 0.000000 at pin 'D1' of cell 'u_LOGIC_CENTER/LINK_LOGIC/U_SYNC_L0L1/U_L0_CIRC_DELAY_BUF/L0_BUF3_reg_7_' is out of ramp range (0.005680, 1.182430) of lib_cell 'AND2DFFRBQX1AS9'
  ramp 0.000000 at pin 'D1' of cell 'u_LOGIC_CENTER/LINK_LOGIC/U_SYNC_L0L1/U_L0_CIRC_DELAY_BUF/L0_BUF4_reg_17_' is out of ramp range (0.005680, 1.182430) of lib_cell 'AND2DFFRBQX1AS9'
  load 0.001683 at pin 'Q' of cell 'u_LOGIC_CENTER/LINK_LOGIC/U_SYNC_L0L1/U_L0_CIRC_DELAY_BUF/L0_BUF2_reg_1_' is out of load range (0.002457, 0.270347) of lib_cell 'AND2DFFRBQX1AS9'
  ramp 0.000000 at pin 'D1' of cell 'u_LOGIC_CENTER/LINK_LOGIC/U_SYNC_L0L1/U_L0_CIRC_DELAY_BUF/L0_BUF2_reg_1_' is out of ramp range (0.005680, 1.182430) of lib_cell 'AND2DFFRBQX1AS9'
  load 0.001549 at pin 'Q' of cell 'u_LOGIC_CENTER/LINK_LOGIC/U_SYNC_L0L1/U_L0_CIRC_DELAY_BUF/L0_BUF1_reg_8_' is out of load range (0.002457, 0.270347) of lib_cell 'AND2DFFRBQX1AS9'
  ramp 0.000000 at pin 'D1' of cell 'u_LOGIC_CENTER/LINK_LOGIC/U_SYNC_L0L1/U_L0_CIRC_DELAY_BUF/L0_BUF1_reg_8_' is out of ramp range (0.005680, 1.182430) of lib_cell 'AND2DFFRBQX1AS9'
  ramp 0.000000 at pin 'D1' of cell 'u_LOGIC_CENTER/LINK_LOGIC/U_SYNC_L0L1/U_L0_CIRC_DELAY_BUF/L0_BUF0_reg_2_' is out of ramp range (0.005680, 1.182430) of lib_cell 'AND2DFFRBQX1AS9'
  ramp 0.000000 at pin 'TE' of cell 'u_LOGIC_CENTER/LINK_LOGIC/U_SYNC_L0L1/U_L0_CIRC_DELAY_BUF/SNPS_CG_CELL_DCLK0_L0_BUF0_reg_0/latch' is out of ramp range (0.005680, 1.182430) of lib_cell 'GCKHBQX8AS9'
  load 0.001683 at pin 'Q' of cell 'u_LOGIC_CENTER/LINK_LOGIC/U_SYNC_L0L1/U_L0_CIRC_DELAY_BUF/L0_BUF6_reg_12_' is out of load range (0.002457, 0.270347) of lib_cell 'AND2DFFRBQX1AS9'
  ramp 0.000000 at pin 'D1' of cell 'u_LOGIC_CENTER/LINK_LOGIC/U_SYNC_L0L1/U_L0_CIRC_DELAY_BUF/L0_BUF6_reg_12_' is out of ramp range (0.005680, 1.182430) of lib_cell 'AND2DFFRBQX1AS9'
  load 0.001549 at pin 'Q' of cell 'u_LOGIC_CENTER/LINK_LOGIC/U_SYNC_L0L1/U_L0_CIRC_DELAY_BUF/L0_BUF1_reg_12_' is out of load range (0.002457, 0.270347) of lib_cell 'AND2DFFRBQX1AS9'
  ramp 0.000000 at pin 'D1' of cell 'u_LOGIC_CENTER/LINK_LOGIC/U_SYNC_L0L1/U_L0_CIRC_DELAY_BUF/L0_BUF1_reg_12_' is out of ramp range (0.005680, 1.182430) of lib_cell 'AND2DFFRBQX1AS9'
  ramp 0.000000 at pin 'D1' of cell 'u_LOGIC_CENTER/LINK_LOGIC/U_SYNC_L0L1/U_L0_CIRC_DELAY_BUF/L0_BUF5_reg_7_' is out of ramp range (0.005680, 1.182430) of lib_cell 'AND2DFFRBQX1AS9'
  load 0.001683 at pin 'Q' of cell 'u_LOGIC_CENTER/LINK_LOGIC/U_SYNC_L0L1/U_L0_CIRC_DELAY_BUF/L0_BUF2_reg_13_' is out of load range (0.002457, 0.270347) of lib_cell 'AND2DFFRBQX1AS9'
  ramp 0.000000 at pin 'D1' of cell 'u_LOGIC_CENTER/LINK_LOGIC/U_SYNC_L0L1/U_L0_CIRC_DELAY_BUF/L0_BUF2_reg_13_' is out of ramp range (0.005680, 1.182430) of lib_cell 'AND2DFFRBQX1AS9'
  load 0.001549 at pin 'Q' of cell 'u_LOGIC_CENTER/LINK_LOGIC/U_SYNC_L0L1/U_L0_CIRC_DELAY_BUF/L0_BUF3_reg_14_' is out of load range (0.002457, 0.270347) of lib_cell 'AND2DFFRBQX1AS9'
  ramp 0.000000 at pin 'D1' of cell 'u_LOGIC_CENTER/LINK_LOGIC/U_SYNC_L0L1/U_L0_CIRC_DELAY_BUF/L0_BUF3_reg_14_' is out of ramp range (0.005680, 1.182430) of lib_cell 'AND2DFFRBQX1AS9'
  load 0.001683 at pin 'Q' of cell 'u_LOGIC_CENTER/LINK_LOGIC/U_SYNC_L0L1/U_L0_CIRC_DELAY_BUF/L0_BUF6_reg_3_' is out of load range (0.002457, 0.270347) of lib_cell 'AND2DFFRBQX1AS9'
  ramp 0.000000 at pin 'D1' of cell 'u_LOGIC_CENTER/LINK_LOGIC/U_SYNC_L0L1/U_L0_CIRC_DELAY_BUF/L0_BUF6_reg_3_' is out of ramp range (0.005680, 1.182430) of lib_cell 'AND2DFFRBQX1AS9'
  ramp 0.000000 at pin 'D1' of cell 'u_LOGIC_CENTER/LINK_LOGIC/U_SYNC_L0L1/U_L0_CIRC_DELAY_BUF/L0_BUF4_reg_1_' is out of ramp range (0.005680, 1.182430) of lib_cell 'AND2DFFRBQX1AS9'
  ramp 0.000000 at pin 'D1' of cell 'u_LOGIC_CENTER/LINK_LOGIC/U_SYNC_L0L1/U_L0_CIRC_DELAY_BUF/L0_WR_SEL_reg_5_' is out of ramp range (0.005680, 1.182430) of lib_cell 'AND2DFFRBQX1AS9'
  ramp 0.000000 at pin 'TE' of cell 'u_LOGIC_CENTER/LINK_LOGIC/U_SYNC_L0L1/U_L0_CIRC_DELAY_BUF/SNPS_CG_CELL_DCLK0_L0_BUF5_reg_0/latch' is out of ramp range (0.005680, 1.182430) of lib_cell 'GCKHBQX8AS9'
  load 0.001549 at pin 'Q' of cell 'u_LOGIC_CENTER/LINK_LOGIC/U_SYNC_L0L1/U_L0_CIRC_DELAY_BUF/L0_BUF3_reg_8_' is out of load range (0.002457, 0.270347) of lib_cell 'AND2DFFRBQX1AS9'
  ramp 0.000000 at pin 'D1' of cell 'u_LOGIC_CENTER/LINK_LOGIC/U_SYNC_L0L1/U_L0_CIRC_DELAY_BUF/L0_BUF3_reg_8_' is out of ramp range (0.005680, 1.182430) of lib_cell 'AND2DFFRBQX1AS9'
  load 0.001683 at pin 'Q' of cell 'u_LOGIC_CENTER/LINK_LOGIC/U_SYNC_L0L1/U_L0_CIRC_DELAY_BUF/L0_BUF2_reg_2_' is out of load range (0.002457, 0.270347) of lib_cell 'AND2DFFRBQX1AS9'
  ramp 0.000000 at pin 'D1' of cell 'u_LOGIC_CENTER/LINK_LOGIC/U_SYNC_L0L1/U_L0_CIRC_DELAY_BUF/L0_BUF2_reg_2_' is out of ramp range (0.005680, 1.182430) of lib_cell 'AND2DFFRBQX1AS9'
  load 0.001549 at pin 'Q' of cell 'u_LOGIC_CENTER/LINK_LOGIC/U_SYNC_L0L1/U_L0_CIRC_DELAY_BUF/L0_BUF1_reg_9_' is out of load range (0.002457, 0.270347) of lib_cell 'AND2DFFRBQX1AS9'
  ramp 0.000000 at pin 'D1' of cell 'u_LOGIC_CENTER/LINK_LOGIC/U_SYNC_L0L1/U_L0_CIRC_DELAY_BUF/L0_BUF1_reg_9_' is out of ramp range (0.005680, 1.182430) of lib_cell 'AND2DFFRBQX1AS9'
  ramp 0.000000 at pin 'D1' of cell 'u_LOGIC_CENTER/LINK_LOGIC/U_SYNC_L0L1/U_L0_CIRC_DELAY_BUF/L0_BUF0_reg_3_' is out of ramp range (0.005680, 1.182430) of lib_cell 'AND2DFFRBQX1AS9'
  load 0.001683 at pin 'Q' of cell 'u_LOGIC_CENTER/LINK_LOGIC/U_SYNC_L0L1/U_L0_CIRC_DELAY_BUF/L0_BUF6_reg_13_' is out of load range (0.002457, 0.270347) of lib_cell 'AND2DFFRBQX1AS9'
  ramp 0.000000 at pin 'D1' of cell 'u_LOGIC_CENTER/LINK_LOGIC/U_SYNC_L0L1/U_L0_CIRC_DELAY_BUF/L0_BUF6_reg_13_' is out of ramp range (0.005680, 1.182430) of lib_cell 'AND2DFFRBQX1AS9'
  load 0.001549 at pin 'Q' of cell 'u_LOGIC_CENTER/LINK_LOGIC/U_SYNC_L0L1/U_L0_CIRC_DELAY_BUF/L0_BUF1_reg_13_' is out of load range (0.002457, 0.270347) of lib_cell 'AND2DFFRBQX1AS9'
  ramp 0.000000 at pin 'D1' of cell 'u_LOGIC_CENTER/LINK_LOGIC/U_SYNC_L0L1/U_L0_CIRC_DELAY_BUF/L0_BUF1_reg_13_' is out of ramp range (0.005680, 1.182430) of lib_cell 'AND2DFFRBQX1AS9'
  ramp 0.000000 at pin 'D1' of cell 'u_LOGIC_CENTER/LINK_LOGIC/U_SYNC_L0L1/U_L0_CIRC_DELAY_BUF/L0_BUF5_reg_8_' is out of ramp range (0.005680, 1.182430) of lib_cell 'AND2DFFRBQX1AS9'
  load 0.001683 at pin 'Q' of cell 'u_LOGIC_CENTER/LINK_LOGIC/U_SYNC_L0L1/U_L0_CIRC_DELAY_BUF/L0_BUF2_reg_14_' is out of load range (0.002457, 0.270347) of lib_cell 'AND2DFFRBQX1AS9'
  ramp 0.000000 at pin 'D1' of cell 'u_LOGIC_CENTER/LINK_LOGIC/U_SYNC_L0L1/U_L0_CIRC_DELAY_BUF/L0_BUF2_reg_14_' is out of ramp range (0.005680, 1.182430) of lib_cell 'AND2DFFRBQX1AS9'
  load 0.001549 at pin 'Q' of cell 'u_LOGIC_CENTER/LINK_LOGIC/U_SYNC_L0L1/U_L0_CIRC_DELAY_BUF/L0_BUF3_reg_15_' is out of load range (0.002457, 0.270347) of lib_cell 'AND2DFFRBQX1AS9'
  ramp 0.000000 at pin 'D1' of cell 'u_LOGIC_CENTER/LINK_LOGIC/U_SYNC_L0L1/U_L0_CIRC_DELAY_BUF/L0_BUF3_reg_15_' is out of ramp range (0.005680, 1.182430) of lib_cell 'AND2DFFRBQX1AS9'
  load 0.001683 at pin 'Q' of cell 'u_LOGIC_CENTER/LINK_LOGIC/U_SYNC_L0L1/U_L0_CIRC_DELAY_BUF/L0_BUF6_reg_4_' is out of load range (0.002457, 0.270347) of lib_cell 'AND2DFFRBQX1AS9'
  ramp 0.000000 at pin 'D1' of cell 'u_LOGIC_CENTER/LINK_LOGIC/U_SYNC_L0L1/U_L0_CIRC_DELAY_BUF/L0_BUF6_reg_4_' is out of ramp range (0.005680, 1.182430) of lib_cell 'AND2DFFRBQX1AS9'
  ramp 0.000000 at pin 'D1' of cell 'u_LOGIC_CENTER/LINK_LOGIC/U_SYNC_L0L1/U_L0_CIRC_DELAY_BUF/L0_BUF4_reg_2_' is out of ramp range (0.005680, 1.182430) of lib_cell 'AND2DFFRBQX1AS9'
  ramp 0.000000 at pin 'D1' of cell 'u_LOGIC_CENTER/LINK_LOGIC/U_SYNC_L0L1/U_L0_CIRC_DELAY_BUF/L0_BUF_CNT_FIX_SEL_reg_0_' is out of ramp range (0.005680, 1.182430) of lib_cell 'AND2DFFRBQX1AS9'
  load 0.001549 at pin 'Q' of cell 'u_LOGIC_CENTER/LINK_LOGIC/U_SYNC_L0L1/U_L0_CIRC_DELAY_BUF/L0_BUF3_reg_9_' is out of load range (0.002457, 0.270347) of lib_cell 'AND2DFFRBQX1AS9'
  ramp 0.000000 at pin 'D1' of cell 'u_LOGIC_CENTER/LINK_LOGIC/U_SYNC_L0L1/U_L0_CIRC_DELAY_BUF/L0_BUF3_reg_9_' is out of ramp range (0.005680, 1.182430) of lib_cell 'AND2DFFRBQX1AS9'
  load 0.001683 at pin 'Q' of cell 'u_LOGIC_CENTER/LINK_LOGIC/U_SYNC_L0L1/U_L0_CIRC_DELAY_BUF/L0_BUF2_reg_3_' is out of load range (0.002457, 0.270347) of lib_cell 'AND2DFFRBQX1AS9'
  ramp 0.000000 at pin 'D1' of cell 'u_LOGIC_CENTER/LINK_LOGIC/U_SYNC_L0L1/U_L0_CIRC_DELAY_BUF/L0_BUF2_reg_3_' is out of ramp range (0.005680, 1.182430) of lib_cell 'AND2DFFRBQX1AS9'
  ramp 0.000000 at pin 'TE' of cell 'u_LOGIC_CENTER/LINK_LOGIC/U_SYNC_L0L1/U_L0_CIRC_DELAY_BUF/SNPS_CG_CELL_DCLK0_L0_BUF1_reg_0/latch' is out of ramp range (0.005680, 1.182430) of lib_cell 'GCKHBQX8AS9'
  ramp 0.000000 at pin 'D1' of cell 'u_LOGIC_CENTER/LINK_LOGIC/U_SYNC_L0L1/U_L0_CIRC_DELAY_BUF/L0_BUF5_reg_10_' is out of ramp range (0.005680, 1.182430) of lib_cell 'AND2DFFRBQX1AS9'
  ramp 0.000000 at pin 'D1' of cell 'u_LOGIC_CENTER/LINK_LOGIC/U_SYNC_L0L1/U_L0_CIRC_DELAY_BUF/L0_BUF0_reg_10_' is out of ramp range (0.005680, 1.182430) of lib_cell 'AND2DFFRBQX1AS9'
  ramp 0.000000 at pin 'D1' of cell 'u_LOGIC_CENTER/LINK_LOGIC/U_SYNC_L0L1/U_L0_CIRC_DELAY_BUF/L0_BUF0_reg_4_' is out of ramp range (0.005680, 1.182430) of lib_cell 'AND2DFFRBQX1AS9'
  load 0.001549 at pin 'Q' of cell 'u_LOGIC_CENTER/LINK_LOGIC/U_SYNC_L0L1/U_L0_CIRC_DELAY_BUF/L0_BUF1_reg_0_' is out of load range (0.002457, 0.270347) of lib_cell 'AND2DFFRBQX1AS9'
  ramp 0.000000 at pin 'D1' of cell 'u_LOGIC_CENTER/LINK_LOGIC/U_SYNC_L0L1/U_L0_CIRC_DELAY_BUF/L0_BUF1_reg_0_' is out of ramp range (0.005680, 1.182430) of lib_cell 'AND2DFFRBQX1AS9'
  ramp 0.000000 at pin 'TE' of cell 'u_LOGIC_CENTER/LINK_LOGIC/U_SYNC_L0L1/U_L0_CIRC_DELAY_BUF/SNPS_CG_CELL_DCLK0_L0_BUF6_reg_0/latch' is out of ramp range (0.005680, 1.182430) of lib_cell 'GCKHBQX8AS9'
  load 0.001683 at pin 'Q' of cell 'u_LOGIC_CENTER/LINK_LOGIC/U_SYNC_L0L1/U_L0_CIRC_DELAY_BUF/L0_BUF6_reg_14_' is out of load range (0.002457, 0.270347) of lib_cell 'AND2DFFRBQX1AS9'
  ramp 0.000000 at pin 'D1' of cell 'u_LOGIC_CENTER/LINK_LOGIC/U_SYNC_L0L1/U_L0_CIRC_DELAY_BUF/L0_BUF6_reg_14_' is out of ramp range (0.005680, 1.182430) of lib_cell 'AND2DFFRBQX1AS9'
  ramp 0.000000 at pin 'D1' of cell 'u_LOGIC_CENTER/LINK_LOGIC/U_SYNC_L0L1/U_L0_CIRC_DELAY_BUF/L0_BUF5_reg_9_' is out of ramp range (0.005680, 1.182430) of lib_cell 'AND2DFFRBQX1AS9'
  load 0.001549 at pin 'Q' of cell 'u_LOGIC_CENTER/LINK_LOGIC/U_SYNC_L0L1/U_L0_CIRC_DELAY_BUF/L0_BUF1_reg_14_' is out of load range (0.002457, 0.270347) of lib_cell 'AND2DFFRBQX1AS9'
  ramp 0.000000 at pin 'D1' of cell 'u_LOGIC_CENTER/LINK_LOGIC/U_SYNC_L0L1/U_L0_CIRC_DELAY_BUF/L0_BUF1_reg_14_' is out of ramp range (0.005680, 1.182430) of lib_cell 'AND2DFFRBQX1AS9'
  load 0.001683 at pin 'Q' of cell 'u_LOGIC_CENTER/LINK_LOGIC/U_SYNC_L0L1/U_L0_CIRC_DELAY_BUF/L0_BUF2_reg_15_' is out of load range (0.002457, 0.270347) of lib_cell 'AND2DFFRBQX1AS9'
  ramp 0.000000 at pin 'D1' of cell 'u_LOGIC_CENTER/LINK_LOGIC/U_SYNC_L0L1/U_L0_CIRC_DELAY_BUF/L0_BUF2_reg_15_' is out of ramp range (0.005680, 1.182430) of lib_cell 'AND2DFFRBQX1AS9'
  load 0.001549 at pin 'Q' of cell 'u_LOGIC_CENTER/LINK_LOGIC/U_SYNC_L0L1/U_L0_CIRC_DELAY_BUF/L0_BUF3_reg_16_' is out of load range (0.002457, 0.270347) of lib_cell 'AND2DFFRBQX1AS9'
  ramp 0.000000 at pin 'D1' of cell 'u_LOGIC_CENTER/LINK_LOGIC/U_SYNC_L0L1/U_L0_CIRC_DELAY_BUF/L0_BUF3_reg_16_' is out of ramp range (0.005680, 1.182430) of lib_cell 'AND2DFFRBQX1AS9'
  load 0.001683 at pin 'Q' of cell 'u_LOGIC_CENTER/LINK_LOGIC/U_SYNC_L0L1/U_L0_CIRC_DELAY_BUF/L0_BUF6_reg_5_' is out of load range (0.002457, 0.270347) of lib_cell 'AND2DFFRBQX1AS9'
  ramp 0.000000 at pin 'D1' of cell 'u_LOGIC_CENTER/LINK_LOGIC/U_SYNC_L0L1/U_L0_CIRC_DELAY_BUF/L0_BUF6_reg_5_' is out of ramp range (0.005680, 1.182430) of lib_cell 'AND2DFFRBQX1AS9'
  ramp 0.000000 at pin 'D1' of cell 'u_LOGIC_CENTER/LINK_LOGIC/U_SYNC_L0L1/U_L0_CIRC_DELAY_BUF/L0_BUF4_reg_3_' is out of ramp range (0.005680, 1.182430) of lib_cell 'AND2DFFRBQX1AS9'
  ramp 0.000000 at pin 'D1' of cell 'u_LOGIC_CENTER/LINK_LOGIC/U_SYNC_L0L1/U_L0_CIRC_DELAY_BUF/L0_BUF_CNT_FIX_SEL_reg_1_' is out of ramp range (0.005680, 1.182430) of lib_cell 'AND2DFFRBQX1AS9'
  load 0.001683 at pin 'Q' of cell 'u_LOGIC_CENTER/LINK_LOGIC/U_SYNC_L0L1/U_L0_CIRC_DELAY_BUF/L0_BUF2_reg_4_' is out of load range (0.002457, 0.270347) of lib_cell 'AND2DFFRBQX1AS9'
  ramp 0.000000 at pin 'D1' of cell 'u_LOGIC_CENTER/LINK_LOGIC/U_SYNC_L0L1/U_L0_CIRC_DELAY_BUF/L0_BUF2_reg_4_' is out of ramp range (0.005680, 1.182430) of lib_cell 'AND2DFFRBQX1AS9'
  load 0.001549 at pin 'Q' of cell 'u_LOGIC_CENTER/LINK_LOGIC/U_SYNC_L0L1/U_L0_CIRC_DELAY_BUF/L0_BUF3_reg_0_' is out of load range (0.002457, 0.270347) of lib_cell 'AND2DFFRBQX1AS9'
  ramp 0.000000 at pin 'D1' of cell 'u_LOGIC_CENTER/LINK_LOGIC/U_SYNC_L0L1/U_L0_CIRC_DELAY_BUF/L0_BUF3_reg_0_' is out of ramp range (0.005680, 1.182430) of lib_cell 'AND2DFFRBQX1AS9'
  ramp 0.000000 at pin 'D1' of cell 'u_LOGIC_CENTER/LINK_LOGIC/U_SYNC_L0L1/U_L0_CIRC_DELAY_BUF/L0_BUF4_reg_10_' is out of ramp range (0.005680, 1.182430) of lib_cell 'AND2DFFRBQX1AS9'
  ramp 0.000000 at pin 'D1' of cell 'u_LOGIC_CENTER/LINK_LOGIC/U_SYNC_L0L1/U_L0_CIRC_DELAY_BUF/L0_BUF5_reg_11_' is out of ramp range (0.005680, 1.182430) of lib_cell 'AND2DFFRBQX1AS9'
  ramp 0.000000 at pin 'D1' of cell 'u_LOGIC_CENTER/LINK_LOGIC/U_SYNC_L0L1/U_L0_CIRC_DELAY_BUF/L0_BUF0_reg_11_' is out of ramp range (0.005680, 1.182430) of lib_cell 'AND2DFFRBQX1AS9'
  ramp 0.000000 at pin 'D1' of cell 'u_LOGIC_CENTER/LINK_LOGIC/U_SYNC_L0L1/U_L0_CIRC_DELAY_BUF/L0_BUF0_reg_5_' is out of ramp range (0.005680, 1.182430) of lib_cell 'AND2DFFRBQX1AS9'
  load 0.001549 at pin 'Q' of cell 'u_LOGIC_CENTER/LINK_LOGIC/U_SYNC_L0L1/U_L0_CIRC_DELAY_BUF/L0_BUF1_reg_1_' is out of load range (0.002457, 0.270347) of lib_cell 'AND2DFFRBQX1AS9'
  ramp 0.000000 at pin 'D1' of cell 'u_LOGIC_CENTER/LINK_LOGIC/U_SYNC_L0L1/U_L0_CIRC_DELAY_BUF/L0_BUF1_reg_1_' is out of ramp range (0.005680, 1.182430) of lib_cell 'AND2DFFRBQX1AS9'
  load 0.001708 at pin 'O' of cell 'u_LOGIC_CENTER/LINK_LOGIC/U_SYNC_L0L1/U_L0_CIRC_DELAY_BUF/U24' is out of load range (0.002457, 0.135174) of lib_cell 'AO22X05AS9'
  load 0.001756 at pin 'O' of cell 'u_LOGIC_CENTER/LINK_LOGIC/U_SYNC_L0L1/U_L0_CIRC_DELAY_BUF/U129' is out of load range (0.002457, 0.270347) of lib_cell 'NAND4X1AS9'
  load 0.001683 at pin 'Q' of cell 'u_LOGIC_CENTER/LINK_LOGIC/U_SYNC_L0L1/U_L0_CIRC_DELAY_BUF/L0_BUF6_reg_15_' is out of load range (0.002457, 0.270347) of lib_cell 'AND2DFFRBQX1AS9'
  ramp 0.000000 at pin 'D1' of cell 'u_LOGIC_CENTER/LINK_LOGIC/U_SYNC_L0L1/U_L0_CIRC_DELAY_BUF/L0_BUF6_reg_15_' is out of ramp range (0.005680, 1.182430) of lib_cell 'AND2DFFRBQX1AS9'
  load 0.001549 at pin 'Q' of cell 'u_LOGIC_CENTER/LINK_LOGIC/U_SYNC_L0L1/U_L0_CIRC_DELAY_BUF/L0_BUF1_reg_15_' is out of load range (0.002457, 0.270347) of lib_cell 'AND2DFFRBQX1AS9'
  ramp 0.000000 at pin 'D1' of cell 'u_LOGIC_CENTER/LINK_LOGIC/U_SYNC_L0L1/U_L0_CIRC_DELAY_BUF/L0_BUF1_reg_15_' is out of ramp range (0.005680, 1.182430) of lib_cell 'AND2DFFRBQX1AS9'
  load 0.001683 at pin 'Q' of cell 'u_LOGIC_CENTER/LINK_LOGIC/U_SYNC_L0L1/U_L0_CIRC_DELAY_BUF/L0_BUF2_reg_16_' is out of load range (0.002457, 0.270347) of lib_cell 'AND2DFFRBQX1AS9'
  ramp 0.000000 at pin 'D1' of cell 'u_LOGIC_CENTER/LINK_LOGIC/U_SYNC_L0L1/U_L0_CIRC_DELAY_BUF/L0_BUF2_reg_16_' is out of ramp range (0.005680, 1.182430) of lib_cell 'AND2DFFRBQX1AS9'
  ramp 0.000000 at pin 'TE' of cell 'u_LOGIC_CENTER/LINK_LOGIC/U_SYNC_L0L1/U_L0_CIRC_DELAY_BUF/SNPS_CG_CELL_DCLK0_L0_BUF2_reg_0/latch' is out of ramp range (0.005680, 1.182430) of lib_cell 'GCKHBQX8AS9'
  load 0.001549 at pin 'Q' of cell 'u_LOGIC_CENTER/LINK_LOGIC/U_SYNC_L0L1/U_L0_CIRC_DELAY_BUF/L0_BUF3_reg_17_' is out of load range (0.002457, 0.270347) of lib_cell 'AND2DFFRBQX1AS9'
  ramp 0.000000 at pin 'D1' of cell 'u_LOGIC_CENTER/LINK_LOGIC/U_SYNC_L0L1/U_L0_CIRC_DELAY_BUF/L0_BUF3_reg_17_' is out of ramp range (0.005680, 1.182430) of lib_cell 'AND2DFFRBQX1AS9'
  load 0.001683 at pin 'Q' of cell 'u_LOGIC_CENTER/LINK_LOGIC/U_SYNC_L0L1/U_L0_CIRC_DELAY_BUF/L0_BUF6_reg_6_' is out of load range (0.002457, 0.270347) of lib_cell 'AND2DFFRBQX1AS9'
  ramp 0.000000 at pin 'D1' of cell 'u_LOGIC_CENTER/LINK_LOGIC/U_SYNC_L0L1/U_L0_CIRC_DELAY_BUF/L0_BUF6_reg_6_' is out of ramp range (0.005680, 1.182430) of lib_cell 'AND2DFFRBQX1AS9'
  ramp 0.000000 at pin 'D1' of cell 'u_LOGIC_CENTER/LINK_LOGIC/U_SYNC_L0L1/U_L0_CIRC_DELAY_BUF/L0_BUF_CNT_FIX_SEL_reg_2_' is out of ramp range (0.005680, 1.182430) of lib_cell 'AND2DFFRBQX1AS9'
  ramp 0.000000 at pin 'D1' of cell 'u_LOGIC_CENTER/LINK_LOGIC/U_SYNC_L0L1/U_L0_CIRC_DELAY_BUF/L0_BUF4_reg_4_' is out of ramp range (0.005680, 1.182430) of lib_cell 'AND2DFFRBQX1AS9'
  ramp 0.000000 at pin 'D1' of cell 'u_LOGIC_CENTER/LINK_LOGIC/U_SYNC_L0L1/U_L0_CIRC_DELAY_BUF/L0_BUF5_reg_0_' is out of ramp range (0.005680, 1.182430) of lib_cell 'AND2DFFRBQX1AS9'
  load 0.001683 at pin 'Q' of cell 'u_LOGIC_CENTER/LINK_LOGIC/U_SYNC_L0L1/U_L0_CIRC_DELAY_BUF/L0_BUF2_reg_5_' is out of load range (0.002457, 0.270347) of lib_cell 'AND2DFFRBQX1AS9'
  ramp 0.000000 at pin 'D1' of cell 'u_LOGIC_CENTER/LINK_LOGIC/U_SYNC_L0L1/U_L0_CIRC_DELAY_BUF/L0_BUF2_reg_5_' is out of ramp range (0.005680, 1.182430) of lib_cell 'AND2DFFRBQX1AS9'
  load 0.001549 at pin 'Q' of cell 'u_LOGIC_CENTER/LINK_LOGIC/U_SYNC_L0L1/U_L0_CIRC_DELAY_BUF/L0_BUF3_reg_1_' is out of load range (0.002457, 0.270347) of lib_cell 'AND2DFFRBQX1AS9'
  ramp 0.000000 at pin 'D1' of cell 'u_LOGIC_CENTER/LINK_LOGIC/U_SYNC_L0L1/U_L0_CIRC_DELAY_BUF/L0_BUF3_reg_1_' is out of ramp range (0.005680, 1.182430) of lib_cell 'AND2DFFRBQX1AS9'
  ramp 0.000000 at pin 'D1' of cell 'u_LOGIC_CENTER/LINK_LOGIC/U_SYNC_L0L1/U_L0_CIRC_DELAY_BUF/L0_BUF4_reg_11_' is out of ramp range (0.005680, 1.182430) of lib_cell 'AND2DFFRBQX1AS9'
  ramp 0.000000 at pin 'D1' of cell 'u_LOGIC_CENTER/LINK_LOGIC/U_SYNC_L0L1/U_L0_CIRC_DELAY_BUF/L0_BUF5_reg_12_' is out of ramp range (0.005680, 1.182430) of lib_cell 'AND2DFFRBQX1AS9'
  ramp 0.000000 at pin 'D1' of cell 'u_LOGIC_CENTER/LINK_LOGIC/U_SYNC_L0L1/U_L0_CIRC_DELAY_BUF/L0_BUF0_reg_12_' is out of ramp range (0.005680, 1.182430) of lib_cell 'AND2DFFRBQX1AS9'
  ramp 0.000000 at pin 'D1' of cell 'u_LOGIC_CENTER/LINK_LOGIC/U_SYNC_L0L1/U_L0_CIRC_DELAY_BUF/L0_BUF0_reg_6_' is out of ramp range (0.005680, 1.182430) of lib_cell 'AND2DFFRBQX1AS9'
  load 0.001756 at pin 'O' of cell 'u_LOGIC_CENTER/LINK_LOGIC/U_SYNC_L0L1/U_L0_CIRC_DELAY_BUF/U136' is out of load range (0.002457, 0.270347) of lib_cell 'NAND4X1AS9'
  load 0.001549 at pin 'Q' of cell 'u_LOGIC_CENTER/LINK_LOGIC/U_SYNC_L0L1/U_L0_CIRC_DELAY_BUF/L0_BUF1_reg_2_' is out of load range (0.002457, 0.270347) of lib_cell 'AND2DFFRBQX1AS9'
  ramp 0.000000 at pin 'D1' of cell 'u_LOGIC_CENTER/LINK_LOGIC/U_SYNC_L0L1/U_L0_CIRC_DELAY_BUF/L0_BUF1_reg_2_' is out of ramp range (0.005680, 1.182430) of lib_cell 'AND2DFFRBQX1AS9'
  load 0.001683 at pin 'Q' of cell 'u_LOGIC_CENTER/LINK_LOGIC/U_SYNC_L0L1/U_L0_CIRC_DELAY_BUF/L0_BUF6_reg_16_' is out of load range (0.002457, 0.270347) of lib_cell 'AND2DFFRBQX1AS9'
  ramp 0.000000 at pin 'D1' of cell 'u_LOGIC_CENTER/LINK_LOGIC/U_SYNC_L0L1/U_L0_CIRC_DELAY_BUF/L0_BUF6_reg_16_' is out of ramp range (0.005680, 1.182430) of lib_cell 'AND2DFFRBQX1AS9'
  load 0.001549 at pin 'Q' of cell 'u_LOGIC_CENTER/LINK_LOGIC/U_SYNC_L0L1/U_L0_CIRC_DELAY_BUF/L0_BUF1_reg_16_' is out of load range (0.002457, 0.270347) of lib_cell 'AND2DFFRBQX1AS9'
  ramp 0.000000 at pin 'D1' of cell 'u_LOGIC_CENTER/LINK_LOGIC/U_SYNC_L0L1/U_L0_CIRC_DELAY_BUF/L0_BUF1_reg_16_' is out of ramp range (0.005680, 1.182430) of lib_cell 'AND2DFFRBQX1AS9'
  load 0.001683 at pin 'Q' of cell 'u_LOGIC_CENTER/LINK_LOGIC/U_SYNC_L0L1/U_L0_CIRC_DELAY_BUF/L0_BUF2_reg_17_' is out of load range (0.002457, 0.270347) of lib_cell 'AND2DFFRBQX1AS9'
  ramp 0.000000 at pin 'D1' of cell 'u_LOGIC_CENTER/LINK_LOGIC/U_SYNC_L0L1/U_L0_CIRC_DELAY_BUF/L0_BUF2_reg_17_' is out of ramp range (0.005680, 1.182430) of lib_cell 'AND2DFFRBQX1AS9'
  load 0.001683 at pin 'Q' of cell 'u_LOGIC_CENTER/LINK_LOGIC/U_SYNC_L0L1/U_L0_CIRC_DELAY_BUF/L0_BUF6_reg_7_' is out of load range (0.002457, 0.270347) of lib_cell 'AND2DFFRBQX1AS9'
  ramp 0.000000 at pin 'D1' of cell 'u_LOGIC_CENTER/LINK_LOGIC/U_SYNC_L0L1/U_L0_CIRC_DELAY_BUF/L0_BUF6_reg_7_' is out of ramp range (0.005680, 1.182430) of lib_cell 'AND2DFFRBQX1AS9'
  ramp 0.000000 at pin 'D1' of cell 'u_LOGIC_CENTER/LINK_LOGIC/U_SYNC_L0L1/U_L0_CIRC_DELAY_BUF/L0_BUF4_reg_5_' is out of ramp range (0.005680, 1.182430) of lib_cell 'AND2DFFRBQX1AS9'
  ramp 0.000000 at pin 'D1' of cell 'u_LOGIC_CENTER/LINK_LOGIC/U_SYNC_L0L1/U_L0_CIRC_DELAY_BUF/L0_BUF_CNT_FIX_SEL_reg_3_' is out of ramp range (0.005680, 1.182430) of lib_cell 'AND2DFFRBQBX1AS9'
  ramp 0.000000 at pin 'D1' of cell 'u_LOGIC_CENTER/LINK_LOGIC/U_SYNC_L0L1/U_L0_CIRC_DELAY_BUF/L0_BUF5_reg_1_' is out of ramp range (0.005680, 1.182430) of lib_cell 'AND2DFFRBQX1AS9'
  load 0.001683 at pin 'Q' of cell 'u_LOGIC_CENTER/LINK_LOGIC/U_SYNC_L0L1/U_L0_CIRC_DELAY_BUF/L0_BUF2_reg_6_' is out of load range (0.002457, 0.270347) of lib_cell 'AND2DFFRBQX1AS9'
  ramp 0.000000 at pin 'D1' of cell 'u_LOGIC_CENTER/LINK_LOGIC/U_SYNC_L0L1/U_L0_CIRC_DELAY_BUF/L0_BUF2_reg_6_' is out of ramp range (0.005680, 1.182430) of lib_cell 'AND2DFFRBQX1AS9'
  load 0.001549 at pin 'Q' of cell 'u_LOGIC_CENTER/LINK_LOGIC/U_SYNC_L0L1/U_L0_CIRC_DELAY_BUF/L0_BUF3_reg_2_' is out of load range (0.002457, 0.270347) of lib_cell 'AND2DFFRBQX1AS9'
  ramp 0.000000 at pin 'D1' of cell 'u_LOGIC_CENTER/LINK_LOGIC/U_SYNC_L0L1/U_L0_CIRC_DELAY_BUF/L0_BUF3_reg_2_' is out of ramp range (0.005680, 1.182430) of lib_cell 'AND2DFFRBQX1AS9'
  ramp 0.000000 at pin 'D1' of cell 'u_LOGIC_CENTER/LINK_LOGIC/U_SYNC_L0L1/U_L0_CIRC_DELAY_BUF/L0_BUF4_reg_12_' is out of ramp range (0.005680, 1.182430) of lib_cell 'AND2DFFRBQX1AS9'
  ramp 0.000000 at pin 'D1' of cell 'u_LOGIC_CENTER/LINK_LOGIC/U_SYNC_L0L1/U_L0_CIRC_DELAY_BUF/L0_BUF5_reg_13_' is out of ramp range (0.005680, 1.182430) of lib_cell 'AND2DFFRBQX1AS9'
  ramp 0.000000 at pin 'TE' of cell 'u_LOGIC_CENTER/LINK_LOGIC/U_SYNC_L0L1/U_L0_CIRC_DELAY_BUF/SNPS_CG_CELL_DCLK0_L0_BUF_CNT_SEL_reg_0/latch' is out of ramp range (0.005680, 1.182430) of lib_cell 'GCKHBQX8AS9'
  ramp 0.000000 at pin 'TE' of cell 'u_LOGIC_CENTER/LINK_LOGIC/U_SYNC_L0L1/U_L0_CIRC_DELAY_BUF/SNPS_CG_CELL_DCLK0_L0_BUF3_reg_0/latch' is out of ramp range (0.005680, 1.182430) of lib_cell 'GCKHBQX8AS9'
  load 0.001756 at pin 'O' of cell 'u_LOGIC_CENTER/LINK_LOGIC/U_SYNC_L0L1/U_L0_CIRC_DELAY_BUF/U143' is out of load range (0.002457, 0.270347) of lib_cell 'NAND4X1AS9'
  ramp 0.000000 at pin 'D1' of cell 'u_LOGIC_CENTER/LINK_LOGIC/U_SYNC_L0L1/U_L0_CIRC_DELAY_BUF/L0_BUF0_reg_13_' is out of ramp range (0.005680, 1.182430) of lib_cell 'AND2DFFRBQX1AS9'
  ramp 0.000000 at pin 'D1' of cell 'u_LOGIC_CENTER/LINK_LOGIC/U_SYNC_L0L1/U_L0_CIRC_DELAY_BUF/L0_BUF0_reg_7_' is out of ramp range (0.005680, 1.182430) of lib_cell 'AND2DFFRBQX1AS9'
  load 0.001566 at pin 'O' of cell 'u_LOGIC_CENTER/LINK_LOGIC/U_SYNC_L0L1/U_L0_CIRC_DELAY_BUF/U42' is out of load range (0.002457, 0.135174) of lib_cell 'AO22X05AS9'
  load 0.001620 at pin 'O' of cell 'u_LOGIC_CENTER/LINK_LOGIC/U_SYNC_L0L1/U_L0_CIRC_DELAY_BUF/U43' is out of load range (0.002457, 0.135174) of lib_cell 'AO22X05AS9'
  load 0.001549 at pin 'Q' of cell 'u_LOGIC_CENTER/LINK_LOGIC/U_SYNC_L0L1/U_L0_CIRC_DELAY_BUF/L0_BUF1_reg_3_' is out of load range (0.002457, 0.270347) of lib_cell 'AND2DFFRBQX1AS9'
  ramp 0.000000 at pin 'D1' of cell 'u_LOGIC_CENTER/LINK_LOGIC/U_SYNC_L0L1/U_L0_CIRC_DELAY_BUF/L0_BUF1_reg_3_' is out of ramp range (0.005680, 1.182430) of lib_cell 'AND2DFFRBQX1AS9'
  load 0.001836 at pin 'O' of cell 'u_LOGIC_CENTER/LINK_LOGIC/U_SYNC_L0L1/U_L0_CIRC_DELAY_BUF/U45' is out of load range (0.002457, 0.270347) of lib_cell 'OAI12B2X1AS9'
  load 0.001683 at pin 'Q' of cell 'u_LOGIC_CENTER/LINK_LOGIC/U_SYNC_L0L1/U_L0_CIRC_DELAY_BUF/L0_BUF6_reg_17_' is out of load range (0.002457, 0.270347) of lib_cell 'AND2DFFRBQX1AS9'
  ramp 0.000000 at pin 'D1' of cell 'u_LOGIC_CENTER/LINK_LOGIC/U_SYNC_L0L1/U_L0_CIRC_DELAY_BUF/L0_BUF6_reg_17_' is out of ramp range (0.005680, 1.182430) of lib_cell 'AND2DFFRBQX1AS9'
  load 0.001566 at pin 'O' of cell 'u_LOGIC_CENTER/LINK_LOGIC/U_SYNC_L0L1/U_L0_CIRC_DELAY_BUF/U47' is out of load range (0.002457, 0.135174) of lib_cell 'AO22X05AS9'
  load 0.001620 at pin 'O' of cell 'u_LOGIC_CENTER/LINK_LOGIC/U_SYNC_L0L1/U_L0_CIRC_DELAY_BUF/U48' is out of load range (0.002457, 0.135174) of lib_cell 'AO22X05AS9'
  load 0.001708 at pin 'O' of cell 'u_LOGIC_CENTER/LINK_LOGIC/U_SYNC_L0L1/U_L0_CIRC_DELAY_BUF/U49' is out of load range (0.002457, 0.135174) of lib_cell 'AO22X05AS9'
  load 0.001549 at pin 'Q' of cell 'u_LOGIC_CENTER/LINK_LOGIC/U_SYNC_L0L1/U_L0_CIRC_DELAY_BUF/L0_BUF1_reg_17_' is out of load range (0.002457, 0.270347) of lib_cell 'AND2DFFRBQX1AS9'
  ramp 0.000000 at pin 'D1' of cell 'u_LOGIC_CENTER/LINK_LOGIC/U_SYNC_L0L1/U_L0_CIRC_DELAY_BUF/L0_BUF1_reg_17_' is out of ramp range (0.005680, 1.182430) of lib_cell 'AND2DFFRBQX1AS9'
  load 0.001683 at pin 'Q' of cell 'u_LOGIC_CENTER/LINK_LOGIC/U_SYNC_L0L1/U_L0_CIRC_DELAY_BUF/L0_BUF6_reg_8_' is out of load range (0.002457, 0.270347) of lib_cell 'AND2DFFRBQX1AS9'
  ramp 0.000000 at pin 'D1' of cell 'u_LOGIC_CENTER/LINK_LOGIC/U_SYNC_L0L1/U_L0_CIRC_DELAY_BUF/L0_BUF6_reg_8_' is out of ramp range (0.005680, 1.182430) of lib_cell 'AND2DFFRBQX1AS9'
  ramp 0.000000 at pin 'D1' of cell 'u_LOGIC_CENTER/LINK_LOGIC/U_SYNC_L0L1/U_L0_CIRC_DELAY_BUF/L0_BUF4_reg_6_' is out of ramp range (0.005680, 1.182430) of lib_cell 'AND2DFFRBQX1AS9'
  ramp 0.000000 at pin 'D1' of cell 'u_LOGIC_CENTER/LINK_LOGIC/U_SYNC_L0L1/U_L0_CIRC_DELAY_BUF/L0_BUF_CNT_FIX_SEL_reg_4_' is out of ramp range (0.005680, 1.182430) of lib_cell 'AND2DFFRBQX1AS9'
  ramp 0.000000 at pin 'D1' of cell 'u_LOGIC_CENTER/LINK_LOGIC/U_SYNC_L0L1/U_L0_CIRC_DELAY_BUF/L0_BUF5_reg_2_' is out of ramp range (0.005680, 1.182430) of lib_cell 'AND2DFFRBQX1AS9'
  ramp 0.000000 at pin 'D1' of cell 'u_LOGIC_CENTER/LINK_LOGIC/U_SYNC_L0L1/U_L0_CIRC_DELAY_BUF/L0_WR_SEL_reg_0_' is out of ramp range (0.005680, 1.182430) of lib_cell 'AND2DFFRBQX1AS9'
  load 0.001683 at pin 'Q' of cell 'u_LOGIC_CENTER/LINK_LOGIC/U_SYNC_L0L1/U_L0_CIRC_DELAY_BUF/L0_BUF2_reg_7_' is out of load range (0.002457, 0.270347) of lib_cell 'AND2DFFRBQX1AS9'
  ramp 0.000000 at pin 'D1' of cell 'u_LOGIC_CENTER/LINK_LOGIC/U_SYNC_L0L1/U_L0_CIRC_DELAY_BUF/L0_BUF2_reg_7_' is out of ramp range (0.005680, 1.182430) of lib_cell 'AND2DFFRBQX1AS9'
  load 0.001533 at pin 'Q' of cell 'u_LOGIC_CENTER/LINK_LOGIC/U_SYNC_L0L1/L1_BUF0_SYNCED_reg_15_' is out of load range (0.002457, 0.270347) of lib_cell 'AND2DFFRBQX1AS9'
  ramp 0.000000 at pin 'D1' of cell 'u_LOGIC_CENTER/LINK_LOGIC/U_SYNC_L0L1/L1_BUF0_SYNCED_reg_15_' is out of ramp range (0.005680, 1.182430) of lib_cell 'AND2DFFRBQX1AS9'
  load 0.001534 at pin 'Q' of cell 'u_LOGIC_CENTER/LINK_LOGIC/U_SYNC_L0L1/L1_BUF2_reg_10_' is out of load range (0.002457, 0.270347) of lib_cell 'AND2DFFRBQX1AS9'
  ramp 0.000000 at pin 'D1' of cell 'u_LOGIC_CENTER/LINK_LOGIC/U_SYNC_L0L1/L1_BUF2_reg_10_' is out of ramp range (0.005680, 1.182430) of lib_cell 'AND2DFFRBQX1AS9'
  load 0.001752 at pin 'Q' of cell 'u_LOGIC_CENTER/LINK_LOGIC/U_SYNC_L0L1/L1_BUF2_SYNCED_reg_8_' is out of load range (0.002457, 0.270347) of lib_cell 'AND2DFFRBQX1AS9'
  ramp 0.000000 at pin 'D1' of cell 'u_LOGIC_CENTER/LINK_LOGIC/U_SYNC_L0L1/L1_BUF2_SYNCED_reg_8_' is out of ramp range (0.005680, 1.182430) of lib_cell 'AND2DFFRBQX1AS9'
  ramp 0.000000 at pin 'D1' of cell 'u_LOGIC_CENTER/LINK_LOGIC/U_SYNC_L0L1/L1_BUF0_ASYNC_reg_7_' is out of ramp range (0.005680, 1.182430) of lib_cell 'AND2DFFRBQX1AS9'
  ramp 0.000000 at pin 'D1' of cell 'u_LOGIC_CENTER/LINK_LOGIC/U_SYNC_L0L1/L1_BUF2_ASYNC_reg_17_' is out of ramp range (0.005680, 1.182430) of lib_cell 'AND2DFFRBQX1AS9'
  load 0.001563 at pin 'Q' of cell 'u_LOGIC_CENTER/LINK_LOGIC/U_SYNC_L0L1/L1_BUF1_SYNCED_reg_0_' is out of load range (0.002457, 0.270347) of lib_cell 'AND2DFFRBQX1AS9'
  ramp 0.000000 at pin 'D1' of cell 'u_LOGIC_CENTER/LINK_LOGIC/U_SYNC_L0L1/L1_BUF1_SYNCED_reg_0_' is out of ramp range (0.005680, 1.182430) of lib_cell 'AND2DFFRBQX1AS9'
  ramp 0.000000 at pin 'D1' of cell 'u_LOGIC_CENTER/LINK_LOGIC/U_SYNC_L0L1/L1_BUF2_ASYNC_reg_3_' is out of ramp range (0.005680, 1.182430) of lib_cell 'AND2DFFRBQX1AS9'
  ramp 0.000000 at pin 'D1' of cell 'u_LOGIC_CENTER/LINK_LOGIC/U_SYNC_L0L1/L1_BUF0_ASYNC_reg_16_' is out of ramp range (0.005680, 1.182430) of lib_cell 'AND2DFFRBQX1AS9'
  load 0.001534 at pin 'Q' of cell 'u_LOGIC_CENTER/LINK_LOGIC/U_SYNC_L0L1/L1_BUF0_reg_16_' is out of load range (0.002457, 0.270347) of lib_cell 'AND2DFFRBQX1AS9'
  ramp 0.000000 at pin 'D1' of cell 'u_LOGIC_CENTER/LINK_LOGIC/U_SYNC_L0L1/L1_BUF0_reg_16_' is out of ramp range (0.005680, 1.182430) of lib_cell 'AND2DFFRBQX1AS9'
  load 0.001534 at pin 'Q' of cell 'u_LOGIC_CENTER/LINK_LOGIC/U_SYNC_L0L1/L1_BUF2_reg_3_' is out of load range (0.002457, 0.270347) of lib_cell 'AND2DFFRBQX1AS9'
  ramp 0.000000 at pin 'D1' of cell 'u_LOGIC_CENTER/LINK_LOGIC/U_SYNC_L0L1/L1_BUF2_reg_3_' is out of ramp range (0.005680, 1.182430) of lib_cell 'AND2DFFRBQX1AS9'
  ramp 0.000000 at pin 'D1' of cell 'u_LOGIC_CENTER/LINK_LOGIC/U_SYNC_L0L1/L1_BUF1_ASYNC_reg_9_' is out of ramp range (0.005680, 1.182430) of lib_cell 'AND2DFFRBQX1AS9'
  load 0.001534 at pin 'Q' of cell 'u_LOGIC_CENTER/LINK_LOGIC/U_SYNC_L0L1/L1_BUF0_reg_4_' is out of load range (0.002457, 0.270347) of lib_cell 'AND2DFFRBQX1AS9'
  ramp 0.000000 at pin 'D1' of cell 'u_LOGIC_CENTER/LINK_LOGIC/U_SYNC_L0L1/L1_BUF0_reg_4_' is out of ramp range (0.005680, 1.182430) of lib_cell 'AND2DFFRBQX1AS9'
  ramp 0.000000 at pin 'D1' of cell 'u_LOGIC_CENTER/LINK_LOGIC/U_SYNC_L0L1/L1_BUF1_ASYNC_reg_17_' is out of ramp range (0.005680, 1.182430) of lib_cell 'AND2DFFRBQX1AS9'
  load 0.001752 at pin 'Q' of cell 'u_LOGIC_CENTER/LINK_LOGIC/U_SYNC_L0L1/L1_BUF2_SYNCED_reg_14_' is out of load range (0.002457, 0.270347) of lib_cell 'AND2DFFRBQX1AS9'
  ramp 0.000000 at pin 'D1' of cell 'u_LOGIC_CENTER/LINK_LOGIC/U_SYNC_L0L1/L1_BUF2_SYNCED_reg_14_' is out of ramp range (0.005680, 1.182430) of lib_cell 'AND2DFFRBQX1AS9'
  load 0.001533 at pin 'Q' of cell 'u_LOGIC_CENTER/LINK_LOGIC/U_SYNC_L0L1/L1_BUF0_SYNCED_reg_0_' is out of load range (0.002457, 0.270347) of lib_cell 'AND2DFFRBQX1AS9'
  ramp 0.000000 at pin 'D1' of cell 'u_LOGIC_CENTER/LINK_LOGIC/U_SYNC_L0L1/L1_BUF0_SYNCED_reg_0_' is out of ramp range (0.005680, 1.182430) of lib_cell 'AND2DFFRBQX1AS9'
  load 0.001762 at pin 'Q' of cell 'u_LOGIC_CENTER/LINK_LOGIC/U_SYNC_L0L1/L1_BUF1_reg_0_' is out of load range (0.002457, 0.270347) of lib_cell 'AND2DFFRBQX1AS9'
  ramp 0.000000 at pin 'D1' of cell 'u_LOGIC_CENTER/LINK_LOGIC/U_SYNC_L0L1/L1_BUF1_reg_0_' is out of ramp range (0.005680, 1.182430) of lib_cell 'AND2DFFRBQX1AS9'
  load 0.001563 at pin 'Q' of cell 'u_LOGIC_CENTER/LINK_LOGIC/U_SYNC_L0L1/L1_BUF1_SYNCED_reg_15_' is out of load range (0.002457, 0.270347) of lib_cell 'AND2DFFRBQX1AS9'
  ramp 0.000000 at pin 'D1' of cell 'u_LOGIC_CENTER/LINK_LOGIC/U_SYNC_L0L1/L1_BUF1_SYNCED_reg_15_' is out of ramp range (0.005680, 1.182430) of lib_cell 'AND2DFFRBQX1AS9'
  load 0.001534 at pin 'Q' of cell 'u_LOGIC_CENTER/LINK_LOGIC/U_SYNC_L0L1/L1_BUF1_reg_10_' is out of load range (0.002457, 0.270347) of lib_cell 'AND2DFFRBQX1AS9'
  ramp 0.000000 at pin 'D1' of cell 'u_LOGIC_CENTER/LINK_LOGIC/U_SYNC_L0L1/L1_BUF1_reg_10_' is out of ramp range (0.005680, 1.182430) of lib_cell 'AND2DFFRBQX1AS9'
  ramp 0.000000 at pin 'D1' of cell 'u_LOGIC_CENTER/LINK_LOGIC/U_SYNC_L0L1/L1_BUF2_reg_11_' is out of ramp range (0.005680, 1.182430) of lib_cell 'AND2DFFRBQX1AS9'
  load 0.001464 at pin 'Q' of cell 'u_LOGIC_CENTER/LINK_LOGIC/U_SYNC_L0L1/BKPOL_EN_P_L0_PRE_STORE_reg' is out of load range (0.002457, 0.135174) of lib_cell 'DFFRBQX05AS9'
  load 0.001533 at pin 'Q' of cell 'u_LOGIC_CENTER/LINK_LOGIC/U_SYNC_L0L1/L1_BUF0_SYNCED_reg_16_' is out of load range (0.002457, 0.270347) of lib_cell 'AND2DFFRBQX1AS9'
  ramp 0.000000 at pin 'D1' of cell 'u_LOGIC_CENTER/LINK_LOGIC/U_SYNC_L0L1/L1_BUF0_SYNCED_reg_16_' is out of ramp range (0.005680, 1.182430) of lib_cell 'AND2DFFRBQX1AS9'
  load 0.001752 at pin 'Q' of cell 'u_LOGIC_CENTER/LINK_LOGIC/U_SYNC_L0L1/L1_BUF2_SYNCED_reg_9_' is out of load range (0.002457, 0.270347) of lib_cell 'AND2DFFRBQX1AS9'
  ramp 0.000000 at pin 'D1' of cell 'u_LOGIC_CENTER/LINK_LOGIC/U_SYNC_L0L1/L1_BUF2_SYNCED_reg_9_' is out of ramp range (0.005680, 1.182430) of lib_cell 'AND2DFFRBQX1AS9'
  ramp 0.000000 at pin 'D1' of cell 'u_LOGIC_CENTER/LINK_LOGIC/U_SYNC_L0L1/L1_BUF0_ASYNC_reg_8_' is out of ramp range (0.005680, 1.182430) of lib_cell 'AND2DFFRBQX1AS9'
  load 0.001563 at pin 'Q' of cell 'u_LOGIC_CENTER/LINK_LOGIC/U_SYNC_L0L1/L1_BUF1_SYNCED_reg_1_' is out of load range (0.002457, 0.270347) of lib_cell 'AND2DFFRBQX1AS9'
  ramp 0.000000 at pin 'D1' of cell 'u_LOGIC_CENTER/LINK_LOGIC/U_SYNC_L0L1/L1_BUF1_SYNCED_reg_1_' is out of ramp range (0.005680, 1.182430) of lib_cell 'AND2DFFRBQX1AS9'
  ramp 0.000000 at pin 'D1' of cell 'u_LOGIC_CENTER/LINK_LOGIC/U_SYNC_L0L1/L1_BUF2_ASYNC_reg_4_' is out of ramp range (0.005680, 1.182430) of lib_cell 'AND2DFFRBQX1AS9'
  ramp 0.000000 at pin 'D1' of cell 'u_LOGIC_CENTER/LINK_LOGIC/U_SYNC_L0L1/L1_BUF_CNT_reg_1_' is out of ramp range (0.005680, 1.182430) of lib_cell 'AND2DFFRBQX1AS9'
  ramp 0.000000 at pin 'D1' of cell 'u_LOGIC_CENTER/LINK_LOGIC/U_SYNC_L0L1/L1_BUF0_ASYNC_reg_17_' is out of ramp range (0.005680, 1.182430) of lib_cell 'AND2DFFRBQX1AS9'
  load 0.001534 at pin 'Q' of cell 'u_LOGIC_CENTER/LINK_LOGIC/U_SYNC_L0L1/L1_BUF0_reg_17_' is out of load range (0.002457, 0.270347) of lib_cell 'AND2DFFRBQX1AS9'
  ramp 0.000000 at pin 'D1' of cell 'u_LOGIC_CENTER/LINK_LOGIC/U_SYNC_L0L1/L1_BUF0_reg_17_' is out of ramp range (0.005680, 1.182430) of lib_cell 'AND2DFFRBQX1AS9'
  load 0.001534 at pin 'Q' of cell 'u_LOGIC_CENTER/LINK_LOGIC/U_SYNC_L0L1/L1_BUF2_reg_4_' is out of load range (0.002457, 0.270347) of lib_cell 'AND2DFFRBQX1AS9'
  ramp 0.000000 at pin 'D1' of cell 'u_LOGIC_CENTER/LINK_LOGIC/U_SYNC_L0L1/L1_BUF2_reg_4_' is out of ramp range (0.005680, 1.182430) of lib_cell 'AND2DFFRBQX1AS9'
  ramp 0.000000 at pin 'D1' of cell 'u_LOGIC_CENTER/LINK_LOGIC/U_SYNC_L0L1/KEY_RST_18UI_L1_EXTEND_SYNCED_reg' is out of ramp range (0.005680, 1.182430) of lib_cell 'AND2DFFRBQX1AS9'
  ramp 0.000000 at pin 'D1' of cell 'u_LOGIC_CENTER/LINK_LOGIC/U_SYNC_L0L1/L1_BUF1_ASYNC_reg_0_' is out of ramp range (0.005680, 1.182430) of lib_cell 'AND2DFFRBQX1AS9'
  load 0.001534 at pin 'Q' of cell 'u_LOGIC_CENTER/LINK_LOGIC/U_SYNC_L0L1/L1_BUF0_reg_5_' is out of load range (0.002457, 0.270347) of lib_cell 'AND2DFFRBQX1AS9'
  ramp 0.000000 at pin 'D1' of cell 'u_LOGIC_CENTER/LINK_LOGIC/U_SYNC_L0L1/L1_BUF0_reg_5_' is out of ramp range (0.005680, 1.182430) of lib_cell 'AND2DFFRBQX1AS9'
  load 0.001752 at pin 'Q' of cell 'u_LOGIC_CENTER/LINK_LOGIC/U_SYNC_L0L1/L1_BUF2_SYNCED_reg_15_' is out of load range (0.002457, 0.270347) of lib_cell 'AND2DFFRBQX1AS9'
  ramp 0.000000 at pin 'D1' of cell 'u_LOGIC_CENTER/LINK_LOGIC/U_SYNC_L0L1/L1_BUF2_SYNCED_reg_15_' is out of ramp range (0.005680, 1.182430) of lib_cell 'AND2DFFRBQX1AS9'
  load 0.001533 at pin 'Q' of cell 'u_LOGIC_CENTER/LINK_LOGIC/U_SYNC_L0L1/L1_BUF0_SYNCED_reg_1_' is out of load range (0.002457, 0.270347) of lib_cell 'AND2DFFRBQX1AS9'
  ramp 0.000000 at pin 'D1' of cell 'u_LOGIC_CENTER/LINK_LOGIC/U_SYNC_L0L1/L1_BUF0_SYNCED_reg_1_' is out of ramp range (0.005680, 1.182430) of lib_cell 'AND2DFFRBQX1AS9'
  load 0.001534 at pin 'Q' of cell 'u_LOGIC_CENTER/LINK_LOGIC/U_SYNC_L0L1/L1_BUF1_reg_1_' is out of load range (0.002457, 0.270347) of lib_cell 'AND2DFFRBQX1AS9'
  ramp 0.000000 at pin 'D1' of cell 'u_LOGIC_CENTER/LINK_LOGIC/U_SYNC_L0L1/L1_BUF1_reg_1_' is out of ramp range (0.005680, 1.182430) of lib_cell 'AND2DFFRBQX1AS9'
  load 0.001563 at pin 'Q' of cell 'u_LOGIC_CENTER/LINK_LOGIC/U_SYNC_L0L1/L1_BUF1_SYNCED_reg_16_' is out of load range (0.002457, 0.270347) of lib_cell 'AND2DFFRBQX1AS9'
  ramp 0.000000 at pin 'D1' of cell 'u_LOGIC_CENTER/LINK_LOGIC/U_SYNC_L0L1/L1_BUF1_SYNCED_reg_16_' is out of ramp range (0.005680, 1.182430) of lib_cell 'AND2DFFRBQX1AS9'
  load 0.001534 at pin 'Q' of cell 'u_LOGIC_CENTER/LINK_LOGIC/U_SYNC_L0L1/L1_BUF1_reg_11_' is out of load range (0.002457, 0.270347) of lib_cell 'AND2DFFRBQX1AS9'
  ramp 0.000000 at pin 'D1' of cell 'u_LOGIC_CENTER/LINK_LOGIC/U_SYNC_L0L1/L1_BUF1_reg_11_' is out of ramp range (0.005680, 1.182430) of lib_cell 'AND2DFFRBQX1AS9'
  load 0.001533 at pin 'Q' of cell 'u_LOGIC_CENTER/LINK_LOGIC/U_SYNC_L0L1/L1_BUF0_SYNCED_reg_17_' is out of load range (0.002457, 0.270347) of lib_cell 'AND2DFFRBQX1AS9'
  ramp 0.000000 at pin 'D1' of cell 'u_LOGIC_CENTER/LINK_LOGIC/U_SYNC_L0L1/L1_BUF0_SYNCED_reg_17_' is out of ramp range (0.005680, 1.182430) of lib_cell 'AND2DFFRBQX1AS9'
  ramp 0.000000 at pin 'D1' of cell 'u_LOGIC_CENTER/LINK_LOGIC/U_SYNC_L0L1/L1_BUF2_reg_12_' is out of ramp range (0.005680, 1.182430) of lib_cell 'AND2DFFRBQX1AS9'
  ramp 0.000000 at pin 'D1' of cell 'u_LOGIC_CENTER/LINK_LOGIC/U_SYNC_L0L1/L1_BUF0_ASYNC_reg_9_' is out of ramp range (0.005680, 1.182430) of lib_cell 'AND2DFFRBQX1AS9'
  load 0.001563 at pin 'Q' of cell 'u_LOGIC_CENTER/LINK_LOGIC/U_SYNC_L0L1/L1_BUF1_SYNCED_reg_2_' is out of load range (0.002457, 0.270347) of lib_cell 'AND2DFFRBQX1AS9'
  ramp 0.000000 at pin 'D1' of cell 'u_LOGIC_CENTER/LINK_LOGIC/U_SYNC_L0L1/L1_BUF1_SYNCED_reg_2_' is out of ramp range (0.005680, 1.182430) of lib_cell 'AND2DFFRBQX1AS9'
  ramp 0.000000 at pin 'D1' of cell 'u_LOGIC_CENTER/LINK_LOGIC/U_SYNC_L0L1/L1_BUF2_ASYNC_reg_5_' is out of ramp range (0.005680, 1.182430) of lib_cell 'AND2DFFRBQX1AS9'
  load 0.001752 at pin 'Q' of cell 'u_LOGIC_CENTER/LINK_LOGIC/U_SYNC_L0L1/L1_BUF2_SYNCED_reg_0_' is out of load range (0.002457, 0.270347) of lib_cell 'AND2DFFRBQX1AS9'
  ramp 0.000000 at pin 'D1' of cell 'u_LOGIC_CENTER/LINK_LOGIC/U_SYNC_L0L1/L1_BUF2_SYNCED_reg_0_' is out of ramp range (0.005680, 1.182430) of lib_cell 'AND2DFFRBQX1AS9'
  ramp 0.000000 at pin 'D1' of cell 'u_LOGIC_CENTER/LINK_LOGIC/U_SYNC_L0L1/KEY_RST_18UI_L1_EXTEND_ASYNC_reg' is out of ramp range (0.005680, 1.182430) of lib_cell 'AND2DFFRBQX1AS9'
  load 0.001534 at pin 'Q' of cell 'u_LOGIC_CENTER/LINK_LOGIC/U_SYNC_L0L1/L1_BUF2_reg_5_' is out of load range (0.002457, 0.270347) of lib_cell 'AND2DFFRBQX1AS9'
  ramp 0.000000 at pin 'D1' of cell 'u_LOGIC_CENTER/LINK_LOGIC/U_SYNC_L0L1/L1_BUF2_reg_5_' is out of ramp range (0.005680, 1.182430) of lib_cell 'AND2DFFRBQX1AS9'
  load 0.001464 at pin 'Q' of cell 'u_LOGIC_CENTER/LINK_LOGIC/U_SYNC_L0L1/SETTING_EN_L0_PRE_STORE_reg' is out of load range (0.002457, 0.135174) of lib_cell 'DFFRBQX05AS9'
  ramp 0.000000 at pin 'D1' of cell 'u_LOGIC_CENTER/LINK_LOGIC/U_SYNC_L0L1/L1_BUF1_ASYNC_reg_1_' is out of ramp range (0.005680, 1.182430) of lib_cell 'AND2DFFRBQX1AS9'
  load 0.001534 at pin 'Q' of cell 'u_LOGIC_CENTER/LINK_LOGIC/U_SYNC_L0L1/L1_BUF0_reg_6_' is out of load range (0.002457, 0.270347) of lib_cell 'AND2DFFRBQX1AS9'
  ramp 0.000000 at pin 'D1' of cell 'u_LOGIC_CENTER/LINK_LOGIC/U_SYNC_L0L1/L1_BUF0_reg_6_' is out of ramp range (0.005680, 1.182430) of lib_cell 'AND2DFFRBQX1AS9'
  load 0.001752 at pin 'Q' of cell 'u_LOGIC_CENTER/LINK_LOGIC/U_SYNC_L0L1/L1_BUF2_SYNCED_reg_16_' is out of load range (0.002457, 0.270347) of lib_cell 'AND2DFFRBQX1AS9'
  ramp 0.000000 at pin 'D1' of cell 'u_LOGIC_CENTER/LINK_LOGIC/U_SYNC_L0L1/L1_BUF2_SYNCED_reg_16_' is out of ramp range (0.005680, 1.182430) of lib_cell 'AND2DFFRBQX1AS9'
  load 0.001533 at pin 'Q' of cell 'u_LOGIC_CENTER/LINK_LOGIC/U_SYNC_L0L1/L1_BUF0_SYNCED_reg_2_' is out of load range (0.002457, 0.270347) of lib_cell 'AND2DFFRBQX1AS9'
  ramp 0.000000 at pin 'D1' of cell 'u_LOGIC_CENTER/LINK_LOGIC/U_SYNC_L0L1/L1_BUF0_SYNCED_reg_2_' is out of ramp range (0.005680, 1.182430) of lib_cell 'AND2DFFRBQX1AS9'
  load 0.001762 at pin 'Q' of cell 'u_LOGIC_CENTER/LINK_LOGIC/U_SYNC_L0L1/L1_BUF1_reg_2_' is out of load range (0.002457, 0.270347) of lib_cell 'AND2DFFRBQX1AS9'
  ramp 0.000000 at pin 'D1' of cell 'u_LOGIC_CENTER/LINK_LOGIC/U_SYNC_L0L1/L1_BUF1_reg_2_' is out of ramp range (0.005680, 1.182430) of lib_cell 'AND2DFFRBQX1AS9'
  load 0.001563 at pin 'Q' of cell 'u_LOGIC_CENTER/LINK_LOGIC/U_SYNC_L0L1/L1_BUF1_SYNCED_reg_17_' is out of load range (0.002457, 0.270347) of lib_cell 'AND2DFFRBQX1AS9'
  ramp 0.000000 at pin 'D1' of cell 'u_LOGIC_CENTER/LINK_LOGIC/U_SYNC_L0L1/L1_BUF1_SYNCED_reg_17_' is out of ramp range (0.005680, 1.182430) of lib_cell 'AND2DFFRBQX1AS9'
  load 0.001534 at pin 'Q' of cell 'u_LOGIC_CENTER/LINK_LOGIC/U_SYNC_L0L1/L1_BUF1_reg_12_' is out of load range (0.002457, 0.270347) of lib_cell 'AND2DFFRBQX1AS9'
  ramp 0.000000 at pin 'D1' of cell 'u_LOGIC_CENTER/LINK_LOGIC/U_SYNC_L0L1/L1_BUF1_reg_12_' is out of ramp range (0.005680, 1.182430) of lib_cell 'AND2DFFRBQX1AS9'
  load 0.001534 at pin 'Q' of cell 'u_LOGIC_CENTER/LINK_LOGIC/U_SYNC_L0L1/L1_BUF2_reg_13_' is out of load range (0.002457, 0.270347) of lib_cell 'AND2DFFRBQX1AS9'
  ramp 0.000000 at pin 'D1' of cell 'u_LOGIC_CENTER/LINK_LOGIC/U_SYNC_L0L1/L1_BUF2_reg_13_' is out of ramp range (0.005680, 1.182430) of lib_cell 'AND2DFFRBQX1AS9'
  load 0.001563 at pin 'Q' of cell 'u_LOGIC_CENTER/LINK_LOGIC/U_SYNC_L0L1/L1_BUF1_SYNCED_reg_3_' is out of load range (0.002457, 0.270347) of lib_cell 'AND2DFFRBQX1AS9'
  ramp 0.000000 at pin 'D1' of cell 'u_LOGIC_CENTER/LINK_LOGIC/U_SYNC_L0L1/L1_BUF1_SYNCED_reg_3_' is out of ramp range (0.005680, 1.182430) of lib_cell 'AND2DFFRBQX1AS9'
  ramp 0.000000 at pin 'D1' of cell 'u_LOGIC_CENTER/LINK_LOGIC/U_SYNC_L0L1/L1_BUF2_ASYNC_reg_6_' is out of ramp range (0.005680, 1.182430) of lib_cell 'AND2DFFRBQX1AS9'
  ramp 0.000000 at pin 'D1' of cell 'u_LOGIC_CENTER/LINK_LOGIC/U_SYNC_L0L1/L1_BUF0_ASYNC_reg_0_' is out of ramp range (0.005680, 1.182430) of lib_cell 'AND2DFFRBQX1AS9'
  load 0.001752 at pin 'Q' of cell 'u_LOGIC_CENTER/LINK_LOGIC/U_SYNC_L0L1/L1_BUF2_SYNCED_reg_1_' is out of load range (0.002457, 0.270347) of lib_cell 'AND2DFFRBQX1AS9'
  ramp 0.000000 at pin 'D1' of cell 'u_LOGIC_CENTER/LINK_LOGIC/U_SYNC_L0L1/L1_BUF2_SYNCED_reg_1_' is out of ramp range (0.005680, 1.182430) of lib_cell 'AND2DFFRBQX1AS9'
  ramp 0.000000 at pin 'D1' of cell 'u_LOGIC_CENTER/LINK_LOGIC/U_SYNC_L0L1/L1_BUF2_ASYNC_reg_10_' is out of ramp range (0.005680, 1.182430) of lib_cell 'AND2DFFRBQX1AS9'
  load 0.001534 at pin 'Q' of cell 'u_LOGIC_CENTER/LINK_LOGIC/U_SYNC_L0L1/L1_BUF2_reg_6_' is out of load range (0.002457, 0.270347) of lib_cell 'AND2DFFRBQX1AS9'
  ramp 0.000000 at pin 'D1' of cell 'u_LOGIC_CENTER/LINK_LOGIC/U_SYNC_L0L1/L1_BUF2_reg_6_' is out of ramp range (0.005680, 1.182430) of lib_cell 'AND2DFFRBQX1AS9'
  ramp 0.000000 at pin 'D1' of cell 'u_LOGIC_CENTER/LINK_LOGIC/U_SYNC_L0L1/L1_BUF1_ASYNC_reg_2_' is out of ramp range (0.005680, 1.182430) of lib_cell 'AND2DFFRBQX1AS9'
  load 0.001534 at pin 'Q' of cell 'u_LOGIC_CENTER/LINK_LOGIC/U_SYNC_L0L1/L1_BUF0_reg_7_' is out of load range (0.002457, 0.270347) of lib_cell 'AND2DFFRBQX1AS9'
  ramp 0.000000 at pin 'D1' of cell 'u_LOGIC_CENTER/LINK_LOGIC/U_SYNC_L0L1/L1_BUF0_reg_7_' is out of ramp range (0.005680, 1.182430) of lib_cell 'AND2DFFRBQX1AS9'
  load 0.001752 at pin 'Q' of cell 'u_LOGIC_CENTER/LINK_LOGIC/U_SYNC_L0L1/L1_BUF2_SYNCED_reg_17_' is out of load range (0.002457, 0.270347) of lib_cell 'AND2DFFRBQX1AS9'
  ramp 0.000000 at pin 'D1' of cell 'u_LOGIC_CENTER/LINK_LOGIC/U_SYNC_L0L1/L1_BUF2_SYNCED_reg_17_' is out of ramp range (0.005680, 1.182430) of lib_cell 'AND2DFFRBQX1AS9'
  load 0.001533 at pin 'Q' of cell 'u_LOGIC_CENTER/LINK_LOGIC/U_SYNC_L0L1/L1_BUF0_SYNCED_reg_3_' is out of load range (0.002457, 0.270347) of lib_cell 'AND2DFFRBQX1AS9'
  ramp 0.000000 at pin 'D1' of cell 'u_LOGIC_CENTER/LINK_LOGIC/U_SYNC_L0L1/L1_BUF0_SYNCED_reg_3_' is out of ramp range (0.005680, 1.182430) of lib_cell 'AND2DFFRBQX1AS9'
  load 0.001534 at pin 'Q' of cell 'u_LOGIC_CENTER/LINK_LOGIC/U_SYNC_L0L1/L1_BUF1_reg_3_' is out of load range (0.002457, 0.270347) of lib_cell 'AND2DFFRBQX1AS9'
  ramp 0.000000 at pin 'D1' of cell 'u_LOGIC_CENTER/LINK_LOGIC/U_SYNC_L0L1/L1_BUF1_reg_3_' is out of ramp range (0.005680, 1.182430) of lib_cell 'AND2DFFRBQX1AS9'
  load 0.001534 at pin 'Q' of cell 'u_LOGIC_CENTER/LINK_LOGIC/U_SYNC_L0L1/L1_BUF1_reg_13_' is out of load range (0.002457, 0.270347) of lib_cell 'AND2DFFRBQX1AS9'
  ramp 0.000000 at pin 'D1' of cell 'u_LOGIC_CENTER/LINK_LOGIC/U_SYNC_L0L1/L1_BUF1_reg_13_' is out of ramp range (0.005680, 1.182430) of lib_cell 'AND2DFFRBQX1AS9'
  load 0.001534 at pin 'Q' of cell 'u_LOGIC_CENTER/LINK_LOGIC/U_SYNC_L0L1/L1_BUF2_reg_14_' is out of load range (0.002457, 0.270347) of lib_cell 'AND2DFFRBQX1AS9'
  ramp 0.000000 at pin 'D1' of cell 'u_LOGIC_CENTER/LINK_LOGIC/U_SYNC_L0L1/L1_BUF2_reg_14_' is out of ramp range (0.005680, 1.182430) of lib_cell 'AND2DFFRBQX1AS9'
  ramp 0.000000 at pin 'D1' of cell 'u_LOGIC_CENTER/LINK_LOGIC/U_SYNC_L0L1/L1_BUF1_ASYNC_reg_10_' is out of ramp range (0.005680, 1.182430) of lib_cell 'AND2DFFRBQX1AS9'
  load 0.001464 at pin 'Q' of cell 'u_LOGIC_CENTER/LINK_LOGIC/U_SYNC_L0L1/BKPOL_EN_N_L0_PRE_STORE_reg' is out of load range (0.002457, 0.135174) of lib_cell 'DFFRBQX05AS9'
  load 0.001563 at pin 'Q' of cell 'u_LOGIC_CENTER/LINK_LOGIC/U_SYNC_L0L1/L1_BUF1_SYNCED_reg_4_' is out of load range (0.002457, 0.270347) of lib_cell 'AND2DFFRBQX1AS9'
  ramp 0.000000 at pin 'D1' of cell 'u_LOGIC_CENTER/LINK_LOGIC/U_SYNC_L0L1/L1_BUF1_SYNCED_reg_4_' is out of ramp range (0.005680, 1.182430) of lib_cell 'AND2DFFRBQX1AS9'
  ramp 0.000000 at pin 'D1' of cell 'u_LOGIC_CENTER/LINK_LOGIC/U_SYNC_L0L1/L1_BUF2_ASYNC_reg_7_' is out of ramp range (0.005680, 1.182430) of lib_cell 'AND2DFFRBQX1AS9'
  ramp 0.000000 at pin 'D1' of cell 'u_LOGIC_CENTER/LINK_LOGIC/U_SYNC_L0L1/L1_BUF0_ASYNC_reg_1_' is out of ramp range (0.005680, 1.182430) of lib_cell 'AND2DFFRBQX1AS9'
  load 0.001752 at pin 'Q' of cell 'u_LOGIC_CENTER/LINK_LOGIC/U_SYNC_L0L1/L1_BUF2_SYNCED_reg_2_' is out of load range (0.002457, 0.270347) of lib_cell 'AND2DFFRBQX1AS9'
  ramp 0.000000 at pin 'D1' of cell 'u_LOGIC_CENTER/LINK_LOGIC/U_SYNC_L0L1/L1_BUF2_SYNCED_reg_2_' is out of ramp range (0.005680, 1.182430) of lib_cell 'AND2DFFRBQX1AS9'
  ramp 0.000000 at pin 'D1' of cell 'u_LOGIC_CENTER/LINK_LOGIC/U_SYNC_L0L1/L1_BUF2_ASYNC_reg_11_' is out of ramp range (0.005680, 1.182430) of lib_cell 'AND2DFFRBQX1AS9'
  load 0.001534 at pin 'Q' of cell 'u_LOGIC_CENTER/LINK_LOGIC/U_SYNC_L0L1/L1_BUF2_reg_7_' is out of load range (0.002457, 0.270347) of lib_cell 'AND2DFFRBQX1AS9'
  ramp 0.000000 at pin 'D1' of cell 'u_LOGIC_CENTER/LINK_LOGIC/U_SYNC_L0L1/L1_BUF2_reg_7_' is out of ramp range (0.005680, 1.182430) of lib_cell 'AND2DFFRBQX1AS9'
  load 0.001534 at pin 'Q' of cell 'u_LOGIC_CENTER/LINK_LOGIC/U_SYNC_L0L1/L1_BUF0_reg_10_' is out of load range (0.002457, 0.270347) of lib_cell 'AND2DFFRBQX1AS9'
  ramp 0.000000 at pin 'D1' of cell 'u_LOGIC_CENTER/LINK_LOGIC/U_SYNC_L0L1/L1_BUF0_reg_10_' is out of ramp range (0.005680, 1.182430) of lib_cell 'AND2DFFRBQX1AS9'
  ramp 0.000000 at pin 'D1' of cell 'u_LOGIC_CENTER/LINK_LOGIC/U_SYNC_L0L1/L1_BUF0_ASYNC_reg_10_' is out of ramp range (0.005680, 1.182430) of lib_cell 'AND2DFFRBQX1AS9'
  ramp 0.000000 at pin 'D1' of cell 'u_LOGIC_CENTER/LINK_LOGIC/U_SYNC_L0L1/L1_BUF1_ASYNC_reg_3_' is out of ramp range (0.005680, 1.182430) of lib_cell 'AND2DFFRBQX1AS9'
  load 0.001534 at pin 'Q' of cell 'u_LOGIC_CENTER/LINK_LOGIC/U_SYNC_L0L1/L1_BUF0_reg_8_' is out of load range (0.002457, 0.270347) of lib_cell 'AND2DFFRBQX1AS9'
  ramp 0.000000 at pin 'D1' of cell 'u_LOGIC_CENTER/LINK_LOGIC/U_SYNC_L0L1/L1_BUF0_reg_8_' is out of ramp range (0.005680, 1.182430) of lib_cell 'AND2DFFRBQX1AS9'
  load 0.001533 at pin 'Q' of cell 'u_LOGIC_CENTER/LINK_LOGIC/U_SYNC_L0L1/L1_BUF0_SYNCED_reg_4_' is out of load range (0.002457, 0.270347) of lib_cell 'AND2DFFRBQX1AS9'
  ramp 0.000000 at pin 'D1' of cell 'u_LOGIC_CENTER/LINK_LOGIC/U_SYNC_L0L1/L1_BUF0_SYNCED_reg_4_' is out of ramp range (0.005680, 1.182430) of lib_cell 'AND2DFFRBQX1AS9'
  load 0.001534 at pin 'Q' of cell 'u_LOGIC_CENTER/LINK_LOGIC/U_SYNC_L0L1/L1_BUF1_reg_4_' is out of load range (0.002457, 0.270347) of lib_cell 'AND2DFFRBQX1AS9'
  ramp 0.000000 at pin 'D1' of cell 'u_LOGIC_CENTER/LINK_LOGIC/U_SYNC_L0L1/L1_BUF1_reg_4_' is out of ramp range (0.005680, 1.182430) of lib_cell 'AND2DFFRBQX1AS9'
  load 0.001534 at pin 'Q' of cell 'u_LOGIC_CENTER/LINK_LOGIC/U_SYNC_L0L1/L1_BUF1_reg_14_' is out of load range (0.002457, 0.270347) of lib_cell 'AND2DFFRBQX1AS9'
  ramp 0.000000 at pin 'D1' of cell 'u_LOGIC_CENTER/LINK_LOGIC/U_SYNC_L0L1/L1_BUF1_reg_14_' is out of ramp range (0.005680, 1.182430) of lib_cell 'AND2DFFRBQX1AS9'
  load 0.001534 at pin 'Q' of cell 'u_LOGIC_CENTER/LINK_LOGIC/U_SYNC_L0L1/L1_BUF2_reg_15_' is out of load range (0.002457, 0.270347) of lib_cell 'AND2DFFRBQX1AS9'
  ramp 0.000000 at pin 'D1' of cell 'u_LOGIC_CENTER/LINK_LOGIC/U_SYNC_L0L1/L1_BUF2_reg_15_' is out of ramp range (0.005680, 1.182430) of lib_cell 'AND2DFFRBQX1AS9'
  ramp 0.000000 at pin 'D1' of cell 'u_LOGIC_CENTER/LINK_LOGIC/U_SYNC_L0L1/L1_BUF1_ASYNC_reg_11_' is out of ramp range (0.005680, 1.182430) of lib_cell 'AND2DFFRBQX1AS9'
  load 0.001533 at pin 'Q' of cell 'u_LOGIC_CENTER/LINK_LOGIC/U_SYNC_L0L1/L1_BUF0_SYNCED_reg_10_' is out of load range (0.002457, 0.270347) of lib_cell 'AND2DFFRBQX1AS9'
  ramp 0.000000 at pin 'D1' of cell 'u_LOGIC_CENTER/LINK_LOGIC/U_SYNC_L0L1/L1_BUF0_SYNCED_reg_10_' is out of ramp range (0.005680, 1.182430) of lib_cell 'AND2DFFRBQX1AS9'
  load 0.001563 at pin 'Q' of cell 'u_LOGIC_CENTER/LINK_LOGIC/U_SYNC_L0L1/L1_BUF1_SYNCED_reg_5_' is out of load range (0.002457, 0.270347) of lib_cell 'AND2DFFRBQX1AS9'
  ramp 0.000000 at pin 'D1' of cell 'u_LOGIC_CENTER/LINK_LOGIC/U_SYNC_L0L1/L1_BUF1_SYNCED_reg_5_' is out of ramp range (0.005680, 1.182430) of lib_cell 'AND2DFFRBQX1AS9'
  ramp 0.000000 at pin 'D1' of cell 'u_LOGIC_CENTER/LINK_LOGIC/U_SYNC_L0L1/L1_BUF2_ASYNC_reg_8_' is out of ramp range (0.005680, 1.182430) of lib_cell 'AND2DFFRBQX1AS9'
  load 0.001752 at pin 'Q' of cell 'u_LOGIC_CENTER/LINK_LOGIC/U_SYNC_L0L1/L1_BUF2_SYNCED_reg_3_' is out of load range (0.002457, 0.270347) of lib_cell 'AND2DFFRBQX1AS9'
  ramp 0.000000 at pin 'D1' of cell 'u_LOGIC_CENTER/LINK_LOGIC/U_SYNC_L0L1/L1_BUF2_SYNCED_reg_3_' is out of ramp range (0.005680, 1.182430) of lib_cell 'AND2DFFRBQX1AS9'
  ramp 0.000000 at pin 'D1' of cell 'u_LOGIC_CENTER/LINK_LOGIC/U_SYNC_L0L1/L1_BUF0_ASYNC_reg_2_' is out of ramp range (0.005680, 1.182430) of lib_cell 'AND2DFFRBQX1AS9'
  ramp 0.000000 at pin 'D1' of cell 'u_LOGIC_CENTER/LINK_LOGIC/U_SYNC_L0L1/L1_BUF2_ASYNC_reg_12_' is out of ramp range (0.005680, 1.182430) of lib_cell 'AND2DFFRBQX1AS9'
  ramp 0.000000 at pin 'TE' of cell 'u_LOGIC_CENTER/LINK_LOGIC/U_SYNC_L0L1/SNPS_CG_CELL_DCLK1_L1_BUF1_reg_0/latch' is out of ramp range (0.005680, 1.182430) of lib_cell 'GCKHBQX8AS9'
  load 0.001534 at pin 'Q' of cell 'u_LOGIC_CENTER/LINK_LOGIC/U_SYNC_L0L1/L1_BUF2_reg_8_' is out of load range (0.002457, 0.270347) of lib_cell 'AND2DFFRBQX1AS9'
  ramp 0.000000 at pin 'D1' of cell 'u_LOGIC_CENTER/LINK_LOGIC/U_SYNC_L0L1/L1_BUF2_reg_8_' is out of ramp range (0.005680, 1.182430) of lib_cell 'AND2DFFRBQX1AS9'
  ramp 0.000000 at pin 'D1' of cell 'u_LOGIC_CENTER/LINK_LOGIC/U_SYNC_L0L1/L1_BUF0_reg_11_' is out of ramp range (0.005680, 1.182430) of lib_cell 'AND2DFFRBQX1AS9'
  ramp 0.000000 at pin 'D1' of cell 'u_LOGIC_CENTER/LINK_LOGIC/U_SYNC_L0L1/L1_BUF0_ASYNC_reg_11_' is out of ramp range (0.005680, 1.182430) of lib_cell 'AND2DFFRBQX1AS9'
  ramp 0.000000 at pin 'D1' of cell 'u_LOGIC_CENTER/LINK_LOGIC/U_SYNC_L0L1/L1_BUF1_ASYNC_reg_4_' is out of ramp range (0.005680, 1.182430) of lib_cell 'AND2DFFRBQX1AS9'
  load 0.001534 at pin 'Q' of cell 'u_LOGIC_CENTER/LINK_LOGIC/U_SYNC_L0L1/L1_BUF0_reg_9_' is out of load range (0.002457, 0.270347) of lib_cell 'AND2DFFRBQX1AS9'
  ramp 0.000000 at pin 'D1' of cell 'u_LOGIC_CENTER/LINK_LOGIC/U_SYNC_L0L1/L1_BUF0_reg_9_' is out of ramp range (0.005680, 1.182430) of lib_cell 'AND2DFFRBQX1AS9'
  load 0.001533 at pin 'Q' of cell 'u_LOGIC_CENTER/LINK_LOGIC/U_SYNC_L0L1/L1_BUF0_SYNCED_reg_5_' is out of load range (0.002457, 0.270347) of lib_cell 'AND2DFFRBQX1AS9'
  ramp 0.000000 at pin 'D1' of cell 'u_LOGIC_CENTER/LINK_LOGIC/U_SYNC_L0L1/L1_BUF0_SYNCED_reg_5_' is out of ramp range (0.005680, 1.182430) of lib_cell 'AND2DFFRBQX1AS9'
  load 0.001534 at pin 'Q' of cell 'u_LOGIC_CENTER/LINK_LOGIC/U_SYNC_L0L1/L1_BUF1_reg_5_' is out of load range (0.002457, 0.270347) of lib_cell 'AND2DFFRBQX1AS9'
  ramp 0.000000 at pin 'D1' of cell 'u_LOGIC_CENTER/LINK_LOGIC/U_SYNC_L0L1/L1_BUF1_reg_5_' is out of ramp range (0.005680, 1.182430) of lib_cell 'AND2DFFRBQX1AS9'
  load 0.001534 at pin 'Q' of cell 'u_LOGIC_CENTER/LINK_LOGIC/U_SYNC_L0L1/L1_BUF1_reg_15_' is out of load range (0.002457, 0.270347) of lib_cell 'AND2DFFRBQX1AS9'
  ramp 0.000000 at pin 'D1' of cell 'u_LOGIC_CENTER/LINK_LOGIC/U_SYNC_L0L1/L1_BUF1_reg_15_' is out of ramp range (0.005680, 1.182430) of lib_cell 'AND2DFFRBQX1AS9'
  load 0.001534 at pin 'Q' of cell 'u_LOGIC_CENTER/LINK_LOGIC/U_SYNC_L0L1/L1_BUF2_reg_16_' is out of load range (0.002457, 0.270347) of lib_cell 'AND2DFFRBQX1AS9'
  ramp 0.000000 at pin 'D1' of cell 'u_LOGIC_CENTER/LINK_LOGIC/U_SYNC_L0L1/L1_BUF2_reg_16_' is out of ramp range (0.005680, 1.182430) of lib_cell 'AND2DFFRBQX1AS9'
  load 0.001464 at pin 'Q' of cell 'u_LOGIC_CENTER/LINK_LOGIC/U_SYNC_L0L1/POL_EN_P_L0_PRE_STORE_reg' is out of load range (0.002457, 0.135174) of lib_cell 'DFFRBQX05AS9'
  ramp 0.000000 at pin 'D1' of cell 'u_LOGIC_CENTER/LINK_LOGIC/U_SYNC_L0L1/L1_BUF1_ASYNC_reg_12_' is out of ramp range (0.005680, 1.182430) of lib_cell 'AND2DFFRBQX1AS9'
  load 0.001563 at pin 'Q' of cell 'u_LOGIC_CENTER/LINK_LOGIC/U_SYNC_L0L1/L1_BUF1_SYNCED_reg_10_' is out of load range (0.002457, 0.270347) of lib_cell 'AND2DFFRBQX1AS9'
  ramp 0.000000 at pin 'D1' of cell 'u_LOGIC_CENTER/LINK_LOGIC/U_SYNC_L0L1/L1_BUF1_SYNCED_reg_10_' is out of ramp range (0.005680, 1.182430) of lib_cell 'AND2DFFRBQX1AS9'
  load 0.001533 at pin 'Q' of cell 'u_LOGIC_CENTER/LINK_LOGIC/U_SYNC_L0L1/L1_BUF0_SYNCED_reg_11_' is out of load range (0.002457, 0.270347) of lib_cell 'AND2DFFRBQX1AS9'
  ramp 0.000000 at pin 'D1' of cell 'u_LOGIC_CENTER/LINK_LOGIC/U_SYNC_L0L1/L1_BUF0_SYNCED_reg_11_' is out of ramp range (0.005680, 1.182430) of lib_cell 'AND2DFFRBQX1AS9'
  load 0.001563 at pin 'Q' of cell 'u_LOGIC_CENTER/LINK_LOGIC/U_SYNC_L0L1/L1_BUF1_SYNCED_reg_6_' is out of load range (0.002457, 0.270347) of lib_cell 'AND2DFFRBQX1AS9'
  ramp 0.000000 at pin 'D1' of cell 'u_LOGIC_CENTER/LINK_LOGIC/U_SYNC_L0L1/L1_BUF1_SYNCED_reg_6_' is out of ramp range (0.005680, 1.182430) of lib_cell 'AND2DFFRBQX1AS9'
  ramp 0.000000 at pin 'D1' of cell 'u_LOGIC_CENTER/LINK_LOGIC/U_SYNC_L0L1/L1_BUF2_ASYNC_reg_9_' is out of ramp range (0.005680, 1.182430) of lib_cell 'AND2DFFRBQX1AS9'
  load 0.001752 at pin 'Q' of cell 'u_LOGIC_CENTER/LINK_LOGIC/U_SYNC_L0L1/L1_BUF2_SYNCED_reg_4_' is out of load range (0.002457, 0.270347) of lib_cell 'AND2DFFRBQX1AS9'
  ramp 0.000000 at pin 'D1' of cell 'u_LOGIC_CENTER/LINK_LOGIC/U_SYNC_L0L1/L1_BUF2_SYNCED_reg_4_' is out of ramp range (0.005680, 1.182430) of lib_cell 'AND2DFFRBQX1AS9'
  ramp 0.000000 at pin 'D1' of cell 'u_LOGIC_CENTER/LINK_LOGIC/U_SYNC_L0L1/L1_BUF0_ASYNC_reg_3_' is out of ramp range (0.005680, 1.182430) of lib_cell 'AND2DFFRBQX1AS9'
  ramp 0.000000 at pin 'D1' of cell 'u_LOGIC_CENTER/LINK_LOGIC/U_SYNC_L0L1/L1_BUF2_ASYNC_reg_13_' is out of ramp range (0.005680, 1.182430) of lib_cell 'AND2DFFRBQX1AS9'
  load 0.001534 at pin 'Q' of cell 'u_LOGIC_CENTER/LINK_LOGIC/U_SYNC_L0L1/L1_BUF2_reg_9_' is out of load range (0.002457, 0.270347) of lib_cell 'AND2DFFRBQX1AS9'
  ramp 0.000000 at pin 'D1' of cell 'u_LOGIC_CENTER/LINK_LOGIC/U_SYNC_L0L1/L1_BUF2_reg_9_' is out of ramp range (0.005680, 1.182430) of lib_cell 'AND2DFFRBQX1AS9'
  ramp 0.000000 at pin 'D1' of cell 'u_LOGIC_CENTER/LINK_LOGIC/U_SYNC_L0L1/L1_BUF0_ASYNC_reg_12_' is out of ramp range (0.005680, 1.182430) of lib_cell 'AND2DFFRBQX1AS9'
  load 0.001534 at pin 'Q' of cell 'u_LOGIC_CENTER/LINK_LOGIC/U_SYNC_L0L1/L1_BUF0_reg_12_' is out of load range (0.002457, 0.270347) of lib_cell 'AND2DFFRBQX1AS9'
  ramp 0.000000 at pin 'D1' of cell 'u_LOGIC_CENTER/LINK_LOGIC/U_SYNC_L0L1/L1_BUF0_reg_12_' is out of ramp range (0.005680, 1.182430) of lib_cell 'AND2DFFRBQX1AS9'
  ramp 0.000000 at pin 'D1' of cell 'u_LOGIC_CENTER/LINK_LOGIC/U_SYNC_L0L1/L1_BUF1_ASYNC_reg_5_' is out of ramp range (0.005680, 1.182430) of lib_cell 'AND2DFFRBQX1AS9'
  load 0.001533 at pin 'Q' of cell 'u_LOGIC_CENTER/LINK_LOGIC/U_SYNC_L0L1/L1_BUF0_SYNCED_reg_6_' is out of load range (0.002457, 0.270347) of lib_cell 'AND2DFFRBQX1AS9'
  ramp 0.000000 at pin 'D1' of cell 'u_LOGIC_CENTER/LINK_LOGIC/U_SYNC_L0L1/L1_BUF0_SYNCED_reg_6_' is out of ramp range (0.005680, 1.182430) of lib_cell 'AND2DFFRBQX1AS9'
  load 0.001534 at pin 'Q' of cell 'u_LOGIC_CENTER/LINK_LOGIC/U_SYNC_L0L1/L1_BUF1_reg_6_' is out of load range (0.002457, 0.270347) of lib_cell 'AND2DFFRBQX1AS9'
  ramp 0.000000 at pin 'D1' of cell 'u_LOGIC_CENTER/LINK_LOGIC/U_SYNC_L0L1/L1_BUF1_reg_6_' is out of ramp range (0.005680, 1.182430) of lib_cell 'AND2DFFRBQX1AS9'
  load 0.001534 at pin 'Q' of cell 'u_LOGIC_CENTER/LINK_LOGIC/U_SYNC_L0L1/L1_BUF1_reg_16_' is out of load range (0.002457, 0.270347) of lib_cell 'AND2DFFRBQX1AS9'
  ramp 0.000000 at pin 'D1' of cell 'u_LOGIC_CENTER/LINK_LOGIC/U_SYNC_L0L1/L1_BUF1_reg_16_' is out of ramp range (0.005680, 1.182430) of lib_cell 'AND2DFFRBQX1AS9'
  load 0.001534 at pin 'Q' of cell 'u_LOGIC_CENTER/LINK_LOGIC/U_SYNC_L0L1/L1_BUF2_reg_17_' is out of load range (0.002457, 0.270347) of lib_cell 'AND2DFFRBQX1AS9'
  ramp 0.000000 at pin 'D1' of cell 'u_LOGIC_CENTER/LINK_LOGIC/U_SYNC_L0L1/L1_BUF2_reg_17_' is out of ramp range (0.005680, 1.182430) of lib_cell 'AND2DFFRBQX1AS9'
  ramp 0.000000 at pin 'D1' of cell 'u_LOGIC_CENTER/LINK_LOGIC/U_SYNC_L0L1/L1_BUF0_reg_0_' is out of ramp range (0.005680, 1.182430) of lib_cell 'AND2DFFRBQX1AS9'
  ramp 0.000000 at pin 'D1' of cell 'u_LOGIC_CENTER/LINK_LOGIC/U_SYNC_L0L1/L1_BUF1_ASYNC_reg_13_' is out of ramp range (0.005680, 1.182430) of lib_cell 'AND2DFFRBQX1AS9'
  ramp 0.000000 at pin 'TE' of cell 'u_LOGIC_CENTER/LINK_LOGIC/U_SYNC_L0L1/SNPS_CG_CELL_DCLK1_L1_BUF2_reg_0/latch' is out of ramp range (0.005680, 1.182430) of lib_cell 'GCKHBQX8AS9'
  load 0.001752 at pin 'Q' of cell 'u_LOGIC_CENTER/LINK_LOGIC/U_SYNC_L0L1/L1_BUF2_SYNCED_reg_10_' is out of load range (0.002457, 0.270347) of lib_cell 'AND2DFFRBQX1AS9'
  ramp 0.000000 at pin 'D1' of cell 'u_LOGIC_CENTER/LINK_LOGIC/U_SYNC_L0L1/L1_BUF2_SYNCED_reg_10_' is out of ramp range (0.005680, 1.182430) of lib_cell 'AND2DFFRBQX1AS9'
  load 0.001563 at pin 'Q' of cell 'u_LOGIC_CENTER/LINK_LOGIC/U_SYNC_L0L1/L1_BUF1_SYNCED_reg_11_' is out of load range (0.002457, 0.270347) of lib_cell 'AND2DFFRBQX1AS9'
  ramp 0.000000 at pin 'D1' of cell 'u_LOGIC_CENTER/LINK_LOGIC/U_SYNC_L0L1/L1_BUF1_SYNCED_reg_11_' is out of ramp range (0.005680, 1.182430) of lib_cell 'AND2DFFRBQX1AS9'
  load 0.001533 at pin 'Q' of cell 'u_LOGIC_CENTER/LINK_LOGIC/U_SYNC_L0L1/L1_BUF0_SYNCED_reg_12_' is out of load range (0.002457, 0.270347) of lib_cell 'AND2DFFRBQX1AS9'
  ramp 0.000000 at pin 'D1' of cell 'u_LOGIC_CENTER/LINK_LOGIC/U_SYNC_L0L1/L1_BUF0_SYNCED_reg_12_' is out of ramp range (0.005680, 1.182430) of lib_cell 'AND2DFFRBQX1AS9'
  load 0.001563 at pin 'Q' of cell 'u_LOGIC_CENTER/LINK_LOGIC/U_SYNC_L0L1/L1_BUF1_SYNCED_reg_7_' is out of load range (0.002457, 0.270347) of lib_cell 'AND2DFFRBQX1AS9'
  ramp 0.000000 at pin 'D1' of cell 'u_LOGIC_CENTER/LINK_LOGIC/U_SYNC_L0L1/L1_BUF1_SYNCED_reg_7_' is out of ramp range (0.005680, 1.182430) of lib_cell 'AND2DFFRBQX1AS9'
  load 0.001752 at pin 'Q' of cell 'u_LOGIC_CENTER/LINK_LOGIC/U_SYNC_L0L1/L1_BUF2_SYNCED_reg_5_' is out of load range (0.002457, 0.270347) of lib_cell 'AND2DFFRBQX1AS9'
  ramp 0.000000 at pin 'D1' of cell 'u_LOGIC_CENTER/LINK_LOGIC/U_SYNC_L0L1/L1_BUF2_SYNCED_reg_5_' is out of ramp range (0.005680, 1.182430) of lib_cell 'AND2DFFRBQX1AS9'
  ramp 0.000000 at pin 'D1' of cell 'u_LOGIC_CENTER/LINK_LOGIC/U_SYNC_L0L1/L1_BUF0_ASYNC_reg_4_' is out of ramp range (0.005680, 1.182430) of lib_cell 'AND2DFFRBQX1AS9'
  ramp 0.000000 at pin 'D1' of cell 'u_LOGIC_CENTER/LINK_LOGIC/U_SYNC_L0L1/L1_BUF2_ASYNC_reg_14_' is out of ramp range (0.005680, 1.182430) of lib_cell 'AND2DFFRBQX1AS9'
  ramp 0.000000 at pin 'D1' of cell 'u_LOGIC_CENTER/LINK_LOGIC/U_SYNC_L0L1/L1_BUF2_ASYNC_reg_0_' is out of ramp range (0.005680, 1.182430) of lib_cell 'AND2DFFRBQX1AS9'
  ramp 0.000000 at pin 'D1' of cell 'u_LOGIC_CENTER/LINK_LOGIC/U_SYNC_L0L1/L1_BUF0_ASYNC_reg_13_' is out of ramp range (0.005680, 1.182430) of lib_cell 'AND2DFFRBQX1AS9'
  load 0.001534 at pin 'Q' of cell 'u_LOGIC_CENTER/LINK_LOGIC/U_SYNC_L0L1/L1_BUF0_reg_13_' is out of load range (0.002457, 0.270347) of lib_cell 'AND2DFFRBQX1AS9'
  ramp 0.000000 at pin 'D1' of cell 'u_LOGIC_CENTER/LINK_LOGIC/U_SYNC_L0L1/L1_BUF0_reg_13_' is out of ramp range (0.005680, 1.182430) of lib_cell 'AND2DFFRBQX1AS9'
  ramp 0.000000 at pin 'D1' of cell 'u_LOGIC_CENTER/LINK_LOGIC/U_SYNC_L0L1/L1_BUF2_reg_0_' is out of ramp range (0.005680, 1.182430) of lib_cell 'AND2DFFRBQX1AS9'
  ramp 0.000000 at pin 'D1' of cell 'u_LOGIC_CENTER/LINK_LOGIC/U_SYNC_L0L1/L1_BUF1_ASYNC_reg_6_' is out of ramp range (0.005680, 1.182430) of lib_cell 'AND2DFFRBQX1AS9'
  load 0.001533 at pin 'Q' of cell 'u_LOGIC_CENTER/LINK_LOGIC/U_SYNC_L0L1/L1_BUF0_SYNCED_reg_7_' is out of load range (0.002457, 0.270347) of lib_cell 'AND2DFFRBQX1AS9'
  ramp 0.000000 at pin 'D1' of cell 'u_LOGIC_CENTER/LINK_LOGIC/U_SYNC_L0L1/L1_BUF0_SYNCED_reg_7_' is out of ramp range (0.005680, 1.182430) of lib_cell 'AND2DFFRBQX1AS9'
  load 0.001534 at pin 'Q' of cell 'u_LOGIC_CENTER/LINK_LOGIC/U_SYNC_L0L1/L1_BUF1_reg_7_' is out of load range (0.002457, 0.270347) of lib_cell 'AND2DFFRBQX1AS9'
  ramp 0.000000 at pin 'D1' of cell 'u_LOGIC_CENTER/LINK_LOGIC/U_SYNC_L0L1/L1_BUF1_reg_7_' is out of ramp range (0.005680, 1.182430) of lib_cell 'AND2DFFRBQX1AS9'
  load 0.001534 at pin 'Q' of cell 'u_LOGIC_CENTER/LINK_LOGIC/U_SYNC_L0L1/L1_BUF1_reg_17_' is out of load range (0.002457, 0.270347) of lib_cell 'AND2DFFRBQX1AS9'
  ramp 0.000000 at pin 'D1' of cell 'u_LOGIC_CENTER/LINK_LOGIC/U_SYNC_L0L1/L1_BUF1_reg_17_' is out of ramp range (0.005680, 1.182430) of lib_cell 'AND2DFFRBQX1AS9'
  ramp 0.000000 at pin 'D1' of cell 'u_LOGIC_CENTER/LINK_LOGIC/U_SYNC_L0L1/L1_BUF0_reg_1_' is out of ramp range (0.005680, 1.182430) of lib_cell 'AND2DFFRBQX1AS9'
  ramp 0.000000 at pin 'D1' of cell 'u_LOGIC_CENTER/LINK_LOGIC/U_SYNC_L0L1/L1_BUF1_ASYNC_reg_14_' is out of ramp range (0.005680, 1.182430) of lib_cell 'AND2DFFRBQX1AS9'
  load 0.001752 at pin 'Q' of cell 'u_LOGIC_CENTER/LINK_LOGIC/U_SYNC_L0L1/L1_BUF2_SYNCED_reg_11_' is out of load range (0.002457, 0.270347) of lib_cell 'AND2DFFRBQX1AS9'
  ramp 0.000000 at pin 'D1' of cell 'u_LOGIC_CENTER/LINK_LOGIC/U_SYNC_L0L1/L1_BUF2_SYNCED_reg_11_' is out of ramp range (0.005680, 1.182430) of lib_cell 'AND2DFFRBQX1AS9'
  load 0.001563 at pin 'Q' of cell 'u_LOGIC_CENTER/LINK_LOGIC/U_SYNC_L0L1/L1_BUF1_SYNCED_reg_12_' is out of load range (0.002457, 0.270347) of lib_cell 'AND2DFFRBQX1AS9'
  ramp 0.000000 at pin 'D1' of cell 'u_LOGIC_CENTER/LINK_LOGIC/U_SYNC_L0L1/L1_BUF1_SYNCED_reg_12_' is out of ramp range (0.005680, 1.182430) of lib_cell 'AND2DFFRBQX1AS9'
  load 0.001533 at pin 'Q' of cell 'u_LOGIC_CENTER/LINK_LOGIC/U_SYNC_L0L1/L1_BUF0_SYNCED_reg_13_' is out of load range (0.002457, 0.270347) of lib_cell 'AND2DFFRBQX1AS9'
  ramp 0.000000 at pin 'D1' of cell 'u_LOGIC_CENTER/LINK_LOGIC/U_SYNC_L0L1/L1_BUF0_SYNCED_reg_13_' is out of ramp range (0.005680, 1.182430) of lib_cell 'AND2DFFRBQX1AS9'
  load 0.001563 at pin 'Q' of cell 'u_LOGIC_CENTER/LINK_LOGIC/U_SYNC_L0L1/L1_BUF1_SYNCED_reg_8_' is out of load range (0.002457, 0.270347) of lib_cell 'AND2DFFRBQX1AS9'
  ramp 0.000000 at pin 'D1' of cell 'u_LOGIC_CENTER/LINK_LOGIC/U_SYNC_L0L1/L1_BUF1_SYNCED_reg_8_' is out of ramp range (0.005680, 1.182430) of lib_cell 'AND2DFFRBQX1AS9'
  ramp 0.000000 at pin 'D1' of cell 'u_LOGIC_CENTER/LINK_LOGIC/U_SYNC_L0L1/L1_BUF0_ASYNC_reg_5_' is out of ramp range (0.005680, 1.182430) of lib_cell 'AND2DFFRBQX1AS9'
  load 0.001752 at pin 'Q' of cell 'u_LOGIC_CENTER/LINK_LOGIC/U_SYNC_L0L1/L1_BUF2_SYNCED_reg_6_' is out of load range (0.002457, 0.270347) of lib_cell 'AND2DFFRBQX1AS9'
  ramp 0.000000 at pin 'D1' of cell 'u_LOGIC_CENTER/LINK_LOGIC/U_SYNC_L0L1/L1_BUF2_SYNCED_reg_6_' is out of ramp range (0.005680, 1.182430) of lib_cell 'AND2DFFRBQX1AS9'
  ramp 0.000000 at pin 'D1' of cell 'u_LOGIC_CENTER/LINK_LOGIC/U_SYNC_L0L1/L1_BUF2_ASYNC_reg_15_' is out of ramp range (0.005680, 1.182430) of lib_cell 'AND2DFFRBQX1AS9'
  load 0.001756 at pin 'O' of cell 'u_LOGIC_CENTER/LINK_LOGIC/U_SYNC_L0L1/U36' is out of load range (0.002457, 0.135174) of lib_cell 'AO22X05AS9'
  load 0.001756 at pin 'O' of cell 'u_LOGIC_CENTER/LINK_LOGIC/U_SYNC_L0L1/U37' is out of load range (0.002457, 0.135174) of lib_cell 'AO22X05AS9'
  load 0.001756 at pin 'O' of cell 'u_LOGIC_CENTER/LINK_LOGIC/U_SYNC_L0L1/U39' is out of load range (0.002457, 0.135174) of lib_cell 'AO22X05AS9'
  ramp 0.000000 at pin 'D1' of cell 'u_LOGIC_CENTER/LINK_LOGIC/U_SYNC_L0L1/L1_BUF2_ASYNC_reg_1_' is out of ramp range (0.005680, 1.182430) of lib_cell 'AND2DFFRBQX1AS9'
  ramp 0.000000 at pin 'D1' of cell 'u_LOGIC_CENTER/LINK_LOGIC/U_SYNC_L0L1/L1_BUF0_ASYNC_reg_14_' is out of ramp range (0.005680, 1.182430) of lib_cell 'AND2DFFRBQX1AS9'
  load 0.001762 at pin 'Q' of cell 'u_LOGIC_CENTER/LINK_LOGIC/U_SYNC_L0L1/L1_BUF0_reg_14_' is out of load range (0.002457, 0.270347) of lib_cell 'AND2DFFRBQX1AS9'
  ramp 0.000000 at pin 'D1' of cell 'u_LOGIC_CENTER/LINK_LOGIC/U_SYNC_L0L1/L1_BUF0_reg_14_' is out of ramp range (0.005680, 1.182430) of lib_cell 'AND2DFFRBQX1AS9'
  load 0.001762 at pin 'Q' of cell 'u_LOGIC_CENTER/LINK_LOGIC/U_SYNC_L0L1/L1_BUF2_reg_1_' is out of load range (0.002457, 0.270347) of lib_cell 'AND2DFFRBQX1AS9'
  ramp 0.000000 at pin 'D1' of cell 'u_LOGIC_CENTER/LINK_LOGIC/U_SYNC_L0L1/L1_BUF2_reg_1_' is out of ramp range (0.005680, 1.182430) of lib_cell 'AND2DFFRBQX1AS9'
  ramp 0.000000 at pin 'D1' of cell 'u_LOGIC_CENTER/LINK_LOGIC/U_SYNC_L0L1/L1_BUF1_ASYNC_reg_7_' is out of ramp range (0.005680, 1.182430) of lib_cell 'AND2DFFRBQX1AS9'
  load 0.001534 at pin 'Q' of cell 'u_LOGIC_CENTER/LINK_LOGIC/U_SYNC_L0L1/KEY_RST_18UI_L1_EXTEND_reg' is out of load range (0.002457, 0.270347) of lib_cell 'AND2DFFRBQX1AS9'
  ramp 0.000000 at pin 'D1' of cell 'u_LOGIC_CENTER/LINK_LOGIC/U_SYNC_L0L1/KEY_RST_18UI_L1_EXTEND_reg' is out of ramp range (0.005680, 1.182430) of lib_cell 'AND2DFFRBQX1AS9'
  load 0.001533 at pin 'Q' of cell 'u_LOGIC_CENTER/LINK_LOGIC/U_SYNC_L0L1/L1_BUF0_SYNCED_reg_8_' is out of load range (0.002457, 0.270347) of lib_cell 'AND2DFFRBQX1AS9'
  ramp 0.000000 at pin 'D1' of cell 'u_LOGIC_CENTER/LINK_LOGIC/U_SYNC_L0L1/L1_BUF0_SYNCED_reg_8_' is out of ramp range (0.005680, 1.182430) of lib_cell 'AND2DFFRBQX1AS9'
  load 0.001534 at pin 'Q' of cell 'u_LOGIC_CENTER/LINK_LOGIC/U_SYNC_L0L1/L1_BUF1_reg_8_' is out of load range (0.002457, 0.270347) of lib_cell 'AND2DFFRBQX1AS9'
  ramp 0.000000 at pin 'D1' of cell 'u_LOGIC_CENTER/LINK_LOGIC/U_SYNC_L0L1/L1_BUF1_reg_8_' is out of ramp range (0.005680, 1.182430) of lib_cell 'AND2DFFRBQX1AS9'
  ramp 0.000000 at pin 'D1' of cell 'u_LOGIC_CENTER/LINK_LOGIC/U_SYNC_L0L1/DATA_READ_CNT_L0_reg_0_' is out of ramp range (0.005680, 1.182430) of lib_cell 'AND2DFFRBQX1AS9'
  ramp 0.000000 at pin 'D1' of cell 'u_LOGIC_CENTER/LINK_LOGIC/U_SYNC_L0L1/L1_BUF0_reg_2_' is out of ramp range (0.005680, 1.182430) of lib_cell 'AND2DFFRBQX1AS9'
  ramp 0.000000 at pin 'D1' of cell 'u_LOGIC_CENTER/LINK_LOGIC/U_SYNC_L0L1/L1_BUF1_ASYNC_reg_15_' is out of ramp range (0.005680, 1.182430) of lib_cell 'AND2DFFRBQX1AS9'
  load 0.001752 at pin 'Q' of cell 'u_LOGIC_CENTER/LINK_LOGIC/U_SYNC_L0L1/L1_BUF2_SYNCED_reg_12_' is out of load range (0.002457, 0.270347) of lib_cell 'AND2DFFRBQX1AS9'
  ramp 0.000000 at pin 'D1' of cell 'u_LOGIC_CENTER/LINK_LOGIC/U_SYNC_L0L1/L1_BUF2_SYNCED_reg_12_' is out of ramp range (0.005680, 1.182430) of lib_cell 'AND2DFFRBQX1AS9'
  load 0.001563 at pin 'Q' of cell 'u_LOGIC_CENTER/LINK_LOGIC/U_SYNC_L0L1/L1_BUF1_SYNCED_reg_13_' is out of load range (0.002457, 0.270347) of lib_cell 'AND2DFFRBQX1AS9'
  ramp 0.000000 at pin 'D1' of cell 'u_LOGIC_CENTER/LINK_LOGIC/U_SYNC_L0L1/L1_BUF1_SYNCED_reg_13_' is out of ramp range (0.005680, 1.182430) of lib_cell 'AND2DFFRBQX1AS9'
  load 0.001464 at pin 'Q' of cell 'u_LOGIC_CENTER/LINK_LOGIC/U_SYNC_L0L1/POL_EN_N_L0_PRE_STORE_reg' is out of load range (0.002457, 0.135174) of lib_cell 'DFFRBQX05AS9'
  load 0.001533 at pin 'Q' of cell 'u_LOGIC_CENTER/LINK_LOGIC/U_SYNC_L0L1/L1_BUF0_SYNCED_reg_14_' is out of load range (0.002457, 0.270347) of lib_cell 'AND2DFFRBQX1AS9'
  ramp 0.000000 at pin 'D1' of cell 'u_LOGIC_CENTER/LINK_LOGIC/U_SYNC_L0L1/L1_BUF0_SYNCED_reg_14_' is out of ramp range (0.005680, 1.182430) of lib_cell 'AND2DFFRBQX1AS9'
  ramp 0.000000 at pin 'D1' of cell 'u_LOGIC_CENTER/LINK_LOGIC/U_SYNC_L0L1/KEY_RST_18UI_L1_EXTEND_SYNCED_D1_reg' is out of ramp range (0.005680, 1.182430) of lib_cell 'AND2DFFRBQX1AS9'
  load 0.001756 at pin 'O' of cell 'u_LOGIC_CENTER/LINK_LOGIC/U_SYNC_L0L1/U40' is out of load range (0.002457, 0.135174) of lib_cell 'AO22X05AS9'
  load 0.001563 at pin 'Q' of cell 'u_LOGIC_CENTER/LINK_LOGIC/U_SYNC_L0L1/L1_BUF1_SYNCED_reg_9_' is out of load range (0.002457, 0.270347) of lib_cell 'AND2DFFRBQX1AS9'
  ramp 0.000000 at pin 'D1' of cell 'u_LOGIC_CENTER/LINK_LOGIC/U_SYNC_L0L1/L1_BUF1_SYNCED_reg_9_' is out of ramp range (0.005680, 1.182430) of lib_cell 'AND2DFFRBQX1AS9'
  ramp 0.000000 at pin 'D1' of cell 'u_LOGIC_CENTER/LINK_LOGIC/U_SYNC_L0L1/L1_BUF0_ASYNC_reg_6_' is out of ramp range (0.005680, 1.182430) of lib_cell 'AND2DFFRBQX1AS9'
  load 0.001752 at pin 'Q' of cell 'u_LOGIC_CENTER/LINK_LOGIC/U_SYNC_L0L1/L1_BUF2_SYNCED_reg_7_' is out of load range (0.002457, 0.270347) of lib_cell 'AND2DFFRBQX1AS9'
  ramp 0.000000 at pin 'D1' of cell 'u_LOGIC_CENTER/LINK_LOGIC/U_SYNC_L0L1/L1_BUF2_SYNCED_reg_7_' is out of ramp range (0.005680, 1.182430) of lib_cell 'AND2DFFRBQX1AS9'
  ramp 0.000000 at pin 'D1' of cell 'u_LOGIC_CENTER/LINK_LOGIC/U_SYNC_L0L1/L1_BUF2_ASYNC_reg_16_' is out of ramp range (0.005680, 1.182430) of lib_cell 'AND2DFFRBQX1AS9'
  ramp 0.000000 at pin 'D1' of cell 'u_LOGIC_CENTER/LINK_LOGIC/U_SYNC_L0L1/L1_BUF2_ASYNC_reg_2_' is out of ramp range (0.005680, 1.182430) of lib_cell 'AND2DFFRBQX1AS9'
  load 0.001534 at pin 'Q' of cell 'u_LOGIC_CENTER/LINK_LOGIC/U_SYNC_L0L1/L1_BUF0_reg_15_' is out of load range (0.002457, 0.270347) of lib_cell 'AND2DFFRBQX1AS9'
  ramp 0.000000 at pin 'D1' of cell 'u_LOGIC_CENTER/LINK_LOGIC/U_SYNC_L0L1/L1_BUF0_reg_15_' is out of ramp range (0.005680, 1.182430) of lib_cell 'AND2DFFRBQX1AS9'
  ramp 0.000000 at pin 'D1' of cell 'u_LOGIC_CENTER/LINK_LOGIC/U_SYNC_L0L1/L1_BUF0_ASYNC_reg_15_' is out of ramp range (0.005680, 1.182430) of lib_cell 'AND2DFFRBQX1AS9'
  load 0.001762 at pin 'Q' of cell 'u_LOGIC_CENTER/LINK_LOGIC/U_SYNC_L0L1/L1_BUF2_reg_2_' is out of load range (0.002457, 0.270347) of lib_cell 'AND2DFFRBQX1AS9'
  ramp 0.000000 at pin 'D1' of cell 'u_LOGIC_CENTER/LINK_LOGIC/U_SYNC_L0L1/L1_BUF2_reg_2_' is out of ramp range (0.005680, 1.182430) of lib_cell 'AND2DFFRBQX1AS9'
  ramp 0.000000 at pin 'D1' of cell 'u_LOGIC_CENTER/LINK_LOGIC/U_SYNC_L0L1/L1_BUF1_ASYNC_reg_8_' is out of ramp range (0.005680, 1.182430) of lib_cell 'AND2DFFRBQX1AS9'
  load 0.001533 at pin 'Q' of cell 'u_LOGIC_CENTER/LINK_LOGIC/U_SYNC_L0L1/L1_BUF0_SYNCED_reg_9_' is out of load range (0.002457, 0.270347) of lib_cell 'AND2DFFRBQX1AS9'
  ramp 0.000000 at pin 'D1' of cell 'u_LOGIC_CENTER/LINK_LOGIC/U_SYNC_L0L1/L1_BUF0_SYNCED_reg_9_' is out of ramp range (0.005680, 1.182430) of lib_cell 'AND2DFFRBQX1AS9'
  load 0.001762 at pin 'Q' of cell 'u_LOGIC_CENTER/LINK_LOGIC/U_SYNC_L0L1/L1_BUF1_reg_9_' is out of load range (0.002457, 0.270347) of lib_cell 'AND2DFFRBQX1AS9'
  ramp 0.000000 at pin 'D1' of cell 'u_LOGIC_CENTER/LINK_LOGIC/U_SYNC_L0L1/L1_BUF1_reg_9_' is out of ramp range (0.005680, 1.182430) of lib_cell 'AND2DFFRBQX1AS9'
  ramp 0.000000 at pin 'D1' of cell 'u_LOGIC_CENTER/LINK_LOGIC/U_SYNC_L0L1/DATA_READ_CNT_L0_reg_1_' is out of ramp range (0.005680, 1.182430) of lib_cell 'AND2DFFRBQX1AS9'
  load 0.001534 at pin 'Q' of cell 'u_LOGIC_CENTER/LINK_LOGIC/U_SYNC_L0L1/L1_BUF0_reg_3_' is out of load range (0.002457, 0.270347) of lib_cell 'AND2DFFRBQX1AS9'
  ramp 0.000000 at pin 'D1' of cell 'u_LOGIC_CENTER/LINK_LOGIC/U_SYNC_L0L1/L1_BUF0_reg_3_' is out of ramp range (0.005680, 1.182430) of lib_cell 'AND2DFFRBQX1AS9'
  ramp 0.000000 at pin 'D1' of cell 'u_LOGIC_CENTER/LINK_LOGIC/U_SYNC_L0L1/L1_BUF1_ASYNC_reg_16_' is out of ramp range (0.005680, 1.182430) of lib_cell 'AND2DFFRBQX1AS9'
  load 0.001752 at pin 'Q' of cell 'u_LOGIC_CENTER/LINK_LOGIC/U_SYNC_L0L1/L1_BUF2_SYNCED_reg_13_' is out of load range (0.002457, 0.270347) of lib_cell 'AND2DFFRBQX1AS9'
  ramp 0.000000 at pin 'D1' of cell 'u_LOGIC_CENTER/LINK_LOGIC/U_SYNC_L0L1/L1_BUF2_SYNCED_reg_13_' is out of ramp range (0.005680, 1.182430) of lib_cell 'AND2DFFRBQX1AS9'
  load 0.000000 at pin 'Q' of cell 'u_LOGIC_CENTER/LINK_LOGIC/BWDAL_rst_reg' is out of load range (0.002457, 0.270347) of lib_cell 'DFFSBQX1AS9'
  load 0.001768 at pin 'O' of cell 'u_LOGIC_CENTER/LINK_LOGIC/ccopt_inst__ccl_a_inv_00096' is out of load range (0.002457, 1.081390) of lib_cell 'CLKINVX4AS9'
  ramp 0.000000 at pin 'TE' of cell 'u_LOGIC_CENTER/LINK_LOGIC/LC_CPUWR_HV2M23_VGMA/SNPS_CG_CELL_WCK1_A_R_REG_30_reg_0/latch' is out of ramp range (0.005680, 1.182430) of lib_cell 'GCKHBQX8AS9'
  ramp 0.000000 at pin 'TE' of cell 'u_LOGIC_CENTER/LINK_LOGIC/LC_CPUWR_HV2M23_VGMA/SNPS_CG_CELL_WCK1_A_R_REG_17_reg_0/latch' is out of ramp range (0.005680, 1.182430) of lib_cell 'GCKHBQX8AS9'
  ramp 0.000000 at pin 'TE' of cell 'u_LOGIC_CENTER/LINK_LOGIC/LC_CPUWR_HV2M23_VGMA/SNPS_CG_CELL_WCK1_A_R_REG_29_reg_0/latch' is out of ramp range (0.005680, 1.182430) of lib_cell 'GCKHBQX8AS9'
  ramp 0.000000 at pin 'TE' of cell 'u_LOGIC_CENTER/LINK_LOGIC/LC_CPUWR_HV2M23_VGMA/SNPS_CG_CELL_WCK1_A_R_REG_19_reg_0/latch' is out of ramp range (0.005680, 1.182430) of lib_cell 'GCKHBQX8AS9'
  ramp 0.000000 at pin 'TE' of cell 'u_LOGIC_CENTER/LINK_LOGIC/LC_CPUWR_HV2M23_VGMA/SNPS_CG_CELL_WCK1_A_R_REG_16_reg_0/latch' is out of ramp range (0.005680, 1.182430) of lib_cell 'GCKHBQX8AS9'
  ramp 0.000000 at pin 'TE' of cell 'u_LOGIC_CENTER/LINK_LOGIC/LC_CPUWR_HV2M23_VGMA/SNPS_CG_CELL_WCK1_A_R_REG_28_reg_0/latch' is out of ramp range (0.005680, 1.182430) of lib_cell 'GCKHBQX8AS9'
  ramp 0.000000 at pin 'TE' of cell 'u_LOGIC_CENTER/LINK_LOGIC/LC_CPUWR_HV2M23_VGMA/SNPS_CG_CELL_WCK1_A_R_REG_25_reg_0/latch' is out of ramp range (0.005680, 1.182430) of lib_cell 'GCKHBQX8AS9'
  ramp 0.000000 at pin 'TE' of cell 'u_LOGIC_CENTER/LINK_LOGIC/LC_CPUWR_HV2M23_VGMA/SNPS_CG_CELL_WCK1_A_R_REG_18_reg_0/latch' is out of ramp range (0.005680, 1.182430) of lib_cell 'GCKHBQX8AS9'
  ramp 0.000000 at pin 'TE' of cell 'u_LOGIC_CENTER/LINK_LOGIC/LC_CPUWR_HV2M23_VGMA/SNPS_CG_CELL_WCK1_A_R_REG_15_reg_0/latch' is out of ramp range (0.005680, 1.182430) of lib_cell 'GCKHBQX8AS9'
  ramp 0.000000 at pin 'TE' of cell 'u_LOGIC_CENTER/LINK_LOGIC/LC_CPUWR_HV2M23_VGMA/SNPS_CG_CELL_WCK1_A_R_REG_27_reg_0/latch' is out of ramp range (0.005680, 1.182430) of lib_cell 'GCKHBQX8AS9'
  ramp 0.000000 at pin 'TE' of cell 'u_LOGIC_CENTER/LINK_LOGIC/LC_CPUWR_HV2M23_VGMA/SNPS_CG_CELL_WCK1_A_R_REG_24_reg_0/latch' is out of ramp range (0.005680, 1.182430) of lib_cell 'GCKHBQX8AS9'
  ramp 0.000000 at pin 'TE' of cell 'u_LOGIC_CENTER/LINK_LOGIC/LC_CPUWR_HV2M23_VGMA/SNPS_CG_CELL_WCK1_A_R_REG_14_reg_0/latch' is out of ramp range (0.005680, 1.182430) of lib_cell 'GCKHBQX8AS9'
  ramp 0.000000 at pin 'TE' of cell 'u_LOGIC_CENTER/LINK_LOGIC/LC_CPUWR_HV2M23_VGMA/SNPS_CG_CELL_WCK1_A_R_REG_26_reg_0/latch' is out of ramp range (0.005680, 1.182430) of lib_cell 'GCKHBQX8AS9'
  ramp 0.000000 at pin 'TE' of cell 'u_LOGIC_CENTER/LINK_LOGIC/LC_CPUWR_HV2M23_VGMA/SNPS_CG_CELL_WCK1_A_R_REG_23_reg_0/latch' is out of ramp range (0.005680, 1.182430) of lib_cell 'GCKHBQX8AS9'
  ramp 0.000000 at pin 'TE' of cell 'u_LOGIC_CENTER/LINK_LOGIC/LC_CPUWR_HV2M23_VGMA/SNPS_CG_CELL_WCK1_A_R_REG_20_reg_0/latch' is out of ramp range (0.005680, 1.182430) of lib_cell 'GCKHBQX8AS9'
  ramp 0.000000 at pin 'TE' of cell 'u_LOGIC_CENTER/LINK_LOGIC/LC_CPUWR_HV2M23_VGMA/SNPS_CG_CELL_WCK1_A_R_REG_13_reg_0/latch' is out of ramp range (0.005680, 1.182430) of lib_cell 'GCKHBQX8AS9'
  load 0.001549 at pin 'O' of cell 'u_LOGIC_CENTER/LINK_LOGIC/LC_CPUWR_HV2M23_VGMA/U14' is out of load range (0.002457, 0.135174) of lib_cell 'NOR2X05AS9'
  load 0.001691 at pin 'O' of cell 'u_LOGIC_CENTER/LINK_LOGIC/LC_CPUWR_HV2M23_VGMA/U16' is out of load range (0.002457, 0.135174) of lib_cell 'AND2X05AS9'
  ramp 0.000000 at pin 'TE' of cell 'u_LOGIC_CENTER/LINK_LOGIC/LC_CPUWR_HV2M23_VGMA/SNPS_CG_CELL_WCK1_A_R_REG_22_reg_0/latch' is out of ramp range (0.005680, 1.182430) of lib_cell 'GCKHBQX8AS9'
  ramp 0.000000 at pin 'TE' of cell 'u_LOGIC_CENTER/LINK_LOGIC/LC_CPUWR_HV2M23_VGMA/SNPS_CG_CELL_WCK1_A_R_REG_21_reg_0/latch' is out of ramp range (0.005680, 1.182430) of lib_cell 'GCKHBQX8AS9'
  load 0.001756 at pin 'O' of cell 'u_LOGIC_CENTER/CENTER1/TOTAL_DTCTL/DTCTL_L1_COMB/U20' is out of load range (0.002457, 0.270347) of lib_cell 'XOR2X1AS9'
  load 0.001756 at pin 'O' of cell 'u_LOGIC_CENTER/CENTER1/TOTAL_DTCTL/DTCTL_L1_COMB/U18' is out of load range (0.002457, 0.270347) of lib_cell 'XOR2X1AS9'
  load 0.001756 at pin 'O' of cell 'u_LOGIC_CENTER/CENTER1/TOTAL_DTCTL/DTCTL_L1_COMB/U19' is out of load range (0.002457, 0.270347) of lib_cell 'XOR2X1AS9'
  load 0.001756 at pin 'O' of cell 'u_LOGIC_CENTER/CENTER1/TOTAL_DTCTL/DTCTL_L1_COMB/U22' is out of load range (0.002457, 0.270347) of lib_cell 'XOR2X1AS9'
  load 0.001756 at pin 'O' of cell 'u_LOGIC_CENTER/CENTER1/TOTAL_DTCTL/DTCTL_L1_COMB/U23' is out of load range (0.002457, 0.540694) of lib_cell 'CLKXOR2X2AS9'
  load 0.001756 at pin 'O' of cell 'u_LOGIC_CENTER/CENTER1/TOTAL_DTCTL/DTCTL_L1_COMB/U10' is out of load range (0.002457, 0.270347) of lib_cell 'XOR2X1AS9'
  load 0.001756 at pin 'O' of cell 'u_LOGIC_CENTER/CENTER1/TOTAL_DTCTL/DTCTL_L1_COMB/U11' is out of load range (0.002457, 0.270347) of lib_cell 'XOR2X1AS9'
  load 0.001756 at pin 'O' of cell 'u_LOGIC_CENTER/CENTER1/TOTAL_DTCTL/DTCTL_L1_COMB/U12' is out of load range (0.002457, 0.270347) of lib_cell 'XOR2X1AS9'
  load 0.001756 at pin 'O' of cell 'u_LOGIC_CENTER/CENTER1/TOTAL_DTCTL/DTCTL_L1_COMB/U13' is out of load range (0.002457, 0.270347) of lib_cell 'XOR2X1AS9'
  load 0.001756 at pin 'O' of cell 'u_LOGIC_CENTER/CENTER1/TOTAL_DTCTL/DTCTL_L1_COMB/U14' is out of load range (0.002457, 0.270347) of lib_cell 'XOR2X1AS9'
  load 0.001756 at pin 'O' of cell 'u_LOGIC_CENTER/CENTER1/TOTAL_DTCTL/DTCTL_L1_COMB/U15' is out of load range (0.002457, 0.270347) of lib_cell 'XOR2X1AS9'
  load 0.001756 at pin 'O' of cell 'u_LOGIC_CENTER/CENTER1/TOTAL_DTCTL/DTCTL_L1_COMB/U7' is out of load range (0.002457, 0.540694) of lib_cell 'CLKXOR2X2AS9'
  load 0.001756 at pin 'O' of cell 'u_LOGIC_CENTER/CENTER1/TOTAL_DTCTL/DTCTL_L1_COMB/U17' is out of load range (0.002457, 0.540694) of lib_cell 'CLKXOR2X2AS9'
  ramp 0.000000 at pin 'TE' of cell 'u_LOGIC_CENTER/CENTER1/TOTAL_DTCTL/DTCTL_L0/SNPS_CG_CELL_DTCLK_CH_CNT_pre_reg_0/latch' is out of ramp range (0.005680, 1.182430) of lib_cell 'GCKHBQX8AS9'
  load 0.001549 at pin 'O' of cell 'u_LOGIC_CENTER/CENTER1/TOTAL_DTCTL/DTCTL_L0/CLK_INV_BUF' is out of load range (0.002457, 1.081390) of lib_cell 'CLKINVX4AS9'
  load 0.001712 at pin 'O' of cell 'u_LOGIC_CENTER/CENTER1/TOTAL_DTCTL/DTCTL_L0/U474' is out of load range (0.002457, 0.135174) of lib_cell 'NAND2X05AS9'
  load 0.001878 at pin 'O' of cell 'u_LOGIC_CENTER/CENTER1/TOTAL_DTCTL/DTCTL_L0/U475' is out of load range (0.002457, 0.135174) of lib_cell 'AO112X05AS9'
  load 0.001756 at pin 'O' of cell 'u_LOGIC_CENTER/CENTER1/TOTAL_DTCTL/DTCTL_L0/U283' is out of load range (0.002457, 0.135174) of lib_cell 'NOR2X05AS9'
  load 0.001756 at pin 'O' of cell 'u_LOGIC_CENTER/CENTER1/TOTAL_DTCTL/DTCTL_L0/U476' is out of load range (0.002457, 0.135174) of lib_cell 'AO13X05AS9'
  load 0.001756 at pin 'O' of cell 'u_LOGIC_CENTER/CENTER1/TOTAL_DTCTL/DTCTL_L0/U286' is out of load range (0.002457, 0.135174) of lib_cell 'NOR2X05AS9'
  load 0.001680 at pin 'O' of cell 'u_LOGIC_CENTER/CENTER1/TOTAL_DTCTL/DTCTL_L0/U486' is out of load range (0.002457, 0.270347) of lib_cell 'AND3B1X1AS9'
  load 0.001549 at pin 'O' of cell 'u_LOGIC_CENTER/CENTER1/TOTAL_DTCTL/DTCTL_L0/U295' is out of load range (0.002457, 0.135174) of lib_cell 'NAND2X05AS9'
  load 0.001581 at pin 'O' of cell 'u_LOGIC_CENTER/CENTER1/TOTAL_DTCTL/DTCTL_L0/U488' is out of load range (0.002457, 0.270347) of lib_cell 'NAND4X1AS9'
  load 0.001683 at pin 'O' of cell 'u_LOGIC_CENTER/CENTER1/TOTAL_DTCTL/DTCTL_L0/U296' is out of load range (0.002457, 0.135174) of lib_cell 'AO122X05AS9'
  load 0.001691 at pin 'O' of cell 'u_LOGIC_CENTER/CENTER1/TOTAL_DTCTL/DTCTL_L0/U297' is out of load range (0.002457, 0.135174) of lib_cell 'AO22X05AS9'
  load 0.001525 at pin 'O' of cell 'u_LOGIC_CENTER/CENTER1/TOTAL_DTCTL/DTCTL_L0/U299' is out of load range (0.002457, 0.270347) of lib_cell 'OR3B1X1AS9'
  load 0.001625 at pin 'O' of cell 'u_LOGIC_CENTER/CENTER1/TOTAL_DTCTL/DTCTL_L0/DTCLK_INV_1P_BUF' is out of load range (0.002457, 1.081390) of lib_cell 'CLKINVX4AS9'
  load 0.001752 at pin 'O' of cell 'u_LOGIC_CENTER/CENTER1/TOTAL_DTCTL/DTCTL_L0/U102' is out of load range (0.002457, 0.081104) of lib_cell 'INVX03AS9'
  load 0.001686 at pin 'O' of cell 'u_LOGIC_CENTER/CENTER1/TOTAL_DTCTL/DTCTL_L0/U103' is out of load range (0.002457, 0.081104) of lib_cell 'INVX03AS9'
  load 0.001712 at pin 'O' of cell 'u_LOGIC_CENTER/CENTER1/TOTAL_DTCTL/DTCTL_L0/U493' is out of load range (0.002457, 0.135174) of lib_cell 'NAND2X05AS9'
  load 0.001675 at pin 'O' of cell 'u_LOGIC_CENTER/CENTER1/TOTAL_DTCTL/DTCTL_L0/U494' is out of load range (0.002457, 0.135174) of lib_cell 'AO112X05AS9'
  load 0.001878 at pin 'O' of cell 'u_LOGIC_CENTER/CENTER1/TOTAL_DTCTL/DTCTL_L0/U495' is out of load range (0.002457, 0.135174) of lib_cell 'NAND2X05AS9'
  load 0.001540 at pin 'O' of cell 'u_LOGIC_CENTER/CENTER1/TOTAL_DTCTL/DTCTL_L0/U301' is out of load range (0.002457, 0.135174) of lib_cell 'NAND2X05AS9'
  load 0.001587 at pin 'O' of cell 'u_LOGIC_CENTER/CENTER1/TOTAL_DTCTL/DTCTL_L0/U66' is out of load range (0.002457, 0.135174) of lib_cell 'OA112X05AS9'
  load 0.001537 at pin 'O' of cell 'u_LOGIC_CENTER/CENTER1/TOTAL_DTCTL/DTCTL_L0/U120' is out of load range (0.002457, 0.135174) of lib_cell 'NAND2X05AS9'
  load 0.001763 at pin 'O' of cell 'u_LOGIC_CENTER/CENTER1/TOTAL_DTCTL/DTCTL_L0/U121' is out of load range (0.002457, 0.135174) of lib_cell 'NAND2X05AS9'
  ramp 0.000000 at pin 'D1' of cell 'u_LOGIC_CENTER/CENTER1/TOTAL_DTCTL/DTCTL_L0/LS_DLY1_reg' is out of ramp range (0.005680, 1.182430) of lib_cell 'AND2DFFRBQX1AS9'
  load 0.001554 at pin 'O' of cell 'u_LOGIC_CENTER/CENTER1/TOTAL_DTCTL/DTCTL_L0/U354' is out of load range (0.002457, 0.135174) of lib_cell 'AO122X05AS9'
  load 0.001554 at pin 'O' of cell 'u_LOGIC_CENTER/CENTER1/TOTAL_DTCTL/DTCTL_L0/U356' is out of load range (0.002457, 0.135174) of lib_cell 'AO112X05AS9'
  load 0.001537 at pin 'O' of cell 'u_LOGIC_CENTER/CENTER1/TOTAL_DTCTL/DTCTL_L0/U165' is out of load range (0.002457, 0.135174) of lib_cell 'NAND2X05AS9'
  load 0.001763 at pin 'O' of cell 'u_LOGIC_CENTER/CENTER1/TOTAL_DTCTL/DTCTL_L0/U166' is out of load range (0.002457, 0.135174) of lib_cell 'NAND2X05AS9'
  load 0.001756 at pin 'O' of cell 'u_LOGIC_CENTER/CENTER1/TOTAL_DTCTL/DTCTL_L0/U358' is out of load range (0.002457, 0.270347) of lib_cell 'AOI12B2X1AS9'
  load 0.001756 at pin 'O' of cell 'u_LOGIC_CENTER/CENTER1/TOTAL_DTCTL/DTCTL_L0/U359' is out of load range (0.002457, 0.270347) of lib_cell 'AOI12B2X1AS9'
  load 0.001537 at pin 'O' of cell 'u_LOGIC_CENTER/CENTER1/TOTAL_DTCTL/DTCTL_L0/U179' is out of load range (0.002457, 0.135174) of lib_cell 'NAND2X05AS9'
  load 0.001763 at pin 'O' of cell 'u_LOGIC_CENTER/CENTER1/TOTAL_DTCTL/DTCTL_L0/U180' is out of load range (0.002457, 0.135174) of lib_cell 'NAND2X05AS9'
  load 0.001657 at pin 'O' of cell 'u_LOGIC_CENTER/CENTER1/TOTAL_DTCTL/DTCTL_L0/U188' is out of load range (0.002457, 0.081104) of lib_cell 'INVX03AS9'
  load 0.001537 at pin 'O' of cell 'u_LOGIC_CENTER/CENTER1/TOTAL_DTCTL/DTCTL_L0/u_H120VMAP_H120V_CH1446_1440/U134' is out of load range (0.002457, 0.135174) of lib_cell 'NAND2X05AS9'
  load 0.001657 at pin 'O' of cell 'u_LOGIC_CENTER/CENTER1/TOTAL_DTCTL/DTCTL_L0/u_H120VMAP_H120V_CH1446_1440/U142' is out of load range (0.002457, 0.135174) of lib_cell 'NAND2X05AS9'
  load 0.001756 at pin 'O' of cell 'u_LOGIC_CENTER/CENTER1/TOTAL_DTCTL/DTCTL_L0/u_H120VMAP_H120V_CH1446_1440/U91' is out of load range (0.002457, 0.270347) of lib_cell 'OAI12X1AS9'
  load 0.001756 at pin 'O' of cell 'u_LOGIC_CENTER/CENTER1/TOTAL_DTCTL/DTCTL_L0/u_H120VMAP_H120V_CH1446_1440/U95' is out of load range (0.002457, 0.270347) of lib_cell 'OAI12X1AS9'
  load 0.001756 at pin 'OB' of cell 'u_LOGIC_CENTER/CENTER1/TOTAL_DTCTL/DTCTL_L0/u_H120VMAP_H120V_CH1446_1440/U160' is out of load range (0.002457, 0.270347) of lib_cell 'MUX2BX1AS9'
  load 0.001756 at pin 'O' of cell 'u_LOGIC_CENTER/CENTER1/TOTAL_DTCTL/DTCTL_L0/u_H120VMAP_H120V_CH1446_1440/U162' is out of load range (0.002457, 0.270347) of lib_cell 'MUX2X1AS9'
  load 0.001756 at pin 'O' of cell 'u_LOGIC_CENTER/CENTER1/TOTAL_DTCTL/DTCTL_L0/u_H120VMAP_H120V_CH1446_1440/U164' is out of load range (0.002457, 0.270347) of lib_cell 'MUX2X1AS9'
  load 0.001756 at pin 'O' of cell 'u_LOGIC_CENTER/CENTER1/TOTAL_DTCTL/DTCTL_L0/u_H120VMAP_H120V_CH1446_1440/U171' is out of load range (0.002457, 0.270347) of lib_cell 'MUX2X1AS9'
  load 0.001756 at pin 'O' of cell 'u_LOGIC_CENTER/CENTER1/TOTAL_DTCTL/DTCTL_L0/u_H120VMAP_H120V_CH1446_1440/U173' is out of load range (0.002457, 0.270347) of lib_cell 'MUX2X1AS9'
  ramp 0.000000 at pin 'TE' of cell 'u_LOGIC_CENTER/CENTER1/TOTAL_DTCTL/DTCTL_L0/CG_CELL_DTCLK/CG_CELL' is out of ramp range (0.005680, 1.182430) of lib_cell 'GCKHBQX8AS9'
  load 0.001563 at pin 'O' of cell 'u_LOGIC_CENTER/CENTER1/TOTAL_DTCTL/DTCTL_L0/U213' is out of load range (0.002457, 0.135174) of lib_cell 'AO122X05AS9'
  load 0.001756 at pin 'O' of cell 'u_LOGIC_CENTER/CENTER1/TOTAL_DTCTL/DTCTL_L0/PLACE_FE_RC_12_0' is out of load range (0.002457, 0.270347) of lib_cell 'AND2B1X1AS9'
  load 0.001763 at pin 'O' of cell 'u_LOGIC_CENTER/CENTER1/TOTAL_DTCTL/DTCTL_L0/U420' is out of load range (0.002457, 0.270347) of lib_cell 'AOI21B1X1AS9'
  load 0.001587 at pin 'O' of cell 'u_LOGIC_CENTER/CENTER1/TOTAL_DTCTL/DTCTL_L0/U421' is out of load range (0.002457, 0.135174) of lib_cell 'AND2X05AS9'
  load 0.001756 at pin 'O' of cell 'u_LOGIC_CENTER/CENTER1/TOTAL_DTCTL/DTCTL_L0/U422' is out of load range (0.002457, 0.135174) of lib_cell 'AO112X05AS9'
  ramp 0.000000 at pin 'B2' of cell 'u_LOGIC_CENTER/CENTER1/TOTAL_DTCTL/DTCTL_L0/U425' is out of ramp range (0.005680, 1.182430) of lib_cell 'NAND2B1X05AS9'
  load 0.001587 at pin 'O' of cell 'u_LOGIC_CENTER/CENTER1/TOTAL_DTCTL/DTCTL_L0/U429' is out of load range (0.002457, 0.135174) of lib_cell 'NOR2X05AS9'
  load 0.001472 at pin 'O' of cell 'u_LOGIC_CENTER/CENTER1/TOTAL_DTCTL/DTCTL_L0/U445' is out of load range (0.002457, 0.135174) of lib_cell 'NOR2X05AS9'
  load 0.001756 at pin 'O' of cell 'u_LOGIC_CENTER/CENTER1/TOTAL_DTCTL/DTCTL_L0/U447' is out of load range (0.002457, 0.135174) of lib_cell 'AO112X05AS9'
  ramp 0.000000 at pin 'D' of cell 'u_LOGIC_CENTER/CENTER1/TOTAL_DTCTL/DTCTL_L0/PIX_CNT_reg' is out of ramp range (0.005680, 1.182430) of lib_cell 'DFFRBQBX1AS9'
  load 0.001680 at pin 'O' of cell 'u_LOGIC_CENTER/CENTER1/TOTAL_DTCTL/DTCTL_L0/U454' is out of load range (0.002457, 0.270347) of lib_cell 'NAND4B1X1AS9'
  load 0.001581 at pin 'O' of cell 'u_LOGIC_CENTER/CENTER1/TOTAL_DTCTL/DTCTL_L0/U456' is out of load range (0.002457, 0.135174) of lib_cell 'NAND2B1X05AS9'
  ramp 0.000000 at pin 'TE' of cell 'u_LOGIC_CENTER/CENTER1/TOTAL_DTCTL/DTCTL_L0/CG_CELL_DTCLK_1P/CG_CELL' is out of ramp range (0.005680, 1.182430) of lib_cell 'GCKHBQX8AS9'
  load 0.001587 at pin 'O' of cell 'u_LOGIC_CENTER/CENTER1/TOTAL_DTCTL/DTCTL_L1/U58' is out of load range (0.002457, 0.135174) of lib_cell 'NOR2X05AS9'
  ramp 0.000000 at pin 'D1' of cell 'u_LOGIC_CENTER/CENTER1/TOTAL_DTCTL/DTCTL_L1/DTCLK_EN_reg' is out of ramp range (0.005680, 1.182430) of lib_cell 'AND2DFFRBQX1AS9'
  ramp 0.000000 at pin 'D1' of cell 'u_LOGIC_CENTER/CENTER1/TOTAL_DTCTL/DTCTL_L1/CH_CNT_pre_reg_6_' is out of ramp range (0.005680, 1.182430) of lib_cell 'AND2DFFRBQX1AS9'
  ramp 0.000000 at pin 'D1' of cell 'u_LOGIC_CENTER/CENTER1/TOTAL_DTCTL/DTCTL_L1/START_R_DLY0_reg' is out of ramp range (0.005680, 1.182430) of lib_cell 'AND2DFFRBQX1AS9'
  ramp 0.000000 at pin 'D1' of cell 'u_LOGIC_CENTER/CENTER1/TOTAL_DTCTL/DTCTL_L1/SL_DLY3_reg' is out of ramp range (0.005680, 1.182430) of lib_cell 'AND2DFFRBQX1AS9'
  ramp 0.000000 at pin 'D1' of cell 'u_LOGIC_CENTER/CENTER1/TOTAL_DTCTL/DTCTL_L1/SL_DLY_reg' is out of ramp range (0.005680, 1.182430) of lib_cell 'AND2DFFRBQX1AS9'
  ramp 0.000000 at pin 'D1' of cell 'u_LOGIC_CENTER/CENTER1/TOTAL_DTCTL/DTCTL_L1/CH_CNT_pre_reg_7_' is out of ramp range (0.005680, 1.182430) of lib_cell 'AND2DFFRBQX1AS9'
  load 0.001537 at pin 'O' of cell 'u_LOGIC_CENTER/CENTER1/TOTAL_DTCTL/DTCTL_L1/U72' is out of load range (0.002457, 0.081104) of lib_cell 'INVX03AS9'
  ramp 0.000000 at pin 'D1' of cell 'u_LOGIC_CENTER/CENTER1/TOTAL_DTCTL/DTCTL_L1/SR_reg' is out of ramp range (0.005680, 1.182430) of lib_cell 'AND2DFFRBQX1AS9'
  load 0.001602 at pin 'Q' of cell 'u_LOGIC_CENTER/CENTER1/TOTAL_DTCTL/DTCTL_L1/LS_DLY1_reg' is out of load range (0.002457, 0.270347) of lib_cell 'AND2DFFRBQX1AS9'
  ramp 0.000000 at pin 'D1' of cell 'u_LOGIC_CENTER/CENTER1/TOTAL_DTCTL/DTCTL_L1/LS_DLY1_reg' is out of ramp range (0.005680, 1.182430) of lib_cell 'AND2DFFRBQX1AS9'
  ramp 0.000000 at pin 'D1' of cell 'u_LOGIC_CENTER/CENTER1/TOTAL_DTCTL/DTCTL_L1/CH_CNT_pre_reg_8_' is out of ramp range (0.005680, 1.182430) of lib_cell 'AND2DFFRBQX1AS9'
  ramp 0.000000 at pin 'D1' of cell 'u_LOGIC_CENTER/CENTER1/TOTAL_DTCTL/DTCTL_L1/SR_DLY2_reg' is out of ramp range (0.005680, 1.182430) of lib_cell 'AND2DFFRBQX1AS9'
  load 0.001554 at pin 'O' of cell 'u_LOGIC_CENTER/CENTER1/TOTAL_DTCTL/DTCTL_L1/U81' is out of load range (0.002457, 0.135174) of lib_cell 'AO22X05AS9'
  load 0.001680 at pin 'O' of cell 'u_LOGIC_CENTER/CENTER1/TOTAL_DTCTL/DTCTL_L1/U89' is out of load range (0.002457, 0.135174) of lib_cell 'NAND2X05AS9'
  ramp 0.000000 at pin 'D1' of cell 'u_LOGIC_CENTER/CENTER1/TOTAL_DTCTL/DTCTL_L1/CH_CNT_pre_reg_9_' is out of ramp range (0.005680, 1.182430) of lib_cell 'AND2DFFRBQX1AS9'
  ramp 0.000000 at pin 'D1' of cell 'u_LOGIC_CENTER/CENTER1/TOTAL_DTCTL/DTCTL_L1/SL_reg' is out of ramp range (0.005680, 1.182430) of lib_cell 'AND2DFFRBQX1AS9'
  ramp 0.000000 at pin 'D1' of cell 'u_LOGIC_CENTER/CENTER1/TOTAL_DTCTL/DTCTL_L1/SL_DLY1_reg' is out of ramp range (0.005680, 1.182430) of lib_cell 'AND2DFFRBQX1AS9'
  ramp 0.000000 at pin 'D1' of cell 'u_LOGIC_CENTER/CENTER1/TOTAL_DTCTL/DTCTL_L1/CH_CNT_pre_reg_0_' is out of ramp range (0.005680, 1.182430) of lib_cell 'AND2DFFRBQX1AS9'
  load 0.001554 at pin 'S' of cell 'u_LOGIC_CENTER/CENTER1/TOTAL_DTCTL/DTCTL_L1/U100' is out of load range (0.002457, 0.135174) of lib_cell 'FAX05AS9'
  ramp 0.000000 at pin 'D1' of cell 'u_LOGIC_CENTER/CENTER1/TOTAL_DTCTL/DTCTL_L1/CH_CNT_pre_reg_1_' is out of ramp range (0.005680, 1.182430) of lib_cell 'AND2DFFRBQX1AS9'
  ramp 0.000000 at pin 'D1' of cell 'u_LOGIC_CENTER/CENTER1/TOTAL_DTCTL/DTCTL_L1/SR_DLY3_reg' is out of ramp range (0.005680, 1.182430) of lib_cell 'AND2DFFRBQX1AS9'
  ramp 0.000000 at pin 'D1' of cell 'u_LOGIC_CENTER/CENTER1/TOTAL_DTCTL/DTCTL_L1/START_L_DLY0_reg' is out of ramp range (0.005680, 1.182430) of lib_cell 'AND2DFFRBQX1AS9'
  ramp 0.000000 at pin 'D1' of cell 'u_LOGIC_CENTER/CENTER1/TOTAL_DTCTL/DTCTL_L1/LS_DLY_reg' is out of ramp range (0.005680, 1.182430) of lib_cell 'AND2DFFRBQX1AS9'
  ramp 0.000000 at pin 'D1' of cell 'u_LOGIC_CENTER/CENTER1/TOTAL_DTCTL/DTCTL_L1/CH_CNT_pre_reg_2_' is out of ramp range (0.005680, 1.182430) of lib_cell 'AND2DFFRBQX1AS9'
  ramp 0.000000 at pin 'D1' of cell 'u_LOGIC_CENTER/CENTER1/TOTAL_DTCTL/DTCTL_L1/SR_DLY_reg' is out of ramp range (0.005680, 1.182430) of lib_cell 'AND2DFFRBQX1AS9'
  ramp 0.000000 at pin 'D1' of cell 'u_LOGIC_CENTER/CENTER1/TOTAL_DTCTL/DTCTL_L1/CH_CNT_pre_reg_3_' is out of ramp range (0.005680, 1.182430) of lib_cell 'AND2DFFRBQX1AS9'
  ramp 0.000000 at pin 'D1' of cell 'u_LOGIC_CENTER/CENTER1/TOTAL_DTCTL/DTCTL_L1/SL_DLY2_reg' is out of ramp range (0.005680, 1.182430) of lib_cell 'AND2DFFRBQX1AS9'
  ramp 0.000000 at pin 'D1' of cell 'u_LOGIC_CENTER/CENTER1/TOTAL_DTCTL/DTCTL_L1/CH_CNT_pre_reg_4_' is out of ramp range (0.005680, 1.182430) of lib_cell 'AND2DFFRBQX1AS9'
  load 0.001554 at pin 'O' of cell 'u_LOGIC_CENTER/CENTER1/TOTAL_DTCTL/DTCTL_L1/U236' is out of load range (0.002457, 0.135174) of lib_cell 'NAND2B1X05AS9'
  ramp 0.000000 at pin 'TE' of cell 'u_LOGIC_CENTER/CENTER1/TOTAL_DTCTL/DTCTL_L1/CG_CELL_DTCLK/CG_CELL' is out of ramp range (0.005680, 1.182430) of lib_cell 'GCKHBQX8AS9'
  ramp 0.000000 at pin 'D1' of cell 'u_LOGIC_CENTER/CENTER1/TOTAL_DTCTL/DTCTL_L1/SR_DLY1_reg' is out of ramp range (0.005680, 1.182430) of lib_cell 'AND2DFFRBQX1AS9'
  ramp 0.000000 at pin 'D1' of cell 'u_LOGIC_CENTER/CENTER1/TOTAL_DTCTL/DTCTL_L1/CH_CNT_pre_reg_5_' is out of ramp range (0.005680, 1.182430) of lib_cell 'AND2DFFRBQX1AS9'
  load 0.001756 at pin 'O' of cell 'u_LOGIC_CENTER/CENTER1/TOTAL_DTCTL/DTCTL_L0_COMB/U41' is out of load range (0.002457, 0.270347) of lib_cell 'XOR2X1AS9'
  load 0.001756 at pin 'O' of cell 'u_LOGIC_CENTER/CENTER1/TOTAL_DTCTL/DTCTL_L0_COMB/U42' is out of load range (0.002457, 0.270347) of lib_cell 'XOR2X1AS9'
  load 0.001756 at pin 'O' of cell 'u_LOGIC_CENTER/CENTER1/TOTAL_DTCTL/DTCTL_L0_COMB/U43' is out of load range (0.002457, 0.270347) of lib_cell 'XOR2X1AS9'
  load 0.001756 at pin 'O' of cell 'u_LOGIC_CENTER/CENTER1/TOTAL_DTCTL/DTCTL_L0_COMB/U44' is out of load range (0.002457, 0.270347) of lib_cell 'XOR2X1AS9'
  load 0.001756 at pin 'O' of cell 'u_LOGIC_CENTER/CENTER1/TOTAL_DTCTL/DTCTL_L0_COMB/U45' is out of load range (0.002457, 0.270347) of lib_cell 'XOR2X1AS9'
  load 0.001756 at pin 'O' of cell 'u_LOGIC_CENTER/CENTER1/TOTAL_DTCTL/DTCTL_L0_COMB/U46' is out of load range (0.002457, 0.270347) of lib_cell 'XOR2X1AS9'
  load 0.001756 at pin 'O' of cell 'u_LOGIC_CENTER/CENTER1/TOTAL_DTCTL/DTCTL_L0_COMB/U47' is out of load range (0.002457, 0.270347) of lib_cell 'XOR2X1AS9'
  load 0.001756 at pin 'O' of cell 'u_LOGIC_CENTER/CENTER1/TOTAL_DTCTL/DTCTL_L0_COMB/U48' is out of load range (0.002457, 0.270347) of lib_cell 'XOR2X1AS9'
  load 0.001756 at pin 'O' of cell 'u_LOGIC_CENTER/CENTER1/TOTAL_DTCTL/DTCTL_L0_COMB/U49' is out of load range (0.002457, 0.270347) of lib_cell 'XOR2X1AS9'
  load 0.001756 at pin 'O' of cell 'u_LOGIC_CENTER/CENTER1/TOTAL_DTCTL/DTCTL_L0_COMB/U35' is out of load range (0.002457, 0.270347) of lib_cell 'XOR2X1AS9'
  load 0.001756 at pin 'O' of cell 'u_LOGIC_CENTER/CENTER1/TOTAL_DTCTL/DTCTL_L0_COMB/U36' is out of load range (0.002457, 0.270347) of lib_cell 'XOR2X1AS9'
  load 0.001756 at pin 'O' of cell 'u_LOGIC_CENTER/CENTER1/TOTAL_DTCTL/DTCTL_L0_COMB/U37' is out of load range (0.002457, 0.270347) of lib_cell 'XOR2X1AS9'
  load 0.001756 at pin 'O' of cell 'u_LOGIC_CENTER/CENTER1/TOTAL_DTCTL/DTCTL_L0_COMB/U38' is out of load range (0.002457, 0.270347) of lib_cell 'XOR2X1AS9'
  load 0.001756 at pin 'O' of cell 'u_LOGIC_CENTER/CENTER1/TOTAL_DTCTL/DTCTL_L0_COMB/U39' is out of load range (0.002457, 0.540694) of lib_cell 'CLKXOR2X2AS9'
  load 0.001756 at pin 'O' of cell 'u_LOGIC_CENTER/CENTER1/TOTAL_DTCTL/DTCTL_L0_COMB/U10' is out of load range (0.002457, 0.270347) of lib_cell 'XOR2X1AS9'
  load 0.001756 at pin 'O' of cell 'u_LOGIC_CENTER/CENTER1/TOTAL_DTCTL/DTCTL_L0_COMB/U11' is out of load range (0.002457, 0.270347) of lib_cell 'XOR2X1AS9'
  load 0.001756 at pin 'O' of cell 'u_LOGIC_CENTER/CENTER1/TOTAL_DTCTL/DTCTL_L0_COMB/U12' is out of load range (0.002457, 0.270347) of lib_cell 'XOR2X1AS9'
  load 0.001756 at pin 'O' of cell 'u_LOGIC_CENTER/CENTER1/TOTAL_DTCTL/DTCTL_L0_COMB/U13' is out of load range (0.002457, 0.270347) of lib_cell 'XOR2X1AS9'
  load 0.001756 at pin 'O' of cell 'u_LOGIC_CENTER/CENTER1/TOTAL_DTCTL/DTCTL_L0_COMB/U14' is out of load range (0.002457, 0.270347) of lib_cell 'XOR2X1AS9'
  load 0.001756 at pin 'O' of cell 'u_LOGIC_CENTER/CENTER1/TOTAL_DTCTL/DTCTL_L0_COMB/U15' is out of load range (0.002457, 0.270347) of lib_cell 'XOR2X1AS9'
  ramp 0.000000 at pin 'D1' of cell 'u_LOGIC_CENTER/CENTER1/DRD_OD/DATAI_L1_OD_WEIGHT_d1_reg_14_' is out of ramp range (0.005680, 1.182430) of lib_cell 'AND2DFFRBQX1AS9'
  ramp 0.000000 at pin 'D1' of cell 'u_LOGIC_CENTER/CENTER1/DRD_OD/DATAI_L1_OD_pre_reg_14_' is out of ramp range (0.005680, 1.182430) of lib_cell 'AND2DFFRBQX1AS9'
  load 0.001534 at pin 'O' of cell 'u_LOGIC_CENTER/CENTER1/DRD_OD/POSTROUTE_FE_PHC92_n194' is out of load range (0.002457, 0.081104) of lib_cell 'BUFX03AS9'
  load 0.001549 at pin 'Q' of cell 'u_LOGIC_CENTER/CENTER1/DRD_OD/DATAI_L0_OD_WEIGHT_d1_reg_11_' is out of load range (0.002457, 0.135174) of lib_cell 'DFFRBQX05AS9'
  ramp 0.000000 at pin 'D1' of cell 'u_LOGIC_CENTER/CENTER1/DRD_OD/DATAI_L1_OD_WEIGHT_d1_reg_15_' is out of ramp range (0.005680, 1.182430) of lib_cell 'AND2DFFRBQX1AS9'
  ramp 0.000000 at pin 'D1' of cell 'u_LOGIC_CENTER/CENTER1/DRD_OD/DATAI_L1_OD_pre_reg_15_' is out of ramp range (0.005680, 1.182430) of lib_cell 'AND2DFFRBQX1AS9'
  load 0.001756 at pin 'O' of cell 'u_LOGIC_CENTER/CENTER1/DRD_OD/U291' is out of load range (0.002457, 0.270347) of lib_cell 'OAI12B2X1AS9'
  load 0.001756 at pin 'O' of cell 'u_LOGIC_CENTER/CENTER1/DRD_OD/U297' is out of load range (0.002457, 0.270347) of lib_cell 'OAI12B2X1AS9'
  load 0.001549 at pin 'Q' of cell 'u_LOGIC_CENTER/CENTER1/DRD_OD/DATAI_L0_OD_WEIGHT_d1_reg_12_' is out of load range (0.002457, 0.135174) of lib_cell 'DFFRBQX05AS9'
  ramp 0.000000 at pin 'D1' of cell 'u_LOGIC_CENTER/CENTER1/DRD_OD/DATAI_L1_OD_WEIGHT_d1_reg_16_' is out of ramp range (0.005680, 1.182430) of lib_cell 'AND2DFFRBQX1AS9'
  ramp 0.000000 at pin 'D1' of cell 'u_LOGIC_CENTER/CENTER1/DRD_OD/DATAI_L1_OD_pre_reg_16_' is out of ramp range (0.005680, 1.182430) of lib_cell 'AND2DFFRBQX1AS9'
  ramp 0.000000 at pin 'D1' of cell 'u_LOGIC_CENTER/CENTER1/DRD_OD/DATAI_L1_OD_pre_reg_0_' is out of ramp range (0.005680, 1.182430) of lib_cell 'AND2DFFRBQX1AS9'
  load 0.001549 at pin 'Q' of cell 'u_LOGIC_CENTER/CENTER1/DRD_OD/DATAI_L0_OD_WEIGHT_d1_reg_13_' is out of load range (0.002457, 0.135174) of lib_cell 'DFFRBQX05AS9'
  ramp 0.000000 at pin 'D1' of cell 'u_LOGIC_CENTER/CENTER1/DRD_OD/DATAI_L1_OD_WEIGHT_d1_reg_17_' is out of ramp range (0.005680, 1.182430) of lib_cell 'AND2DFFRBQX1AS9'
  ramp 0.000000 at pin 'D1' of cell 'u_LOGIC_CENTER/CENTER1/DRD_OD/DATAI_L1_OD_pre_reg_17_' is out of ramp range (0.005680, 1.182430) of lib_cell 'AND2DFFRBQX1AS9'
  load 0.001756 at pin 'O' of cell 'u_LOGIC_CENTER/CENTER1/DRD_OD/U303' is out of load range (0.002457, 0.270347) of lib_cell 'OAI12B2X1AS9'
  load 0.001756 at pin 'O' of cell 'u_LOGIC_CENTER/CENTER1/DRD_OD/U306' is out of load range (0.002457, 0.270347) of lib_cell 'OAI12B2X1AS9'
  load 0.001756 at pin 'O' of cell 'u_LOGIC_CENTER/CENTER1/DRD_OD/U308' is out of load range (0.002457, 0.270347) of lib_cell 'OAI12B2X1AS9'
  ramp 0.000000 at pin 'D1' of cell 'u_LOGIC_CENTER/CENTER1/DRD_OD/DATAI_L1_OD_pre_reg_1_' is out of ramp range (0.005680, 1.182430) of lib_cell 'AND2DFFRBQX1AS9'
  load 0.001549 at pin 'Q' of cell 'u_LOGIC_CENTER/CENTER1/DRD_OD/DATAI_L0_OD_WEIGHT_d1_reg_14_' is out of load range (0.002457, 0.135174) of lib_cell 'DFFRBQX05AS9'
  ramp 0.000000 at pin 'D1' of cell 'u_LOGIC_CENTER/CENTER1/DRD_OD/DATAI_L1_OD_WEIGHT_d1_reg_18_' is out of ramp range (0.005680, 1.182430) of lib_cell 'AND2DFFRBQX1AS9'
  ramp 0.000000 at pin 'D1' of cell 'u_LOGIC_CENTER/CENTER1/DRD_OD/DATAI_L1_OD_pre_reg_18_' is out of ramp range (0.005680, 1.182430) of lib_cell 'AND2DFFRBQX1AS9'
  ramp 0.000000 at pin 'D1' of cell 'u_LOGIC_CENTER/CENTER1/DRD_OD/DATAI_L1_OD_pre_reg_2_' is out of ramp range (0.005680, 1.182430) of lib_cell 'AND2DFFRBQX1AS9'
  load 0.001549 at pin 'Q' of cell 'u_LOGIC_CENTER/CENTER1/DRD_OD/DATAI_L0_OD_WEIGHT_d1_reg_15_' is out of load range (0.002457, 0.135174) of lib_cell 'DFFRBQX05AS9'
  ramp 0.000000 at pin 'D1' of cell 'u_LOGIC_CENTER/CENTER1/DRD_OD/DATAI_L1_OD_WEIGHT_d1_reg_19_' is out of ramp range (0.005680, 1.182430) of lib_cell 'AND2DFFRBQX1AS9'
  load 0.001756 at pin 'O' of cell 'u_LOGIC_CENTER/CENTER1/DRD_OD/U321' is out of load range (0.002457, 0.270347) of lib_cell 'OAI12B2X1AS9'
  ramp 0.000000 at pin 'D1' of cell 'u_LOGIC_CENTER/CENTER1/DRD_OD/DATAI_L1_OD_pre_reg_19_' is out of ramp range (0.005680, 1.182430) of lib_cell 'AND2DFFRBQX1AS9'
  load 0.001756 at pin 'O' of cell 'u_LOGIC_CENTER/CENTER1/DRD_OD/U322' is out of load range (0.002457, 0.270347) of lib_cell 'OAI12B2X1AS9'
  load 0.001756 at pin 'O' of cell 'u_LOGIC_CENTER/CENTER1/DRD_OD/U323' is out of load range (0.002457, 0.270347) of lib_cell 'OAI12B2X1AS9'
  load 0.001756 at pin 'O' of cell 'u_LOGIC_CENTER/CENTER1/DRD_OD/U324' is out of load range (0.002457, 0.270347) of lib_cell 'OAI12B2X1AS9'
  load 0.001756 at pin 'O' of cell 'u_LOGIC_CENTER/CENTER1/DRD_OD/U325' is out of load range (0.002457, 0.270347) of lib_cell 'OAI12B2X1AS9'
  load 0.001756 at pin 'O' of cell 'u_LOGIC_CENTER/CENTER1/DRD_OD/U327' is out of load range (0.002457, 0.270347) of lib_cell 'OAI12B2X1AS9'
  load 0.001756 at pin 'OB' of cell 'u_LOGIC_CENTER/CENTER1/DRD_OD/U329' is out of load range (0.002457, 0.270347) of lib_cell 'MUX2BX1AS9'
  ramp 0.000000 at pin 'D1' of cell 'u_LOGIC_CENTER/CENTER1/DRD_OD/DATAI_L1_OD_pre_reg_3_' is out of ramp range (0.005680, 1.182430) of lib_cell 'AND2DFFRBQX1AS9'
  load 0.001549 at pin 'Q' of cell 'u_LOGIC_CENTER/CENTER1/DRD_OD/DATAI_L0_OD_WEIGHT_d1_reg_16_' is out of load range (0.002457, 0.135174) of lib_cell 'DFFRBQX05AS9'
  load 0.001763 at pin 'O' of cell 'u_LOGIC_CENTER/CENTER1/DRD_OD/DRD_OD_ADD_WEIGHT/U290' is out of load range (0.002457, 0.135174) of lib_cell 'NOR2X05AS9'
  load 0.001554 at pin 'O' of cell 'u_LOGIC_CENTER/CENTER1/DRD_OD/DRD_OD_ADD_WEIGHT/U302' is out of load range (0.002457, 0.135174) of lib_cell 'OA12X05AS9'
  load 0.001763 at pin 'O' of cell 'u_LOGIC_CENTER/CENTER1/DRD_OD/DRD_OD_ADD_WEIGHT/U60' is out of load range (0.002457, 0.135174) of lib_cell 'NOR2X05AS9'
  load 0.001554 at pin 'Q' of cell 'u_LOGIC_CENTER/CENTER1/DRD_OD/DRD_OD_ADD_WEIGHT/line_cnt_od_reg_2_' is out of load range (0.002457, 0.270347) of lib_cell 'AND2DFFRBQX1AS9'
  load 0.001763 at pin 'O' of cell 'u_LOGIC_CENTER/CENTER1/DRD_OD/DRD_OD_ADD_WEIGHT/U62' is out of load range (0.002457, 0.135174) of lib_cell 'NOR2X05AS9'
  ramp 0.000000 at pin 'TE' of cell 'u_LOGIC_CENTER/CENTER1/DRD_OD/DRD_OD_ADD_WEIGHT/SNPS_CG_CELL_CLK_L0_line_cnt_od_reg_0/latch' is out of ramp range (0.005680, 1.182430) of lib_cell 'GCKHBQX8AS9'
  load 0.001756 at pin 'O' of cell 'u_LOGIC_CENTER/CENTER1/DRD_OD/DRD_OD_ADD_WEIGHT/U566' is out of load range (0.002457, 0.135174) of lib_cell 'NOR2X05AS9'
  load 0.001554 at pin 'O' of cell 'u_LOGIC_CENTER/CENTER1/DRD_OD/DRD_OD_ADD_WEIGHT/U194' is out of load range (0.002457, 0.270347) of lib_cell 'AOI222X1AS9'
  ramp 0.000000 at pin 'TE' of cell 'u_LOGIC_CENTER/CENTER1/DRD_OD/DRD_OD_ADD_WEIGHT/SNPS_CG_CELL_CLK_L0_shift_sel_od_reg_0/latch' is out of ramp range (0.005680, 1.182430) of lib_cell 'GCKHBQX8AS9'
  load 0.001756 at pin 'OB' of cell 'u_LOGIC_CENTER/CENTER1/DRD_OD/U330' is out of load range (0.002457, 0.270347) of lib_cell 'MUX2BX1AS9'
  load 0.001756 at pin 'OB' of cell 'u_LOGIC_CENTER/CENTER1/DRD_OD/U332' is out of load range (0.002457, 0.270347) of lib_cell 'MUX2BX1AS9'
  load 0.001756 at pin 'OB' of cell 'u_LOGIC_CENTER/CENTER1/DRD_OD/U333' is out of load range (0.002457, 0.270347) of lib_cell 'MUX2BX1AS9'
  load 0.001756 at pin 'OB' of cell 'u_LOGIC_CENTER/CENTER1/DRD_OD/U334' is out of load range (0.002457, 0.270347) of lib_cell 'MUX2BX1AS9'
  load 0.001756 at pin 'OB' of cell 'u_LOGIC_CENTER/CENTER1/DRD_OD/U336' is out of load range (0.002457, 0.270347) of lib_cell 'MUX2BX1AS9'
  load 0.001534 at pin 'O' of cell 'u_LOGIC_CENTER/CENTER1/DRD_OD/POSTROUTE_FE_PHC101_n196' is out of load range (0.002457, 0.081104) of lib_cell 'BUFX03AS9'
  ramp 0.000000 at pin 'D1' of cell 'u_LOGIC_CENTER/CENTER1/DRD_OD/DATAI_L1_OD_WEIGHT_d1_reg_0_' is out of ramp range (0.005680, 1.182430) of lib_cell 'AND2DFFRBQX1AS9'
  load 0.001534 at pin 'O' of cell 'u_LOGIC_CENTER/CENTER1/DRD_OD/POSTROUTE_FE_PHC103_n169' is out of load range (0.002457, 0.081104) of lib_cell 'BUFX03AS9'
  ramp 0.000000 at pin 'D1' of cell 'u_LOGIC_CENTER/CENTER1/DRD_OD/DATAI_L1_OD_WEIGHT_d1_reg_20_' is out of ramp range (0.005680, 1.182430) of lib_cell 'AND2DFFRBQX1AS9'
  ramp 0.000000 at pin 'D1' of cell 'u_LOGIC_CENTER/CENTER1/DRD_OD/DATAI_L1_OD_pre_reg_4_' is out of ramp range (0.005680, 1.182430) of lib_cell 'AND2DFFRBQX1AS9'
  load 0.001549 at pin 'Q' of cell 'u_LOGIC_CENTER/CENTER1/DRD_OD/DATAI_L0_OD_WEIGHT_d1_reg_17_' is out of load range (0.002457, 0.135174) of lib_cell 'DFFRBQX05AS9'
  ramp 0.000000 at pin 'D1' of cell 'u_LOGIC_CENTER/CENTER1/DRD_OD/DATAI_L1_OD_pre_reg_20_' is out of ramp range (0.005680, 1.182430) of lib_cell 'AND2DFFRBQX1AS9'
  load 0.001549 at pin 'Q' of cell 'u_LOGIC_CENTER/CENTER1/DRD_OD/DATAI_L0_OD_WEIGHT_d1_reg_0_' is out of load range (0.002457, 0.135174) of lib_cell 'DFFRBQX05AS9'
  ramp 0.000000 at pin 'D1' of cell 'u_LOGIC_CENTER/CENTER1/DRD_OD/DATAI_L1_OD_WEIGHT_d1_reg_1_' is out of ramp range (0.005680, 1.182430) of lib_cell 'AND2DFFRBQX1AS9'
  ramp 0.000000 at pin 'D1' of cell 'u_LOGIC_CENTER/CENTER1/DRD_OD/DATAI_L1_OD_WEIGHT_d1_reg_21_' is out of ramp range (0.005680, 1.182430) of lib_cell 'AND2DFFRBQX1AS9'
  ramp 0.000000 at pin 'D1' of cell 'u_LOGIC_CENTER/CENTER1/DRD_OD/DATAI_L1_OD_pre_reg_5_' is out of ramp range (0.005680, 1.182430) of lib_cell 'AND2DFFRBQX1AS9'
  load 0.001549 at pin 'Q' of cell 'u_LOGIC_CENTER/CENTER1/DRD_OD/DATAI_L0_OD_WEIGHT_d1_reg_18_' is out of load range (0.002457, 0.135174) of lib_cell 'DFFRBQX05AS9'
  ramp 0.000000 at pin 'D1' of cell 'u_LOGIC_CENTER/CENTER1/DRD_OD/DATAI_L1_OD_pre_reg_21_' is out of ramp range (0.005680, 1.182430) of lib_cell 'AND2DFFRBQX1AS9'
  load 0.001549 at pin 'Q' of cell 'u_LOGIC_CENTER/CENTER1/DRD_OD/DATAI_L0_OD_WEIGHT_d1_reg_1_' is out of load range (0.002457, 0.135174) of lib_cell 'DFFRBQX05AS9'
  load 0.001554 at pin 'O' of cell 'u_LOGIC_CENTER/CENTER1/DRD_OD/U168' is out of load range (0.002457, 0.135174) of lib_cell 'NOR2X05AS9'
  ramp 0.000000 at pin 'D1' of cell 'u_LOGIC_CENTER/CENTER1/DRD_OD/DATAI_L1_OD_WEIGHT_d1_reg_2_' is out of ramp range (0.005680, 1.182430) of lib_cell 'AND2DFFRBQX1AS9'
  ramp 0.000000 at pin 'D1' of cell 'u_LOGIC_CENTER/CENTER1/DRD_OD/DATAI_L1_OD_WEIGHT_d1_reg_22_' is out of ramp range (0.005680, 1.182430) of lib_cell 'AND2DFFRBQX1AS9'
  ramp 0.000000 at pin 'D1' of cell 'u_LOGIC_CENTER/CENTER1/DRD_OD/DATAI_L1_OD_pre_reg_6_' is out of ramp range (0.005680, 1.182430) of lib_cell 'AND2DFFRBQX1AS9'
  load 0.001549 at pin 'Q' of cell 'u_LOGIC_CENTER/CENTER1/DRD_OD/DATAI_L0_OD_WEIGHT_d1_reg_19_' is out of load range (0.002457, 0.135174) of lib_cell 'DFFRBQX05AS9'
  ramp 0.000000 at pin 'D1' of cell 'u_LOGIC_CENTER/CENTER1/DRD_OD/DATAI_L1_OD_pre_reg_22_' is out of ramp range (0.005680, 1.182430) of lib_cell 'AND2DFFRBQX1AS9'
  load 0.001549 at pin 'Q' of cell 'u_LOGIC_CENTER/CENTER1/DRD_OD/DATAI_L0_OD_WEIGHT_d1_reg_2_' is out of load range (0.002457, 0.135174) of lib_cell 'DFFRBQX05AS9'
  ramp 0.000000 at pin 'D1' of cell 'u_LOGIC_CENTER/CENTER1/DRD_OD/DATAI_L1_OD_WEIGHT_d1_reg_3_' is out of ramp range (0.005680, 1.182430) of lib_cell 'AND2DFFRBQX1AS9'
  ramp 0.000000 at pin 'D1' of cell 'u_LOGIC_CENTER/CENTER1/DRD_OD/DATAI_L1_OD_WEIGHT_d1_reg_23_' is out of ramp range (0.005680, 1.182430) of lib_cell 'AND2DFFRBQX1AS9'
  ramp 0.000000 at pin 'D1' of cell 'u_LOGIC_CENTER/CENTER1/DRD_OD/DATAI_L1_OD_pre_reg_7_' is out of ramp range (0.005680, 1.182430) of lib_cell 'AND2DFFRBQX1AS9'
  ramp 0.000000 at pin 'D1' of cell 'u_LOGIC_CENTER/CENTER1/DRD_OD/DATAI_L1_OD_pre_reg_23_' is out of ramp range (0.005680, 1.182430) of lib_cell 'AND2DFFRBQX1AS9'
  load 0.001549 at pin 'Q' of cell 'u_LOGIC_CENTER/CENTER1/DRD_OD/DATAI_L0_OD_WEIGHT_d1_reg_3_' is out of load range (0.002457, 0.135174) of lib_cell 'DFFRBQX05AS9'
  load 0.001549 at pin 'Q' of cell 'u_LOGIC_CENTER/CENTER1/DRD_OD/DATAI_L0_OD_WEIGHT_d1_reg_20_' is out of load range (0.002457, 0.135174) of lib_cell 'DFFRBQX05AS9'
  ramp 0.000000 at pin 'D1' of cell 'u_LOGIC_CENTER/CENTER1/DRD_OD/DATAI_L1_OD_WEIGHT_d1_reg_4_' is out of ramp range (0.005680, 1.182430) of lib_cell 'AND2DFFRBQX1AS9'
  ramp 0.000000 at pin 'D1' of cell 'u_LOGIC_CENTER/CENTER1/DRD_OD/DATAI_L1_OD_pre_reg_8_' is out of ramp range (0.005680, 1.182430) of lib_cell 'AND2DFFRBQX1AS9'
  load 0.001566 at pin 'O' of cell 'u_LOGIC_CENTER/CENTER1/DRD_OD/DRD_OD_PATTERN_DETECT/U182' is out of load range (0.002457, 0.135174) of lib_cell 'OA122X05AS9'
  load 0.001566 at pin 'O' of cell 'u_LOGIC_CENTER/CENTER1/DRD_OD/DRD_OD_PATTERN_DETECT/U183' is out of load range (0.002457, 0.135174) of lib_cell 'NOR2X05AS9'
  load 0.001836 at pin 'O' of cell 'u_LOGIC_CENTER/CENTER1/DRD_OD/DRD_OD_PATTERN_DETECT/U184' is out of load range (0.002457, 0.135174) of lib_cell 'AND2X05AS9'
  load 0.001676 at pin 'O' of cell 'u_LOGIC_CENTER/CENTER1/DRD_OD/DRD_OD_PATTERN_DETECT/U185' is out of load range (0.002457, 0.081104) of lib_cell 'INVX03AS9'
  load 0.001620 at pin 'O' of cell 'u_LOGIC_CENTER/CENTER1/DRD_OD/DRD_OD_PATTERN_DETECT/U186' is out of load range (0.002457, 0.135174) of lib_cell 'OA13X05AS9'
  load 0.001836 at pin 'O' of cell 'u_LOGIC_CENTER/CENTER1/DRD_OD/DRD_OD_PATTERN_DETECT/U187' is out of load range (0.002457, 0.135174) of lib_cell 'AO22X05AS9'
  load 0.001708 at pin 'O' of cell 'u_LOGIC_CENTER/CENTER1/DRD_OD/DRD_OD_PATTERN_DETECT/U188' is out of load range (0.002457, 0.135174) of lib_cell 'OA13X05AS9'
  load 0.001641 at pin 'O' of cell 'u_LOGIC_CENTER/CENTER1/DRD_OD/DRD_OD_PATTERN_DETECT/U189' is out of load range (0.002457, 0.135174) of lib_cell 'AO12X05AS9'
  load 0.001708 at pin 'O' of cell 'u_LOGIC_CENTER/CENTER1/DRD_OD/DRD_OD_PATTERN_DETECT/U190' is out of load range (0.002457, 0.135174) of lib_cell 'AO13X05AS9'
  load 0.001464 at pin 'O' of cell 'u_LOGIC_CENTER/CENTER1/DRD_OD/DRD_OD_PATTERN_DETECT/U196' is out of load range (0.002457, 0.081104) of lib_cell 'INVX03AS9'
  load 0.001602 at pin 'O' of cell 'u_LOGIC_CENTER/CENTER1/DRD_OD/DRD_OD_PATTERN_DETECT/U197' is out of load range (0.002457, 0.135174) of lib_cell 'AO22X05AS9'
  load 0.001566 at pin 'O' of cell 'u_LOGIC_CENTER/CENTER1/DRD_OD/DRD_OD_PATTERN_DETECT/U198' is out of load range (0.002457, 0.135174) of lib_cell 'OA12X05AS9'
  load 0.001836 at pin 'O' of cell 'u_LOGIC_CENTER/CENTER1/DRD_OD/DRD_OD_PATTERN_DETECT/U140' is out of load range (0.002457, 0.135174) of lib_cell 'AO22X05AS9'
  load 0.001620 at pin 'O' of cell 'u_LOGIC_CENTER/CENTER1/DRD_OD/DRD_OD_PATTERN_DETECT/U141' is out of load range (0.002457, 0.135174) of lib_cell 'OA13X05AS9'
  load 0.001836 at pin 'O' of cell 'u_LOGIC_CENTER/CENTER1/DRD_OD/DRD_OD_PATTERN_DETECT/U145' is out of load range (0.002457, 0.270347) of lib_cell 'OAI22B2X1AS9'
  load 0.001680 at pin 'O' of cell 'u_LOGIC_CENTER/CENTER1/DRD_OD/DRD_OD_PATTERN_DETECT/U146' is out of load range (0.002457, 0.135174) of lib_cell 'OA13X05AS9'
  load 0.001675 at pin 'O' of cell 'u_LOGIC_CENTER/CENTER1/DRD_OD/DRD_OD_PATTERN_DETECT/U149' is out of load range (0.002457, 0.135174) of lib_cell 'NAND2X05AS9'
  load 0.001620 at pin 'O' of cell 'u_LOGIC_CENTER/CENTER1/DRD_OD/DRD_OD_PATTERN_DETECT/U200' is out of load range (0.002457, 0.135174) of lib_cell 'NOR2X05AS9'
  load 0.001836 at pin 'O' of cell 'u_LOGIC_CENTER/CENTER1/DRD_OD/DRD_OD_PATTERN_DETECT/U201' is out of load range (0.002457, 0.135174) of lib_cell 'NOR2X05AS9'
  load 0.001472 at pin 'O' of cell 'u_LOGIC_CENTER/CENTER1/DRD_OD/DRD_OD_PATTERN_DETECT/U203' is out of load range (0.002457, 0.135174) of lib_cell 'NOR2X05AS9'
  load 0.001472 at pin 'O' of cell 'u_LOGIC_CENTER/CENTER1/DRD_OD/DRD_OD_PATTERN_DETECT/U204' is out of load range (0.002457, 0.135174) of lib_cell 'AO112X05AS9'
  load 0.001587 at pin 'O' of cell 'u_LOGIC_CENTER/CENTER1/DRD_OD/DRD_OD_PATTERN_DETECT/U205' is out of load range (0.002457, 0.135174) of lib_cell 'NOR2X05AS9'
  load 0.001726 at pin 'O' of cell 'u_LOGIC_CENTER/CENTER1/DRD_OD/DRD_OD_PATTERN_DETECT/U206' is out of load range (0.002457, 0.135174) of lib_cell 'AO112X05AS9'
  load 0.001587 at pin 'O' of cell 'u_LOGIC_CENTER/CENTER1/DRD_OD/DRD_OD_PATTERN_DETECT/U209' is out of load range (0.002457, 0.270347) of lib_cell 'OAI22B2X1AS9'
  load 0.001878 at pin 'O' of cell 'u_LOGIC_CENTER/CENTER1/DRD_OD/DRD_OD_PATTERN_DETECT/U150' is out of load range (0.002457, 0.135174) of lib_cell 'NAND2X05AS9'
  load 0.001531 at pin 'O' of cell 'u_LOGIC_CENTER/CENTER1/DRD_OD/DRD_OD_PATTERN_DETECT/U158' is out of load range (0.002457, 0.270347) of lib_cell 'AOI112X1AS9'
  load 0.001729 at pin 'O' of cell 'u_LOGIC_CENTER/CENTER1/DRD_OD/DRD_OD_PATTERN_DETECT/U51' is out of load range (0.002457, 0.135174) of lib_cell 'NAND2B1X05AS9'
  load 0.001566 at pin 'O' of cell 'u_LOGIC_CENTER/CENTER1/DRD_OD/DRD_OD_PATTERN_DETECT/U54' is out of load range (0.002457, 0.081104) of lib_cell 'INVX03AS9'
  load 0.001472 at pin 'O' of cell 'u_LOGIC_CENTER/CENTER1/DRD_OD/DRD_OD_PATTERN_DETECT/U210' is out of load range (0.002457, 0.135174) of lib_cell 'AO112X05AS9'
  load 0.001587 at pin 'O' of cell 'u_LOGIC_CENTER/CENTER1/DRD_OD/DRD_OD_PATTERN_DETECT/U211' is out of load range (0.002457, 0.135174) of lib_cell 'OA13X05AS9'
  load 0.001566 at pin 'O' of cell 'u_LOGIC_CENTER/CENTER1/DRD_OD/DRD_OD_PATTERN_DETECT/U214' is out of load range (0.002457, 0.135174) of lib_cell 'NOR2X05AS9'
  load 0.001836 at pin 'O' of cell 'u_LOGIC_CENTER/CENTER1/DRD_OD/DRD_OD_PATTERN_DETECT/U215' is out of load range (0.002457, 0.135174) of lib_cell 'NOR2X05AS9'
  load 0.001676 at pin 'O' of cell 'u_LOGIC_CENTER/CENTER1/DRD_OD/DRD_OD_PATTERN_DETECT/U217' is out of load range (0.002457, 0.135174) of lib_cell 'NOR2X05AS9'
  load 0.001697 at pin 'O' of cell 'u_LOGIC_CENTER/CENTER1/DRD_OD/DRD_OD_PATTERN_DETECT/U160' is out of load range (0.002457, 0.135174) of lib_cell 'OA13X05AS9'
  load 0.001554 at pin 'O' of cell 'u_LOGIC_CENTER/CENTER1/DRD_OD/DRD_OD_PATTERN_DETECT/U78' is out of load range (0.002457, 0.270347) of lib_cell 'AOI222X1AS9'
  load 0.001680 at pin 'O' of cell 'u_LOGIC_CENTER/CENTER1/DRD_OD/DRD_OD_PATTERN_DETECT/U22' is out of load range (0.002457, 0.270347) of lib_cell 'AOI222X1AS9'
  load 0.001549 at pin 'Q' of cell 'u_LOGIC_CENTER/CENTER1/DRD_OD/DATAI_L0_OD_WEIGHT_d1_reg_4_' is out of load range (0.002457, 0.135174) of lib_cell 'DFFRBQX05AS9'
  load 0.001549 at pin 'Q' of cell 'u_LOGIC_CENTER/CENTER1/DRD_OD/DATAI_L0_OD_WEIGHT_d1_reg_21_' is out of load range (0.002457, 0.135174) of lib_cell 'DFFRBQX05AS9'
  ramp 0.000000 at pin 'D1' of cell 'u_LOGIC_CENTER/CENTER1/DRD_OD/DATAI_L1_OD_WEIGHT_d1_reg_5_' is out of ramp range (0.005680, 1.182430) of lib_cell 'AND2DFFRBQX1AS9'
  ramp 0.000000 at pin 'D1' of cell 'u_LOGIC_CENTER/CENTER1/DRD_OD/DATAI_L1_OD_pre_reg_9_' is out of ramp range (0.005680, 1.182430) of lib_cell 'AND2DFFRBQX1AS9'
  ramp 0.000000 at pin 'TE' of cell 'u_LOGIC_CENTER/CENTER1/DRD_OD/CG_CELL_CLK_L0_OD_WG/CG_CELL' is out of ramp range (0.005680, 1.182430) of lib_cell 'GCKHBQX8AS9'
  load 0.001549 at pin 'Q' of cell 'u_LOGIC_CENTER/CENTER1/DRD_OD/DATAI_L0_OD_WEIGHT_d1_reg_5_' is out of load range (0.002457, 0.135174) of lib_cell 'DFFRBQX05AS9'
  load 0.001549 at pin 'Q' of cell 'u_LOGIC_CENTER/CENTER1/DRD_OD/DATAI_L0_OD_WEIGHT_d1_reg_22_' is out of load range (0.002457, 0.135174) of lib_cell 'DFFRBQX05AS9'
  ramp 0.000000 at pin 'D1' of cell 'u_LOGIC_CENTER/CENTER1/DRD_OD/DATAI_L1_OD_WEIGHT_d1_reg_6_' is out of ramp range (0.005680, 1.182430) of lib_cell 'AND2DFFRBQX1AS9'
  load 0.001534 at pin 'O' of cell 'u_LOGIC_CENTER/CENTER1/DRD_OD/POSTROUTE_FE_PHC105_n199' is out of load range (0.002457, 0.081104) of lib_cell 'BUFX03AS9'
  load 0.001549 at pin 'Q' of cell 'u_LOGIC_CENTER/CENTER1/DRD_OD/DATAI_L0_OD_WEIGHT_d1_reg_6_' is out of load range (0.002457, 0.135174) of lib_cell 'DFFRBQX05AS9'
  load 0.001549 at pin 'Q' of cell 'u_LOGIC_CENTER/CENTER1/DRD_OD/DATAI_L0_OD_WEIGHT_d1_reg_23_' is out of load range (0.002457, 0.135174) of lib_cell 'DFFRBQX05AS9'
  load 0.001683 at pin 'O' of cell 'u_LOGIC_CENTER/CENTER1/DRD_OD/POSTROUTE_FE_PSBC18_DATAI_L0_OD_pre_20' is out of load range (0.002457, 0.135174) of lib_cell 'BUFX05AS9'
  ramp 0.000000 at pin 'D1' of cell 'u_LOGIC_CENTER/CENTER1/DRD_OD/DATAI_L1_OD_WEIGHT_d1_reg_7_' is out of ramp range (0.005680, 1.182430) of lib_cell 'AND2DFFRBQX1AS9'
  load 0.001549 at pin 'Q' of cell 'u_LOGIC_CENTER/CENTER1/DRD_OD/DATAI_L0_OD_WEIGHT_d1_reg_7_' is out of load range (0.002457, 0.135174) of lib_cell 'DFFRBQX05AS9'
  ramp 0.000000 at pin 'D1' of cell 'u_LOGIC_CENTER/CENTER1/DRD_OD/DATAI_L1_OD_WEIGHT_d1_reg_8_' is out of ramp range (0.005680, 1.182430) of lib_cell 'AND2DFFRBQX1AS9'
  load 0.001549 at pin 'Q' of cell 'u_LOGIC_CENTER/CENTER1/DRD_OD/DATAI_L0_OD_WEIGHT_d1_reg_8_' is out of load range (0.002457, 0.135174) of lib_cell 'DFFRBQX05AS9'
  ramp 0.000000 at pin 'D1' of cell 'u_LOGIC_CENTER/CENTER1/DRD_OD/DATAI_L1_OD_WEIGHT_d1_reg_9_' is out of ramp range (0.005680, 1.182430) of lib_cell 'AND2DFFRBQX1AS9'
  load 0.001549 at pin 'Q' of cell 'u_LOGIC_CENTER/CENTER1/DRD_OD/DATAI_L0_OD_WEIGHT_d1_reg_9_' is out of load range (0.002457, 0.135174) of lib_cell 'DFFRBQX05AS9'
  ramp 0.000000 at pin 'D1' of cell 'u_LOGIC_CENTER/CENTER1/DRD_OD/DATAI_L1_OD_WEIGHT_d1_reg_10_' is out of ramp range (0.005680, 1.182430) of lib_cell 'AND2DFFRBQX1AS9'
  ramp 0.000000 at pin 'TE' of cell 'u_LOGIC_CENTER/CENTER1/DRD_OD/SNPS_CG_CELL_DTCLK_L1_DATAI_L1_OD_WEIGHT_d1_reg_0/latch' is out of ramp range (0.005680, 1.182430) of lib_cell 'GCKHBQX8AS9'
  ramp 0.000000 at pin 'D1' of cell 'u_LOGIC_CENTER/CENTER1/DRD_OD/DATAI_L1_OD_pre_reg_10_' is out of ramp range (0.005680, 1.182430) of lib_cell 'AND2DFFRBQX1AS9'
  load 0.001534 at pin 'O' of cell 'u_LOGIC_CENTER/CENTER1/DRD_OD/POSTROUTE_FE_PHC113_n176' is out of load range (0.002457, 0.081104) of lib_cell 'BUFX03AS9'
  ramp 0.000000 at pin 'TE' of cell 'u_LOGIC_CENTER/CENTER1/DRD_OD/SNPS_CG_CELL_DTCLK_L0_DATAI_L0_OD_WEIGHT_d1_reg_0/latch' is out of ramp range (0.005680, 1.182430) of lib_cell 'GCKHBQX8AS9'
  ramp 0.000000 at pin 'D1' of cell 'u_LOGIC_CENTER/CENTER1/DRD_OD/DATAI_L1_OD_WEIGHT_d1_reg_11_' is out of ramp range (0.005680, 1.182430) of lib_cell 'AND2DFFRBQX1AS9'
  ramp 0.000000 at pin 'D1' of cell 'u_LOGIC_CENTER/CENTER1/DRD_OD/DATAI_L1_OD_pre_reg_11_' is out of ramp range (0.005680, 1.182430) of lib_cell 'AND2DFFRBQX1AS9'
  ramp 0.000000 at pin 'D1' of cell 'u_LOGIC_CENTER/CENTER1/DRD_OD/DATAI_L1_OD_WEIGHT_d1_reg_12_' is out of ramp range (0.005680, 1.182430) of lib_cell 'AND2DFFRBQX1AS9'
  ramp 0.000000 at pin 'D1' of cell 'u_LOGIC_CENTER/CENTER1/DRD_OD/DATAI_L1_OD_pre_reg_12_' is out of ramp range (0.005680, 1.182430) of lib_cell 'AND2DFFRBQX1AS9'
  ramp 0.000000 at pin 'D1' of cell 'u_LOGIC_CENTER/CENTER1/DRD_OD/DATAI_L1_OD_WEIGHT_d1_reg_13_' is out of ramp range (0.005680, 1.182430) of lib_cell 'AND2DFFRBQX1AS9'
  ramp 0.000000 at pin 'D1' of cell 'u_LOGIC_CENTER/CENTER1/DRD_OD/DATAI_L1_OD_pre_reg_13_' is out of ramp range (0.005680, 1.182430) of lib_cell 'AND2DFFRBQX1AS9'
  load 0.001549 at pin 'Q' of cell 'u_LOGIC_CENTER/CENTER1/DRD_OD/DATAI_L0_OD_WEIGHT_d1_reg_10_' is out of load range (0.002457, 0.135174) of lib_cell 'DFFRBQX05AS9'
  load 0.001657 at pin 'OB' of cell 'u_LOGIC_CENTER/CENTER1/ANCTL_COMB/U97' is out of load range (0.002457, 0.270347) of lib_cell 'MUX2BX1AS9'
  load 0.001691 at pin 'O' of cell 'u_LOGIC_CENTER/CENTER1/ANCTL_COMB/U71' is out of load range (0.002457, 0.135174) of lib_cell 'NOR2X05AS9'
  load 0.001620 at pin 'O' of cell 'u_LOGIC_CENTER/CENTER1/ANCTL_COMB/U72' is out of load range (0.002457, 0.135174) of lib_cell 'AO13X05AS9'
  load 0.001836 at pin 'O' of cell 'u_LOGIC_CENTER/CENTER1/ANCTL_COMB/U77' is out of load range (0.002457, 0.135174) of lib_cell 'AO122X05AS9'
  load 0.001455 at pin 'O' of cell 'u_LOGIC_CENTER/CENTER1/ANCTL_COMB/U52' is out of load range (0.002457, 0.081104) of lib_cell 'INVX03AS9'
  load 0.001549 at pin 'O' of cell 'u_LOGIC_CENTER/CENTER1/ANCTL_COMB/U81' is out of load range (0.002457, 0.270347) of lib_cell 'AOI222X1AS9'
  load 0.001691 at pin 'O' of cell 'u_LOGIC_CENTER/CENTER1/ANCTL_COMB/U87' is out of load range (0.002457, 0.270347) of lib_cell 'AND3X1AS9'
  load 0.001455 at pin 'O' of cell 'u_LOGIC_CENTER/CENTER1/ANCTL_COMB/U62' is out of load range (0.002457, 0.081104) of lib_cell 'INVX03AS9'
  load 0.001566 at pin 'O' of cell 'u_LOGIC_CENTER/CENTER1/ANCTL_COMB/U65' is out of load range (0.002457, 0.270347) of lib_cell 'AND3X1AS9'
  load 0.001675 at pin 'O' of cell 'u_LOGIC_CENTER/CENTER1/ANCTL_COMB/U66' is out of load range (0.002457, 0.270347) of lib_cell 'OAI12B2X1AS9'
  load 0.001878 at pin 'O' of cell 'u_LOGIC_CENTER/CENTER1/ANCTL_COMB/U68' is out of load range (0.002457, 0.135174) of lib_cell 'AO112X05AS9'
  load 0.001676 at pin 'O' of cell 'u_LOGIC_CENTER/CENTER1/ANCTL_COMB/U90' is out of load range (0.002457, 0.270347) of lib_cell 'NAND4B1X1AS9'
  ramp 0.000000 at pin 'TE' of cell 'u_LOGIC_CENTER/CENTER1/ANCTL/SNPS_CG_CELL_CLK_OD_time_cnt_reg_0/latch' is out of ramp range (0.005680, 1.182430) of lib_cell 'GCKHBQX8AS9'
  load 0.001756 at pin 'O' of cell 'u_LOGIC_CENTER/CENTER1/ANCTL/U4' is out of load range (0.002457, 0.135174) of lib_cell 'MUX2X05AS9'
  load 0.001641 at pin 'O' of cell 'u_LOGIC_CENTER/CENTER1/ANCTL/U42' is out of load range (0.002457, 0.270347) of lib_cell 'OAI12B2X1AS9'
  load 0.001549 at pin 'O' of cell 'u_LOGIC_CENTER/CENTER1/ANCTL/U5' is out of load range (0.002457, 0.081104) of lib_cell 'INVX03AS9'
  load 0.001549 at pin 'O' of cell 'u_LOGIC_CENTER/CENTER1/ANCTL/U46' is out of load range (0.002457, 0.270347) of lib_cell 'OAI12B2X1AS9'
  load 0.001549 at pin 'O' of cell 'u_LOGIC_CENTER/CENTER1/ANCTL/U49' is out of load range (0.002457, 0.270347) of lib_cell 'OAI12B2X1AS9'
  ramp 0.000000 at pin 'D1' of cell 'u_LOGIC_CENTER/CENTER1/ANCTL/L_CNT_reg_1_' is out of ramp range (0.005680, 1.182430) of lib_cell 'AND2DFFRBQX1AS9'
  ramp 0.000000 at pin 'D1' of cell 'u_LOGIC_CENTER/CENTER1/ANCTL/OD_time_cnt_reg_5_' is out of ramp range (0.005680, 1.182430) of lib_cell 'AND2DFFRBQX1AS9'
  ramp 0.000000 at pin 'D' of cell 'u_LOGIC_CENTER/CENTER1/ANCTL/CS_START_reg_0_' is out of ramp range (0.005680, 1.182430) of lib_cell 'DFFSBQX1AS9'
  load 0.001554 at pin 'O' of cell 'u_LOGIC_CENTER/CENTER1/ANCTL/U21' is out of load range (0.002457, 0.135174) of lib_cell 'NAND2B1X05AS9'
  ramp 0.000000 at pin 'D1' of cell 'u_LOGIC_CENTER/CENTER1/ANCTL/STB_C_DLY_reg_2_' is out of ramp range (0.005680, 1.182430) of lib_cell 'AND2DFFRBQX1AS9'
  load 0.001554 at pin 'QB' of cell 'u_LOGIC_CENTER/CENTER1/ANCTL/WAKE_TP_reg' is out of load range (0.002457, 0.135174) of lib_cell 'DFFRSBQBX05AS9'
  ramp 0.000000 at pin 'D' of cell 'u_LOGIC_CENTER/CENTER1/ANCTL/WAKE_TP_reg' is out of ramp range (0.005680, 1.182430) of lib_cell 'DFFRSBQBX05AS9'
  ramp 0.000000 at pin 'D1' of cell 'u_LOGIC_CENTER/CENTER1/ANCTL/OD_time_cnt_reg_3_' is out of ramp range (0.005680, 1.182430) of lib_cell 'AND2DFFRBQX1AS9'
  load 0.001515 at pin 'O' of cell 'u_LOGIC_CENTER/CENTER1/ANCTL/BUF_POWERON_CLK' is out of load range (0.002457, 0.081104) of lib_cell 'BUFX03AS9'
  load 0.001549 at pin 'O' of cell 'u_LOGIC_CENTER/CENTER1/ANCTL/U51' is out of load range (0.002457, 0.270347) of lib_cell 'OAI12B2X1AS9'
  load 0.001683 at pin 'O' of cell 'u_LOGIC_CENTER/CENTER1/ANCTL/U54' is out of load range (0.002457, 0.270347) of lib_cell 'OAI12B2X1AS9'
  ramp 0.000000 at pin 'D1' of cell 'u_LOGIC_CENTER/CENTER1/ANCTL/LOD_LR_reg' is out of ramp range (0.005680, 1.182430) of lib_cell 'AND2DFFRBQX1AS9'
  load 0.001525 at pin 'O' of cell 'u_LOGIC_CENTER/CENTER1/ANCTL/U56' is out of load range (0.002457, 0.270347) of lib_cell 'OAI12B2X1AS9'
  ramp 0.000000 at pin 'D1' of cell 'u_LOGIC_CENTER/CENTER1/ANCTL/STB_C_DLY_reg_0_' is out of ramp range (0.005680, 1.182430) of lib_cell 'AND2DFFRBQX1AS9'
  load 0.001683 at pin 'O' of cell 'u_LOGIC_CENTER/CENTER1/ANCTL/U59' is out of load range (0.002457, 0.270347) of lib_cell 'XNOR2X1AS9'
  ramp 0.000000 at pin 'D1' of cell 'u_LOGIC_CENTER/CENTER1/ANCTL/L_CNT_reg_2_' is out of ramp range (0.005680, 1.182430) of lib_cell 'AND2DFFRBQX1AS9'
  ramp 0.000000 at pin 'D1' of cell 'u_LOGIC_CENTER/CENTER1/ANCTL/OD_time_cnt_reg_6_' is out of ramp range (0.005680, 1.182430) of lib_cell 'AND2DFFRBQX1AS9'
  ramp 0.000000 at pin 'D1' of cell 'u_LOGIC_CENTER/CENTER1/ANCTL/OD_time_cnt_reg_1_' is out of ramp range (0.005680, 1.182430) of lib_cell 'AND2DFFRBQX1AS9'
  load 0.001554 at pin 'O' of cell 'u_LOGIC_CENTER/CENTER1/ANCTL/U34' is out of load range (0.002457, 0.270347) of lib_cell 'CLKOR2X1AS9'
  ramp 0.000000 at pin 'D' of cell 'u_LOGIC_CENTER/CENTER1/ANCTL/CS_START_1d_reg' is out of ramp range (0.005680, 1.182430) of lib_cell 'DFFSBQX1AS9'
  ramp 0.000000 at pin 'D1' of cell 'u_LOGIC_CENTER/CENTER1/ANCTL/STB_C_DLY_reg_3_' is out of ramp range (0.005680, 1.182430) of lib_cell 'AND2DFFRBQX1AS9'
  load 0.001641 at pin 'O' of cell 'u_LOGIC_CENTER/CENTER1/ANCTL/U38' is out of load range (0.002457, 0.270347) of lib_cell 'OAI12B2X1AS9'
  ramp 0.000000 at pin 'D1' of cell 'u_LOGIC_CENTER/CENTER1/ANCTL/L_CNT_reg_0_' is out of ramp range (0.005680, 1.182430) of lib_cell 'AND2DFFRBQBX1AS9'
  ramp 0.000000 at pin 'D1' of cell 'u_LOGIC_CENTER/CENTER1/ANCTL/OD_time_cnt_reg_4_' is out of ramp range (0.005680, 1.182430) of lib_cell 'AND2DFFRBQX1AS9'
  load 0.001641 at pin 'O' of cell 'u_LOGIC_CENTER/CENTER1/ANCTL/U65' is out of load range (0.002457, 0.081104) of lib_cell 'INVX03AS9'
  load 0.001726 at pin 'O' of cell 'u_LOGIC_CENTER/CENTER1/ANCTL/U66' is out of load range (0.002457, 0.135174) of lib_cell 'AO12X05AS9'
  load 0.001680 at pin 'Q' of cell 'u_LOGIC_CENTER/CENTER1/ANCTL/STB_B_d1_reg' is out of load range (0.002457, 0.270347) of lib_cell 'AND2DFFRBQX1AS9'
  ramp 0.000000 at pin 'D1' of cell 'u_LOGIC_CENTER/CENTER1/ANCTL/STB_B_d1_reg' is out of ramp range (0.005680, 1.182430) of lib_cell 'AND2DFFRBQX1AS9'
  ramp 0.000000 at pin 'D1' of cell 'u_LOGIC_CENTER/CENTER1/ANCTL/STB_C_DLY_reg_1_' is out of ramp range (0.005680, 1.182430) of lib_cell 'AND2DFFRBQX1AS9'
  ramp 0.000000 at pin 'D1' of cell 'u_LOGIC_CENTER/CENTER1/ANCTL/OD_time_cnt_reg_7_' is out of ramp range (0.005680, 1.182430) of lib_cell 'AND2DFFRBQX1AS9'
  ramp 0.000000 at pin 'D1' of cell 'u_LOGIC_CENTER/CENTER1/ANCTL/F_CNT_reg_1_' is out of ramp range (0.005680, 1.182430) of lib_cell 'AND2DFFRBQX1AS9'
  ramp 0.000000 at pin 'D1' of cell 'u_LOGIC_CENTER/CENTER1/ANCTL/POL1_SYNC_reg_1_' is out of ramp range (0.005680, 1.182430) of lib_cell 'AND2DFFRBQX1AS9'
  ramp 0.000000 at pin 'D1' of cell 'u_LOGIC_CENTER/CENTER1/ANCTL/OD_time_cnt_reg_2_' is out of ramp range (0.005680, 1.182430) of lib_cell 'AND2DFFRBQX1AS9'
  load 0.001534 at pin 'Q' of cell 'u_LOGIC_CENTER/CENTER1/ANCTL/CS_START_2d_reg' is out of load range (0.002457, 0.270347) of lib_cell 'DFFSBQX1AS9'
  load 0.001554 at pin 'O' of cell 'u_LOGIC_CENTER/BISR_OBUF_R/U8' is out of load range (0.002457, 0.081104) of lib_cell 'BUFX03AS9'
  load 0.000000 at pin 'O' of cell 'C_443__IOBUF' is out of load range (0.002457, 2.162780) of lib_cell 'CLKBUFX8AS9'
  load 0.000000 at pin 'O' of cell 'C_287__IOBUF' is out of load range (0.002457, 2.162780) of lib_cell 'CLKBUFX8AS9'
  load 0.000000 at pin 'O' of cell 'C_428__IOBUF' is out of load range (0.002457, 2.162780) of lib_cell 'CLKBUFX8AS9'
  ramp 0.000000 at pin 'I' of cell 'C_6__IOBUF' is out of ramp range (0.005680, 1.182430) of lib_cell 'CLKBUFX8AS9'
  load 0.000000 at pin 'O' of cell 'C_178__IOBUF' is out of load range (0.002457, 2.162780) of lib_cell 'CLKBUFX8AS9'
  load 0.000000 at pin 'O' of cell 'C_284__IOBUF' is out of load range (0.002457, 2.162780) of lib_cell 'CLKBUFX8AS9'
  load 0.000000 at pin 'O' of cell 'C_519__IOBUF' is out of load range (0.002457, 2.162780) of lib_cell 'CLKBUFX8AS9'
  ramp 0.000000 at pin 'I' of cell 'C_3__IOBUF' is out of ramp range (0.005680, 1.182430) of lib_cell 'CLKBUFX8AS9'
  load 0.000000 at pin 'O' of cell 'C_269__IOBUF' is out of load range (0.002457, 2.162780) of lib_cell 'CLKBUFX8AS9'
  load 0.000000 at pin 'O' of cell 'C_390__IOBUF' is out of load range (0.002457, 2.162780) of lib_cell 'CLKBUFX8AS9'
  load 0.000000 at pin 'O' of cell 'C_375__IOBUF' is out of load range (0.002457, 2.162780) of lib_cell 'CLKBUFX8AS9'
  load 0.000000 at pin 'O' of cell 'C_481__IOBUF' is out of load range (0.002457, 2.162780) of lib_cell 'CLKBUFX8AS9'
  load 0.001534 at pin 'O' of cell 'C_31__IOBUF' is out of load range (0.002457, 2.162780) of lib_cell 'CLKBUFX8AS9'
  ramp 0.000000 at pin 'I' of cell 'C_31__IOBUF' is out of ramp range (0.005680, 1.182430) of lib_cell 'CLKBUFX8AS9'
  load 0.000000 at pin 'O' of cell 'C_466__IOBUF' is out of load range (0.002457, 2.162780) of lib_cell 'CLKBUFX8AS9'
  load 0.001534 at pin 'O' of cell 'C_16__IOBUF' is out of load range (0.002457, 2.162780) of lib_cell 'CLKBUFX8AS9'
  ramp 0.000000 at pin 'I' of cell 'C_16__IOBUF' is out of ramp range (0.005680, 1.182430) of lib_cell 'CLKBUFX8AS9'
  ramp 0.000000 at pin 'I' of cell 'C_13__IOBUF' is out of ramp range (0.005680, 1.182430) of lib_cell 'CLKBUFX8AS9'
  load 0.000000 at pin 'O' of cell 'C_289__IOBUF' is out of load range (0.002457, 2.162780) of lib_cell 'CLKBUFX8AS9'
  ramp 0.000000 at pin 'I' of cell 'C_8__IOBUF' is out of ramp range (0.005680, 1.182430) of lib_cell 'CLKBUFX8AS9'
  load 0.000000 at pin 'O' of cell 'C_102__IOBUF' is out of load range (0.002457, 2.162780) of lib_cell 'CLKBUFX8AS9'
  load 0.000000 at pin 'O' of cell 'C_395__IOBUF' is out of load range (0.002457, 2.162780) of lib_cell 'CLKBUFX8AS9'
  load 0.001534 at pin 'O' of cell 'C_51__IOBUF' is out of load range (0.002457, 2.162780) of lib_cell 'CLKBUFX8AS9'
  ramp 0.000000 at pin 'I' of cell 'C_51__IOBUF' is out of ramp range (0.005680, 1.182430) of lib_cell 'CLKBUFX8AS9'
  load 0.000000 at pin 'O' of cell 'C_486__IOBUF' is out of load range (0.002457, 2.162780) of lib_cell 'CLKBUFX8AS9'
  load 0.001534 at pin 'O' of cell 'C_36__IOBUF' is out of load range (0.002457, 2.162780) of lib_cell 'CLKBUFX8AS9'
  ramp 0.000000 at pin 'I' of cell 'C_36__IOBUF' is out of ramp range (0.005680, 1.182430) of lib_cell 'CLKBUFX8AS9'
  load 0.000000 at pin 'O' of cell 'C_122__IOBUF' is out of load range (0.002457, 2.162780) of lib_cell 'CLKBUFX8AS9'
  load 0.001554 at pin 'O' of cell 'PLACE_FE_OFC767_N_508__IOBUF' is out of load range (0.002457, 0.135174) of lib_cell 'INVX05AS9'
  load 0.000000 at pin 'O' of cell 'C_107__IOBUF' is out of load range (0.002457, 2.162780) of lib_cell 'CLKBUFX8AS9'
  load 0.000000 at pin 'O' of cell 'C_71__IOBUF' is out of load range (0.002457, 2.162780) of lib_cell 'CLKBUFX8AS9'
  load 0.000000 at pin 'O' of cell 'C_213__IOBUF' is out of load range (0.002457, 2.162780) of lib_cell 'CLKBUFX8AS9'
  load 0.000000 at pin 'O' of cell 'C_56__IOBUF' is out of load range (0.002457, 2.162780) of lib_cell 'CLKBUFX8AS9'
  load 0.000000 at pin 'O' of cell 'C_304__IOBUF' is out of load range (0.002457, 2.162780) of lib_cell 'CLKBUFX8AS9'
  load 0.000000 at pin 'O' of cell 'C_410__IOBUF' is out of load range (0.002457, 2.162780) of lib_cell 'CLKBUFX8AS9'
  load 0.000000 at pin 'O' of cell 'C_160__IOBUF' is out of load range (0.002457, 2.162780) of lib_cell 'CLKBUFX8AS9'
  load 0.000000 at pin 'O' of cell 'C_301__IOBUF' is out of load range (0.002457, 2.162780) of lib_cell 'CLKBUFX8AS9'
  load 0.000000 at pin 'O' of cell 'C_94__IOBUF' is out of load range (0.002457, 2.162780) of lib_cell 'CLKBUFX8AS9'
  load 0.000000 at pin 'O' of cell 'C_142__IOBUF' is out of load range (0.002457, 2.162780) of lib_cell 'CLKBUFX8AS9'
  load 0.000000 at pin 'O' of cell 'C_127__IOBUF' is out of load range (0.002457, 2.162780) of lib_cell 'CLKBUFX8AS9'
  load 0.000000 at pin 'O' of cell 'C_91__IOBUF' is out of load range (0.002457, 2.162780) of lib_cell 'CLKBUFX8AS9'
  load 0.000000 at pin 'O' of cell 'C_233__IOBUF' is out of load range (0.002457, 2.162780) of lib_cell 'CLKBUFX8AS9'
  load 0.000000 at pin 'O' of cell 'C_76__IOBUF' is out of load range (0.002457, 2.162780) of lib_cell 'CLKBUFX8AS9'
  load 0.000000 at pin 'O' of cell 'C_218__IOBUF' is out of load range (0.002457, 2.162780) of lib_cell 'CLKBUFX8AS9'
  load 0.000000 at pin 'O' of cell 'C_324__IOBUF' is out of load range (0.002457, 2.162780) of lib_cell 'CLKBUFX8AS9'
  load 0.000000 at pin 'O' of cell 'C_309__IOBUF' is out of load range (0.002457, 2.162780) of lib_cell 'CLKBUFX8AS9'
  load 0.000000 at pin 'O' of cell 'C_430__IOBUF' is out of load range (0.002457, 2.162780) of lib_cell 'CLKBUFX8AS9'
  load 0.000000 at pin 'O' of cell 'C_180__IOBUF' is out of load range (0.002457, 2.162780) of lib_cell 'CLKBUFX8AS9'
  load 0.000000 at pin 'O' of cell 'C_415__IOBUF' is out of load range (0.002457, 2.162780) of lib_cell 'CLKBUFX8AS9'
  load 0.000000 at pin 'O' of cell 'C_165__IOBUF' is out of load range (0.002457, 2.162780) of lib_cell 'CLKBUFX8AS9'
  load 0.000000 at pin 'O' of cell 'C_306__IOBUF' is out of load range (0.002457, 2.162780) of lib_cell 'CLKBUFX8AS9'
  load 0.000000 at pin 'O' of cell 'C_412__IOBUF' is out of load range (0.002457, 2.162780) of lib_cell 'CLKBUFX8AS9'
  load 0.000000 at pin 'O' of cell 'C_162__IOBUF' is out of load range (0.002457, 2.162780) of lib_cell 'CLKBUFX8AS9'
  load 0.000000 at pin 'O' of cell 'C_99__IOBUF' is out of load range (0.002457, 2.162780) of lib_cell 'CLKBUFX8AS9'
  load 0.000000 at pin 'O' of cell 'C_147__IOBUF' is out of load range (0.002457, 2.162780) of lib_cell 'CLKBUFX8AS9'
  load 0.000000 at pin 'O' of cell 'C_503__IOBUF' is out of load range (0.002457, 2.162780) of lib_cell 'CLKBUFX8AS9'
  load 0.000000 at pin 'O' of cell 'C_253__IOBUF' is out of load range (0.002457, 2.162780) of lib_cell 'CLKBUFX8AS9'
  ramp 0.000000 at pin 'I2' of cell 'AND_N_RST_BWDLA' is out of ramp range (0.005680, 1.182430) of lib_cell 'AND2X2AS9'
  load 0.000000 at pin 'O' of cell 'C_96__IOBUF' is out of load range (0.002457, 2.162780) of lib_cell 'CLKBUFX8AS9'
  load 0.000000 at pin 'O' of cell 'C_238__IOBUF' is out of load range (0.002457, 2.162780) of lib_cell 'CLKBUFX8AS9'
  load 0.000000 at pin 'O' of cell 'C_344__IOBUF' is out of load range (0.002457, 2.162780) of lib_cell 'CLKBUFX8AS9'
  load 0.000000 at pin 'O' of cell 'C_329__IOBUF' is out of load range (0.002457, 2.162780) of lib_cell 'CLKBUFX8AS9'
  load 0.000000 at pin 'O' of cell 'C_450__IOBUF' is out of load range (0.002457, 2.162780) of lib_cell 'CLKBUFX8AS9'
  load 0.000000 at pin 'O' of cell 'C_435__IOBUF' is out of load range (0.002457, 2.162780) of lib_cell 'CLKBUFX8AS9'
  load 0.000000 at pin 'O' of cell 'C_185__IOBUF' is out of load range (0.002457, 2.162780) of lib_cell 'CLKBUFX8AS9'
  load 0.000000 at pin 'O' of cell 'C_291__IOBUF' is out of load range (0.002457, 2.162780) of lib_cell 'CLKBUFX8AS9'
  load 0.000000 at pin 'O' of cell 'C_432__IOBUF' is out of load range (0.002457, 2.162780) of lib_cell 'CLKBUFX8AS9'
  load 0.000000 at pin 'O' of cell 'C_276__IOBUF' is out of load range (0.002457, 2.162780) of lib_cell 'CLKBUFX8AS9'
  load 0.000000 at pin 'O' of cell 'C_417__IOBUF' is out of load range (0.002457, 2.162780) of lib_cell 'CLKBUFX8AS9'
  load 0.000000 at pin 'O' of cell 'C_167__IOBUF' is out of load range (0.002457, 2.162780) of lib_cell 'CLKBUFX8AS9'
  load 0.000000 at pin 'O' of cell 'C_523__IOBUF' is out of load range (0.002457, 2.162780) of lib_cell 'CLKBUFX8AS9'
  load 0.000000 at pin 'O' of cell 'C_273__IOBUF' is out of load range (0.002457, 2.162780) of lib_cell 'CLKBUFX8AS9'
  load 0.000000 at pin 'O' of cell 'C_508__IOBUF' is out of load range (0.002457, 2.162780) of lib_cell 'CLKBUFX8AS9'
  load 0.000000 at pin 'O' of cell 'C_258__IOBUF' is out of load range (0.002457, 2.162780) of lib_cell 'CLKBUFX8AS9'
  load 0.000000 at pin 'O' of cell 'C_364__IOBUF' is out of load range (0.002457, 2.162780) of lib_cell 'CLKBUFX8AS9'
  load 0.000000 at pin 'O' of cell 'C_349__IOBUF' is out of load range (0.002457, 2.162780) of lib_cell 'CLKBUFX8AS9'
  load 0.001554 at pin 'O' of cell 'PLACE_FE_OFC158_N_384__IOBUF' is out of load range (0.002457, 0.135174) of lib_cell 'INVX05AS9'
  load 0.000000 at pin 'O' of cell 'C_470__IOBUF' is out of load range (0.002457, 2.162780) of lib_cell 'CLKBUFX8AS9'
  load 0.001534 at pin 'O' of cell 'C_20__IOBUF' is out of load range (0.002457, 2.162780) of lib_cell 'CLKBUFX8AS9'
  ramp 0.000000 at pin 'I' of cell 'C_20__IOBUF' is out of ramp range (0.005680, 1.182430) of lib_cell 'CLKBUFX8AS9'
  load 0.000000 at pin 'O' of cell 'C_455__IOBUF' is out of load range (0.002457, 2.162780) of lib_cell 'CLKBUFX8AS9'
  load 0.000000 at pin 'O' of cell 'C_296__IOBUF' is out of load range (0.002457, 2.162780) of lib_cell 'CLKBUFX8AS9'
  load 0.000000 at pin 'O' of cell 'C_293__IOBUF' is out of load range (0.002457, 2.162780) of lib_cell 'CLKBUFX8AS9'
  load 0.000000 at pin 'O' of cell 'C_278__IOBUF' is out of load range (0.002457, 2.162780) of lib_cell 'CLKBUFX8AS9'
  load 0.000000 at pin 'O' of cell 'C_384__IOBUF' is out of load range (0.002457, 2.162780) of lib_cell 'CLKBUFX8AS9'
  load 0.001554 at pin 'O' of cell 'PLACE_FE_OFC775_N_348__IOBUF' is out of load range (0.002457, 0.540694) of lib_cell 'CLKBUFX2AS9'
  load 0.000000 at pin 'O' of cell 'C_369__IOBUF' is out of load range (0.002457, 2.162780) of lib_cell 'CLKBUFX8AS9'
  load 0.000000 at pin 'O' of cell 'C_490__IOBUF' is out of load range (0.002457, 2.162780) of lib_cell 'CLKBUFX8AS9'
  load 0.001534 at pin 'O' of cell 'C_40__IOBUF' is out of load range (0.002457, 2.162780) of lib_cell 'CLKBUFX8AS9'
  ramp 0.000000 at pin 'I' of cell 'C_40__IOBUF' is out of ramp range (0.005680, 1.182430) of lib_cell 'CLKBUFX8AS9'
  load 0.000000 at pin 'O' of cell 'C_475__IOBUF' is out of load range (0.002457, 2.162780) of lib_cell 'CLKBUFX8AS9'
  load 0.001534 at pin 'O' of cell 'C_25__IOBUF' is out of load range (0.002457, 2.162780) of lib_cell 'CLKBUFX8AS9'
  ramp 0.000000 at pin 'I' of cell 'C_25__IOBUF' is out of ramp range (0.005680, 1.182430) of lib_cell 'CLKBUFX8AS9'
  load 0.000000 at pin 'O' of cell 'C_298__IOBUF' is out of load range (0.002457, 2.162780) of lib_cell 'CLKBUFX8AS9'
  load 0.000000 at pin 'O' of cell 'C_111__IOBUF' is out of load range (0.002457, 2.162780) of lib_cell 'CLKBUFX8AS9'
  load 0.000000 at pin 'O' of cell 'C_389__IOBUF' is out of load range (0.002457, 2.162780) of lib_cell 'CLKBUFX8AS9'
  load 0.000000 at pin 'O' of cell 'C_60__IOBUF' is out of load range (0.002457, 2.162780) of lib_cell 'CLKBUFX8AS9'
  load 0.000000 at pin 'O' of cell 'C_202__IOBUF' is out of load range (0.002457, 2.162780) of lib_cell 'CLKBUFX8AS9'
  load 0.000000 at pin 'O' of cell 'C_495__IOBUF' is out of load range (0.002457, 2.162780) of lib_cell 'CLKBUFX8AS9'
  load 0.001534 at pin 'O' of cell 'C_45__IOBUF' is out of load range (0.002457, 2.162780) of lib_cell 'CLKBUFX8AS9'
  ramp 0.000000 at pin 'I' of cell 'C_45__IOBUF' is out of ramp range (0.005680, 1.182430) of lib_cell 'CLKBUFX8AS9'
  load 0.000000 at pin 'O' of cell 'C_83__IOBUF' is out of load range (0.002457, 2.162780) of lib_cell 'CLKBUFX8AS9'
  load 0.000000 at pin 'O' of cell 'C_131__IOBUF' is out of load range (0.002457, 2.162780) of lib_cell 'CLKBUFX8AS9'
  load 0.000000 at pin 'O' of cell 'C_116__IOBUF' is out of load range (0.002457, 2.162780) of lib_cell 'CLKBUFX8AS9'
  load 0.000000 at pin 'O' of cell 'C_80__IOBUF' is out of load range (0.002457, 2.162780) of lib_cell 'CLKBUFX8AS9'
  load 0.000000 at pin 'O' of cell 'C_222__IOBUF' is out of load range (0.002457, 2.162780) of lib_cell 'CLKBUFX8AS9'
  load 0.000000 at pin 'O' of cell 'C_65__IOBUF' is out of load range (0.002457, 2.162780) of lib_cell 'CLKBUFX8AS9'
  load 0.000000 at pin 'O' of cell 'C_207__IOBUF' is out of load range (0.002457, 2.162780) of lib_cell 'CLKBUFX8AS9'
Warning: There are 985 out_of_range ramps.
Warning: There are 1442 out_of_range loads.
Information: Checking 'missing_table'.
Information: Checking 'missing_function'.
  library cell 'ANTENNAX1AS9' in library 'M31HSSC900EL150SS_25CTT1P8_typ_ccs' has an output pin wihtout function.
  library cell '*APR_CDM' is unresolved.
Warning: There are 2 library cells without function.
0
