****************************************
Report : case_analysis propagation
Design : HV2M23_digital_top
Version: M-2017.06-SP3-3
Date   : Wed Aug 12 16:30:56 2026
****************************************

1.1.1 Forward propagation on NET pins (level 1)
----------------------------------------------------
  Propagation of logic 'constant 1' from pin 'eco_tie1_1/TIE1' on net 'eco_tie0_1_Net':
    > pin 'u_LOGIC_CENTER/LINK_LOGIC/LC_CPUWR_HV2M23/R_REG_36_reg_2_/RB' at logic 'constant 1'
    > pin 'u_LOGIC_CENTER/LINK_LOGIC/LC_CPUWR_HV2M23/R_REG_36_reg_3_/RB' at logic 'constant 1'
    > pin 'u_LOGIC_CENTER/LINK_LOGIC/LC_CPUWR_HV2M23/R_REG_36_reg_4_/RB' at logic 'constant 1'
    > pin 'u_LOGIC_CENTER/LINK_LOGIC/LC_CPUWR_HV2M23/R_REG_36_reg_5_/RB' at logic 'constant 1'
    > pin 'u_LOGIC_CENTER/LINK_LOGIC/LC_CPUWR_HV2M23/R_REG_36_reg_0_/RB' at logic 'constant 1'
    > pin 'u_LOGIC_CENTER/LINK_LOGIC/LC_CPUWR_HV2M23/R_REG_36_reg_1_/RB' at logic 'constant 1'

1.1.2 Forward propagation through CELLS (level 1)
----------------------------------------------------

1.1.2 Forward propagation through CELLS (level 1)
----------------------------------------------------

1.1.2 Forward propagation through CELLS (level 1)
----------------------------------------------------

1.1.2 Forward propagation through CELLS (level 1)
----------------------------------------------------

1.1.2 Forward propagation through CELLS (level 1)
----------------------------------------------------

1.1.2 Forward propagation through CELLS (level 1)
----------------------------------------------------

2.1.1 Forward propagation on NET pins (level 1)
----------------------------------------------------
  Propagation of logic 'constant 1' from pin 'eco_tie1_0/TIE1' on net 'eco_tie1_0_Net':
    > pin 'AND_N_RST_BWDLA/I2' at logic 'constant 1'

2.1.2 Forward propagation through CELLS (level 1)
----------------------------------------------------

3.1.1 Forward propagation on NET pins (level 1)
----------------------------------------------------
  Propagation of logic 'constant 0' from pin 'eco_0810_tie0/TIE0' on net 'eco_0810_tie0_Net':
    > pin 'u_LOGIC_CENTER/CENTER1/TOTAL_DTCTL/DTCTL_L0/U425/B2' at logic 'constant 0'

3.1.2 Forward propagation through CELLS (level 1)
----------------------------------------------------

4.1.1 Forward propagation on NET pins (level 1)
----------------------------------------------------
  Propagation of logic 'constant 1' from pin 'u_LOGIC_CENTER/CLKGEN_U0/U_DCLK0_OD_DIV2/LTIEHI/TIE1' on net 'u_LOGIC_CENTER/CLKGEN_U0/U_DCLK0_OD_DIV2/LTIEHI_NET':
    > pin 'u_LOGIC_CENTER/CLKGEN_U0/U_DCLK0_OD_DIV2/CLK_DIV_NEG_PRE_reg/D1' at logic 'constant 1'

4.1.2 Forward propagation through CELLS (level 1)
----------------------------------------------------

5.1.1 Forward propagation on NET pins (level 1)
----------------------------------------------------
  Propagation of logic 'constant 1' from pin 'u_LOGIC_CENTER/CLKGEN_U0/U_DCLK0_DIV1P5/LTIEHI/TIE1' on net 'u_LOGIC_CENTER/CLKGEN_U0/U_DCLK0_DIV1P5/LTIEHI_NET':
    > pin 'u_LOGIC_CENTER/CLKGEN_U0/U_DCLK0_DIV1P5/SAMP_CNT_2_INV_reg/D1' at logic 'constant 1'
    > pin 'u_LOGIC_CENTER/CLKGEN_U0/U_DCLK0_DIV1P5/SAMP_CNT_0_INV_reg/D1' at logic 'constant 1'

5.1.2 Forward propagation through CELLS (level 1)
----------------------------------------------------

5.1.2 Forward propagation through CELLS (level 1)
----------------------------------------------------

6.1.1 Forward propagation on NET pins (level 1)
----------------------------------------------------
  Propagation of logic 'constant 0' from pin 'u_LOGIC_CENTER/CLKGEN_U0/CG_CELL_SETTING_DCLK0_DIV/LTIELO/TIE0' on net 'u_LOGIC_CENTER/CLKGEN_U0/CG_CELL_SETTING_DCLK0_DIV/LTIELO_NET':
    > pin 'u_LOGIC_CENTER/CLKGEN_U0/CG_CELL_SETTING_DCLK0_DIV/CG_CELL/TE' at logic 'constant 0'

6.1.2 Forward propagation through CELLS (level 1)
----------------------------------------------------

7.1.1 Forward propagation on NET pins (level 1)
----------------------------------------------------
  Propagation of logic 'constant 1' from pin 'u_LOGIC_CENTER/CLKGEN_U0/U_DCLK0_OD_DIV1P5/LTIEHI/TIE1' on net 'u_LOGIC_CENTER/CLKGEN_U0/U_DCLK0_OD_DIV1P5/LTIEHI_NET':
    > pin 'u_LOGIC_CENTER/CLKGEN_U0/U_DCLK0_OD_DIV1P5/SAMP_CNT_0_INV_reg/D1' at logic 'constant 1'
    > pin 'u_LOGIC_CENTER/CLKGEN_U0/U_DCLK0_OD_DIV1P5/SAMP_CNT_2_INV_reg/D1' at logic 'constant 1'

7.1.2 Forward propagation through CELLS (level 1)
----------------------------------------------------

7.1.2 Forward propagation through CELLS (level 1)
----------------------------------------------------

8.1.1 Forward propagation on NET pins (level 1)
----------------------------------------------------
  Propagation of logic 'constant 1' from pin 'u_LOGIC_CENTER/CLKGEN_U0/LTIEHI/TIE1' on net 'u_LOGIC_CENTER/CLKGEN_U0/LTIEHI_NET':
    > pin 'u_LOGIC_CENTER/CLKGEN_U0/LOCK_FREQ1_DLY_reg_0_/D1' at logic 'constant 1'
    > pin 'u_LOGIC_CENTER/CLKGEN_U0/LOCK_FREQ0_DLY_reg_0_/D1' at logic 'constant 1'
    > pin 'u_LOGIC_CENTER/CLKGEN_U0/LOCK_FREQ1_DLY_reg_1_/D1' at logic 'constant 1'
    > pin 'u_LOGIC_CENTER/CLKGEN_U0/LOCK_FREQ0_DLY_reg_1_/D1' at logic 'constant 1'

8.1.2 Forward propagation through CELLS (level 1)
----------------------------------------------------

8.1.2 Forward propagation through CELLS (level 1)
----------------------------------------------------

8.1.2 Forward propagation through CELLS (level 1)
----------------------------------------------------

8.1.2 Forward propagation through CELLS (level 1)
----------------------------------------------------

9.1.1 Forward propagation on NET pins (level 1)
----------------------------------------------------
  Propagation of logic 'constant 1' from pin 'u_LOGIC_CENTER/CLKGEN_U1/U_DCLK1_DIV1P5/LTIEHI/TIE1' on net 'u_LOGIC_CENTER/CLKGEN_U1/U_DCLK1_DIV1P5/LTIEHI_NET':
    > pin 'u_LOGIC_CENTER/CLKGEN_U1/U_DCLK1_DIV1P5/SAMP_CNT_2_INV_reg/D1' at logic 'constant 1'
    > pin 'u_LOGIC_CENTER/CLKGEN_U1/U_DCLK1_DIV1P5/SAMP_CNT_0_INV_reg/D1' at logic 'constant 1'

9.1.2 Forward propagation through CELLS (level 1)
----------------------------------------------------

9.1.2 Forward propagation through CELLS (level 1)
----------------------------------------------------

10.1.1 Forward propagation on NET pins (level 1)
----------------------------------------------------
  Propagation of logic 'constant 1' from pin 'u_LOGIC_CENTER/CLKGEN_U1/U_DCLK1_OD_DIV1P5/LTIEHI/TIE1' on net 'u_LOGIC_CENTER/CLKGEN_U1/U_DCLK1_OD_DIV1P5/LTIEHI_NET':
    > pin 'u_LOGIC_CENTER/CLKGEN_U1/U_DCLK1_OD_DIV1P5/SAMP_CNT_0_INV_reg/D1' at logic 'constant 1'
    > pin 'u_LOGIC_CENTER/CLKGEN_U1/U_DCLK1_OD_DIV1P5/SAMP_CNT_2_INV_reg/D1' at logic 'constant 1'

10.1.2 Forward propagation through CELLS (level 1)
----------------------------------------------------

10.1.2 Forward propagation through CELLS (level 1)
----------------------------------------------------

11.1.1 Forward propagation on NET pins (level 1)
----------------------------------------------------
  Propagation of logic 'constant 1' from pin 'u_LOGIC_CENTER/CLKGEN_U1/U_DCLK1_OD_DIV2/LTIEHI/TIE1' on net 'u_LOGIC_CENTER/CLKGEN_U1/U_DCLK1_OD_DIV2/LTIEHI_NET':
    > pin 'u_LOGIC_CENTER/CLKGEN_U1/U_DCLK1_OD_DIV2/CLK_DIV_NEG_PRE_reg/D1' at logic 'constant 1'

11.1.2 Forward propagation through CELLS (level 1)
----------------------------------------------------

12.1.1 Forward propagation on NET pins (level 1)
----------------------------------------------------
  Propagation of logic 'constant 0' from pin 'u_LOGIC_CENTER/GMA_OBUF/LTIELO/TIE0' on net 'u_LOGIC_CENTER/GMA_OBUF/LTIELO_NET':
    > pin 'u_LOGIC_CENTER/GMA_OBUF/BUF_PGMA_MNT_NEG_1/I' at logic 'constant 0'
    > pin 'u_LOGIC_CENTER/GMA_OBUF/BUF_PGMA_MNT_POS_1/I' at logic 'constant 0'

12.1.2 Forward propagation through CELLS (level 1)
----------------------------------------------------
  Cell 'u_LOGIC_CENTER/GMA_OBUF/BUF_PGMA_MNT_NEG_1' (libcell 'BUFX1AS9') :
    input pin 'u_LOGIC_CENTER/GMA_OBUF/BUF_PGMA_MNT_NEG_1/I' at logic 'constant 0'
    > output pin 'u_LOGIC_CENTER/GMA_OBUF/BUF_PGMA_MNT_NEG_1/O' at logic 'constant 0'

12.2.1 Forward propagation on NET pins (level 2)
----------------------------------------------------
  Propagation of logic 'constant 0' from pin 'u_LOGIC_CENTER/GMA_OBUF/BUF_PGMA_MNT_NEG_1/O'

12.1.2 Forward propagation through CELLS (level 1)
----------------------------------------------------
  Cell 'u_LOGIC_CENTER/GMA_OBUF/BUF_PGMA_MNT_POS_1' (libcell 'BUFX1AS9') :
    input pin 'u_LOGIC_CENTER/GMA_OBUF/BUF_PGMA_MNT_POS_1/I' at logic 'constant 0'
    > output pin 'u_LOGIC_CENTER/GMA_OBUF/BUF_PGMA_MNT_POS_1/O' at logic 'constant 0'

12.2.1 Forward propagation on NET pins (level 2)
----------------------------------------------------
  Propagation of logic 'constant 0' from pin 'u_LOGIC_CENTER/GMA_OBUF/BUF_PGMA_MNT_POS_1/O'

13.1.1 Forward propagation on NET pins (level 1)
----------------------------------------------------
  Propagation of logic 'constant 0' from pin 'u_LOGIC_CENTER/GMA_OBUF/LTIELO_1/TIE0' on net 'u_LOGIC_CENTER/GMA_OBUF/LTIELO_1_NET':
    > pin 'u_LOGIC_CENTER/GMA_OBUF/BUF_PGMA_MNT_NEG_2/I' at logic 'constant 0'

13.1.2 Forward propagation through CELLS (level 1)
----------------------------------------------------
  Cell 'u_LOGIC_CENTER/GMA_OBUF/BUF_PGMA_MNT_NEG_2' (libcell 'BUFX1AS9') :
    input pin 'u_LOGIC_CENTER/GMA_OBUF/BUF_PGMA_MNT_NEG_2/I' at logic 'constant 0'
    > output pin 'u_LOGIC_CENTER/GMA_OBUF/BUF_PGMA_MNT_NEG_2/O' at logic 'constant 0'

13.2.1 Forward propagation on NET pins (level 2)
----------------------------------------------------
  Propagation of logic 'constant 0' from pin 'u_LOGIC_CENTER/GMA_OBUF/BUF_PGMA_MNT_NEG_2/O'

14.1.1 Forward propagation on NET pins (level 1)
----------------------------------------------------
  Propagation of logic 'constant 0' from pin 'u_LOGIC_CENTER/GMA_OBUF/LTIELO_2/TIE0' on net 'u_LOGIC_CENTER/GMA_OBUF/LTIELO_2_NET':
    > pin 'u_LOGIC_CENTER/GMA_OBUF/BUF_PGMA_MNT_NEG_0/I' at logic 'constant 0'
    > pin 'u_LOGIC_CENTER/GMA_OBUF/BUF_PGMA_MNT_POS_0/I' at logic 'constant 0'

14.1.2 Forward propagation through CELLS (level 1)
----------------------------------------------------
  Cell 'u_LOGIC_CENTER/GMA_OBUF/BUF_PGMA_MNT_NEG_0' (libcell 'BUFX1AS9') :
    input pin 'u_LOGIC_CENTER/GMA_OBUF/BUF_PGMA_MNT_NEG_0/I' at logic 'constant 0'
    > output pin 'u_LOGIC_CENTER/GMA_OBUF/BUF_PGMA_MNT_NEG_0/O' at logic 'constant 0'

14.2.1 Forward propagation on NET pins (level 2)
----------------------------------------------------
  Propagation of logic 'constant 0' from pin 'u_LOGIC_CENTER/GMA_OBUF/BUF_PGMA_MNT_NEG_0/O'

14.1.2 Forward propagation through CELLS (level 1)
----------------------------------------------------
  Cell 'u_LOGIC_CENTER/GMA_OBUF/BUF_PGMA_MNT_POS_0' (libcell 'BUFX1AS9') :
    input pin 'u_LOGIC_CENTER/GMA_OBUF/BUF_PGMA_MNT_POS_0/I' at logic 'constant 0'
    > output pin 'u_LOGIC_CENTER/GMA_OBUF/BUF_PGMA_MNT_POS_0/O' at logic 'constant 0'

14.2.1 Forward propagation on NET pins (level 2)
----------------------------------------------------
  Propagation of logic 'constant 0' from pin 'u_LOGIC_CENTER/GMA_OBUF/BUF_PGMA_MNT_POS_0/O'

15.1.1 Forward propagation on NET pins (level 1)
----------------------------------------------------
  Propagation of logic 'constant 0' from pin 'u_LOGIC_CENTER/GMA_OBUF/LTIELO_3/TIE0' on net 'u_LOGIC_CENTER/GMA_OBUF/LTIELO_3_NET':
    > pin 'u_LOGIC_CENTER/GMA_OBUF/BUF_PGMA_MNT_POS_2/I' at logic 'constant 0'

15.1.2 Forward propagation through CELLS (level 1)
----------------------------------------------------
  Cell 'u_LOGIC_CENTER/GMA_OBUF/BUF_PGMA_MNT_POS_2' (libcell 'BUFX1AS9') :
    input pin 'u_LOGIC_CENTER/GMA_OBUF/BUF_PGMA_MNT_POS_2/I' at logic 'constant 0'
    > output pin 'u_LOGIC_CENTER/GMA_OBUF/BUF_PGMA_MNT_POS_2/O' at logic 'constant 0'

15.2.1 Forward propagation on NET pins (level 2)
----------------------------------------------------
  Propagation of logic 'constant 0' from pin 'u_LOGIC_CENTER/GMA_OBUF/BUF_PGMA_MNT_POS_2/O'

16.1.1 Forward propagation on NET pins (level 1)
----------------------------------------------------
  Propagation of logic 'constant 1' from pin 'u_LOGIC_CENTER/I2C_CTL/I2C_ST/LTIEHI/TIE1' on net 'u_LOGIC_CENTER/I2C_CTL/I2C_ST/LTIEHI_NET':
    > pin 'u_LOGIC_CENTER/I2C_CTL/I2C_ST/REG_ADDR_reg_2_/D1' at logic 'constant 1'
    > pin 'u_LOGIC_CENTER/I2C_CTL/I2C_ST/REG_DATA_reg_4_/D1' at logic 'constant 1'
    > pin 'u_LOGIC_CENTER/I2C_CTL/I2C_ST/REG_ADDR_reg_3_/D1' at logic 'constant 1'
    > pin 'u_LOGIC_CENTER/I2C_CTL/I2C_ST/I2C_BIT_CNT_reg_1_/SB' at logic 'constant 1'
    > pin 'u_LOGIC_CENTER/I2C_CTL/I2C_ST/REG_DATA_reg_5_/D1' at logic 'constant 1'
    > pin 'u_LOGIC_CENTER/I2C_CTL/I2C_ST/CUR_STATE_reg_1_/D1' at logic 'constant 1'
    > pin 'u_LOGIC_CENTER/I2C_CTL/I2C_ST/REG_DATA_reg_0_/D1' at logic 'constant 1'
    > pin 'u_LOGIC_CENTER/I2C_CTL/I2C_ST/TEST_ID_MATCH_reg/D1' at logic 'constant 1'
    > pin 'u_LOGIC_CENTER/I2C_CTL/I2C_ST/REG_ADDR_reg_4_/D1' at logic 'constant 1'
    > pin 'u_LOGIC_CENTER/I2C_CTL/I2C_ST/I2C_BIT_CNT_reg_2_/D1' at logic 'constant 1'
    > pin 'u_LOGIC_CENTER/I2C_CTL/I2C_ST/REG_DATA_reg_6_/D1' at logic 'constant 1'
    > pin 'u_LOGIC_CENTER/I2C_CTL/I2C_ST/REG_DATA_reg_1_/D1' at logic 'constant 1'
    > pin 'u_LOGIC_CENTER/I2C_CTL/I2C_ST/REG_ADDR_reg_5_/D1' at logic 'constant 1'
    > pin 'u_LOGIC_CENTER/I2C_CTL/I2C_ST/I2C_BIT_CNT_reg_3_/D1' at logic 'constant 1'
    > pin 'u_LOGIC_CENTER/I2C_CTL/I2C_ST/REG_ADDR_reg_0_/D1' at logic 'constant 1'
    > pin 'u_LOGIC_CENTER/I2C_CTL/I2C_ST/REG_DATA_reg_7_/D1' at logic 'constant 1'
    > pin 'u_LOGIC_CENTER/I2C_CTL/I2C_ST/REG_DATA_reg_2_/D1' at logic 'constant 1'
    > pin 'u_LOGIC_CENTER/I2C_CTL/I2C_ST/REG_ADDR_reg_6_/D1' at logic 'constant 1'
    > pin 'u_LOGIC_CENTER/I2C_CTL/I2C_ST/ID_MATCH_reg/D1' at logic 'constant 1'
    > pin 'u_LOGIC_CENTER/I2C_CTL/I2C_ST/DATA_ACK_D1_reg/D1' at logic 'constant 1'
    > pin 'u_LOGIC_CENTER/I2C_CTL/I2C_ST/REG_ADDR_reg_1_/D1' at logic 'constant 1'
    > pin 'u_LOGIC_CENTER/I2C_CTL/I2C_ST/REG_DATA_reg_3_/D1' at logic 'constant 1'
    > pin 'u_LOGIC_CENTER/I2C_CTL/I2C_ST/REG_ADDR_reg_7_/D1' at logic 'constant 1'

16.1.2 Forward propagation through CELLS (level 1)
----------------------------------------------------

16.1.2 Forward propagation through CELLS (level 1)
----------------------------------------------------

16.1.2 Forward propagation through CELLS (level 1)
----------------------------------------------------

16.1.2 Forward propagation through CELLS (level 1)
----------------------------------------------------

16.1.2 Forward propagation through CELLS (level 1)
----------------------------------------------------

16.1.2 Forward propagation through CELLS (level 1)
----------------------------------------------------

16.1.2 Forward propagation through CELLS (level 1)
----------------------------------------------------

16.1.2 Forward propagation through CELLS (level 1)
----------------------------------------------------

16.1.2 Forward propagation through CELLS (level 1)
----------------------------------------------------

16.1.2 Forward propagation through CELLS (level 1)
----------------------------------------------------

16.1.2 Forward propagation through CELLS (level 1)
----------------------------------------------------

16.1.2 Forward propagation through CELLS (level 1)
----------------------------------------------------

16.1.2 Forward propagation through CELLS (level 1)
----------------------------------------------------

16.1.2 Forward propagation through CELLS (level 1)
----------------------------------------------------

16.1.2 Forward propagation through CELLS (level 1)
----------------------------------------------------

16.1.2 Forward propagation through CELLS (level 1)
----------------------------------------------------

16.1.2 Forward propagation through CELLS (level 1)
----------------------------------------------------

16.1.2 Forward propagation through CELLS (level 1)
----------------------------------------------------

16.1.2 Forward propagation through CELLS (level 1)
----------------------------------------------------

16.1.2 Forward propagation through CELLS (level 1)
----------------------------------------------------

16.1.2 Forward propagation through CELLS (level 1)
----------------------------------------------------

16.1.2 Forward propagation through CELLS (level 1)
----------------------------------------------------

16.1.2 Forward propagation through CELLS (level 1)
----------------------------------------------------

17.1.1 Forward propagation on NET pins (level 1)
----------------------------------------------------
  Propagation of logic 'constant 1' from pin 'u_LOGIC_CENTER/I2C_CTL/I2C_ST/LTIEHI_1/TIE1' on net 'u_LOGIC_CENTER/I2C_CTL/I2C_ST/LTIEHI_1_NET':
    > pin 'u_LOGIC_CENTER/I2C_CTL/I2C_ST/I2C_WD_CNT_reg_0_/D1' at logic 'constant 1'

17.1.2 Forward propagation through CELLS (level 1)
----------------------------------------------------

18.1.1 Forward propagation on NET pins (level 1)
----------------------------------------------------
  Propagation of logic 'constant 1' from pin 'u_LOGIC_CENTER/I2C_CTL/I2C_ST/LTIEHI_2/TIE1' on net 'u_LOGIC_CENTER/I2C_CTL/I2C_ST/LTIEHI_2_NET':
    > pin 'u_LOGIC_CENTER/I2C_CTL/I2C_ST/START_PULSE_SYNC_reg_1_/D1' at logic 'constant 1'
    > pin 'u_LOGIC_CENTER/I2C_CTL/I2C_ST/I2C_WD_EN_reg/D1' at logic 'constant 1'
    > pin 'u_LOGIC_CENTER/I2C_CTL/I2C_ST/STOP_PULSE_SYNC_reg_0_/D1' at logic 'constant 1'
    > pin 'u_LOGIC_CENTER/I2C_CTL/I2C_ST/START_PULSE_SYNC_reg_2_/D1' at logic 'constant 1'
    > pin 'u_LOGIC_CENTER/I2C_CTL/I2C_ST/STOP_PULSE_SYNC_reg_1_/D1' at logic 'constant 1'
    > pin 'u_LOGIC_CENTER/I2C_CTL/I2C_ST/STOP_PULSE_SYNC_reg_2_/D1' at logic 'constant 1'

18.1.2 Forward propagation through CELLS (level 1)
----------------------------------------------------

18.1.2 Forward propagation through CELLS (level 1)
----------------------------------------------------

18.1.2 Forward propagation through CELLS (level 1)
----------------------------------------------------

18.1.2 Forward propagation through CELLS (level 1)
----------------------------------------------------

18.1.2 Forward propagation through CELLS (level 1)
----------------------------------------------------

18.1.2 Forward propagation through CELLS (level 1)
----------------------------------------------------

19.1.1 Forward propagation on NET pins (level 1)
----------------------------------------------------
  Propagation of logic 'constant 0' from pin 'u_LOGIC_CENTER/I2C_CTL/I2C_ST/SNPS_CG_CELL_SCL_INV_REG_DATA_reg_0/LTIELO/TIE0' on net 'u_LOGIC_CENTER/I2C_CTL/I2C_ST/SNPS_CG_CELL_SCL_INV_REG_DATA_reg_0/LTIELO_NET':
    > pin 'u_LOGIC_CENTER/I2C_CTL/I2C_ST/SNPS_CG_CELL_SCL_INV_REG_DATA_reg_0/latch/TE' at logic 'constant 0'

19.1.2 Forward propagation through CELLS (level 1)
----------------------------------------------------

20.1.1 Forward propagation on NET pins (level 1)
----------------------------------------------------
  Propagation of logic 'constant 0' from pin 'u_LOGIC_CENTER/DC_INBUF/LTIELO/TIE0' on net 'u_LOGIC_CENTER/DC_INBUF/LTIELO_NET':
    > pin 'u_LOGIC_CENTER/DC_INBUF/BUF_POFF_CS_SEL_1/I' at logic 'constant 0'

20.1.2 Forward propagation through CELLS (level 1)
----------------------------------------------------
  Cell 'u_LOGIC_CENTER/DC_INBUF/BUF_POFF_CS_SEL_1' (libcell 'BUFX1AS9') :
    input pin 'u_LOGIC_CENTER/DC_INBUF/BUF_POFF_CS_SEL_1/I' at logic 'constant 0'
    > output pin 'u_LOGIC_CENTER/DC_INBUF/BUF_POFF_CS_SEL_1/O' at logic 'constant 0'

20.2.1 Forward propagation on NET pins (level 2)
----------------------------------------------------
  Propagation of logic 'constant 0' from pin 'u_LOGIC_CENTER/DC_INBUF/BUF_POFF_CS_SEL_1/O'

21.1.1 Forward propagation on NET pins (level 1)
----------------------------------------------------
  Propagation of logic 'constant 0' from pin 'u_LOGIC_CENTER/DC_INBUF/LTIELO_1/TIE0' on net 'u_LOGIC_CENTER/DC_INBUF/LTIELO_1_NET':
    > pin 'u_LOGIC_CENTER/DC_INBUF/BUF_POFF_CS_SEL_0/I' at logic 'constant 0'

21.1.2 Forward propagation through CELLS (level 1)
----------------------------------------------------
  Cell 'u_LOGIC_CENTER/DC_INBUF/BUF_POFF_CS_SEL_0' (libcell 'BUFX1AS9') :
    input pin 'u_LOGIC_CENTER/DC_INBUF/BUF_POFF_CS_SEL_0/I' at logic 'constant 0'
    > output pin 'u_LOGIC_CENTER/DC_INBUF/BUF_POFF_CS_SEL_0/O' at logic 'constant 0'

21.2.1 Forward propagation on NET pins (level 2)
----------------------------------------------------
  Propagation of logic 'constant 0' from pin 'u_LOGIC_CENTER/DC_INBUF/BUF_POFF_CS_SEL_0/O'

22.1.1 Forward propagation on NET pins (level 1)
----------------------------------------------------
  Propagation of logic 'constant 0' from pin 'u_LOGIC_CENTER/DC_INBUF/LTIELO_2/TIE0' on net 'u_LOGIC_CENTER/DC_INBUF/LTIELO_2_NET':
    > pin 'u_LOGIC_CENTER/DC_INBUF/BUF_PON_CS_SEL_0/I' at logic 'constant 0'

22.1.2 Forward propagation through CELLS (level 1)
----------------------------------------------------
  Cell 'u_LOGIC_CENTER/DC_INBUF/BUF_PON_CS_SEL_0' (libcell 'BUFX1AS9') :
    input pin 'u_LOGIC_CENTER/DC_INBUF/BUF_PON_CS_SEL_0/I' at logic 'constant 0'
    > output pin 'u_LOGIC_CENTER/DC_INBUF/BUF_PON_CS_SEL_0/O' at logic 'constant 0'

22.2.1 Forward propagation on NET pins (level 2)
----------------------------------------------------
  Propagation of logic 'constant 0' from pin 'u_LOGIC_CENTER/DC_INBUF/BUF_PON_CS_SEL_0/O'

23.1.1 Forward propagation on NET pins (level 1)
----------------------------------------------------
  Propagation of logic 'constant 0' from pin 'u_LOGIC_CENTER/DC_INBUF/LTIELO_3/TIE0' on net 'u_LOGIC_CENTER/DC_INBUF/LTIELO_3_NET':
    > pin 'u_LOGIC_CENTER/DC_INBUF/BUF_PON_CS_SEL_1/I' at logic 'constant 0'

23.1.2 Forward propagation through CELLS (level 1)
----------------------------------------------------
  Cell 'u_LOGIC_CENTER/DC_INBUF/BUF_PON_CS_SEL_1' (libcell 'BUFX1AS9') :
    input pin 'u_LOGIC_CENTER/DC_INBUF/BUF_PON_CS_SEL_1/I' at logic 'constant 0'
    > output pin 'u_LOGIC_CENTER/DC_INBUF/BUF_PON_CS_SEL_1/O' at logic 'constant 0'

23.2.1 Forward propagation on NET pins (level 2)
----------------------------------------------------
  Propagation of logic 'constant 0' from pin 'u_LOGIC_CENTER/DC_INBUF/BUF_PON_CS_SEL_1/O'

24.1.1 Forward propagation on NET pins (level 1)
----------------------------------------------------
  Propagation of logic 'constant 0' from pin 'u_LOGIC_CENTER/LINK_LOGIC/SNPS_CG_CELL_DCLK1_KEY_RST_18UI_L1_EXTEND_reg_0/LTIELO/TIE0' on net 'u_LOGIC_CENTER/LINK_LOGIC/SNPS_CG_CELL_DCLK1_KEY_RST_18UI_L1_EXTEND_reg_0/LTIELO_NET':
    > pin 'u_LOGIC_CENTER/LINK_LOGIC/SNPS_CG_CELL_DCLK1_KEY_RST_18UI_L1_EXTEND_reg_0/latch/TE' at logic 'constant 0'

24.1.2 Forward propagation through CELLS (level 1)
----------------------------------------------------

25.1.1 Forward propagation on NET pins (level 1)
----------------------------------------------------
  Propagation of logic 'constant 1' from pin 'u_LOGIC_CENTER/LINK_LOGIC/CSPI_CMD_ALIGN_L0/LTIEHI_1/TIE1' on net 'u_LOGIC_CENTER/LINK_LOGIC/CSPI_CMD_ALIGN_L0/LTIEHI_1_NET':
    > pin 'u_LOGIC_CENTER/LINK_LOGIC/CSPI_CMD_ALIGN_L0/I_INDATA_D1_reg_10_/D1' at logic 'constant 1'
    > pin 'u_LOGIC_CENTER/LINK_LOGIC/CSPI_CMD_ALIGN_L0/I_INDATA_D2_reg_14_/D1' at logic 'constant 1'
    > pin 'u_LOGIC_CENTER/LINK_LOGIC/CSPI_CMD_ALIGN_L0/I_INDATA_D1_reg_7_/D1' at logic 'constant 1'
    > pin 'u_LOGIC_CENTER/LINK_LOGIC/CSPI_CMD_ALIGN_L0/I_INDATA_D1_reg_11_/D1' at logic 'constant 1'
    > pin 'u_LOGIC_CENTER/LINK_LOGIC/CSPI_CMD_ALIGN_L0/DATA_POINT_LAT_TMP_reg_6_/D1' at logic 'constant 1'
    > pin 'u_LOGIC_CENTER/LINK_LOGIC/CSPI_CMD_ALIGN_L0/I_INDATA_D2_reg_15_/D1' at logic 'constant 1'
    > pin 'u_LOGIC_CENTER/LINK_LOGIC/CSPI_CMD_ALIGN_L0/DATA_POINT_LAT_TMP_reg_17_/D1' at logic 'constant 1'
    > pin 'u_LOGIC_CENTER/LINK_LOGIC/CSPI_CMD_ALIGN_L0/I_INDATA_D1_reg_8_/D1' at logic 'constant 1'
    > pin 'u_LOGIC_CENTER/LINK_LOGIC/CSPI_CMD_ALIGN_L0/I_INDATA_D2_reg_16_/D1' at logic 'constant 1'
    > pin 'u_LOGIC_CENTER/LINK_LOGIC/CSPI_CMD_ALIGN_L0/I_INDATA_D1_reg_13_/D1' at logic 'constant 1'
    > pin 'u_LOGIC_CENTER/LINK_LOGIC/CSPI_CMD_ALIGN_L0/I_INDATA_D2_reg_17_/D1' at logic 'constant 1'
    > pin 'u_LOGIC_CENTER/LINK_LOGIC/CSPI_CMD_ALIGN_L0/I_INDATA_D1_reg_14_/D1' at logic 'constant 1'
    > pin 'u_LOGIC_CENTER/LINK_LOGIC/CSPI_CMD_ALIGN_L0/I_INDATA_D1_reg_15_/D1' at logic 'constant 1'
    > pin 'u_LOGIC_CENTER/LINK_LOGIC/CSPI_CMD_ALIGN_L0/I_INDATA_D1_reg_1_/D1' at logic 'constant 1'
    > pin 'u_LOGIC_CENTER/LINK_LOGIC/CSPI_CMD_ALIGN_L0/I_INDATA_D1_reg_16_/D1' at logic 'constant 1'
    > pin 'u_LOGIC_CENTER/LINK_LOGIC/CSPI_CMD_ALIGN_L0/I_INDATA_D1_reg_2_/D1' at logic 'constant 1'
    > pin 'u_LOGIC_CENTER/LINK_LOGIC/CSPI_CMD_ALIGN_L0/I_INDATA_D2_reg_10_/D1' at logic 'constant 1'
    > pin 'u_LOGIC_CENTER/LINK_LOGIC/CSPI_CMD_ALIGN_L0/I_INDATA_D1_reg_17_/D1' at logic 'constant 1'
    > pin 'u_LOGIC_CENTER/LINK_LOGIC/CSPI_CMD_ALIGN_L0/I_INDATA_D2_reg_11_/D1' at logic 'constant 1'
    > pin 'u_LOGIC_CENTER/LINK_LOGIC/CSPI_CMD_ALIGN_L0/I_INDATA_D1_reg_4_/D1' at logic 'constant 1'
    > pin 'u_LOGIC_CENTER/LINK_LOGIC/CSPI_CMD_ALIGN_L0/I_INDATA_D2_reg_8_/D1' at logic 'constant 1'
    > pin 'u_LOGIC_CENTER/LINK_LOGIC/CSPI_CMD_ALIGN_L0/DATA_POINT_LAT_TMP_reg_14_/D1' at logic 'constant 1'
    > pin 'u_LOGIC_CENTER/LINK_LOGIC/CSPI_CMD_ALIGN_L0/I_INDATA_D1_reg_5_/D1' at logic 'constant 1'
    > pin 'u_LOGIC_CENTER/LINK_LOGIC/CSPI_CMD_ALIGN_L0/DATA_POINT_LAT_TMP_reg_4_/D1' at logic 'constant 1'
    > pin 'u_LOGIC_CENTER/LINK_LOGIC/CSPI_CMD_ALIGN_L0/I_INDATA_D2_reg_13_/D1' at logic 'constant 1'
    > pin 'u_LOGIC_CENTER/LINK_LOGIC/CSPI_CMD_ALIGN_L0/I_INDATA_D3_reg_14_/D1' at logic 'constant 1'
    > pin 'u_LOGIC_CENTER/LINK_LOGIC/CSPI_CMD_ALIGN_L0/DATA_POINT_LAT_TMP_reg_15_/D1' at logic 'constant 1'

25.1.2 Forward propagation through CELLS (level 1)
----------------------------------------------------

25.1.2 Forward propagation through CELLS (level 1)
----------------------------------------------------

25.1.2 Forward propagation through CELLS (level 1)
----------------------------------------------------

25.1.2 Forward propagation through CELLS (level 1)
----------------------------------------------------

25.1.2 Forward propagation through CELLS (level 1)
----------------------------------------------------

25.1.2 Forward propagation through CELLS (level 1)
----------------------------------------------------

25.1.2 Forward propagation through CELLS (level 1)
----------------------------------------------------

25.1.2 Forward propagation through CELLS (level 1)
----------------------------------------------------

25.1.2 Forward propagation through CELLS (level 1)
----------------------------------------------------

25.1.2 Forward propagation through CELLS (level 1)
----------------------------------------------------

25.1.2 Forward propagation through CELLS (level 1)
----------------------------------------------------

25.1.2 Forward propagation through CELLS (level 1)
----------------------------------------------------

25.1.2 Forward propagation through CELLS (level 1)
----------------------------------------------------

25.1.2 Forward propagation through CELLS (level 1)
----------------------------------------------------

25.1.2 Forward propagation through CELLS (level 1)
----------------------------------------------------

25.1.2 Forward propagation through CELLS (level 1)
----------------------------------------------------

25.1.2 Forward propagation through CELLS (level 1)
----------------------------------------------------

25.1.2 Forward propagation through CELLS (level 1)
----------------------------------------------------

25.1.2 Forward propagation through CELLS (level 1)
----------------------------------------------------

25.1.2 Forward propagation through CELLS (level 1)
----------------------------------------------------

25.1.2 Forward propagation through CELLS (level 1)
----------------------------------------------------

25.1.2 Forward propagation through CELLS (level 1)
----------------------------------------------------

25.1.2 Forward propagation through CELLS (level 1)
----------------------------------------------------

25.1.2 Forward propagation through CELLS (level 1)
----------------------------------------------------

25.1.2 Forward propagation through CELLS (level 1)
----------------------------------------------------

25.1.2 Forward propagation through CELLS (level 1)
----------------------------------------------------

25.1.2 Forward propagation through CELLS (level 1)
----------------------------------------------------

26.1.1 Forward propagation on NET pins (level 1)
----------------------------------------------------
  Propagation of logic 'constant 0' from pin 'u_LOGIC_CENTER/LINK_LOGIC/CSPI_CMD_ALIGN_L0/SNPS_CG_CELL_DCLK_DATA_POINT_LAT_TMP_reg_0/LTIELO/TIE0' on net 'u_LOGIC_CENTER/LINK_LOGIC/CSPI_CMD_ALIGN_L0/SNPS_CG_CELL_DCLK_DATA_POINT_LAT_TMP_reg_0/LTIELO_NET':
    > pin 'u_LOGIC_CENTER/LINK_LOGIC/CSPI_CMD_ALIGN_L0/SNPS_CG_CELL_DCLK_DATA_POINT_LAT_TMP_reg_0/latch/TE' at logic 'constant 0'

26.1.2 Forward propagation through CELLS (level 1)
----------------------------------------------------

27.1.1 Forward propagation on NET pins (level 1)
----------------------------------------------------
  Propagation of logic 'constant 0' from pin 'u_LOGIC_CENTER/LINK_LOGIC/CSPI_CMD_ALIGN_L0/iSP_UTC_DET_L0/SNPS_CG_CELL_DCLK_SETTING_CNT_reg_0/LTIELO/TIE0' on net 'u_LOGIC_CENTER/LINK_LOGIC/CSPI_CMD_ALIGN_L0/iSP_UTC_DET_L0/SNPS_CG_CELL_DCLK_SETTING_CNT_reg_0/LTIELO_NET':
    > pin 'u_LOGIC_CENTER/LINK_LOGIC/CSPI_CMD_ALIGN_L0/iSP_UTC_DET_L0/SNPS_CG_CELL_DCLK_SETTING_CNT_reg_0/latch/TE' at logic 'constant 0'

27.1.2 Forward propagation through CELLS (level 1)
----------------------------------------------------

28.1.1 Forward propagation on NET pins (level 1)
----------------------------------------------------
  Propagation of logic 'constant 1' from pin 'u_LOGIC_CENTER/LINK_LOGIC/CSPI_CMD_ALIGN_L0/iSP_UTC_DET_L0/LTIEHI/TIE1' on net 'u_LOGIC_CENTER/LINK_LOGIC/CSPI_CMD_ALIGN_L0/iSP_UTC_DET_L0/LTIEHI_NET':
    > pin 'u_LOGIC_CENTER/LINK_LOGIC/CSPI_CMD_ALIGN_L0/iSP_UTC_DET_L0/UTC_ERR_CNT_reg_0_/D1' at logic 'constant 1'
    > pin 'u_LOGIC_CENTER/LINK_LOGIC/CSPI_CMD_ALIGN_L0/iSP_UTC_DET_L0/UTC_ERR_CNT_reg_1_/D1' at logic 'constant 1'

28.1.2 Forward propagation through CELLS (level 1)
----------------------------------------------------

28.1.2 Forward propagation through CELLS (level 1)
----------------------------------------------------

29.1.1 Forward propagation on NET pins (level 1)
----------------------------------------------------
  Propagation of logic 'constant 1' from pin 'u_LOGIC_CENTER/LINK_LOGIC/CSPI_CMD_ALIGN_L0/iSP_UTC_DET_L0/LTIEHI_1/TIE1' on net 'u_LOGIC_CENTER/LINK_LOGIC/CSPI_CMD_ALIGN_L0/iSP_UTC_DET_L0/LTIEHI_1_NET':
    > pin 'u_LOGIC_CENTER/LINK_LOGIC/CSPI_CMD_ALIGN_L0/iSP_UTC_DET_L0/DATA_NUM_CNT_reg_6_/D1' at logic 'constant 1'
    > pin 'u_LOGIC_CENTER/LINK_LOGIC/CSPI_CMD_ALIGN_L0/iSP_UTC_DET_L0/DATA_NUM_CNT_reg_1_/D1' at logic 'constant 1'
    > pin 'u_LOGIC_CENTER/LINK_LOGIC/CSPI_CMD_ALIGN_L0/iSP_UTC_DET_L0/SETTING_CNT_reg_4_/D1' at logic 'constant 1'
    > pin 'u_LOGIC_CENTER/LINK_LOGIC/CSPI_CMD_ALIGN_L0/iSP_UTC_DET_L0/ENA_TIME_reg/D1' at logic 'constant 1'
    > pin 'u_LOGIC_CENTER/LINK_LOGIC/CSPI_CMD_ALIGN_L0/iSP_UTC_DET_L0/DATA_NUM_CNT_reg_2_/D1' at logic 'constant 1'
    > pin 'u_LOGIC_CENTER/LINK_LOGIC/CSPI_CMD_ALIGN_L0/iSP_UTC_DET_L0/SETTING_CNT_reg_0_/D1' at logic 'constant 1'
    > pin 'u_LOGIC_CENTER/LINK_LOGIC/CSPI_CMD_ALIGN_L0/iSP_UTC_DET_L0/DATA_NUM_CNT_reg_3_/D1' at logic 'constant 1'
    > pin 'u_LOGIC_CENTER/LINK_LOGIC/CSPI_CMD_ALIGN_L0/iSP_UTC_DET_L0/SETTING_CNT_reg_1_/D1' at logic 'constant 1'
    > pin 'u_LOGIC_CENTER/LINK_LOGIC/CSPI_CMD_ALIGN_L0/iSP_UTC_DET_L0/ENA_TIME_D1_reg/D1' at logic 'constant 1'
    > pin 'u_LOGIC_CENTER/LINK_LOGIC/CSPI_CMD_ALIGN_L0/iSP_UTC_DET_L0/DATA_NUM_CNT_reg_4_/D1' at logic 'constant 1'
    > pin 'u_LOGIC_CENTER/LINK_LOGIC/CSPI_CMD_ALIGN_L0/iSP_UTC_DET_L0/SETTING_CNT_reg_2_/D1' at logic 'constant 1'
    > pin 'u_LOGIC_CENTER/LINK_LOGIC/CSPI_CMD_ALIGN_L0/iSP_UTC_DET_L0/UTC_CHECK_TIME_reg/D1' at logic 'constant 1'
    > pin 'u_LOGIC_CENTER/LINK_LOGIC/CSPI_CMD_ALIGN_L0/iSP_UTC_DET_L0/DATA_NUM_CNT_reg_5_/D1' at logic 'constant 1'
    > pin 'u_LOGIC_CENTER/LINK_LOGIC/CSPI_CMD_ALIGN_L0/iSP_UTC_DET_L0/DATA_NUM_CNT_reg_0_/D1' at logic 'constant 1'
    > pin 'u_LOGIC_CENTER/LINK_LOGIC/CSPI_CMD_ALIGN_L0/iSP_UTC_DET_L0/SETTING_CNT_reg_3_/D1' at logic 'constant 1'

29.1.2 Forward propagation through CELLS (level 1)
----------------------------------------------------

29.1.2 Forward propagation through CELLS (level 1)
----------------------------------------------------

29.1.2 Forward propagation through CELLS (level 1)
----------------------------------------------------

29.1.2 Forward propagation through CELLS (level 1)
----------------------------------------------------

29.1.2 Forward propagation through CELLS (level 1)
----------------------------------------------------

29.1.2 Forward propagation through CELLS (level 1)
----------------------------------------------------

29.1.2 Forward propagation through CELLS (level 1)
----------------------------------------------------

29.1.2 Forward propagation through CELLS (level 1)
----------------------------------------------------

29.1.2 Forward propagation through CELLS (level 1)
----------------------------------------------------

29.1.2 Forward propagation through CELLS (level 1)
----------------------------------------------------

29.1.2 Forward propagation through CELLS (level 1)
----------------------------------------------------

29.1.2 Forward propagation through CELLS (level 1)
----------------------------------------------------

29.1.2 Forward propagation through CELLS (level 1)
----------------------------------------------------

29.1.2 Forward propagation through CELLS (level 1)
----------------------------------------------------

29.1.2 Forward propagation through CELLS (level 1)
----------------------------------------------------

30.1.1 Forward propagation on NET pins (level 1)
----------------------------------------------------
  Propagation of logic 'constant 0' from pin 'u_LOGIC_CENTER/LINK_LOGIC/CSPI_CMD_ALIGN_L0/iSP_UTC_DET_L0/SNPS_CG_CELL_DCLK_FRM_UTC_ERR_CNT_reg_0/LTIELO/TIE0' on net 'u_LOGIC_CENTER/LINK_LOGIC/CSPI_CMD_ALIGN_L0/iSP_UTC_DET_L0/SNPS_CG_CELL_DCLK_FRM_UTC_ERR_CNT_reg_0/LTIELO_NET':
    > pin 'u_LOGIC_CENTER/LINK_LOGIC/CSPI_CMD_ALIGN_L0/iSP_UTC_DET_L0/SNPS_CG_CELL_DCLK_FRM_UTC_ERR_CNT_reg_0/latch/TE' at logic 'constant 0'

30.1.2 Forward propagation through CELLS (level 1)
----------------------------------------------------

31.1.1 Forward propagation on NET pins (level 1)
----------------------------------------------------
  Propagation of logic 'constant 0' from pin 'u_LOGIC_CENTER/LINK_LOGIC/CSPI_CMD_ALIGN_L0/iSP_UTC_DET_L0/SNPS_CG_CELL_DCLK_DATA_NUM_CNT_reg_0/LTIELO/TIE0' on net 'u_LOGIC_CENTER/LINK_LOGIC/CSPI_CMD_ALIGN_L0/iSP_UTC_DET_L0/SNPS_CG_CELL_DCLK_DATA_NUM_CNT_reg_0/LTIELO_NET':
    > pin 'u_LOGIC_CENTER/LINK_LOGIC/CSPI_CMD_ALIGN_L0/iSP_UTC_DET_L0/SNPS_CG_CELL_DCLK_DATA_NUM_CNT_reg_0/latch/TE' at logic 'constant 0'

31.1.2 Forward propagation through CELLS (level 1)
----------------------------------------------------

32.1.1 Forward propagation on NET pins (level 1)
----------------------------------------------------
  Propagation of logic 'constant 0' from pin 'u_LOGIC_CENTER/LINK_LOGIC/CSPI_CMD_ALIGN_L0/iSP_UTC_DET_L0/SNPS_CG_CELL_DCLK_UTC_CLR_reg_0/LTIELO/TIE0' on net 'u_LOGIC_CENTER/LINK_LOGIC/CSPI_CMD_ALIGN_L0/iSP_UTC_DET_L0/SNPS_CG_CELL_DCLK_UTC_CLR_reg_0/LTIELO_NET':
    > pin 'u_LOGIC_CENTER/LINK_LOGIC/CSPI_CMD_ALIGN_L0/iSP_UTC_DET_L0/SNPS_CG_CELL_DCLK_UTC_CLR_reg_0/latch/TE' at logic 'constant 0'

32.1.2 Forward propagation through CELLS (level 1)
----------------------------------------------------

33.1.1 Forward propagation on NET pins (level 1)
----------------------------------------------------
  Propagation of logic 'constant 1' from pin 'u_LOGIC_CENTER/LINK_LOGIC/CSPI_CMD_ALIGN_L0/LTIEHI/TIE1' on net 'u_LOGIC_CENTER/LINK_LOGIC/CSPI_CMD_ALIGN_L0/LTIEHI_NET':
    > pin 'u_LOGIC_CENTER/LINK_LOGIC/CSPI_CMD_ALIGN_L0/I_INDATA_D3_reg_5_/D1' at logic 'constant 1'
    > pin 'u_LOGIC_CENTER/LINK_LOGIC/CSPI_CMD_ALIGN_L0/I_INDATA_D1_reg_6_/D1' at logic 'constant 1'
    > pin 'u_LOGIC_CENTER/LINK_LOGIC/CSPI_CMD_ALIGN_L0/I_INDATA_D3_reg_6_/D1' at logic 'constant 1'
    > pin 'u_LOGIC_CENTER/LINK_LOGIC/CSPI_CMD_ALIGN_L0/I_INDATA_D2_reg_0_/D1' at logic 'constant 1'
    > pin 'u_LOGIC_CENTER/LINK_LOGIC/CSPI_CMD_ALIGN_L0/I_INDATA_D3_reg_16_/D1' at logic 'constant 1'
    > pin 'u_LOGIC_CENTER/LINK_LOGIC/CSPI_CMD_ALIGN_L0/I_INDATA_D3_reg_7_/D1' at logic 'constant 1'
    > pin 'u_LOGIC_CENTER/LINK_LOGIC/CSPI_CMD_ALIGN_L0/I_INDATA_D2_reg_1_/D1' at logic 'constant 1'
    > pin 'u_LOGIC_CENTER/LINK_LOGIC/CSPI_CMD_ALIGN_L0/I_INDATA_D1_reg_12_/D1' at logic 'constant 1'
    > pin 'u_LOGIC_CENTER/LINK_LOGIC/CSPI_CMD_ALIGN_L0/I_INDATA_D3_reg_17_/D1' at logic 'constant 1'
    > pin 'u_LOGIC_CENTER/LINK_LOGIC/CSPI_CMD_ALIGN_L0/I_INDATA_D3_reg_8_/D1' at logic 'constant 1'
    > pin 'u_LOGIC_CENTER/LINK_LOGIC/CSPI_CMD_ALIGN_L0/I_INDATA_D2_reg_2_/D1' at logic 'constant 1'
    > pin 'u_LOGIC_CENTER/LINK_LOGIC/CSPI_CMD_ALIGN_L0/I_INDATA_D1_reg_9_/D1' at logic 'constant 1'
    > pin 'u_LOGIC_CENTER/LINK_LOGIC/CSPI_CMD_ALIGN_L0/I_INDATA_D3_reg_9_/D1' at logic 'constant 1'
    > pin 'u_LOGIC_CENTER/LINK_LOGIC/CSPI_CMD_ALIGN_L0/I_INDATA_D2_reg_3_/D1' at logic 'constant 1'
    > pin 'u_LOGIC_CENTER/LINK_LOGIC/CSPI_CMD_ALIGN_L0/I_INDATA_D1_reg_0_/D1' at logic 'constant 1'
    > pin 'u_LOGIC_CENTER/LINK_LOGIC/CSPI_CMD_ALIGN_L0/I_INDATA_D2_reg_4_/D1' at logic 'constant 1'
    > pin 'u_LOGIC_CENTER/LINK_LOGIC/CSPI_CMD_ALIGN_L0/I_INDATA_D3_reg_0_/D1' at logic 'constant 1'
    > pin 'u_LOGIC_CENTER/LINK_LOGIC/CSPI_CMD_ALIGN_L0/I_INDATA_D3_reg_10_/D1' at logic 'constant 1'
    > pin 'u_LOGIC_CENTER/LINK_LOGIC/CSPI_CMD_ALIGN_L0/I_INDATA_D2_reg_5_/D1' at logic 'constant 1'
    > pin 'u_LOGIC_CENTER/LINK_LOGIC/CSPI_CMD_ALIGN_L0/I_INDATA_D3_reg_1_/D1' at logic 'constant 1'
    > pin 'u_LOGIC_CENTER/LINK_LOGIC/CSPI_CMD_ALIGN_L0/I_INDATA_D3_reg_11_/D1' at logic 'constant 1'
    > pin 'u_LOGIC_CENTER/LINK_LOGIC/CSPI_CMD_ALIGN_L0/I_INDATA_D2_reg_6_/D1' at logic 'constant 1'
    > pin 'u_LOGIC_CENTER/LINK_LOGIC/CSPI_CMD_ALIGN_L0/I_INDATA_D3_reg_2_/D1' at logic 'constant 1'
    > pin 'u_LOGIC_CENTER/LINK_LOGIC/CSPI_CMD_ALIGN_L0/I_INDATA_D1_reg_3_/D1' at logic 'constant 1'
    > pin 'u_LOGIC_CENTER/LINK_LOGIC/CSPI_CMD_ALIGN_L0/I_INDATA_D3_reg_12_/D1' at logic 'constant 1'
    > pin 'u_LOGIC_CENTER/LINK_LOGIC/CSPI_CMD_ALIGN_L0/I_INDATA_D2_reg_7_/D1' at logic 'constant 1'
    > pin 'u_LOGIC_CENTER/LINK_LOGIC/CSPI_CMD_ALIGN_L0/I_INDATA_D3_reg_3_/D1' at logic 'constant 1'
    > pin 'u_LOGIC_CENTER/LINK_LOGIC/CSPI_CMD_ALIGN_L0/I_INDATA_D2_reg_12_/D1' at logic 'constant 1'
    > pin 'u_LOGIC_CENTER/LINK_LOGIC/CSPI_CMD_ALIGN_L0/I_INDATA_D3_reg_4_/D1' at logic 'constant 1'
    > pin 'u_LOGIC_CENTER/LINK_LOGIC/CSPI_CMD_ALIGN_L0/I_INDATA_D2_reg_9_/D1' at logic 'constant 1'

33.1.2 Forward propagation through CELLS (level 1)
----------------------------------------------------

33.1.2 Forward propagation through CELLS (level 1)
----------------------------------------------------

33.1.2 Forward propagation through CELLS (level 1)
----------------------------------------------------

33.1.2 Forward propagation through CELLS (level 1)
----------------------------------------------------

33.1.2 Forward propagation through CELLS (level 1)
----------------------------------------------------

33.1.2 Forward propagation through CELLS (level 1)
----------------------------------------------------

33.1.2 Forward propagation through CELLS (level 1)
----------------------------------------------------

33.1.2 Forward propagation through CELLS (level 1)
----------------------------------------------------

33.1.2 Forward propagation through CELLS (level 1)
----------------------------------------------------

33.1.2 Forward propagation through CELLS (level 1)
----------------------------------------------------

33.1.2 Forward propagation through CELLS (level 1)
----------------------------------------------------

33.1.2 Forward propagation through CELLS (level 1)
----------------------------------------------------

33.1.2 Forward propagation through CELLS (level 1)
----------------------------------------------------

33.1.2 Forward propagation through CELLS (level 1)
----------------------------------------------------

33.1.2 Forward propagation through CELLS (level 1)
----------------------------------------------------

33.1.2 Forward propagation through CELLS (level 1)
----------------------------------------------------

33.1.2 Forward propagation through CELLS (level 1)
----------------------------------------------------

33.1.2 Forward propagation through CELLS (level 1)
----------------------------------------------------

33.1.2 Forward propagation through CELLS (level 1)
----------------------------------------------------

33.1.2 Forward propagation through CELLS (level 1)
----------------------------------------------------

33.1.2 Forward propagation through CELLS (level 1)
----------------------------------------------------

33.1.2 Forward propagation through CELLS (level 1)
----------------------------------------------------

33.1.2 Forward propagation through CELLS (level 1)
----------------------------------------------------

33.1.2 Forward propagation through CELLS (level 1)
----------------------------------------------------

33.1.2 Forward propagation through CELLS (level 1)
----------------------------------------------------

33.1.2 Forward propagation through CELLS (level 1)
----------------------------------------------------

33.1.2 Forward propagation through CELLS (level 1)
----------------------------------------------------

33.1.2 Forward propagation through CELLS (level 1)
----------------------------------------------------

33.1.2 Forward propagation through CELLS (level 1)
----------------------------------------------------

33.1.2 Forward propagation through CELLS (level 1)
----------------------------------------------------

34.1.1 Forward propagation on NET pins (level 1)
----------------------------------------------------
  Propagation of logic 'constant 1' from pin 'u_LOGIC_CENTER/LINK_LOGIC/CSPI_WD_BWDBL_POST/LTIEHI/TIE1' on net 'u_LOGIC_CENTER/LINK_LOGIC/CSPI_WD_BWDBL_POST/LTIEHI_NET':
    > pin 'u_LOGIC_CENTER/LINK_LOGIC/CSPI_WD_BWDBL_POST/BAC_CMD_TOG_DLY_L0_reg_2_/D1' at logic 'constant 1'
    > pin 'u_LOGIC_CENTER/LINK_LOGIC/CSPI_WD_BWDBL_POST/LOCK_FREQ_DEB_DLY_reg/D1' at logic 'constant 1'
    > pin 'u_LOGIC_CENTER/LINK_LOGIC/CSPI_WD_BWDBL_POST/BAC_CMD_TOG_DLY_L1_reg_3_/D1' at logic 'constant 1'
    > pin 'u_LOGIC_CENTER/LINK_LOGIC/CSPI_WD_BWDBL_POST/BAC_CMD_TOG_DLY_L1_reg_1_/D1' at logic 'constant 1'
    > pin 'u_LOGIC_CENTER/LINK_LOGIC/CSPI_WD_BWDBL_POST/BAC_CMD_TOG_DLY_L0_reg_3_/D1' at logic 'constant 1'
    > pin 'u_LOGIC_CENTER/LINK_LOGIC/CSPI_WD_BWDBL_POST/BAC_CMD_RF_STORE_reg/D1' at logic 'constant 1'
    > pin 'u_LOGIC_CENTER/LINK_LOGIC/CSPI_WD_BWDBL_POST/BAC_CMD_TOG_DLY_L0_reg_1_/D1' at logic 'constant 1'
    > pin 'u_LOGIC_CENTER/LINK_LOGIC/CSPI_WD_BWDBL_POST/BAC_CMD_TOG_DLY_L1_reg_2_/D1' at logic 'constant 1'

34.1.2 Forward propagation through CELLS (level 1)
----------------------------------------------------

34.1.2 Forward propagation through CELLS (level 1)
----------------------------------------------------

34.1.2 Forward propagation through CELLS (level 1)
----------------------------------------------------

34.1.2 Forward propagation through CELLS (level 1)
----------------------------------------------------

34.1.2 Forward propagation through CELLS (level 1)
----------------------------------------------------

34.1.2 Forward propagation through CELLS (level 1)
----------------------------------------------------

34.1.2 Forward propagation through CELLS (level 1)
----------------------------------------------------

34.1.2 Forward propagation through CELLS (level 1)
----------------------------------------------------

35.1.1 Forward propagation on NET pins (level 1)
----------------------------------------------------
  Propagation of logic 'constant 0' from pin 'u_LOGIC_CENTER/LINK_LOGIC/CSPI_CMD_ALIGN_L1/SNPS_CG_CELL_DCLK_DATA_POINT_LAT_TMP_reg_0/LTIELO/TIE0' on net 'u_LOGIC_CENTER/LINK_LOGIC/CSPI_CMD_ALIGN_L1/SNPS_CG_CELL_DCLK_DATA_POINT_LAT_TMP_reg_0/LTIELO_NET':
    > pin 'u_LOGIC_CENTER/LINK_LOGIC/CSPI_CMD_ALIGN_L1/SNPS_CG_CELL_DCLK_DATA_POINT_LAT_TMP_reg_0/latch/TE' at logic 'constant 0'

35.1.2 Forward propagation through CELLS (level 1)
----------------------------------------------------

36.1.1 Forward propagation on NET pins (level 1)
----------------------------------------------------
  Propagation of logic 'constant 1' from pin 'u_LOGIC_CENTER/LINK_LOGIC/CSPI_CMD_ALIGN_L1/LTIEHI/TIE1' on net 'u_LOGIC_CENTER/LINK_LOGIC/CSPI_CMD_ALIGN_L1/LTIEHI_NET':
    > pin 'u_LOGIC_CENTER/LINK_LOGIC/CSPI_CMD_ALIGN_L1/I_INDATA_D3_reg_3_/D1' at logic 'constant 1'
    > pin 'u_LOGIC_CENTER/LINK_LOGIC/CSPI_CMD_ALIGN_L1/I_INDATA_D3_reg_10_/D1' at logic 'constant 1'
    > pin 'u_LOGIC_CENTER/LINK_LOGIC/CSPI_CMD_ALIGN_L1/I_INDATA_D3_reg_4_/D1' at logic 'constant 1'
    > pin 'u_LOGIC_CENTER/LINK_LOGIC/CSPI_CMD_ALIGN_L1/I_INDATA_D1_reg_0_/D1' at logic 'constant 1'
    > pin 'u_LOGIC_CENTER/LINK_LOGIC/CSPI_CMD_ALIGN_L1/I_INDATA_D3_reg_5_/D1' at logic 'constant 1'
    > pin 'u_LOGIC_CENTER/LINK_LOGIC/CSPI_CMD_ALIGN_L1/DATA_POINT_LAT_TMP_reg_14_/D1' at logic 'constant 1'
    > pin 'u_LOGIC_CENTER/LINK_LOGIC/CSPI_CMD_ALIGN_L1/I_INDATA_D1_reg_1_/D1' at logic 'constant 1'
    > pin 'u_LOGIC_CENTER/LINK_LOGIC/CSPI_CMD_ALIGN_L1/I_INDATA_D3_reg_6_/D1' at logic 'constant 1'
    > pin 'u_LOGIC_CENTER/LINK_LOGIC/CSPI_CMD_ALIGN_L1/DATA_POINT_LAT_TMP_reg_15_/D1' at logic 'constant 1'
    > pin 'u_LOGIC_CENTER/LINK_LOGIC/CSPI_CMD_ALIGN_L1/I_INDATA_D3_reg_14_/D1' at logic 'constant 1'
    > pin 'u_LOGIC_CENTER/LINK_LOGIC/CSPI_CMD_ALIGN_L1/I_INDATA_D1_reg_3_/D1' at logic 'constant 1'
    > pin 'u_LOGIC_CENTER/LINK_LOGIC/CSPI_CMD_ALIGN_L1/I_INDATA_D3_reg_8_/D1' at logic 'constant 1'
    > pin 'u_LOGIC_CENTER/LINK_LOGIC/CSPI_CMD_ALIGN_L1/I_INDATA_D3_reg_15_/D1' at logic 'constant 1'
    > pin 'u_LOGIC_CENTER/LINK_LOGIC/CSPI_CMD_ALIGN_L1/DATA_POINT_LAT_TMP_reg_17_/D1' at logic 'constant 1'
    > pin 'u_LOGIC_CENTER/LINK_LOGIC/CSPI_CMD_ALIGN_L1/I_INDATA_D3_reg_9_/D1' at logic 'constant 1'
    > pin 'u_LOGIC_CENTER/LINK_LOGIC/CSPI_CMD_ALIGN_L1/I_INDATA_D2_reg_0_/D1' at logic 'constant 1'
    > pin 'u_LOGIC_CENTER/LINK_LOGIC/CSPI_CMD_ALIGN_L1/I_INDATA_D3_reg_17_/D1' at logic 'constant 1'
    > pin 'u_LOGIC_CENTER/LINK_LOGIC/CSPI_CMD_ALIGN_L1/I_INDATA_D2_reg_1_/D1' at logic 'constant 1'
    > pin 'u_LOGIC_CENTER/LINK_LOGIC/CSPI_CMD_ALIGN_L1/I_INDATA_D2_reg_2_/D1' at logic 'constant 1'
    > pin 'u_LOGIC_CENTER/LINK_LOGIC/CSPI_CMD_ALIGN_L1/I_INDATA_D2_reg_3_/D1' at logic 'constant 1'
    > pin 'u_LOGIC_CENTER/LINK_LOGIC/CSPI_CMD_ALIGN_L1/I_INDATA_D2_reg_4_/D1' at logic 'constant 1'
    > pin 'u_LOGIC_CENTER/LINK_LOGIC/CSPI_CMD_ALIGN_L1/DATA_POINT_LAT_TMP_reg_4_/D1' at logic 'constant 1'
    > pin 'u_LOGIC_CENTER/LINK_LOGIC/CSPI_CMD_ALIGN_L1/I_INDATA_D2_reg_6_/D1' at logic 'constant 1'
    > pin 'u_LOGIC_CENTER/LINK_LOGIC/CSPI_CMD_ALIGN_L1/I_INDATA_D2_reg_7_/D1' at logic 'constant 1'
    > pin 'u_LOGIC_CENTER/LINK_LOGIC/CSPI_CMD_ALIGN_L1/DATA_POINT_LAT_TMP_reg_6_/D1' at logic 'constant 1'
    > pin 'u_LOGIC_CENTER/LINK_LOGIC/CSPI_CMD_ALIGN_L1/I_INDATA_D2_reg_9_/D1' at logic 'constant 1'
    > pin 'u_LOGIC_CENTER/LINK_LOGIC/CSPI_CMD_ALIGN_L1/I_INDATA_D3_reg_0_/D1' at logic 'constant 1'
    > pin 'u_LOGIC_CENTER/LINK_LOGIC/CSPI_CMD_ALIGN_L1/I_INDATA_D3_reg_1_/D1' at logic 'constant 1'
    > pin 'u_LOGIC_CENTER/LINK_LOGIC/CSPI_CMD_ALIGN_L1/I_INDATA_D2_reg_15_/D1' at logic 'constant 1'
    > pin 'u_LOGIC_CENTER/LINK_LOGIC/CSPI_CMD_ALIGN_L1/I_INDATA_D3_reg_2_/D1' at logic 'constant 1'

36.1.2 Forward propagation through CELLS (level 1)
----------------------------------------------------

36.1.2 Forward propagation through CELLS (level 1)
----------------------------------------------------

36.1.2 Forward propagation through CELLS (level 1)
----------------------------------------------------

36.1.2 Forward propagation through CELLS (level 1)
----------------------------------------------------

36.1.2 Forward propagation through CELLS (level 1)
----------------------------------------------------

36.1.2 Forward propagation through CELLS (level 1)
----------------------------------------------------

36.1.2 Forward propagation through CELLS (level 1)
----------------------------------------------------

36.1.2 Forward propagation through CELLS (level 1)
----------------------------------------------------

36.1.2 Forward propagation through CELLS (level 1)
----------------------------------------------------

36.1.2 Forward propagation through CELLS (level 1)
----------------------------------------------------

36.1.2 Forward propagation through CELLS (level 1)
----------------------------------------------------

36.1.2 Forward propagation through CELLS (level 1)
----------------------------------------------------

36.1.2 Forward propagation through CELLS (level 1)
----------------------------------------------------

36.1.2 Forward propagation through CELLS (level 1)
----------------------------------------------------

36.1.2 Forward propagation through CELLS (level 1)
----------------------------------------------------

36.1.2 Forward propagation through CELLS (level 1)
----------------------------------------------------

36.1.2 Forward propagation through CELLS (level 1)
----------------------------------------------------

36.1.2 Forward propagation through CELLS (level 1)
----------------------------------------------------

36.1.2 Forward propagation through CELLS (level 1)
----------------------------------------------------

36.1.2 Forward propagation through CELLS (level 1)
----------------------------------------------------

36.1.2 Forward propagation through CELLS (level 1)
----------------------------------------------------

36.1.2 Forward propagation through CELLS (level 1)
----------------------------------------------------

36.1.2 Forward propagation through CELLS (level 1)
----------------------------------------------------

36.1.2 Forward propagation through CELLS (level 1)
----------------------------------------------------

36.1.2 Forward propagation through CELLS (level 1)
----------------------------------------------------

36.1.2 Forward propagation through CELLS (level 1)
----------------------------------------------------

36.1.2 Forward propagation through CELLS (level 1)
----------------------------------------------------

36.1.2 Forward propagation through CELLS (level 1)
----------------------------------------------------

36.1.2 Forward propagation through CELLS (level 1)
----------------------------------------------------

36.1.2 Forward propagation through CELLS (level 1)
----------------------------------------------------

37.1.1 Forward propagation on NET pins (level 1)
----------------------------------------------------
  Propagation of logic 'constant 1' from pin 'u_LOGIC_CENTER/LINK_LOGIC/CSPI_CMD_ALIGN_L1/LTIEHI_1/TIE1' on net 'u_LOGIC_CENTER/LINK_LOGIC/CSPI_CMD_ALIGN_L1/LTIEHI_1_NET':
    > pin 'u_LOGIC_CENTER/LINK_LOGIC/CSPI_CMD_ALIGN_L1/I_INDATA_D2_reg_17_/D1' at logic 'constant 1'
    > pin 'u_LOGIC_CENTER/LINK_LOGIC/CSPI_CMD_ALIGN_L1/I_INDATA_D1_reg_10_/D1' at logic 'constant 1'
    > pin 'u_LOGIC_CENTER/LINK_LOGIC/CSPI_CMD_ALIGN_L1/I_INDATA_D1_reg_11_/D1' at logic 'constant 1'
    > pin 'u_LOGIC_CENTER/LINK_LOGIC/CSPI_CMD_ALIGN_L1/I_INDATA_D3_reg_11_/D1' at logic 'constant 1'
    > pin 'u_LOGIC_CENTER/LINK_LOGIC/CSPI_CMD_ALIGN_L1/I_INDATA_D1_reg_12_/D1' at logic 'constant 1'
    > pin 'u_LOGIC_CENTER/LINK_LOGIC/CSPI_CMD_ALIGN_L1/I_INDATA_D3_reg_12_/D1' at logic 'constant 1'
    > pin 'u_LOGIC_CENTER/LINK_LOGIC/CSPI_CMD_ALIGN_L1/I_INDATA_D1_reg_13_/D1' at logic 'constant 1'
    > pin 'u_LOGIC_CENTER/LINK_LOGIC/CSPI_CMD_ALIGN_L1/I_INDATA_D1_reg_2_/D1' at logic 'constant 1'
    > pin 'u_LOGIC_CENTER/LINK_LOGIC/CSPI_CMD_ALIGN_L1/I_INDATA_D3_reg_7_/D1' at logic 'constant 1'
    > pin 'u_LOGIC_CENTER/LINK_LOGIC/CSPI_CMD_ALIGN_L1/I_INDATA_D1_reg_15_/D1' at logic 'constant 1'
    > pin 'u_LOGIC_CENTER/LINK_LOGIC/CSPI_CMD_ALIGN_L1/I_INDATA_D1_reg_4_/D1' at logic 'constant 1'
    > pin 'u_LOGIC_CENTER/LINK_LOGIC/CSPI_CMD_ALIGN_L1/I_INDATA_D1_reg_16_/D1' at logic 'constant 1'
    > pin 'u_LOGIC_CENTER/LINK_LOGIC/CSPI_CMD_ALIGN_L1/BLANK_EN_reg/D1' at logic 'constant 1'
    > pin 'u_LOGIC_CENTER/LINK_LOGIC/CSPI_CMD_ALIGN_L1/I_INDATA_D3_reg_16_/D1' at logic 'constant 1'
    > pin 'u_LOGIC_CENTER/LINK_LOGIC/CSPI_CMD_ALIGN_L1/I_INDATA_D1_reg_5_/D1' at logic 'constant 1'
    > pin 'u_LOGIC_CENTER/LINK_LOGIC/CSPI_CMD_ALIGN_L1/I_INDATA_D1_reg_17_/D1' at logic 'constant 1'
    > pin 'u_LOGIC_CENTER/LINK_LOGIC/CSPI_CMD_ALIGN_L1/I_INDATA_D1_reg_6_/D1' at logic 'constant 1'
    > pin 'u_LOGIC_CENTER/LINK_LOGIC/CSPI_CMD_ALIGN_L1/BAC_REG_D1_reg/D1' at logic 'constant 1'
    > pin 'u_LOGIC_CENTER/LINK_LOGIC/CSPI_CMD_ALIGN_L1/I_INDATA_D1_reg_7_/D1' at logic 'constant 1'
    > pin 'u_LOGIC_CENTER/LINK_LOGIC/CSPI_CMD_ALIGN_L1/I_INDATA_D1_reg_8_/D1' at logic 'constant 1'
    > pin 'u_LOGIC_CENTER/LINK_LOGIC/CSPI_CMD_ALIGN_L1/I_INDATA_D1_reg_9_/D1' at logic 'constant 1'
    > pin 'u_LOGIC_CENTER/LINK_LOGIC/CSPI_CMD_ALIGN_L1/BAC_CMD_TOG_reg/D1' at logic 'constant 1'
    > pin 'u_LOGIC_CENTER/LINK_LOGIC/CSPI_CMD_ALIGN_L1/I_INDATA_D2_reg_5_/D1' at logic 'constant 1'
    > pin 'u_LOGIC_CENTER/LINK_LOGIC/CSPI_CMD_ALIGN_L1/I_INDATA_D2_reg_10_/D1' at logic 'constant 1'
    > pin 'u_LOGIC_CENTER/LINK_LOGIC/CSPI_CMD_ALIGN_L1/I_INDATA_D2_reg_11_/D1' at logic 'constant 1'
    > pin 'u_LOGIC_CENTER/LINK_LOGIC/CSPI_CMD_ALIGN_L1/I_INDATA_D2_reg_8_/D1' at logic 'constant 1'
    > pin 'u_LOGIC_CENTER/LINK_LOGIC/CSPI_CMD_ALIGN_L1/I_INDATA_D2_reg_12_/D1' at logic 'constant 1'
    > pin 'u_LOGIC_CENTER/LINK_LOGIC/CSPI_CMD_ALIGN_L1/I_INDATA_D2_reg_13_/D1' at logic 'constant 1'
    > pin 'u_LOGIC_CENTER/LINK_LOGIC/CSPI_CMD_ALIGN_L1/I_INDATA_D2_reg_14_/D1' at logic 'constant 1'
    > pin 'u_LOGIC_CENTER/LINK_LOGIC/CSPI_CMD_ALIGN_L1/I_INDATA_D2_reg_16_/D1' at logic 'constant 1'

37.1.2 Forward propagation through CELLS (level 1)
----------------------------------------------------

37.1.2 Forward propagation through CELLS (level 1)
----------------------------------------------------

37.1.2 Forward propagation through CELLS (level 1)
----------------------------------------------------

37.1.2 Forward propagation through CELLS (level 1)
----------------------------------------------------

37.1.2 Forward propagation through CELLS (level 1)
----------------------------------------------------

37.1.2 Forward propagation through CELLS (level 1)
----------------------------------------------------

37.1.2 Forward propagation through CELLS (level 1)
----------------------------------------------------

37.1.2 Forward propagation through CELLS (level 1)
----------------------------------------------------

37.1.2 Forward propagation through CELLS (level 1)
----------------------------------------------------

37.1.2 Forward propagation through CELLS (level 1)
----------------------------------------------------

37.1.2 Forward propagation through CELLS (level 1)
----------------------------------------------------

37.1.2 Forward propagation through CELLS (level 1)
----------------------------------------------------

37.1.2 Forward propagation through CELLS (level 1)
----------------------------------------------------

37.1.2 Forward propagation through CELLS (level 1)
----------------------------------------------------

37.1.2 Forward propagation through CELLS (level 1)
----------------------------------------------------

37.1.2 Forward propagation through CELLS (level 1)
----------------------------------------------------

37.1.2 Forward propagation through CELLS (level 1)
----------------------------------------------------

37.1.2 Forward propagation through CELLS (level 1)
----------------------------------------------------

37.1.2 Forward propagation through CELLS (level 1)
----------------------------------------------------

37.1.2 Forward propagation through CELLS (level 1)
----------------------------------------------------

37.1.2 Forward propagation through CELLS (level 1)
----------------------------------------------------

37.1.2 Forward propagation through CELLS (level 1)
----------------------------------------------------

37.1.2 Forward propagation through CELLS (level 1)
----------------------------------------------------

37.1.2 Forward propagation through CELLS (level 1)
----------------------------------------------------

37.1.2 Forward propagation through CELLS (level 1)
----------------------------------------------------

37.1.2 Forward propagation through CELLS (level 1)
----------------------------------------------------

37.1.2 Forward propagation through CELLS (level 1)
----------------------------------------------------

37.1.2 Forward propagation through CELLS (level 1)
----------------------------------------------------

37.1.2 Forward propagation through CELLS (level 1)
----------------------------------------------------

37.1.2 Forward propagation through CELLS (level 1)
----------------------------------------------------

38.1.1 Forward propagation on NET pins (level 1)
----------------------------------------------------
  Propagation of logic 'constant 1' from pin 'u_LOGIC_CENTER/LINK_LOGIC/CSPI_CMD_ALIGN_L1/LTIEHI_2/TIE1' on net 'u_LOGIC_CENTER/LINK_LOGIC/CSPI_CMD_ALIGN_L1/LTIEHI_2_NET':
    > pin 'u_LOGIC_CENTER/LINK_LOGIC/CSPI_CMD_ALIGN_L1/BLANK_EN_ASYNC_reg/D1' at logic 'constant 1'
    > pin 'u_LOGIC_CENTER/LINK_LOGIC/CSPI_CMD_ALIGN_L1/I_INDATA_D1_reg_14_/D1' at logic 'constant 1'

38.1.2 Forward propagation through CELLS (level 1)
----------------------------------------------------

38.1.2 Forward propagation through CELLS (level 1)
----------------------------------------------------

39.1.1 Forward propagation on NET pins (level 1)
----------------------------------------------------
  Propagation of logic 'constant 0' from pin 'u_LOGIC_CENTER/LINK_LOGIC/CSPI_CMD_ALIGN_L1/iSP_UTC_DET_L1/SNPS_CG_CELL_DCLK_SETTING_CNT_reg_0/LTIELO/TIE0' on net 'u_LOGIC_CENTER/LINK_LOGIC/CSPI_CMD_ALIGN_L1/iSP_UTC_DET_L1/SNPS_CG_CELL_DCLK_SETTING_CNT_reg_0/LTIELO_NET':
    > pin 'u_LOGIC_CENTER/LINK_LOGIC/CSPI_CMD_ALIGN_L1/iSP_UTC_DET_L1/SNPS_CG_CELL_DCLK_SETTING_CNT_reg_0/latch/TE' at logic 'constant 0'

39.1.2 Forward propagation through CELLS (level 1)
----------------------------------------------------

40.1.1 Forward propagation on NET pins (level 1)
----------------------------------------------------
  Propagation of logic 'constant 1' from pin 'u_LOGIC_CENTER/LINK_LOGIC/CSPI_CMD_ALIGN_L1/iSP_UTC_DET_L1/LTIEHI/TIE1' on net 'u_LOGIC_CENTER/LINK_LOGIC/CSPI_CMD_ALIGN_L1/iSP_UTC_DET_L1/LTIEHI_NET':
    > pin 'u_LOGIC_CENTER/LINK_LOGIC/CSPI_CMD_ALIGN_L1/iSP_UTC_DET_L1/POL_EN_N_reg/D1' at logic 'constant 1'
    > pin 'u_LOGIC_CENTER/LINK_LOGIC/CSPI_CMD_ALIGN_L1/iSP_UTC_DET_L1/DATA_NUM_CNT_reg_6_/D1' at logic 'constant 1'
    > pin 'u_LOGIC_CENTER/LINK_LOGIC/CSPI_CMD_ALIGN_L1/iSP_UTC_DET_L1/BKPOL_EN_N_reg/D1' at logic 'constant 1'
    > pin 'u_LOGIC_CENTER/LINK_LOGIC/CSPI_CMD_ALIGN_L1/iSP_UTC_DET_L1/DATA_NUM_CNT_reg_1_/D1' at logic 'constant 1'
    > pin 'u_LOGIC_CENTER/LINK_LOGIC/CSPI_CMD_ALIGN_L1/iSP_UTC_DET_L1/ENA_TIME_reg/D1' at logic 'constant 1'
    > pin 'u_LOGIC_CENTER/LINK_LOGIC/CSPI_CMD_ALIGN_L1/iSP_UTC_DET_L1/DATA_NUM_CNT_reg_7_/D1' at logic 'constant 1'
    > pin 'u_LOGIC_CENTER/LINK_LOGIC/CSPI_CMD_ALIGN_L1/iSP_UTC_DET_L1/UTC_ERR_CNT_reg_0_/D1' at logic 'constant 1'
    > pin 'u_LOGIC_CENTER/LINK_LOGIC/CSPI_CMD_ALIGN_L1/iSP_UTC_DET_L1/DATA_NUM_CNT_reg_2_/D1' at logic 'constant 1'
    > pin 'u_LOGIC_CENTER/LINK_LOGIC/CSPI_CMD_ALIGN_L1/iSP_UTC_DET_L1/DATA_NUM_CNT_reg_8_/D1' at logic 'constant 1'
    > pin 'u_LOGIC_CENTER/LINK_LOGIC/CSPI_CMD_ALIGN_L1/iSP_UTC_DET_L1/UTC_ERR_CNT_reg_1_/D1' at logic 'constant 1'
    > pin 'u_LOGIC_CENTER/LINK_LOGIC/CSPI_CMD_ALIGN_L1/iSP_UTC_DET_L1/DATA_NUM_CNT_reg_3_/D1' at logic 'constant 1'
    > pin 'u_LOGIC_CENTER/LINK_LOGIC/CSPI_CMD_ALIGN_L1/iSP_UTC_DET_L1/DATA_NUM_CNT_reg_10_/D1' at logic 'constant 1'
    > pin 'u_LOGIC_CENTER/LINK_LOGIC/CSPI_CMD_ALIGN_L1/iSP_UTC_DET_L1/POL_EN_P_reg/D1' at logic 'constant 1'
    > pin 'u_LOGIC_CENTER/LINK_LOGIC/CSPI_CMD_ALIGN_L1/iSP_UTC_DET_L1/DATA_NUM_CNT_reg_9_/D1' at logic 'constant 1'
    > pin 'u_LOGIC_CENTER/LINK_LOGIC/CSPI_CMD_ALIGN_L1/iSP_UTC_DET_L1/BKPOL_EN_P_reg/D1' at logic 'constant 1'
    > pin 'u_LOGIC_CENTER/LINK_LOGIC/CSPI_CMD_ALIGN_L1/iSP_UTC_DET_L1/ENA_TIME_D1_reg/D1' at logic 'constant 1'
    > pin 'u_LOGIC_CENTER/LINK_LOGIC/CSPI_CMD_ALIGN_L1/iSP_UTC_DET_L1/DATA_NUM_CNT_reg_4_/D1' at logic 'constant 1'
    > pin 'u_LOGIC_CENTER/LINK_LOGIC/CSPI_CMD_ALIGN_L1/iSP_UTC_DET_L1/KEY_RST_18UI_reg/D1' at logic 'constant 1'
    > pin 'u_LOGIC_CENTER/LINK_LOGIC/CSPI_CMD_ALIGN_L1/iSP_UTC_DET_L1/UTC_CHECK_TIME_reg/D1' at logic 'constant 1'
    > pin 'u_LOGIC_CENTER/LINK_LOGIC/CSPI_CMD_ALIGN_L1/iSP_UTC_DET_L1/DATA_NUM_CNT_reg_5_/D1' at logic 'constant 1'
    > pin 'u_LOGIC_CENTER/LINK_LOGIC/CSPI_CMD_ALIGN_L1/iSP_UTC_DET_L1/DATA_NUM_CNT_reg_0_/D1' at logic 'constant 1'

40.1.2 Forward propagation through CELLS (level 1)
----------------------------------------------------

40.1.2 Forward propagation through CELLS (level 1)
----------------------------------------------------

40.1.2 Forward propagation through CELLS (level 1)
----------------------------------------------------

40.1.2 Forward propagation through CELLS (level 1)
----------------------------------------------------

40.1.2 Forward propagation through CELLS (level 1)
----------------------------------------------------

40.1.2 Forward propagation through CELLS (level 1)
----------------------------------------------------

40.1.2 Forward propagation through CELLS (level 1)
----------------------------------------------------

40.1.2 Forward propagation through CELLS (level 1)
----------------------------------------------------

40.1.2 Forward propagation through CELLS (level 1)
----------------------------------------------------

40.1.2 Forward propagation through CELLS (level 1)
----------------------------------------------------

40.1.2 Forward propagation through CELLS (level 1)
----------------------------------------------------

40.1.2 Forward propagation through CELLS (level 1)
----------------------------------------------------

40.1.2 Forward propagation through CELLS (level 1)
----------------------------------------------------

40.1.2 Forward propagation through CELLS (level 1)
----------------------------------------------------

40.1.2 Forward propagation through CELLS (level 1)
----------------------------------------------------

40.1.2 Forward propagation through CELLS (level 1)
----------------------------------------------------

40.1.2 Forward propagation through CELLS (level 1)
----------------------------------------------------

40.1.2 Forward propagation through CELLS (level 1)
----------------------------------------------------

40.1.2 Forward propagation through CELLS (level 1)
----------------------------------------------------

40.1.2 Forward propagation through CELLS (level 1)
----------------------------------------------------

40.1.2 Forward propagation through CELLS (level 1)
----------------------------------------------------

41.1.1 Forward propagation on NET pins (level 1)
----------------------------------------------------
  Propagation of logic 'constant 1' from pin 'u_LOGIC_CENTER/LINK_LOGIC/CSPI_CMD_ALIGN_L1/iSP_UTC_DET_L1/LTIEHI_1/TIE1' on net 'u_LOGIC_CENTER/LINK_LOGIC/CSPI_CMD_ALIGN_L1/iSP_UTC_DET_L1/LTIEHI_1_NET':
    > pin 'u_LOGIC_CENTER/LINK_LOGIC/CSPI_CMD_ALIGN_L1/iSP_UTC_DET_L1/SETTING_CNT_reg_4_/D1' at logic 'constant 1'
    > pin 'u_LOGIC_CENTER/LINK_LOGIC/CSPI_CMD_ALIGN_L1/iSP_UTC_DET_L1/SETTING_CNT_reg_0_/D1' at logic 'constant 1'
    > pin 'u_LOGIC_CENTER/LINK_LOGIC/CSPI_CMD_ALIGN_L1/iSP_UTC_DET_L1/SETTING_CNT_reg_1_/D1' at logic 'constant 1'
    > pin 'u_LOGIC_CENTER/LINK_LOGIC/CSPI_CMD_ALIGN_L1/iSP_UTC_DET_L1/SETTING_EN_reg/D1' at logic 'constant 1'
    > pin 'u_LOGIC_CENTER/LINK_LOGIC/CSPI_CMD_ALIGN_L1/iSP_UTC_DET_L1/SETTING_CNT_reg_2_/D1' at logic 'constant 1'
    > pin 'u_LOGIC_CENTER/LINK_LOGIC/CSPI_CMD_ALIGN_L1/iSP_UTC_DET_L1/SETTING_CNT_reg_3_/D1' at logic 'constant 1'

41.1.2 Forward propagation through CELLS (level 1)
----------------------------------------------------

41.1.2 Forward propagation through CELLS (level 1)
----------------------------------------------------

41.1.2 Forward propagation through CELLS (level 1)
----------------------------------------------------

41.1.2 Forward propagation through CELLS (level 1)
----------------------------------------------------

41.1.2 Forward propagation through CELLS (level 1)
----------------------------------------------------

41.1.2 Forward propagation through CELLS (level 1)
----------------------------------------------------

42.1.1 Forward propagation on NET pins (level 1)
----------------------------------------------------
  Propagation of logic 'constant 0' from pin 'u_LOGIC_CENTER/LINK_LOGIC/CSPI_CMD_ALIGN_L1/iSP_UTC_DET_L1/SNPS_CG_CELL_DCLK_FRM_UTC_ERR_CNT_reg_0/LTIELO/TIE0' on net 'u_LOGIC_CENTER/LINK_LOGIC/CSPI_CMD_ALIGN_L1/iSP_UTC_DET_L1/SNPS_CG_CELL_DCLK_FRM_UTC_ERR_CNT_reg_0/LTIELO_NET':
    > pin 'u_LOGIC_CENTER/LINK_LOGIC/CSPI_CMD_ALIGN_L1/iSP_UTC_DET_L1/SNPS_CG_CELL_DCLK_FRM_UTC_ERR_CNT_reg_0/latch/TE' at logic 'constant 0'

42.1.2 Forward propagation through CELLS (level 1)
----------------------------------------------------

43.1.1 Forward propagation on NET pins (level 1)
----------------------------------------------------
  Propagation of logic 'constant 0' from pin 'u_LOGIC_CENTER/LINK_LOGIC/CSPI_CMD_ALIGN_L1/iSP_UTC_DET_L1/SNPS_CG_CELL_DCLK_DATA_NUM_CNT_reg_0/LTIELO/TIE0' on net 'u_LOGIC_CENTER/LINK_LOGIC/CSPI_CMD_ALIGN_L1/iSP_UTC_DET_L1/SNPS_CG_CELL_DCLK_DATA_NUM_CNT_reg_0/LTIELO_NET':
    > pin 'u_LOGIC_CENTER/LINK_LOGIC/CSPI_CMD_ALIGN_L1/iSP_UTC_DET_L1/SNPS_CG_CELL_DCLK_DATA_NUM_CNT_reg_0/latch/TE' at logic 'constant 0'

43.1.2 Forward propagation through CELLS (level 1)
----------------------------------------------------

44.1.1 Forward propagation on NET pins (level 1)
----------------------------------------------------
  Propagation of logic 'constant 0' from pin 'u_LOGIC_CENTER/LINK_LOGIC/CSPI_CMD_ALIGN_L1/iSP_UTC_DET_L1/SNPS_CG_CELL_DCLK_UTC_CLR_reg_0/LTIELO/TIE0' on net 'u_LOGIC_CENTER/LINK_LOGIC/CSPI_CMD_ALIGN_L1/iSP_UTC_DET_L1/SNPS_CG_CELL_DCLK_UTC_CLR_reg_0/LTIELO_NET':
    > pin 'u_LOGIC_CENTER/LINK_LOGIC/CSPI_CMD_ALIGN_L1/iSP_UTC_DET_L1/SNPS_CG_CELL_DCLK_UTC_CLR_reg_0/latch/TE' at logic 'constant 0'

44.1.2 Forward propagation through CELLS (level 1)
----------------------------------------------------

45.1.1 Forward propagation on NET pins (level 1)
----------------------------------------------------
  Propagation of logic 'constant 0' from pin 'u_LOGIC_CENTER/LINK_LOGIC/LC_CSPIF_L0/SNPS_CG_CELL_DCLK_RR_DATA_reg_0/LTIELO/TIE0' on net 'u_LOGIC_CENTER/LINK_LOGIC/LC_CSPIF_L0/SNPS_CG_CELL_DCLK_RR_DATA_reg_0/LTIELO_NET':
    > pin 'u_LOGIC_CENTER/LINK_LOGIC/LC_CSPIF_L0/SNPS_CG_CELL_DCLK_RR_DATA_reg_0/latch/TE' at logic 'constant 0'

45.1.2 Forward propagation through CELLS (level 1)
----------------------------------------------------

46.1.1 Forward propagation on NET pins (level 1)
----------------------------------------------------
  Propagation of logic 'constant 0' from pin 'u_LOGIC_CENTER/LINK_LOGIC/LC_CSPIF_L0/SNPS_CG_CELL_DCLK_B_DATA_reg_0/LTIELO/TIE0' on net 'u_LOGIC_CENTER/LINK_LOGIC/LC_CSPIF_L0/SNPS_CG_CELL_DCLK_B_DATA_reg_0/LTIELO_NET':
    > pin 'u_LOGIC_CENTER/LINK_LOGIC/LC_CSPIF_L0/SNPS_CG_CELL_DCLK_B_DATA_reg_0/latch/TE' at logic 'constant 0'

46.1.2 Forward propagation through CELLS (level 1)
----------------------------------------------------

47.1.1 Forward propagation on NET pins (level 1)
----------------------------------------------------
  Propagation of logic 'constant 1' from pin 'u_LOGIC_CENTER/LINK_LOGIC/LC_CSPIF_L0/LTIEHI/TIE1' on net 'u_LOGIC_CENTER/LINK_LOGIC/LC_CSPIF_L0/LTIEHI_NET':
    > pin 'u_LOGIC_CENTER/LINK_LOGIC/LC_CSPIF_L0/R_DATA_reg_2_/D1' at logic 'constant 1'
    > pin 'u_LOGIC_CENTER/LINK_LOGIC/LC_CSPIF_L0/DATA_24BIT_reg_7_/D1' at logic 'constant 1'
    > pin 'u_LOGIC_CENTER/LINK_LOGIC/LC_CSPIF_L0/R_DATA_reg_3_/D1' at logic 'constant 1'
    > pin 'u_LOGIC_CENTER/LINK_LOGIC/LC_CSPIF_L0/DATA_24BIT_reg_8_/D1' at logic 'constant 1'
    > pin 'u_LOGIC_CENTER/LINK_LOGIC/LC_CSPIF_L0/R_DATA_reg_4_/D1' at logic 'constant 1'
    > pin 'u_LOGIC_CENTER/LINK_LOGIC/LC_CSPIF_L0/R_DATA_reg_5_/D1' at logic 'constant 1'
    > pin 'u_LOGIC_CENTER/LINK_LOGIC/LC_CSPIF_L0/R_DATA_reg_6_/D1' at logic 'constant 1'
    > pin 'u_LOGIC_CENTER/LINK_LOGIC/LC_CSPIF_L0/R_DATA_reg_7_/D1' at logic 'constant 1'
    > pin 'u_LOGIC_CENTER/LINK_LOGIC/LC_CSPIF_L0/RR_DATA_reg_0_/D1' at logic 'constant 1'
    > pin 'u_LOGIC_CENTER/LINK_LOGIC/LC_CSPIF_L0/DATA_24BIT_reg_10_/D1' at logic 'constant 1'
    > pin 'u_LOGIC_CENTER/LINK_LOGIC/LC_CSPIF_L0/RR_DATA_reg_2_/D1' at logic 'constant 1'
    > pin 'u_LOGIC_CENTER/LINK_LOGIC/LC_CSPIF_L0/DATA_24BIT_reg_11_/D1' at logic 'constant 1'
    > pin 'u_LOGIC_CENTER/LINK_LOGIC/LC_CSPIF_L0/RR_DATA_reg_3_/D1' at logic 'constant 1'
    > pin 'u_LOGIC_CENTER/LINK_LOGIC/LC_CSPIF_L0/RR_DATA_reg_4_/D1' at logic 'constant 1'
    > pin 'u_LOGIC_CENTER/LINK_LOGIC/LC_CSPIF_L0/DATA_24BIT_reg_0_/D1' at logic 'constant 1'
    > pin 'u_LOGIC_CENTER/LINK_LOGIC/LC_CSPIF_L0/RR_DATA_reg_5_/D1' at logic 'constant 1'
    > pin 'u_LOGIC_CENTER/LINK_LOGIC/LC_CSPIF_L0/G_DATA_reg_3_/D1' at logic 'constant 1'
    > pin 'u_LOGIC_CENTER/LINK_LOGIC/LC_CSPIF_L0/B_DATA_reg_4_/D1' at logic 'constant 1'
    > pin 'u_LOGIC_CENTER/LINK_LOGIC/LC_CSPIF_L0/DATA_PS_ENC_reg_6_/D1' at logic 'constant 1'
    > pin 'u_LOGIC_CENTER/LINK_LOGIC/LC_CSPIF_L0/DATA_24BIT_reg_1_/D1' at logic 'constant 1'
    > pin 'u_LOGIC_CENTER/LINK_LOGIC/LC_CSPIF_L0/RR_DATA_reg_6_/D1' at logic 'constant 1'
    > pin 'u_LOGIC_CENTER/LINK_LOGIC/LC_CSPIF_L0/G_DATA_reg_4_/D1' at logic 'constant 1'
    > pin 'u_LOGIC_CENTER/LINK_LOGIC/LC_CSPIF_L0/DATA_24BIT_reg_2_/D1' at logic 'constant 1'
    > pin 'u_LOGIC_CENTER/LINK_LOGIC/LC_CSPIF_L0/DATA_24BIT_reg_16_/D1' at logic 'constant 1'
    > pin 'u_LOGIC_CENTER/LINK_LOGIC/LC_CSPIF_L0/DATA_24BIT_reg_3_/D1' at logic 'constant 1'
    > pin 'u_LOGIC_CENTER/LINK_LOGIC/LC_CSPIF_L0/DATA_24BIT_reg_4_/D1' at logic 'constant 1'
    > pin 'u_LOGIC_CENTER/LINK_LOGIC/LC_CSPIF_L0/R_DATA_reg_0_/D1' at logic 'constant 1'
    > pin 'u_LOGIC_CENTER/LINK_LOGIC/LC_CSPIF_L0/DATA_24BIT_reg_18_/D1' at logic 'constant 1'
    > pin 'u_LOGIC_CENTER/LINK_LOGIC/LC_CSPIF_L0/DATA_24BIT_reg_5_/D1' at logic 'constant 1'
    > pin 'u_LOGIC_CENTER/LINK_LOGIC/LC_CSPIF_L0/R_DATA_reg_1_/D1' at logic 'constant 1'

47.1.2 Forward propagation through CELLS (level 1)
----------------------------------------------------

47.1.2 Forward propagation through CELLS (level 1)
----------------------------------------------------

47.1.2 Forward propagation through CELLS (level 1)
----------------------------------------------------

47.1.2 Forward propagation through CELLS (level 1)
----------------------------------------------------

47.1.2 Forward propagation through CELLS (level 1)
----------------------------------------------------

47.1.2 Forward propagation through CELLS (level 1)
----------------------------------------------------

47.1.2 Forward propagation through CELLS (level 1)
----------------------------------------------------

47.1.2 Forward propagation through CELLS (level 1)
----------------------------------------------------

47.1.2 Forward propagation through CELLS (level 1)
----------------------------------------------------

47.1.2 Forward propagation through CELLS (level 1)
----------------------------------------------------

47.1.2 Forward propagation through CELLS (level 1)
----------------------------------------------------

47.1.2 Forward propagation through CELLS (level 1)
----------------------------------------------------

47.1.2 Forward propagation through CELLS (level 1)
----------------------------------------------------

47.1.2 Forward propagation through CELLS (level 1)
----------------------------------------------------

47.1.2 Forward propagation through CELLS (level 1)
----------------------------------------------------

47.1.2 Forward propagation through CELLS (level 1)
----------------------------------------------------

47.1.2 Forward propagation through CELLS (level 1)
----------------------------------------------------

47.1.2 Forward propagation through CELLS (level 1)
----------------------------------------------------

47.1.2 Forward propagation through CELLS (level 1)
----------------------------------------------------

47.1.2 Forward propagation through CELLS (level 1)
----------------------------------------------------

47.1.2 Forward propagation through CELLS (level 1)
----------------------------------------------------

47.1.2 Forward propagation through CELLS (level 1)
----------------------------------------------------

47.1.2 Forward propagation through CELLS (level 1)
----------------------------------------------------

47.1.2 Forward propagation through CELLS (level 1)
----------------------------------------------------

47.1.2 Forward propagation through CELLS (level 1)
----------------------------------------------------

47.1.2 Forward propagation through CELLS (level 1)
----------------------------------------------------

47.1.2 Forward propagation through CELLS (level 1)
----------------------------------------------------

47.1.2 Forward propagation through CELLS (level 1)
----------------------------------------------------

47.1.2 Forward propagation through CELLS (level 1)
----------------------------------------------------

47.1.2 Forward propagation through CELLS (level 1)
----------------------------------------------------

48.1.1 Forward propagation on NET pins (level 1)
----------------------------------------------------
  Propagation of logic 'constant 0' from pin 'u_LOGIC_CENTER/LINK_LOGIC/LC_CSPIF_L0/CG_CELL_KEY_RST_DCLK/LTIELO/TIE0' on net 'u_LOGIC_CENTER/LINK_LOGIC/LC_CSPIF_L0/CG_CELL_KEY_RST_DCLK/LTIELO_NET':
    > pin 'u_LOGIC_CENTER/LINK_LOGIC/LC_CSPIF_L0/CG_CELL_KEY_RST_DCLK/CG_CELL/TE' at logic 'constant 0'

48.1.2 Forward propagation through CELLS (level 1)
----------------------------------------------------

49.1.1 Forward propagation on NET pins (level 1)
----------------------------------------------------
  Propagation of logic 'constant 0' from pin 'u_LOGIC_CENTER/LINK_LOGIC/LC_CSPIF_L0/SNPS_CG_CELL_DCLK_KEY_CODE_reg_0/LTIELO/TIE0' on net 'u_LOGIC_CENTER/LINK_LOGIC/LC_CSPIF_L0/SNPS_CG_CELL_DCLK_KEY_CODE_reg_0/LTIELO_NET':
    > pin 'u_LOGIC_CENTER/LINK_LOGIC/LC_CSPIF_L0/SNPS_CG_CELL_DCLK_KEY_CODE_reg_0/latch/TE' at logic 'constant 0'

49.1.2 Forward propagation through CELLS (level 1)
----------------------------------------------------

50.1.1 Forward propagation on NET pins (level 1)
----------------------------------------------------
  Propagation of logic 'constant 1' from pin 'u_LOGIC_CENTER/LINK_LOGIC/LC_CSPIF_L0/LTIEHI_1/TIE1' on net 'u_LOGIC_CENTER/LINK_LOGIC/LC_CSPIF_L0/LTIEHI_1_NET':
    > pin 'u_LOGIC_CENTER/LINK_LOGIC/LC_CSPIF_L0/DATA_24BIT_reg_21_/D1' at logic 'constant 1'
    > pin 'u_LOGIC_CENTER/LINK_LOGIC/LC_CSPIF_L0/DATA_PS_ENC_reg_13_/D1' at logic 'constant 1'
    > pin 'u_LOGIC_CENTER/LINK_LOGIC/LC_CSPIF_L0/DATA_24BIT_reg_22_/D1' at logic 'constant 1'
    > pin 'u_LOGIC_CENTER/LINK_LOGIC/LC_CSPIF_L0/DATA_PS_ENC_reg_14_/D1' at logic 'constant 1'
    > pin 'u_LOGIC_CENTER/LINK_LOGIC/LC_CSPIF_L0/DATA_24BIT_reg_23_/D1' at logic 'constant 1'
    > pin 'u_LOGIC_CENTER/LINK_LOGIC/LC_CSPIF_L0/DATA_PS_ENC_reg_15_/D1' at logic 'constant 1'
    > pin 'u_LOGIC_CENTER/LINK_LOGIC/LC_CSPIF_L0/DATA_PS_ENC_reg_16_/D1' at logic 'constant 1'
    > pin 'u_LOGIC_CENTER/LINK_LOGIC/LC_CSPIF_L0/R_DATA_reg_8_/D1' at logic 'constant 1'
    > pin 'u_LOGIC_CENTER/LINK_LOGIC/LC_CSPIF_L0/DIOH_DCLK_reg/D1' at logic 'constant 1'
    > pin 'u_LOGIC_CENTER/LINK_LOGIC/LC_CSPIF_L0/SETTING_CNT_reg_1_/D1' at logic 'constant 1'
    > pin 'u_LOGIC_CENTER/LINK_LOGIC/LC_CSPIF_L0/B_DATA_reg_0_/D1' at logic 'constant 1'
    > pin 'u_LOGIC_CENTER/LINK_LOGIC/LC_CSPIF_L0/G_DATA_reg_0_/D1' at logic 'constant 1'
    > pin 'u_LOGIC_CENTER/LINK_LOGIC/LC_CSPIF_L0/KEY_RST_D_reg/D1' at logic 'constant 1'
    > pin 'u_LOGIC_CENTER/LINK_LOGIC/LC_CSPIF_L0/B_DATA_reg_2_/D1' at logic 'constant 1'
    > pin 'u_LOGIC_CENTER/LINK_LOGIC/LC_CSPIF_L0/DATA_PS_ENC_reg_4_/D1' at logic 'constant 1'
    > pin 'u_LOGIC_CENTER/LINK_LOGIC/LC_CSPIF_L0/G_DATA_reg_2_/D1' at logic 'constant 1'
    > pin 'u_LOGIC_CENTER/LINK_LOGIC/LC_CSPIF_L0/B_DATA_reg_3_/D1' at logic 'constant 1'
    > pin 'u_LOGIC_CENTER/LINK_LOGIC/LC_CSPIF_L0/DATA_PS_ENC_reg_5_/D1' at logic 'constant 1'
    > pin 'u_LOGIC_CENTER/LINK_LOGIC/LC_CSPIF_L0/B_DATA_reg_5_/D1' at logic 'constant 1'
    > pin 'u_LOGIC_CENTER/LINK_LOGIC/LC_CSPIF_L0/DATA_PS_ENC_reg_7_/D1' at logic 'constant 1'
    > pin 'u_LOGIC_CENTER/LINK_LOGIC/LC_CSPIF_L0/G_DATA_reg_5_/D1' at logic 'constant 1'
    > pin 'u_LOGIC_CENTER/LINK_LOGIC/LC_CSPIF_L0/B_DATA_reg_6_/D1' at logic 'constant 1'
    > pin 'u_LOGIC_CENTER/LINK_LOGIC/LC_CSPIF_L0/DATA_PS_ENC_reg_8_/D1' at logic 'constant 1'
    > pin 'u_LOGIC_CENTER/LINK_LOGIC/LC_CSPIF_L0/G_DATA_reg_6_/D1' at logic 'constant 1'
    > pin 'u_LOGIC_CENTER/LINK_LOGIC/LC_CSPIF_L0/DATA_24BIT_reg_17_/D1' at logic 'constant 1'
    > pin 'u_LOGIC_CENTER/LINK_LOGIC/LC_CSPIF_L0/B_DATA_reg_7_/D1' at logic 'constant 1'
    > pin 'u_LOGIC_CENTER/LINK_LOGIC/LC_CSPIF_L0/G_DATA_reg_7_/D1' at logic 'constant 1'
    > pin 'u_LOGIC_CENTER/LINK_LOGIC/LC_CSPIF_L0/B_DATA_reg_8_/D1' at logic 'constant 1'
    > pin 'u_LOGIC_CENTER/LINK_LOGIC/LC_CSPIF_L0/G_DATA_reg_8_/D1' at logic 'constant 1'
    > pin 'u_LOGIC_CENTER/LINK_LOGIC/LC_CSPIF_L0/DATA_24BIT_reg_19_/D1' at logic 'constant 1'

50.1.2 Forward propagation through CELLS (level 1)
----------------------------------------------------

50.1.2 Forward propagation through CELLS (level 1)
----------------------------------------------------

50.1.2 Forward propagation through CELLS (level 1)
----------------------------------------------------

50.1.2 Forward propagation through CELLS (level 1)
----------------------------------------------------

50.1.2 Forward propagation through CELLS (level 1)
----------------------------------------------------

50.1.2 Forward propagation through CELLS (level 1)
----------------------------------------------------

50.1.2 Forward propagation through CELLS (level 1)
----------------------------------------------------

50.1.2 Forward propagation through CELLS (level 1)
----------------------------------------------------

50.1.2 Forward propagation through CELLS (level 1)
----------------------------------------------------

50.1.2 Forward propagation through CELLS (level 1)
----------------------------------------------------

50.1.2 Forward propagation through CELLS (level 1)
----------------------------------------------------

50.1.2 Forward propagation through CELLS (level 1)
----------------------------------------------------

50.1.2 Forward propagation through CELLS (level 1)
----------------------------------------------------

50.1.2 Forward propagation through CELLS (level 1)
----------------------------------------------------

50.1.2 Forward propagation through CELLS (level 1)
----------------------------------------------------

50.1.2 Forward propagation through CELLS (level 1)
----------------------------------------------------

50.1.2 Forward propagation through CELLS (level 1)
----------------------------------------------------

50.1.2 Forward propagation through CELLS (level 1)
----------------------------------------------------

50.1.2 Forward propagation through CELLS (level 1)
----------------------------------------------------

50.1.2 Forward propagation through CELLS (level 1)
----------------------------------------------------

50.1.2 Forward propagation through CELLS (level 1)
----------------------------------------------------

50.1.2 Forward propagation through CELLS (level 1)
----------------------------------------------------

50.1.2 Forward propagation through CELLS (level 1)
----------------------------------------------------

50.1.2 Forward propagation through CELLS (level 1)
----------------------------------------------------

50.1.2 Forward propagation through CELLS (level 1)
----------------------------------------------------

50.1.2 Forward propagation through CELLS (level 1)
----------------------------------------------------

50.1.2 Forward propagation through CELLS (level 1)
----------------------------------------------------

50.1.2 Forward propagation through CELLS (level 1)
----------------------------------------------------

50.1.2 Forward propagation through CELLS (level 1)
----------------------------------------------------

50.1.2 Forward propagation through CELLS (level 1)
----------------------------------------------------

51.1.1 Forward propagation on NET pins (level 1)
----------------------------------------------------
  Propagation of logic 'constant 1' from pin 'u_LOGIC_CENTER/LINK_LOGIC/LC_CSPIF_L0/LTIEHI_2/TIE1' on net 'u_LOGIC_CENTER/LINK_LOGIC/LC_CSPIF_L0/LTIEHI_2_NET':
    > pin 'u_LOGIC_CENTER/LINK_LOGIC/LC_CSPIF_L0/DATA_24BIT_reg_20_/D1' at logic 'constant 1'
    > pin 'u_LOGIC_CENTER/LINK_LOGIC/LC_CSPIF_L0/DATA_24BIT_reg_9_/D1' at logic 'constant 1'
    > pin 'u_LOGIC_CENTER/LINK_LOGIC/LC_CSPIF_L0/ENA_TIME_DLY_reg_0_/D1' at logic 'constant 1'
    > pin 'u_LOGIC_CENTER/LINK_LOGIC/LC_CSPIF_L0/DATA_24BIT_reg_12_/D1' at logic 'constant 1'
    > pin 'u_LOGIC_CENTER/LINK_LOGIC/LC_CSPIF_L0/ENA_TIME_DLY_reg_1_/D1' at logic 'constant 1'
    > pin 'u_LOGIC_CENTER/LINK_LOGIC/LC_CSPIF_L0/DATA_24BIT_reg_13_/D1' at logic 'constant 1'
    > pin 'u_LOGIC_CENTER/LINK_LOGIC/LC_CSPIF_L0/DATA_24BIT_reg_14_/D1' at logic 'constant 1'
    > pin 'u_LOGIC_CENTER/LINK_LOGIC/LC_CSPIF_L0/DATA_24BIT_reg_15_/D1' at logic 'constant 1'
    > pin 'u_LOGIC_CENTER/LINK_LOGIC/LC_CSPIF_L0/DATA_24BIT_reg_6_/D1' at logic 'constant 1'

51.1.2 Forward propagation through CELLS (level 1)
----------------------------------------------------

51.1.2 Forward propagation through CELLS (level 1)
----------------------------------------------------

51.1.2 Forward propagation through CELLS (level 1)
----------------------------------------------------

51.1.2 Forward propagation through CELLS (level 1)
----------------------------------------------------

51.1.2 Forward propagation through CELLS (level 1)
----------------------------------------------------

51.1.2 Forward propagation through CELLS (level 1)
----------------------------------------------------

51.1.2 Forward propagation through CELLS (level 1)
----------------------------------------------------

51.1.2 Forward propagation through CELLS (level 1)
----------------------------------------------------

51.1.2 Forward propagation through CELLS (level 1)
----------------------------------------------------

52.1.1 Forward propagation on NET pins (level 1)
----------------------------------------------------
  Propagation of logic 'constant 1' from pin 'u_LOGIC_CENTER/LINK_LOGIC/LC_CSPIF_L0/LTIEHI_3/TIE1' on net 'u_LOGIC_CENTER/LINK_LOGIC/LC_CSPIF_L0/LTIEHI_3_NET':
    > pin 'u_LOGIC_CENTER/LINK_LOGIC/LC_CSPIF_L0/DATA_PS_ENC_reg_12_/D1' at logic 'constant 1'
    > pin 'u_LOGIC_CENTER/LINK_LOGIC/LC_CSPIF_L0/LENB_POL_reg/D1' at logic 'constant 1'
    > pin 'u_LOGIC_CENTER/LINK_LOGIC/LC_CSPIF_L0/VBK_CNT_reg_0_/D1' at logic 'constant 1'
    > pin 'u_LOGIC_CENTER/LINK_LOGIC/LC_CSPIF_L0/BLANK_EN_L0toL1_reg/D1' at logic 'constant 1'
    > pin 'u_LOGIC_CENTER/LINK_LOGIC/LC_CSPIF_L0/VBK_CNT_reg_1_/D1' at logic 'constant 1'
    > pin 'u_LOGIC_CENTER/LINK_LOGIC/LC_CSPIF_L0/SETTING_CNT_reg_0_/D1' at logic 'constant 1'
    > pin 'u_LOGIC_CENTER/LINK_LOGIC/LC_CSPIF_L0/ENA_TIME_reg/D1' at logic 'constant 1'
    > pin 'u_LOGIC_CENTER/LINK_LOGIC/LC_CSPIF_L0/DATA_NUM_CNT_reg_3_/D1' at logic 'constant 1'
    > pin 'u_LOGIC_CENTER/LINK_LOGIC/LC_CSPIF_L0/SETTING_CNT_reg_2_/D1' at logic 'constant 1'
    > pin 'u_LOGIC_CENTER/LINK_LOGIC/LC_CSPIF_L0/DATA_NUM_CNT_reg_4_/D1' at logic 'constant 1'
    > pin 'u_LOGIC_CENTER/LINK_LOGIC/LC_CSPIF_L0/SETTING_CNT_reg_3_/D1' at logic 'constant 1'
    > pin 'u_LOGIC_CENTER/LINK_LOGIC/LC_CSPIF_L0/DATA_NUM_CNT_reg_5_/D1' at logic 'constant 1'
    > pin 'u_LOGIC_CENTER/LINK_LOGIC/LC_CSPIF_L0/SETTING_CNT_reg_4_/D1' at logic 'constant 1'
    > pin 'u_LOGIC_CENTER/LINK_LOGIC/LC_CSPIF_L0/act_det_reg/D1' at logic 'constant 1'

52.1.2 Forward propagation through CELLS (level 1)
----------------------------------------------------

52.1.2 Forward propagation through CELLS (level 1)
----------------------------------------------------

52.1.2 Forward propagation through CELLS (level 1)
----------------------------------------------------

52.1.2 Forward propagation through CELLS (level 1)
----------------------------------------------------

52.1.2 Forward propagation through CELLS (level 1)
----------------------------------------------------

52.1.2 Forward propagation through CELLS (level 1)
----------------------------------------------------

52.1.2 Forward propagation through CELLS (level 1)
----------------------------------------------------

52.1.2 Forward propagation through CELLS (level 1)
----------------------------------------------------

52.1.2 Forward propagation through CELLS (level 1)
----------------------------------------------------

52.1.2 Forward propagation through CELLS (level 1)
----------------------------------------------------

52.1.2 Forward propagation through CELLS (level 1)
----------------------------------------------------

52.1.2 Forward propagation through CELLS (level 1)
----------------------------------------------------

52.1.2 Forward propagation through CELLS (level 1)
----------------------------------------------------

52.1.2 Forward propagation through CELLS (level 1)
----------------------------------------------------

53.1.1 Forward propagation on NET pins (level 1)
----------------------------------------------------
  Propagation of logic 'constant 1' from pin 'u_LOGIC_CENTER/LINK_LOGIC/LC_CSPIF_L0/LTIEHI_4/TIE1' on net 'u_LOGIC_CENTER/LINK_LOGIC/LC_CSPIF_L0/LTIEHI_4_NET':
    > pin 'u_LOGIC_CENTER/LINK_LOGIC/LC_CSPIF_L0/ADD_SE_OH_pre_reg_16_/SB' at logic 'constant 1'
    > pin 'u_LOGIC_CENTER/LINK_LOGIC/LC_CSPIF_L0/TP_DLY_CNT_reg_1_/D1' at logic 'constant 1'
    > pin 'u_LOGIC_CENTER/LINK_LOGIC/LC_CSPIF_L0/ENA_TIME_DLY_DCLKDIV_reg_1_/D1' at logic 'constant 1'
    > pin 'u_LOGIC_CENTER/LINK_LOGIC/LC_CSPIF_L0/STB_A_PRE_reg/D1' at logic 'constant 1'
    > pin 'u_LOGIC_CENTER/LINK_LOGIC/LC_CSPIF_L0/STB_A_DLY_reg/D1' at logic 'constant 1'

53.1.2 Forward propagation through CELLS (level 1)
----------------------------------------------------

53.1.2 Forward propagation through CELLS (level 1)
----------------------------------------------------

53.1.2 Forward propagation through CELLS (level 1)
----------------------------------------------------

53.1.2 Forward propagation through CELLS (level 1)
----------------------------------------------------

53.1.2 Forward propagation through CELLS (level 1)
----------------------------------------------------

54.1.1 Forward propagation on NET pins (level 1)
----------------------------------------------------
  Propagation of logic 'constant 1' from pin 'u_LOGIC_CENTER/LINK_LOGIC/LC_CSPIF_L0/LTIEHI_5/TIE1' on net 'u_LOGIC_CENTER/LINK_LOGIC/LC_CSPIF_L0/LTIEHI_5_NET':
    > pin 'u_LOGIC_CENTER/LINK_LOGIC/LC_CSPIF_L0/STB_A_reg/D1' at logic 'constant 1'
    > pin 'u_LOGIC_CENTER/LINK_LOGIC/LC_CSPIF_L0/STB_EMI_reg_0_/D1' at logic 'constant 1'
    > pin 'u_LOGIC_CENTER/LINK_LOGIC/LC_CSPIF_L0/STB_EMI_reg_1_/D1' at logic 'constant 1'
    > pin 'u_LOGIC_CENTER/LINK_LOGIC/LC_CSPIF_L0/STB_EMI_reg_2_/D1' at logic 'constant 1'
    > pin 'u_LOGIC_CENTER/LINK_LOGIC/LC_CSPIF_L0/STB_EMI_reg_3_/D1' at logic 'constant 1'
    > pin 'u_LOGIC_CENTER/LINK_LOGIC/LC_CSPIF_L0/STB_EMI_reg_4_/D1' at logic 'constant 1'
    > pin 'u_LOGIC_CENTER/LINK_LOGIC/LC_CSPIF_L0/STB_C_DLY_reg/D1' at logic 'constant 1'

54.1.2 Forward propagation through CELLS (level 1)
----------------------------------------------------

54.1.2 Forward propagation through CELLS (level 1)
----------------------------------------------------

54.1.2 Forward propagation through CELLS (level 1)
----------------------------------------------------

54.1.2 Forward propagation through CELLS (level 1)
----------------------------------------------------

54.1.2 Forward propagation through CELLS (level 1)
----------------------------------------------------

54.1.2 Forward propagation through CELLS (level 1)
----------------------------------------------------

54.1.2 Forward propagation through CELLS (level 1)
----------------------------------------------------

55.1.1 Forward propagation on NET pins (level 1)
----------------------------------------------------
  Propagation of logic 'constant 1' from pin 'u_LOGIC_CENTER/LINK_LOGIC/LC_CSPIF_L0/LTIEHI_6/TIE1' on net 'u_LOGIC_CENTER/LINK_LOGIC/LC_CSPIF_L0/LTIEHI_6_NET':
    > pin 'u_LOGIC_CENTER/LINK_LOGIC/LC_CSPIF_L0/act_det_cnt_reg_0_/D1' at logic 'constant 1'

55.1.2 Forward propagation through CELLS (level 1)
----------------------------------------------------

56.1.1 Forward propagation on NET pins (level 1)
----------------------------------------------------
  Propagation of logic 'constant 1' from pin 'u_LOGIC_CENTER/LINK_LOGIC/LC_CSPIF_L0/LTIEHI_7/TIE1' on net 'u_LOGIC_CENTER/LINK_LOGIC/LC_CSPIF_L0/LTIEHI_7_NET':
    > pin 'u_LOGIC_CENTER/LINK_LOGIC/LC_CSPIF_L0/TP_DLY_CNT_reg_0_/D1' at logic 'constant 1'
    > pin 'u_LOGIC_CENTER/LINK_LOGIC/LC_CSPIF_L0/TP_DLY_CNT_reg_2_/D1' at logic 'constant 1'
    > pin 'u_LOGIC_CENTER/LINK_LOGIC/LC_CSPIF_L0/TP_DLY_CNT_reg_3_/D1' at logic 'constant 1'
    > pin 'u_LOGIC_CENTER/LINK_LOGIC/LC_CSPIF_L0/TP_DLY_CNT_reg_4_/D1' at logic 'constant 1'
    > pin 'u_LOGIC_CENTER/LINK_LOGIC/LC_CSPIF_L0/TP_DLY_CNT_reg_5_/D1' at logic 'constant 1'
    > pin 'u_LOGIC_CENTER/LINK_LOGIC/LC_CSPIF_L0/TP_DLY_CNT_reg_6_/D1' at logic 'constant 1'

56.1.2 Forward propagation through CELLS (level 1)
----------------------------------------------------

56.1.2 Forward propagation through CELLS (level 1)
----------------------------------------------------

56.1.2 Forward propagation through CELLS (level 1)
----------------------------------------------------

56.1.2 Forward propagation through CELLS (level 1)
----------------------------------------------------

56.1.2 Forward propagation through CELLS (level 1)
----------------------------------------------------

56.1.2 Forward propagation through CELLS (level 1)
----------------------------------------------------

57.1.1 Forward propagation on NET pins (level 1)
----------------------------------------------------
  Propagation of logic 'constant 0' from pin 'u_LOGIC_CENTER/LINK_LOGIC/LC_CSPIF_L0/SNPS_CG_CELL_DCLK_SETTING_CNT_reg_0/LTIELO/TIE0' on net 'u_LOGIC_CENTER/LINK_LOGIC/LC_CSPIF_L0/SNPS_CG_CELL_DCLK_SETTING_CNT_reg_0/LTIELO_NET':
    > pin 'u_LOGIC_CENTER/LINK_LOGIC/LC_CSPIF_L0/SNPS_CG_CELL_DCLK_SETTING_CNT_reg_0/latch/TE' at logic 'constant 0'

57.1.2 Forward propagation through CELLS (level 1)
----------------------------------------------------

58.1.1 Forward propagation on NET pins (level 1)
----------------------------------------------------
  Propagation of logic 'constant 0' from pin 'u_LOGIC_CENTER/LINK_LOGIC/LC_CSPIF_L0/SNPS_CG_CELL_DCLK_DATA_24BIT_reg_0/LTIELO/TIE0' on net 'u_LOGIC_CENTER/LINK_LOGIC/LC_CSPIF_L0/SNPS_CG_CELL_DCLK_DATA_24BIT_reg_0/LTIELO_NET':
    > pin 'u_LOGIC_CENTER/LINK_LOGIC/LC_CSPIF_L0/SNPS_CG_CELL_DCLK_DATA_24BIT_reg_0/latch/TE' at logic 'constant 0'

58.1.2 Forward propagation through CELLS (level 1)
----------------------------------------------------

59.1.1 Forward propagation on NET pins (level 1)
----------------------------------------------------
  Propagation of logic 'constant 0' from pin 'u_LOGIC_CENTER/LINK_LOGIC/LC_CSPIF_L0/SNPS_CG_CELL_DCLK_DATA_24BIT_reg_1/LTIELO/TIE0' on net 'u_LOGIC_CENTER/LINK_LOGIC/LC_CSPIF_L0/SNPS_CG_CELL_DCLK_DATA_24BIT_reg_1/LTIELO_NET':
    > pin 'u_LOGIC_CENTER/LINK_LOGIC/LC_CSPIF_L0/SNPS_CG_CELL_DCLK_DATA_24BIT_reg_1/latch/TE' at logic 'constant 0'

59.1.2 Forward propagation through CELLS (level 1)
----------------------------------------------------

60.1.1 Forward propagation on NET pins (level 1)
----------------------------------------------------
  Propagation of logic 'constant 0' from pin 'u_LOGIC_CENTER/LINK_LOGIC/LC_CSPIF_L0/CG_CELL_HSR_DCLK/LTIELO/TIE0' on net 'u_LOGIC_CENTER/LINK_LOGIC/LC_CSPIF_L0/CG_CELL_HSR_DCLK/LTIELO_NET':
    > pin 'u_LOGIC_CENTER/LINK_LOGIC/LC_CSPIF_L0/CG_CELL_HSR_DCLK/CG_CELL/TE' at logic 'constant 0'

60.1.2 Forward propagation through CELLS (level 1)
----------------------------------------------------

61.1.1 Forward propagation on NET pins (level 1)
----------------------------------------------------
  Propagation of logic 'constant 0' from pin 'u_LOGIC_CENTER/LINK_LOGIC/LC_CSPIF_L0/CG_CELL_DLY_CNT_DCLK/LTIELO/TIE0' on net 'u_LOGIC_CENTER/LINK_LOGIC/LC_CSPIF_L0/CG_CELL_DLY_CNT_DCLK/LTIELO_NET':
    > pin 'u_LOGIC_CENTER/LINK_LOGIC/LC_CSPIF_L0/CG_CELL_DLY_CNT_DCLK/CG_CELL/TE' at logic 'constant 0'

61.1.2 Forward propagation through CELLS (level 1)
----------------------------------------------------

62.1.1 Forward propagation on NET pins (level 1)
----------------------------------------------------
  Propagation of logic 'constant 0' from pin 'u_LOGIC_CENTER/LINK_LOGIC/LC_CSPIF_L0/SNPS_CG_CELL_DCLK_DATA_NUM_CNT_reg_0/LTIELO/TIE0' on net 'u_LOGIC_CENTER/LINK_LOGIC/LC_CSPIF_L0/SNPS_CG_CELL_DCLK_DATA_NUM_CNT_reg_0/LTIELO_NET':
    > pin 'u_LOGIC_CENTER/LINK_LOGIC/LC_CSPIF_L0/SNPS_CG_CELL_DCLK_DATA_NUM_CNT_reg_0/latch/TE' at logic 'constant 0'

62.1.2 Forward propagation through CELLS (level 1)
----------------------------------------------------

63.1.1 Forward propagation on NET pins (level 1)
----------------------------------------------------
  Propagation of logic 'constant 0' from pin 'u_LOGIC_CENTER/LINK_LOGIC/LC_CSPIF_L0/SNPS_CG_CELL_HSR_DCLK_HSR_WIDTH_CNT_reg_0/LTIELO/TIE0' on net 'u_LOGIC_CENTER/LINK_LOGIC/LC_CSPIF_L0/SNPS_CG_CELL_HSR_DCLK_HSR_WIDTH_CNT_reg_0/LTIELO_NET':
    > pin 'u_LOGIC_CENTER/LINK_LOGIC/LC_CSPIF_L0/SNPS_CG_CELL_HSR_DCLK_HSR_WIDTH_CNT_reg_0/latch/TE' at logic 'constant 0'

63.1.2 Forward propagation through CELLS (level 1)
----------------------------------------------------

64.1.1 Forward propagation on NET pins (level 1)
----------------------------------------------------
  Propagation of logic 'constant 1' from pin 'u_LOGIC_CENTER/LINK_LOGIC/CSPI_WD_BWDBL/LTIEHI/TIE1' on net 'u_LOGIC_CENTER/LINK_LOGIC/CSPI_WD_BWDBL/LTIEHI_NET':
    > pin 'u_LOGIC_CENTER/LINK_LOGIC/CSPI_WD_BWDBL/BAC_CMD_TOG_DLY_L0_reg_2_/D1' at logic 'constant 1'
    > pin 'u_LOGIC_CENTER/LINK_LOGIC/CSPI_WD_BWDBL/LOCK_FREQ_DEB_DLY_reg/D1' at logic 'constant 1'
    > pin 'u_LOGIC_CENTER/LINK_LOGIC/CSPI_WD_BWDBL/BAC_CMD_TOG_DLY_L1_reg_3_/D1' at logic 'constant 1'
    > pin 'u_LOGIC_CENTER/LINK_LOGIC/CSPI_WD_BWDBL/BAC_CMD_TOG_DLY_L1_reg_1_/D1' at logic 'constant 1'
    > pin 'u_LOGIC_CENTER/LINK_LOGIC/CSPI_WD_BWDBL/BAC_CMD_TOG_DLY_L0_reg_3_/D1' at logic 'constant 1'
    > pin 'u_LOGIC_CENTER/LINK_LOGIC/CSPI_WD_BWDBL/BAC_CMD_RF_STORE_reg/D1' at logic 'constant 1'
    > pin 'u_LOGIC_CENTER/LINK_LOGIC/CSPI_WD_BWDBL/BAC_CMD_TOG_DLY_L0_reg_1_/D1' at logic 'constant 1'
    > pin 'u_LOGIC_CENTER/LINK_LOGIC/CSPI_WD_BWDBL/BAC_CMD_TOG_DLY_L1_reg_2_/D1' at logic 'constant 1'

64.1.2 Forward propagation through CELLS (level 1)
----------------------------------------------------

64.1.2 Forward propagation through CELLS (level 1)
----------------------------------------------------

64.1.2 Forward propagation through CELLS (level 1)
----------------------------------------------------

64.1.2 Forward propagation through CELLS (level 1)
----------------------------------------------------

64.1.2 Forward propagation through CELLS (level 1)
----------------------------------------------------

64.1.2 Forward propagation through CELLS (level 1)
----------------------------------------------------

64.1.2 Forward propagation through CELLS (level 1)
----------------------------------------------------

64.1.2 Forward propagation through CELLS (level 1)
----------------------------------------------------

65.1.1 Forward propagation on NET pins (level 1)
----------------------------------------------------
  Propagation of logic 'constant 1' from pin 'u_LOGIC_CENTER/LINK_LOGIC/LC_CSPIF_L1/LTIEHI_1/TIE1' on net 'u_LOGIC_CENTER/LINK_LOGIC/LC_CSPIF_L1/LTIEHI_1_NET':
    > pin 'u_LOGIC_CENTER/LINK_LOGIC/LC_CSPIF_L1/RR_DATA_reg_2_/D1' at logic 'constant 1'
    > pin 'u_LOGIC_CENTER/LINK_LOGIC/LC_CSPIF_L1/B_DATA_reg_5_/D1' at logic 'constant 1'
    > pin 'u_LOGIC_CENTER/LINK_LOGIC/LC_CSPIF_L1/R_DATA_reg_4_/D1' at logic 'constant 1'
    > pin 'u_LOGIC_CENTER/LINK_LOGIC/LC_CSPIF_L1/RR_DATA_reg_3_/D1' at logic 'constant 1'
    > pin 'u_LOGIC_CENTER/LINK_LOGIC/LC_CSPIF_L1/B_DATA_reg_6_/D1' at logic 'constant 1'
    > pin 'u_LOGIC_CENTER/LINK_LOGIC/LC_CSPIF_L1/DATA_PS_ENC_reg_0_/D1' at logic 'constant 1'
    > pin 'u_LOGIC_CENTER/LINK_LOGIC/LC_CSPIF_L1/DATA_24BIT_reg_23_/D1' at logic 'constant 1'
    > pin 'u_LOGIC_CENTER/LINK_LOGIC/LC_CSPIF_L1/R_DATA_reg_5_/D1' at logic 'constant 1'
    > pin 'u_LOGIC_CENTER/LINK_LOGIC/LC_CSPIF_L1/RR_DATA_reg_4_/D1' at logic 'constant 1'
    > pin 'u_LOGIC_CENTER/LINK_LOGIC/LC_CSPIF_L1/B_DATA_reg_7_/D1' at logic 'constant 1'
    > pin 'u_LOGIC_CENTER/LINK_LOGIC/LC_CSPIF_L1/R_DATA_reg_6_/D1' at logic 'constant 1'
    > pin 'u_LOGIC_CENTER/LINK_LOGIC/LC_CSPIF_L1/RR_DATA_reg_5_/D1' at logic 'constant 1'
    > pin 'u_LOGIC_CENTER/LINK_LOGIC/LC_CSPIF_L1/B_DATA_reg_8_/D1' at logic 'constant 1'
    > pin 'u_LOGIC_CENTER/LINK_LOGIC/LC_CSPIF_L1/DATA_PS_ENC_reg_2_/D1' at logic 'constant 1'
    > pin 'u_LOGIC_CENTER/LINK_LOGIC/LC_CSPIF_L1/R_DATA_reg_7_/D1' at logic 'constant 1'
    > pin 'u_LOGIC_CENTER/LINK_LOGIC/LC_CSPIF_L1/RR_DATA_reg_6_/D1' at logic 'constant 1'
    > pin 'u_LOGIC_CENTER/LINK_LOGIC/LC_CSPIF_L1/G_DATA_reg_6_/D1' at logic 'constant 1'
    > pin 'u_LOGIC_CENTER/LINK_LOGIC/LC_CSPIF_L1/R_DATA_reg_8_/D1' at logic 'constant 1'
    > pin 'u_LOGIC_CENTER/LINK_LOGIC/LC_CSPIF_L1/DATA_24BIT_reg_17_/D1' at logic 'constant 1'
    > pin 'u_LOGIC_CENTER/LINK_LOGIC/LC_CSPIF_L1/B_DATA_reg_0_/D1' at logic 'constant 1'
    > pin 'u_LOGIC_CENTER/LINK_LOGIC/LC_CSPIF_L1/G_DATA_reg_7_/D1' at logic 'constant 1'
    > pin 'u_LOGIC_CENTER/LINK_LOGIC/LC_CSPIF_L1/R_DATA_reg_0_/D1' at logic 'constant 1'
    > pin 'u_LOGIC_CENTER/LINK_LOGIC/LC_CSPIF_L1/DATA_24BIT_reg_19_/D1' at logic 'constant 1'
    > pin 'u_LOGIC_CENTER/LINK_LOGIC/LC_CSPIF_L1/B_DATA_reg_2_/D1' at logic 'constant 1'
    > pin 'u_LOGIC_CENTER/LINK_LOGIC/LC_CSPIF_L1/R_DATA_reg_1_/D1' at logic 'constant 1'
    > pin 'u_LOGIC_CENTER/LINK_LOGIC/LC_CSPIF_L1/RR_DATA_reg_0_/D1' at logic 'constant 1'
    > pin 'u_LOGIC_CENTER/LINK_LOGIC/LC_CSPIF_L1/B_DATA_reg_3_/D1' at logic 'constant 1'
    > pin 'u_LOGIC_CENTER/LINK_LOGIC/LC_CSPIF_L1/R_DATA_reg_2_/D1' at logic 'constant 1'
    > pin 'u_LOGIC_CENTER/LINK_LOGIC/LC_CSPIF_L1/B_DATA_reg_4_/D1' at logic 'constant 1'
    > pin 'u_LOGIC_CENTER/LINK_LOGIC/LC_CSPIF_L1/R_DATA_reg_3_/D1' at logic 'constant 1'

65.1.2 Forward propagation through CELLS (level 1)
----------------------------------------------------

65.1.2 Forward propagation through CELLS (level 1)
----------------------------------------------------

65.1.2 Forward propagation through CELLS (level 1)
----------------------------------------------------

65.1.2 Forward propagation through CELLS (level 1)
----------------------------------------------------

65.1.2 Forward propagation through CELLS (level 1)
----------------------------------------------------

65.1.2 Forward propagation through CELLS (level 1)
----------------------------------------------------

65.1.2 Forward propagation through CELLS (level 1)
----------------------------------------------------

65.1.2 Forward propagation through CELLS (level 1)
----------------------------------------------------

65.1.2 Forward propagation through CELLS (level 1)
----------------------------------------------------

65.1.2 Forward propagation through CELLS (level 1)
----------------------------------------------------

65.1.2 Forward propagation through CELLS (level 1)
----------------------------------------------------

65.1.2 Forward propagation through CELLS (level 1)
----------------------------------------------------

65.1.2 Forward propagation through CELLS (level 1)
----------------------------------------------------

65.1.2 Forward propagation through CELLS (level 1)
----------------------------------------------------

65.1.2 Forward propagation through CELLS (level 1)
----------------------------------------------------

65.1.2 Forward propagation through CELLS (level 1)
----------------------------------------------------

65.1.2 Forward propagation through CELLS (level 1)
----------------------------------------------------

65.1.2 Forward propagation through CELLS (level 1)
----------------------------------------------------

65.1.2 Forward propagation through CELLS (level 1)
----------------------------------------------------

65.1.2 Forward propagation through CELLS (level 1)
----------------------------------------------------

65.1.2 Forward propagation through CELLS (level 1)
----------------------------------------------------

65.1.2 Forward propagation through CELLS (level 1)
----------------------------------------------------

65.1.2 Forward propagation through CELLS (level 1)
----------------------------------------------------

65.1.2 Forward propagation through CELLS (level 1)
----------------------------------------------------

65.1.2 Forward propagation through CELLS (level 1)
----------------------------------------------------

65.1.2 Forward propagation through CELLS (level 1)
----------------------------------------------------

65.1.2 Forward propagation through CELLS (level 1)
----------------------------------------------------

65.1.2 Forward propagation through CELLS (level 1)
----------------------------------------------------

65.1.2 Forward propagation through CELLS (level 1)
----------------------------------------------------

65.1.2 Forward propagation through CELLS (level 1)
----------------------------------------------------

66.1.1 Forward propagation on NET pins (level 1)
----------------------------------------------------
  Propagation of logic 'constant 1' from pin 'u_LOGIC_CENTER/LINK_LOGIC/LC_CSPIF_L1/LTIEHI_2/TIE1' on net 'u_LOGIC_CENTER/LINK_LOGIC/LC_CSPIF_L1/LTIEHI_2_NET':
    > pin 'u_LOGIC_CENTER/LINK_LOGIC/LC_CSPIF_L1/DATA_PS_ENC_reg_9_/D1' at logic 'constant 1'
    > pin 'u_LOGIC_CENTER/LINK_LOGIC/LC_CSPIF_L1/DATA_PS_ENC_reg_13_/D1' at logic 'constant 1'
    > pin 'u_LOGIC_CENTER/LINK_LOGIC/LC_CSPIF_L1/DATA_PS_ENC_reg_14_/D1' at logic 'constant 1'
    > pin 'u_LOGIC_CENTER/LINK_LOGIC/LC_CSPIF_L1/DATA_PS_ENC_reg_1_/D1' at logic 'constant 1'
    > pin 'u_LOGIC_CENTER/LINK_LOGIC/LC_CSPIF_L1/DATA_PS_ENC_reg_15_/D1' at logic 'constant 1'
    > pin 'u_LOGIC_CENTER/LINK_LOGIC/LC_CSPIF_L1/DATA_PS_ENC_reg_16_/D1' at logic 'constant 1'
    > pin 'u_LOGIC_CENTER/LINK_LOGIC/LC_CSPIF_L1/DATA_PS_ENC_reg_3_/D1' at logic 'constant 1'
    > pin 'u_LOGIC_CENTER/LINK_LOGIC/LC_CSPIF_L1/DATA_PS_ENC_reg_17_/D1' at logic 'constant 1'
    > pin 'u_LOGIC_CENTER/LINK_LOGIC/LC_CSPIF_L1/DATA_PS_ENC_reg_4_/D1' at logic 'constant 1'
    > pin 'u_LOGIC_CENTER/LINK_LOGIC/LC_CSPIF_L1/DATA_PS_ENC_reg_5_/D1' at logic 'constant 1'
    > pin 'u_LOGIC_CENTER/LINK_LOGIC/LC_CSPIF_L1/DATA_PS_ENC_reg_6_/D1' at logic 'constant 1'
    > pin 'u_LOGIC_CENTER/LINK_LOGIC/LC_CSPIF_L1/DATA_PS_ENC_reg_10_/D1' at logic 'constant 1'
    > pin 'u_LOGIC_CENTER/LINK_LOGIC/LC_CSPIF_L1/DATA_PS_ENC_reg_7_/D1' at logic 'constant 1'
    > pin 'u_LOGIC_CENTER/LINK_LOGIC/LC_CSPIF_L1/DATA_PS_ENC_reg_11_/D1' at logic 'constant 1'
    > pin 'u_LOGIC_CENTER/LINK_LOGIC/LC_CSPIF_L1/DATA_PS_ENC_reg_8_/D1' at logic 'constant 1'
    > pin 'u_LOGIC_CENTER/LINK_LOGIC/LC_CSPIF_L1/DATA_PS_ENC_reg_12_/D1' at logic 'constant 1'

66.1.2 Forward propagation through CELLS (level 1)
----------------------------------------------------

66.1.2 Forward propagation through CELLS (level 1)
----------------------------------------------------

66.1.2 Forward propagation through CELLS (level 1)
----------------------------------------------------

66.1.2 Forward propagation through CELLS (level 1)
----------------------------------------------------

66.1.2 Forward propagation through CELLS (level 1)
----------------------------------------------------

66.1.2 Forward propagation through CELLS (level 1)
----------------------------------------------------

66.1.2 Forward propagation through CELLS (level 1)
----------------------------------------------------

66.1.2 Forward propagation through CELLS (level 1)
----------------------------------------------------

66.1.2 Forward propagation through CELLS (level 1)
----------------------------------------------------

66.1.2 Forward propagation through CELLS (level 1)
----------------------------------------------------

66.1.2 Forward propagation through CELLS (level 1)
----------------------------------------------------

66.1.2 Forward propagation through CELLS (level 1)
----------------------------------------------------

66.1.2 Forward propagation through CELLS (level 1)
----------------------------------------------------

66.1.2 Forward propagation through CELLS (level 1)
----------------------------------------------------

66.1.2 Forward propagation through CELLS (level 1)
----------------------------------------------------

66.1.2 Forward propagation through CELLS (level 1)
----------------------------------------------------

67.1.1 Forward propagation on NET pins (level 1)
----------------------------------------------------
  Propagation of logic 'constant 0' from pin 'u_LOGIC_CENTER/LINK_LOGIC/LC_CSPIF_L1/SNPS_CG_CELL_DCLK_B_DATA_reg_0/LTIELO/TIE0' on net 'u_LOGIC_CENTER/LINK_LOGIC/LC_CSPIF_L1/SNPS_CG_CELL_DCLK_B_DATA_reg_0/LTIELO_NET':
    > pin 'u_LOGIC_CENTER/LINK_LOGIC/LC_CSPIF_L1/SNPS_CG_CELL_DCLK_B_DATA_reg_0/latch/TE' at logic 'constant 0'

67.1.2 Forward propagation through CELLS (level 1)
----------------------------------------------------

68.1.1 Forward propagation on NET pins (level 1)
----------------------------------------------------
  Propagation of logic 'constant 0' from pin 'u_LOGIC_CENTER/LINK_LOGIC/LC_CSPIF_L1/SNPS_CG_CELL_DCLK_KEY_CODE_reg_0/LTIELO/TIE0' on net 'u_LOGIC_CENTER/LINK_LOGIC/LC_CSPIF_L1/SNPS_CG_CELL_DCLK_KEY_CODE_reg_0/LTIELO_NET':
    > pin 'u_LOGIC_CENTER/LINK_LOGIC/LC_CSPIF_L1/SNPS_CG_CELL_DCLK_KEY_CODE_reg_0/latch/TE' at logic 'constant 0'

68.1.2 Forward propagation through CELLS (level 1)
----------------------------------------------------

69.1.1 Forward propagation on NET pins (level 1)
----------------------------------------------------
  Propagation of logic 'constant 0' from pin 'u_LOGIC_CENTER/LINK_LOGIC/LC_CSPIF_L1/SNPS_CG_CELL_DCLK_RR_DATA_reg_0/LTIELO/TIE0' on net 'u_LOGIC_CENTER/LINK_LOGIC/LC_CSPIF_L1/SNPS_CG_CELL_DCLK_RR_DATA_reg_0/LTIELO_NET':
    > pin 'u_LOGIC_CENTER/LINK_LOGIC/LC_CSPIF_L1/SNPS_CG_CELL_DCLK_RR_DATA_reg_0/latch/TE' at logic 'constant 0'

69.1.2 Forward propagation through CELLS (level 1)
----------------------------------------------------

70.1.1 Forward propagation on NET pins (level 1)
----------------------------------------------------
  Propagation of logic 'constant 1' from pin 'u_LOGIC_CENTER/LINK_LOGIC/LC_CSPIF_L1/LTIEHI/TIE1' on net 'u_LOGIC_CENTER/LINK_LOGIC/LC_CSPIF_L1/LTIEHI_NET':
    > pin 'u_LOGIC_CENTER/LINK_LOGIC/LC_CSPIF_L1/DATA_24BIT_reg_12_/D1' at logic 'constant 1'
    > pin 'u_LOGIC_CENTER/LINK_LOGIC/LC_CSPIF_L1/DATA_24BIT_reg_7_/D1' at logic 'constant 1'
    > pin 'u_LOGIC_CENTER/LINK_LOGIC/LC_CSPIF_L1/G_DATA_reg_2_/D1' at logic 'constant 1'
    > pin 'u_LOGIC_CENTER/LINK_LOGIC/LC_CSPIF_L1/KEY_RST_D_reg/D1' at logic 'constant 1'
    > pin 'u_LOGIC_CENTER/LINK_LOGIC/LC_CSPIF_L1/DATA_24BIT_reg_22_/D1' at logic 'constant 1'
    > pin 'u_LOGIC_CENTER/LINK_LOGIC/LC_CSPIF_L1/DATA_24BIT_reg_13_/D1' at logic 'constant 1'
    > pin 'u_LOGIC_CENTER/LINK_LOGIC/LC_CSPIF_L1/DATA_24BIT_reg_8_/D1' at logic 'constant 1'
    > pin 'u_LOGIC_CENTER/LINK_LOGIC/LC_CSPIF_L1/G_DATA_reg_3_/D1' at logic 'constant 1'
    > pin 'u_LOGIC_CENTER/LINK_LOGIC/LC_CSPIF_L1/DATA_24BIT_reg_14_/D1' at logic 'constant 1'
    > pin 'u_LOGIC_CENTER/LINK_LOGIC/LC_CSPIF_L1/G_DATA_reg_4_/D1' at logic 'constant 1'
    > pin 'u_LOGIC_CENTER/LINK_LOGIC/LC_CSPIF_L1/DATA_24BIT_reg_9_/D1' at logic 'constant 1'
    > pin 'u_LOGIC_CENTER/LINK_LOGIC/LC_CSPIF_L1/DATA_24BIT_reg_15_/D1' at logic 'constant 1'
    > pin 'u_LOGIC_CENTER/LINK_LOGIC/LC_CSPIF_L1/G_DATA_reg_5_/D1' at logic 'constant 1'
    > pin 'u_LOGIC_CENTER/LINK_LOGIC/LC_CSPIF_L1/DIOH_DCLK_reg/D1' at logic 'constant 1'
    > pin 'u_LOGIC_CENTER/LINK_LOGIC/LC_CSPIF_L1/DATA_24BIT_reg_0_/D1' at logic 'constant 1'
    > pin 'u_LOGIC_CENTER/LINK_LOGIC/LC_CSPIF_L1/DATA_24BIT_reg_16_/D1' at logic 'constant 1'
    > pin 'u_LOGIC_CENTER/LINK_LOGIC/LC_CSPIF_L1/DATA_24BIT_reg_1_/D1' at logic 'constant 1'
    > pin 'u_LOGIC_CENTER/LINK_LOGIC/LC_CSPIF_L1/DATA_24BIT_reg_2_/D1' at logic 'constant 1'
    > pin 'u_LOGIC_CENTER/LINK_LOGIC/LC_CSPIF_L1/DATA_24BIT_reg_18_/D1' at logic 'constant 1'
    > pin 'u_LOGIC_CENTER/LINK_LOGIC/LC_CSPIF_L1/G_DATA_reg_8_/D1' at logic 'constant 1'
    > pin 'u_LOGIC_CENTER/LINK_LOGIC/LC_CSPIF_L1/DATA_24BIT_reg_3_/D1' at logic 'constant 1'
    > pin 'u_LOGIC_CENTER/LINK_LOGIC/LC_CSPIF_L1/DATA_24BIT_reg_4_/D1' at logic 'constant 1'
    > pin 'u_LOGIC_CENTER/LINK_LOGIC/LC_CSPIF_L1/DATA_24BIT_reg_10_/D1' at logic 'constant 1'
    > pin 'u_LOGIC_CENTER/LINK_LOGIC/LC_CSPIF_L1/DATA_24BIT_reg_5_/D1' at logic 'constant 1'
    > pin 'u_LOGIC_CENTER/LINK_LOGIC/LC_CSPIF_L1/G_DATA_reg_0_/D1' at logic 'constant 1'
    > pin 'u_LOGIC_CENTER/LINK_LOGIC/LC_CSPIF_L1/KEY_RST_18UI_reg/D1' at logic 'constant 1'
    > pin 'u_LOGIC_CENTER/LINK_LOGIC/LC_CSPIF_L1/DATA_24BIT_reg_20_/D1' at logic 'constant 1'
    > pin 'u_LOGIC_CENTER/LINK_LOGIC/LC_CSPIF_L1/DATA_24BIT_reg_11_/D1' at logic 'constant 1'
    > pin 'u_LOGIC_CENTER/LINK_LOGIC/LC_CSPIF_L1/DATA_24BIT_reg_6_/D1' at logic 'constant 1'
    > pin 'u_LOGIC_CENTER/LINK_LOGIC/LC_CSPIF_L1/DATA_24BIT_reg_21_/D1' at logic 'constant 1'

70.1.2 Forward propagation through CELLS (level 1)
----------------------------------------------------

70.1.2 Forward propagation through CELLS (level 1)
----------------------------------------------------

70.1.2 Forward propagation through CELLS (level 1)
----------------------------------------------------

70.1.2 Forward propagation through CELLS (level 1)
----------------------------------------------------

70.1.2 Forward propagation through CELLS (level 1)
----------------------------------------------------

70.1.2 Forward propagation through CELLS (level 1)
----------------------------------------------------

70.1.2 Forward propagation through CELLS (level 1)
----------------------------------------------------

70.1.2 Forward propagation through CELLS (level 1)
----------------------------------------------------

70.1.2 Forward propagation through CELLS (level 1)
----------------------------------------------------

70.1.2 Forward propagation through CELLS (level 1)
----------------------------------------------------

70.1.2 Forward propagation through CELLS (level 1)
----------------------------------------------------

70.1.2 Forward propagation through CELLS (level 1)
----------------------------------------------------

70.1.2 Forward propagation through CELLS (level 1)
----------------------------------------------------

70.1.2 Forward propagation through CELLS (level 1)
----------------------------------------------------

70.1.2 Forward propagation through CELLS (level 1)
----------------------------------------------------

70.1.2 Forward propagation through CELLS (level 1)
----------------------------------------------------

70.1.2 Forward propagation through CELLS (level 1)
----------------------------------------------------

70.1.2 Forward propagation through CELLS (level 1)
----------------------------------------------------

70.1.2 Forward propagation through CELLS (level 1)
----------------------------------------------------

70.1.2 Forward propagation through CELLS (level 1)
----------------------------------------------------

70.1.2 Forward propagation through CELLS (level 1)
----------------------------------------------------

70.1.2 Forward propagation through CELLS (level 1)
----------------------------------------------------

70.1.2 Forward propagation through CELLS (level 1)
----------------------------------------------------

70.1.2 Forward propagation through CELLS (level 1)
----------------------------------------------------

70.1.2 Forward propagation through CELLS (level 1)
----------------------------------------------------

70.1.2 Forward propagation through CELLS (level 1)
----------------------------------------------------

70.1.2 Forward propagation through CELLS (level 1)
----------------------------------------------------

70.1.2 Forward propagation through CELLS (level 1)
----------------------------------------------------

70.1.2 Forward propagation through CELLS (level 1)
----------------------------------------------------

70.1.2 Forward propagation through CELLS (level 1)
----------------------------------------------------

71.1.1 Forward propagation on NET pins (level 1)
----------------------------------------------------
  Propagation of logic 'constant 0' from pin 'u_LOGIC_CENTER/LINK_LOGIC/LC_CSPIF_L1/SNPS_CG_CELL_DCLK_DATA_24BIT_reg_0/LTIELO/TIE0' on net 'u_LOGIC_CENTER/LINK_LOGIC/LC_CSPIF_L1/SNPS_CG_CELL_DCLK_DATA_24BIT_reg_0/LTIELO_NET':
    > pin 'u_LOGIC_CENTER/LINK_LOGIC/LC_CSPIF_L1/SNPS_CG_CELL_DCLK_DATA_24BIT_reg_0/latch/TE' at logic 'constant 0'

71.1.2 Forward propagation through CELLS (level 1)
----------------------------------------------------

72.1.1 Forward propagation on NET pins (level 1)
----------------------------------------------------
  Propagation of logic 'constant 0' from pin 'u_LOGIC_CENTER/LINK_LOGIC/LC_CSPIF_L1/SNPS_CG_CELL_DCLK_DATA_24BIT_reg_1/LTIELO/TIE0' on net 'u_LOGIC_CENTER/LINK_LOGIC/LC_CSPIF_L1/SNPS_CG_CELL_DCLK_DATA_24BIT_reg_1/LTIELO_NET':
    > pin 'u_LOGIC_CENTER/LINK_LOGIC/LC_CSPIF_L1/SNPS_CG_CELL_DCLK_DATA_24BIT_reg_1/latch/TE' at logic 'constant 0'

72.1.2 Forward propagation through CELLS (level 1)
----------------------------------------------------

73.1.1 Forward propagation on NET pins (level 1)
----------------------------------------------------
  Propagation of logic 'constant 1' from pin 'u_LOGIC_CENTER/LINK_LOGIC/LC_MONBLOCK/LTIEHI_1/TIE1' on net 'u_LOGIC_CENTER/LINK_LOGIC/LC_MONBLOCK/LTIEHI_1_NET':
    > pin 'u_LOGIC_CENTER/LINK_LOGIC/LC_MONBLOCK/DCLK1_CNT_reg_1_/D1' at logic 'constant 1'
    > pin 'u_LOGIC_CENTER/LINK_LOGIC/LC_MONBLOCK/DCLK1_CNT_reg_2_/D1' at logic 'constant 1'

73.1.2 Forward propagation through CELLS (level 1)
----------------------------------------------------

73.1.2 Forward propagation through CELLS (level 1)
----------------------------------------------------

74.1.1 Forward propagation on NET pins (level 1)
----------------------------------------------------
  Propagation of logic 'constant 1' from pin 'u_LOGIC_CENTER/LINK_LOGIC/LC_MONBLOCK/LTIEHI/TIE1' on net 'u_LOGIC_CENTER/LINK_LOGIC/LC_MONBLOCK/LTIEHI_NET':
    > pin 'u_LOGIC_CENTER/LINK_LOGIC/LC_MONBLOCK/DCLK0_CNT_reg_1_/D1' at logic 'constant 1'
    > pin 'u_LOGIC_CENTER/LINK_LOGIC/LC_MONBLOCK/DCLK0_CNT_reg_2_/D1' at logic 'constant 1'

74.1.2 Forward propagation through CELLS (level 1)
----------------------------------------------------

74.1.2 Forward propagation through CELLS (level 1)
----------------------------------------------------

75.1.1 Forward propagation on NET pins (level 1)
----------------------------------------------------
  Propagation of logic 'constant 0' from pin 'u_LOGIC_CENTER/LINK_LOGIC/SNPS_CG_CELL_DCLK0_BKPOL_EN_P_L0_PRE_STORE_reg_0/LTIELO/TIE0' on net 'u_LOGIC_CENTER/LINK_LOGIC/SNPS_CG_CELL_DCLK0_BKPOL_EN_P_L0_PRE_STORE_reg_0/LTIELO_NET':
    > pin 'u_LOGIC_CENTER/LINK_LOGIC/SNPS_CG_CELL_DCLK0_BKPOL_EN_P_L0_PRE_STORE_reg_0/latch/TE' at logic 'constant 0'

75.1.2 Forward propagation through CELLS (level 1)
----------------------------------------------------

76.1.1 Forward propagation on NET pins (level 1)
----------------------------------------------------
  Propagation of logic 'constant 1' from pin 'u_LOGIC_CENTER/LINK_LOGIC/RSTN_POFF_CTL/LTIEHI/TIE1' on net 'u_LOGIC_CENTER/LINK_LOGIC/RSTN_POFF_CTL/LTIEHI_NET':
    > pin 'u_LOGIC_CENTER/LINK_LOGIC/RSTN_POFF_CTL/UTC_CNT_END_DLY_reg_2_/D1' at logic 'constant 1'
    > pin 'u_LOGIC_CENTER/LINK_LOGIC/RSTN_POFF_CTL/UTC_CNT_END_DLY_reg_1_/D1' at logic 'constant 1'
    > pin 'u_LOGIC_CENTER/LINK_LOGIC/RSTN_POFF_CTL/N_RST_PHY_PRE_reg/D1' at logic 'constant 1'

76.1.2 Forward propagation through CELLS (level 1)
----------------------------------------------------

76.1.2 Forward propagation through CELLS (level 1)
----------------------------------------------------

76.1.2 Forward propagation through CELLS (level 1)
----------------------------------------------------

77.1.1 Forward propagation on NET pins (level 1)
----------------------------------------------------
  Propagation of logic 'constant 0' from pin 'u_LOGIC_CENTER/LINK_LOGIC/LC_CPUWR_HV2M23/SNPS_CG_CELL_WCK1_A_R_REG_0_reg_0/LTIELO/TIE0' on net 'u_LOGIC_CENTER/LINK_LOGIC/LC_CPUWR_HV2M23/SNPS_CG_CELL_WCK1_A_R_REG_0_reg_0/LTIELO_NET':
    > pin 'u_LOGIC_CENTER/LINK_LOGIC/LC_CPUWR_HV2M23/SNPS_CG_CELL_WCK1_A_R_REG_0_reg_0/latch/TE' at logic 'constant 0'

77.1.2 Forward propagation through CELLS (level 1)
----------------------------------------------------

78.1.1 Forward propagation on NET pins (level 1)
----------------------------------------------------
  Propagation of logic 'constant 0' from pin 'u_LOGIC_CENTER/LINK_LOGIC/LC_CPUWR_HV2M23/SNPS_CG_CELL_WCK1_A_R_REG_5_reg_0/LTIELO/TIE0' on net 'u_LOGIC_CENTER/LINK_LOGIC/LC_CPUWR_HV2M23/SNPS_CG_CELL_WCK1_A_R_REG_5_reg_0/LTIELO_NET':
    > pin 'u_LOGIC_CENTER/LINK_LOGIC/LC_CPUWR_HV2M23/SNPS_CG_CELL_WCK1_A_R_REG_5_reg_0/latch/TE' at logic 'constant 0'

78.1.2 Forward propagation through CELLS (level 1)
----------------------------------------------------

79.1.1 Forward propagation on NET pins (level 1)
----------------------------------------------------
  Propagation of logic 'constant 0' from pin 'u_LOGIC_CENTER/LINK_LOGIC/LC_CPUWR_HV2M23/SNPS_CG_CELL_WCK1_A_R_REG_1_reg_0/LTIELO/TIE0' on net 'u_LOGIC_CENTER/LINK_LOGIC/LC_CPUWR_HV2M23/SNPS_CG_CELL_WCK1_A_R_REG_1_reg_0/LTIELO_NET':
    > pin 'u_LOGIC_CENTER/LINK_LOGIC/LC_CPUWR_HV2M23/SNPS_CG_CELL_WCK1_A_R_REG_1_reg_0/latch/TE' at logic 'constant 0'

79.1.2 Forward propagation through CELLS (level 1)
----------------------------------------------------

80.1.1 Forward propagation on NET pins (level 1)
----------------------------------------------------
  Propagation of logic 'constant 0' from pin 'u_LOGIC_CENTER/LINK_LOGIC/LC_CPUWR_HV2M23/SNPS_CG_CELL_WCK1_A_R_REG_6_reg_0/LTIELO/TIE0' on net 'u_LOGIC_CENTER/LINK_LOGIC/LC_CPUWR_HV2M23/SNPS_CG_CELL_WCK1_A_R_REG_6_reg_0/LTIELO_NET':
    > pin 'u_LOGIC_CENTER/LINK_LOGIC/LC_CPUWR_HV2M23/SNPS_CG_CELL_WCK1_A_R_REG_6_reg_0/latch/TE' at logic 'constant 0'

80.1.2 Forward propagation through CELLS (level 1)
----------------------------------------------------

81.1.1 Forward propagation on NET pins (level 1)
----------------------------------------------------
  Propagation of logic 'constant 0' from pin 'u_LOGIC_CENTER/LINK_LOGIC/LC_CPUWR_HV2M23/SNPS_CG_CELL_WCK1_A_R_REG_34_reg_0/LTIELO/TIE0' on net 'u_LOGIC_CENTER/LINK_LOGIC/LC_CPUWR_HV2M23/SNPS_CG_CELL_WCK1_A_R_REG_34_reg_0/LTIELO_NET':
    > pin 'u_LOGIC_CENTER/LINK_LOGIC/LC_CPUWR_HV2M23/SNPS_CG_CELL_WCK1_A_R_REG_34_reg_0/latch/TE' at logic 'constant 0'

81.1.2 Forward propagation through CELLS (level 1)
----------------------------------------------------

82.1.1 Forward propagation on NET pins (level 1)
----------------------------------------------------
  Propagation of logic 'constant 0' from pin 'u_LOGIC_CENTER/LINK_LOGIC/LC_CPUWR_HV2M23/SNPS_CG_CELL_WCK1_A_R_REG_39_reg_0/LTIELO/TIE0' on net 'u_LOGIC_CENTER/LINK_LOGIC/LC_CPUWR_HV2M23/SNPS_CG_CELL_WCK1_A_R_REG_39_reg_0/LTIELO_NET':
    > pin 'u_LOGIC_CENTER/LINK_LOGIC/LC_CPUWR_HV2M23/SNPS_CG_CELL_WCK1_A_R_REG_39_reg_0/latch/TE' at logic 'constant 0'

82.1.2 Forward propagation through CELLS (level 1)
----------------------------------------------------

83.1.1 Forward propagation on NET pins (level 1)
----------------------------------------------------
  Propagation of logic 'constant 0' from pin 'u_LOGIC_CENTER/LINK_LOGIC/LC_CPUWR_HV2M23/SNPS_CG_CELL_WCK1_A_R_REG_10_reg_0/LTIELO/TIE0' on net 'u_LOGIC_CENTER/LINK_LOGIC/LC_CPUWR_HV2M23/SNPS_CG_CELL_WCK1_A_R_REG_10_reg_0/LTIELO_NET':
    > pin 'u_LOGIC_CENTER/LINK_LOGIC/LC_CPUWR_HV2M23/SNPS_CG_CELL_WCK1_A_R_REG_10_reg_0/latch/TE' at logic 'constant 0'

83.1.2 Forward propagation through CELLS (level 1)
----------------------------------------------------

84.1.1 Forward propagation on NET pins (level 1)
----------------------------------------------------
  Propagation of logic 'constant 0' from pin 'u_LOGIC_CENTER/LINK_LOGIC/LC_CPUWR_HV2M23/SNPS_CG_CELL_WCK1_A_R_REG_42_reg_0/LTIELO/TIE0' on net 'u_LOGIC_CENTER/LINK_LOGIC/LC_CPUWR_HV2M23/SNPS_CG_CELL_WCK1_A_R_REG_42_reg_0/LTIELO_NET':
    > pin 'u_LOGIC_CENTER/LINK_LOGIC/LC_CPUWR_HV2M23/SNPS_CG_CELL_WCK1_A_R_REG_42_reg_0/latch/TE' at logic 'constant 0'

84.1.2 Forward propagation through CELLS (level 1)
----------------------------------------------------

85.1.1 Forward propagation on NET pins (level 1)
----------------------------------------------------
  Propagation of logic 'constant 0' from pin 'u_LOGIC_CENTER/LINK_LOGIC/LC_CPUWR_HV2M23/SNPS_CG_CELL_WCK1_A_R_REG_2_reg_0/LTIELO/TIE0' on net 'u_LOGIC_CENTER/LINK_LOGIC/LC_CPUWR_HV2M23/SNPS_CG_CELL_WCK1_A_R_REG_2_reg_0/LTIELO_NET':
    > pin 'u_LOGIC_CENTER/LINK_LOGIC/LC_CPUWR_HV2M23/SNPS_CG_CELL_WCK1_A_R_REG_2_reg_0/latch/TE' at logic 'constant 0'

85.1.2 Forward propagation through CELLS (level 1)
----------------------------------------------------

86.1.1 Forward propagation on NET pins (level 1)
----------------------------------------------------
  Propagation of logic 'constant 0' from pin 'u_LOGIC_CENTER/LINK_LOGIC/LC_CPUWR_HV2M23/SNPS_CG_CELL_WCK1_A_R_REG_47_reg_0/LTIELO/TIE0' on net 'u_LOGIC_CENTER/LINK_LOGIC/LC_CPUWR_HV2M23/SNPS_CG_CELL_WCK1_A_R_REG_47_reg_0/LTIELO_NET':
    > pin 'u_LOGIC_CENTER/LINK_LOGIC/LC_CPUWR_HV2M23/SNPS_CG_CELL_WCK1_A_R_REG_47_reg_0/latch/TE' at logic 'constant 0'

86.1.2 Forward propagation through CELLS (level 1)
----------------------------------------------------

87.1.1 Forward propagation on NET pins (level 1)
----------------------------------------------------
  Propagation of logic 'constant 0' from pin 'u_LOGIC_CENTER/LINK_LOGIC/LC_CPUWR_HV2M23/SNPS_CG_CELL_WCK1_A_R_REG_7_reg_0/LTIELO/TIE0' on net 'u_LOGIC_CENTER/LINK_LOGIC/LC_CPUWR_HV2M23/SNPS_CG_CELL_WCK1_A_R_REG_7_reg_0/LTIELO_NET':
    > pin 'u_LOGIC_CENTER/LINK_LOGIC/LC_CPUWR_HV2M23/SNPS_CG_CELL_WCK1_A_R_REG_7_reg_0/latch/TE' at logic 'constant 0'

87.1.2 Forward propagation through CELLS (level 1)
----------------------------------------------------

88.1.1 Forward propagation on NET pins (level 1)
----------------------------------------------------
  Propagation of logic 'constant 0' from pin 'u_LOGIC_CENTER/LINK_LOGIC/LC_CPUWR_HV2M23/SNPS_CG_CELL_WCK1_A_R_REG_35_reg_0/LTIELO/TIE0' on net 'u_LOGIC_CENTER/LINK_LOGIC/LC_CPUWR_HV2M23/SNPS_CG_CELL_WCK1_A_R_REG_35_reg_0/LTIELO_NET':
    > pin 'u_LOGIC_CENTER/LINK_LOGIC/LC_CPUWR_HV2M23/SNPS_CG_CELL_WCK1_A_R_REG_35_reg_0/latch/TE' at logic 'constant 0'

88.1.2 Forward propagation through CELLS (level 1)
----------------------------------------------------

89.1.1 Forward propagation on NET pins (level 1)
----------------------------------------------------
  Propagation of logic 'constant 0' from pin 'u_LOGIC_CENTER/LINK_LOGIC/LC_CPUWR_HV2M23/SNPS_CG_CELL_WCK1_A_R_REG_50_reg_0/LTIELO/TIE0' on net 'u_LOGIC_CENTER/LINK_LOGIC/LC_CPUWR_HV2M23/SNPS_CG_CELL_WCK1_A_R_REG_50_reg_0/LTIELO_NET':
    > pin 'u_LOGIC_CENTER/LINK_LOGIC/LC_CPUWR_HV2M23/SNPS_CG_CELL_WCK1_A_R_REG_50_reg_0/latch/TE' at logic 'constant 0'

89.1.2 Forward propagation through CELLS (level 1)
----------------------------------------------------

90.1.1 Forward propagation on NET pins (level 1)
----------------------------------------------------
  Propagation of logic 'constant 0' from pin 'u_LOGIC_CENTER/LINK_LOGIC/LC_CPUWR_HV2M23/SNPS_CG_CELL_WCK1_A_R_REG_11_reg_0/LTIELO/TIE0' on net 'u_LOGIC_CENTER/LINK_LOGIC/LC_CPUWR_HV2M23/SNPS_CG_CELL_WCK1_A_R_REG_11_reg_0/LTIELO_NET':
    > pin 'u_LOGIC_CENTER/LINK_LOGIC/LC_CPUWR_HV2M23/SNPS_CG_CELL_WCK1_A_R_REG_11_reg_0/latch/TE' at logic 'constant 0'

90.1.2 Forward propagation through CELLS (level 1)
----------------------------------------------------

91.1.1 Forward propagation on NET pins (level 1)
----------------------------------------------------
  Propagation of logic 'constant 0' from pin 'u_LOGIC_CENTER/LINK_LOGIC/LC_CPUWR_HV2M23/SNPS_CG_CELL_WCK1_A_R_REG_43_reg_0/LTIELO/TIE0' on net 'u_LOGIC_CENTER/LINK_LOGIC/LC_CPUWR_HV2M23/SNPS_CG_CELL_WCK1_A_R_REG_43_reg_0/LTIELO_NET':
    > pin 'u_LOGIC_CENTER/LINK_LOGIC/LC_CPUWR_HV2M23/SNPS_CG_CELL_WCK1_A_R_REG_43_reg_0/latch/TE' at logic 'constant 0'

91.1.2 Forward propagation through CELLS (level 1)
----------------------------------------------------

92.1.1 Forward propagation on NET pins (level 1)
----------------------------------------------------
  Propagation of logic 'constant 0' from pin 'u_LOGIC_CENTER/LINK_LOGIC/LC_CPUWR_HV2M23/SNPS_CG_CELL_WCK1_A_R_REG_3_reg_0/LTIELO/TIE0' on net 'u_LOGIC_CENTER/LINK_LOGIC/LC_CPUWR_HV2M23/SNPS_CG_CELL_WCK1_A_R_REG_3_reg_0/LTIELO_NET':
    > pin 'u_LOGIC_CENTER/LINK_LOGIC/LC_CPUWR_HV2M23/SNPS_CG_CELL_WCK1_A_R_REG_3_reg_0/latch/TE' at logic 'constant 0'

92.1.2 Forward propagation through CELLS (level 1)
----------------------------------------------------

93.1.1 Forward propagation on NET pins (level 1)
----------------------------------------------------
  Propagation of logic 'constant 0' from pin 'u_LOGIC_CENTER/LINK_LOGIC/LC_CPUWR_HV2M23/SNPS_CG_CELL_WCK1_A_R_REG_31_reg_0/LTIELO/TIE0' on net 'u_LOGIC_CENTER/LINK_LOGIC/LC_CPUWR_HV2M23/SNPS_CG_CELL_WCK1_A_R_REG_31_reg_0/LTIELO_NET':
    > pin 'u_LOGIC_CENTER/LINK_LOGIC/LC_CPUWR_HV2M23/SNPS_CG_CELL_WCK1_A_R_REG_31_reg_0/latch/TE' at logic 'constant 0'

93.1.2 Forward propagation through CELLS (level 1)
----------------------------------------------------

94.1.1 Forward propagation on NET pins (level 1)
----------------------------------------------------
  Propagation of logic 'constant 0' from pin 'u_LOGIC_CENTER/LINK_LOGIC/LC_CPUWR_HV2M23/SNPS_CG_CELL_WCK1_A_R_REG_48_reg_0/LTIELO/TIE0' on net 'u_LOGIC_CENTER/LINK_LOGIC/LC_CPUWR_HV2M23/SNPS_CG_CELL_WCK1_A_R_REG_48_reg_0/LTIELO_NET':
    > pin 'u_LOGIC_CENTER/LINK_LOGIC/LC_CPUWR_HV2M23/SNPS_CG_CELL_WCK1_A_R_REG_48_reg_0/latch/TE' at logic 'constant 0'

94.1.2 Forward propagation through CELLS (level 1)
----------------------------------------------------

95.1.1 Forward propagation on NET pins (level 1)
----------------------------------------------------
  Propagation of logic 'constant 0' from pin 'u_LOGIC_CENTER/LINK_LOGIC/LC_CPUWR_HV2M23/SNPS_CG_CELL_WCK1_A_R_REG_8_reg_0/LTIELO/TIE0' on net 'u_LOGIC_CENTER/LINK_LOGIC/LC_CPUWR_HV2M23/SNPS_CG_CELL_WCK1_A_R_REG_8_reg_0/LTIELO_NET':
    > pin 'u_LOGIC_CENTER/LINK_LOGIC/LC_CPUWR_HV2M23/SNPS_CG_CELL_WCK1_A_R_REG_8_reg_0/latch/TE' at logic 'constant 0'

95.1.2 Forward propagation through CELLS (level 1)
----------------------------------------------------

96.1.1 Forward propagation on NET pins (level 1)
----------------------------------------------------
  Propagation of logic 'constant 0' from pin 'u_LOGIC_CENTER/LINK_LOGIC/LC_CPUWR_HV2M23/SNPS_CG_CELL_WCK1_A_R_REG_36_reg_0/LTIELO/TIE0' on net 'u_LOGIC_CENTER/LINK_LOGIC/LC_CPUWR_HV2M23/SNPS_CG_CELL_WCK1_A_R_REG_36_reg_0/LTIELO_NET':
    > pin 'u_LOGIC_CENTER/LINK_LOGIC/LC_CPUWR_HV2M23/SNPS_CG_CELL_WCK1_A_R_REG_36_reg_0/latch/TE' at logic 'constant 0'

96.1.2 Forward propagation through CELLS (level 1)
----------------------------------------------------

97.1.1 Forward propagation on NET pins (level 1)
----------------------------------------------------
  Propagation of logic 'constant 0' from pin 'u_LOGIC_CENTER/LINK_LOGIC/LC_CPUWR_HV2M23/SNPS_CG_CELL_WCK1_A_R_REG_12_reg_0/LTIELO/TIE0' on net 'u_LOGIC_CENTER/LINK_LOGIC/LC_CPUWR_HV2M23/SNPS_CG_CELL_WCK1_A_R_REG_12_reg_0/LTIELO_NET':
    > pin 'u_LOGIC_CENTER/LINK_LOGIC/LC_CPUWR_HV2M23/SNPS_CG_CELL_WCK1_A_R_REG_12_reg_0/latch/TE' at logic 'constant 0'

97.1.2 Forward propagation through CELLS (level 1)
----------------------------------------------------

98.1.1 Forward propagation on NET pins (level 1)
----------------------------------------------------
  Propagation of logic 'constant 0' from pin 'u_LOGIC_CENTER/LINK_LOGIC/LC_CPUWR_HV2M23/SNPS_CG_CELL_WCK1_A_R_REG_44_reg_0/LTIELO/TIE0' on net 'u_LOGIC_CENTER/LINK_LOGIC/LC_CPUWR_HV2M23/SNPS_CG_CELL_WCK1_A_R_REG_44_reg_0/LTIELO_NET':
    > pin 'u_LOGIC_CENTER/LINK_LOGIC/LC_CPUWR_HV2M23/SNPS_CG_CELL_WCK1_A_R_REG_44_reg_0/latch/TE' at logic 'constant 0'

98.1.2 Forward propagation through CELLS (level 1)
----------------------------------------------------

99.1.1 Forward propagation on NET pins (level 1)
----------------------------------------------------
  Propagation of logic 'constant 0' from pin 'u_LOGIC_CENTER/LINK_LOGIC/LC_CPUWR_HV2M23/SNPS_CG_CELL_WCK1_A_R_REG_4_reg_0/LTIELO/TIE0' on net 'u_LOGIC_CENTER/LINK_LOGIC/LC_CPUWR_HV2M23/SNPS_CG_CELL_WCK1_A_R_REG_4_reg_0/LTIELO_NET':
    > pin 'u_LOGIC_CENTER/LINK_LOGIC/LC_CPUWR_HV2M23/SNPS_CG_CELL_WCK1_A_R_REG_4_reg_0/latch/TE' at logic 'constant 0'

99.1.2 Forward propagation through CELLS (level 1)
----------------------------------------------------

100.1.1 Forward propagation on NET pins (level 1)
----------------------------------------------------
  Propagation of logic 'constant 0' from pin 'u_LOGIC_CENTER/LINK_LOGIC/LC_CPUWR_HV2M23/SNPS_CG_CELL_WCK1_A_R_REG_32_reg_0/LTIELO/TIE0' on net 'u_LOGIC_CENTER/LINK_LOGIC/LC_CPUWR_HV2M23/SNPS_CG_CELL_WCK1_A_R_REG_32_reg_0/LTIELO_NET':
    > pin 'u_LOGIC_CENTER/LINK_LOGIC/LC_CPUWR_HV2M23/SNPS_CG_CELL_WCK1_A_R_REG_32_reg_0/latch/TE' at logic 'constant 0'

100.1.2 Forward propagation through CELLS (level 1)
----------------------------------------------------

101.1.1 Forward propagation on NET pins (level 1)
----------------------------------------------------
  Propagation of logic 'constant 0' from pin 'u_LOGIC_CENTER/LINK_LOGIC/LC_CPUWR_HV2M23/SNPS_CG_CELL_WCK1_A_R_REG_9_reg_0/LTIELO/TIE0' on net 'u_LOGIC_CENTER/LINK_LOGIC/LC_CPUWR_HV2M23/SNPS_CG_CELL_WCK1_A_R_REG_9_reg_0/LTIELO_NET':
    > pin 'u_LOGIC_CENTER/LINK_LOGIC/LC_CPUWR_HV2M23/SNPS_CG_CELL_WCK1_A_R_REG_9_reg_0/latch/TE' at logic 'constant 0'

101.1.2 Forward propagation through CELLS (level 1)
----------------------------------------------------

102.1.1 Forward propagation on NET pins (level 1)
----------------------------------------------------
  Propagation of logic 'constant 0' from pin 'u_LOGIC_CENTER/LINK_LOGIC/LC_CPUWR_HV2M23/SNPS_CG_CELL_WCK1_A_R_REG_49_reg_0/LTIELO/TIE0' on net 'u_LOGIC_CENTER/LINK_LOGIC/LC_CPUWR_HV2M23/SNPS_CG_CELL_WCK1_A_R_REG_49_reg_0/LTIELO_NET':
    > pin 'u_LOGIC_CENTER/LINK_LOGIC/LC_CPUWR_HV2M23/SNPS_CG_CELL_WCK1_A_R_REG_49_reg_0/latch/TE' at logic 'constant 0'

102.1.2 Forward propagation through CELLS (level 1)
----------------------------------------------------

103.1.1 Forward propagation on NET pins (level 1)
----------------------------------------------------
  Propagation of logic 'constant 0' from pin 'u_LOGIC_CENTER/LINK_LOGIC/LC_CPUWR_HV2M23/SNPS_CG_CELL_WCK1_A_R_REG_37_reg_0/LTIELO/TIE0' on net 'u_LOGIC_CENTER/LINK_LOGIC/LC_CPUWR_HV2M23/SNPS_CG_CELL_WCK1_A_R_REG_37_reg_0/LTIELO_NET':
    > pin 'u_LOGIC_CENTER/LINK_LOGIC/LC_CPUWR_HV2M23/SNPS_CG_CELL_WCK1_A_R_REG_37_reg_0/latch/TE' at logic 'constant 0'

103.1.2 Forward propagation through CELLS (level 1)
----------------------------------------------------

104.1.1 Forward propagation on NET pins (level 1)
----------------------------------------------------
  Propagation of logic 'constant 0' from pin 'u_LOGIC_CENTER/LINK_LOGIC/LC_CPUWR_HV2M23/SNPS_CG_CELL_WCK1_A_R_REG_40_reg_0/LTIELO/TIE0' on net 'u_LOGIC_CENTER/LINK_LOGIC/LC_CPUWR_HV2M23/SNPS_CG_CELL_WCK1_A_R_REG_40_reg_0/LTIELO_NET':
    > pin 'u_LOGIC_CENTER/LINK_LOGIC/LC_CPUWR_HV2M23/SNPS_CG_CELL_WCK1_A_R_REG_40_reg_0/latch/TE' at logic 'constant 0'

104.1.2 Forward propagation through CELLS (level 1)
----------------------------------------------------

105.1.1 Forward propagation on NET pins (level 1)
----------------------------------------------------
  Propagation of logic 'constant 0' from pin 'u_LOGIC_CENTER/LINK_LOGIC/LC_CPUWR_HV2M23/SNPS_CG_CELL_WCK1_A_R_REG_45_reg_0/LTIELO/TIE0' on net 'u_LOGIC_CENTER/LINK_LOGIC/LC_CPUWR_HV2M23/SNPS_CG_CELL_WCK1_A_R_REG_45_reg_0/LTIELO_NET':
    > pin 'u_LOGIC_CENTER/LINK_LOGIC/LC_CPUWR_HV2M23/SNPS_CG_CELL_WCK1_A_R_REG_45_reg_0/latch/TE' at logic 'constant 0'

105.1.2 Forward propagation through CELLS (level 1)
----------------------------------------------------

106.1.1 Forward propagation on NET pins (level 1)
----------------------------------------------------
  Propagation of logic 'constant 0' from pin 'u_LOGIC_CENTER/LINK_LOGIC/LC_CPUWR_HV2M23/SNPS_CG_CELL_WCK1_A_R_REG_60_reg_0/LTIELO/TIE0' on net 'u_LOGIC_CENTER/LINK_LOGIC/LC_CPUWR_HV2M23/SNPS_CG_CELL_WCK1_A_R_REG_60_reg_0/LTIELO_NET':
    > pin 'u_LOGIC_CENTER/LINK_LOGIC/LC_CPUWR_HV2M23/SNPS_CG_CELL_WCK1_A_R_REG_60_reg_0/latch/TE' at logic 'constant 0'

106.1.2 Forward propagation through CELLS (level 1)
----------------------------------------------------

107.1.1 Forward propagation on NET pins (level 1)
----------------------------------------------------
  Propagation of logic 'constant 0' from pin 'u_LOGIC_CENTER/LINK_LOGIC/LC_CPUWR_HV2M23/SNPS_CG_CELL_WCK1_A_R_REG_38_reg_0/LTIELO/TIE0' on net 'u_LOGIC_CENTER/LINK_LOGIC/LC_CPUWR_HV2M23/SNPS_CG_CELL_WCK1_A_R_REG_38_reg_0/LTIELO_NET':
    > pin 'u_LOGIC_CENTER/LINK_LOGIC/LC_CPUWR_HV2M23/SNPS_CG_CELL_WCK1_A_R_REG_38_reg_0/latch/TE' at logic 'constant 0'

107.1.2 Forward propagation through CELLS (level 1)
----------------------------------------------------

108.1.1 Forward propagation on NET pins (level 1)
----------------------------------------------------
  Propagation of logic 'constant 0' from pin 'u_LOGIC_CENTER/LINK_LOGIC/LC_CPUWR_HV2M23/SNPS_CG_CELL_WCK1_A_R_REG_41_reg_0/LTIELO/TIE0' on net 'u_LOGIC_CENTER/LINK_LOGIC/LC_CPUWR_HV2M23/SNPS_CG_CELL_WCK1_A_R_REG_41_reg_0/LTIELO_NET':
    > pin 'u_LOGIC_CENTER/LINK_LOGIC/LC_CPUWR_HV2M23/SNPS_CG_CELL_WCK1_A_R_REG_41_reg_0/latch/TE' at logic 'constant 0'

108.1.2 Forward propagation through CELLS (level 1)
----------------------------------------------------

109.1.1 Forward propagation on NET pins (level 1)
----------------------------------------------------
  Propagation of logic 'constant 0' from pin 'u_LOGIC_CENTER/LINK_LOGIC/LC_CPUWR_HV2M23/SNPS_CG_CELL_WCK1_A_R_REG_46_reg_0/LTIELO/TIE0' on net 'u_LOGIC_CENTER/LINK_LOGIC/LC_CPUWR_HV2M23/SNPS_CG_CELL_WCK1_A_R_REG_46_reg_0/LTIELO_NET':
    > pin 'u_LOGIC_CENTER/LINK_LOGIC/LC_CPUWR_HV2M23/SNPS_CG_CELL_WCK1_A_R_REG_46_reg_0/latch/TE' at logic 'constant 0'

109.1.2 Forward propagation through CELLS (level 1)
----------------------------------------------------

110.1.1 Forward propagation on NET pins (level 1)
----------------------------------------------------
  Propagation of logic 'constant 1' from pin 'u_LOGIC_CENTER/LINK_LOGIC/LTIEHI/TIE1' on net 'u_LOGIC_CENTER/LINK_LOGIC/LTIEHI_NET':
    > pin 'u_LOGIC_CENTER/LINK_LOGIC/BAC_CMD_TOG_POST_L1_reg/D1' at logic 'constant 1'

110.1.2 Forward propagation through CELLS (level 1)
----------------------------------------------------

111.1.1 Forward propagation on NET pins (level 1)
----------------------------------------------------
  Propagation of logic 'constant 0' from pin 'u_LOGIC_CENTER/LINK_LOGIC/U_SYNC_L0L1/U_L0_CIRC_DELAY_BUF/SNPS_CG_CELL_DCLK0_L0_BUF4_reg_0/LTIELO/TIE0' on net 'u_LOGIC_CENTER/LINK_LOGIC/U_SYNC_L0L1/U_L0_CIRC_DELAY_BUF/SNPS_CG_CELL_DCLK0_L0_BUF4_reg_0/LTIELO_NET':
    > pin 'u_LOGIC_CENTER/LINK_LOGIC/U_SYNC_L0L1/U_L0_CIRC_DELAY_BUF/SNPS_CG_CELL_DCLK0_L0_BUF4_reg_0/latch/TE' at logic 'constant 0'

111.1.2 Forward propagation through CELLS (level 1)
----------------------------------------------------

112.1.1 Forward propagation on NET pins (level 1)
----------------------------------------------------
  Propagation of logic 'constant 0' from pin 'u_LOGIC_CENTER/LINK_LOGIC/U_SYNC_L0L1/U_L0_CIRC_DELAY_BUF/SNPS_CG_CELL_DCLK0_L0_BUF_CNT_FIX_SEL_reg_0/LTIELO/TIE0' on net 'u_LOGIC_CENTER/LINK_LOGIC/U_SYNC_L0L1/U_L0_CIRC_DELAY_BUF/SNPS_CG_CELL_DCLK0_L0_BUF_CNT_FIX_SEL_reg_0/LTIELO_NET':
    > pin 'u_LOGIC_CENTER/LINK_LOGIC/U_SYNC_L0L1/U_L0_CIRC_DELAY_BUF/SNPS_CG_CELL_DCLK0_L0_BUF_CNT_FIX_SEL_reg_0/latch/TE' at logic 'constant 0'

112.1.2 Forward propagation through CELLS (level 1)
----------------------------------------------------

113.1.1 Forward propagation on NET pins (level 1)
----------------------------------------------------
  Propagation of logic 'constant 1' from pin 'u_LOGIC_CENTER/LINK_LOGIC/U_SYNC_L0L1/U_L0_CIRC_DELAY_BUF/LTIEHI_1/TIE1' on net 'u_LOGIC_CENTER/LINK_LOGIC/U_SYNC_L0L1/U_L0_CIRC_DELAY_BUF/LTIEHI_1_NET':
    > pin 'u_LOGIC_CENTER/LINK_LOGIC/U_SYNC_L0L1/U_L0_CIRC_DELAY_BUF/L0_BUF3_reg_3_/D1' at logic 'constant 1'
    > pin 'u_LOGIC_CENTER/LINK_LOGIC/U_SYNC_L0L1/U_L0_CIRC_DELAY_BUF/L0_BUF1_reg_4_/D1' at logic 'constant 1'
    > pin 'u_LOGIC_CENTER/LINK_LOGIC/U_SYNC_L0L1/U_L0_CIRC_DELAY_BUF/L0_BUF_CNT_FIX_SEL_reg_5_/D1' at logic 'constant 1'
    > pin 'u_LOGIC_CENTER/LINK_LOGIC/U_SYNC_L0L1/U_L0_CIRC_DELAY_BUF/L0_BUF3_reg_10_/D1' at logic 'constant 1'
    > pin 'u_LOGIC_CENTER/LINK_LOGIC/U_SYNC_L0L1/U_L0_CIRC_DELAY_BUF/L0_WR_SEL_reg_1_/D1' at logic 'constant 1'
    > pin 'u_LOGIC_CENTER/LINK_LOGIC/U_SYNC_L0L1/U_L0_CIRC_DELAY_BUF/L0_BUF3_reg_4_/D1' at logic 'constant 1'
    > pin 'u_LOGIC_CENTER/LINK_LOGIC/U_SYNC_L0L1/U_L0_CIRC_DELAY_BUF/L0_BUF3_reg_11_/D1' at logic 'constant 1'
    > pin 'u_LOGIC_CENTER/LINK_LOGIC/U_SYNC_L0L1/U_L0_CIRC_DELAY_BUF/L0_WR_SEL_reg_2_/D1' at logic 'constant 1'
    > pin 'u_LOGIC_CENTER/LINK_LOGIC/U_SYNC_L0L1/U_L0_CIRC_DELAY_BUF/L0_BUF3_reg_5_/D1' at logic 'constant 1'
    > pin 'u_LOGIC_CENTER/LINK_LOGIC/U_SYNC_L0L1/U_L0_CIRC_DELAY_BUF/L0_BUF1_reg_6_/D1' at logic 'constant 1'
    > pin 'u_LOGIC_CENTER/LINK_LOGIC/U_SYNC_L0L1/U_L0_CIRC_DELAY_BUF/L0_BUF3_reg_12_/D1' at logic 'constant 1'
    > pin 'u_LOGIC_CENTER/LINK_LOGIC/U_SYNC_L0L1/U_L0_CIRC_DELAY_BUF/L0_BUF3_reg_6_/D1' at logic 'constant 1'
    > pin 'u_LOGIC_CENTER/LINK_LOGIC/U_SYNC_L0L1/U_L0_CIRC_DELAY_BUF/L0_BUF1_reg_7_/D1' at logic 'constant 1'
    > pin 'u_LOGIC_CENTER/LINK_LOGIC/U_SYNC_L0L1/U_L0_CIRC_DELAY_BUF/L0_BUF1_reg_11_/D1' at logic 'constant 1'
    > pin 'u_LOGIC_CENTER/LINK_LOGIC/U_SYNC_L0L1/U_L0_CIRC_DELAY_BUF/L0_BUF3_reg_13_/D1' at logic 'constant 1'
    > pin 'u_LOGIC_CENTER/LINK_LOGIC/U_SYNC_L0L1/U_L0_CIRC_DELAY_BUF/L0_BUF3_reg_7_/D1' at logic 'constant 1'
    > pin 'u_LOGIC_CENTER/LINK_LOGIC/U_SYNC_L0L1/U_L0_CIRC_DELAY_BUF/L0_BUF1_reg_8_/D1' at logic 'constant 1'
    > pin 'u_LOGIC_CENTER/LINK_LOGIC/U_SYNC_L0L1/U_L0_CIRC_DELAY_BUF/L0_BUF2_reg_13_/D1' at logic 'constant 1'
    > pin 'u_LOGIC_CENTER/LINK_LOGIC/U_SYNC_L0L1/U_L0_CIRC_DELAY_BUF/L0_BUF1_reg_9_/D1' at logic 'constant 1'
    > pin 'u_LOGIC_CENTER/LINK_LOGIC/U_SYNC_L0L1/U_L0_CIRC_DELAY_BUF/L0_BUF3_reg_15_/D1' at logic 'constant 1'
    > pin 'u_LOGIC_CENTER/LINK_LOGIC/U_SYNC_L0L1/U_L0_CIRC_DELAY_BUF/L0_BUF3_reg_9_/D1' at logic 'constant 1'
    > pin 'u_LOGIC_CENTER/LINK_LOGIC/U_SYNC_L0L1/U_L0_CIRC_DELAY_BUF/L0_BUF1_reg_0_/D1' at logic 'constant 1'
    > pin 'u_LOGIC_CENTER/LINK_LOGIC/U_SYNC_L0L1/U_L0_CIRC_DELAY_BUF/L0_BUF1_reg_14_/D1' at logic 'constant 1'
    > pin 'u_LOGIC_CENTER/LINK_LOGIC/U_SYNC_L0L1/U_L0_CIRC_DELAY_BUF/L0_BUF3_reg_0_/D1' at logic 'constant 1'
    > pin 'u_LOGIC_CENTER/LINK_LOGIC/U_SYNC_L0L1/U_L0_CIRC_DELAY_BUF/L0_BUF3_reg_17_/D1' at logic 'constant 1'
    > pin 'u_LOGIC_CENTER/LINK_LOGIC/U_SYNC_L0L1/U_L0_CIRC_DELAY_BUF/L0_BUF_CNT_FIX_SEL_reg_2_/D1' at logic 'constant 1'
    > pin 'u_LOGIC_CENTER/LINK_LOGIC/U_SYNC_L0L1/U_L0_CIRC_DELAY_BUF/L0_BUF3_reg_1_/D1' at logic 'constant 1'
    > pin 'u_LOGIC_CENTER/LINK_LOGIC/U_SYNC_L0L1/U_L0_CIRC_DELAY_BUF/L0_BUF3_reg_2_/D1' at logic 'constant 1'
    > pin 'u_LOGIC_CENTER/LINK_LOGIC/U_SYNC_L0L1/U_L0_CIRC_DELAY_BUF/L0_BUF_CNT_FIX_SEL_reg_4_/D1' at logic 'constant 1'
    > pin 'u_LOGIC_CENTER/LINK_LOGIC/U_SYNC_L0L1/U_L0_CIRC_DELAY_BUF/L0_WR_SEL_reg_0_/D1' at logic 'constant 1'

113.1.2 Forward propagation through CELLS (level 1)
----------------------------------------------------

113.1.2 Forward propagation through CELLS (level 1)
----------------------------------------------------

113.1.2 Forward propagation through CELLS (level 1)
----------------------------------------------------

113.1.2 Forward propagation through CELLS (level 1)
----------------------------------------------------

113.1.2 Forward propagation through CELLS (level 1)
----------------------------------------------------

113.1.2 Forward propagation through CELLS (level 1)
----------------------------------------------------

113.1.2 Forward propagation through CELLS (level 1)
----------------------------------------------------

113.1.2 Forward propagation through CELLS (level 1)
----------------------------------------------------

113.1.2 Forward propagation through CELLS (level 1)
----------------------------------------------------

113.1.2 Forward propagation through CELLS (level 1)
----------------------------------------------------

113.1.2 Forward propagation through CELLS (level 1)
----------------------------------------------------

113.1.2 Forward propagation through CELLS (level 1)
----------------------------------------------------

113.1.2 Forward propagation through CELLS (level 1)
----------------------------------------------------

113.1.2 Forward propagation through CELLS (level 1)
----------------------------------------------------

113.1.2 Forward propagation through CELLS (level 1)
----------------------------------------------------

113.1.2 Forward propagation through CELLS (level 1)
----------------------------------------------------

113.1.2 Forward propagation through CELLS (level 1)
----------------------------------------------------

113.1.2 Forward propagation through CELLS (level 1)
----------------------------------------------------

113.1.2 Forward propagation through CELLS (level 1)
----------------------------------------------------

113.1.2 Forward propagation through CELLS (level 1)
----------------------------------------------------

113.1.2 Forward propagation through CELLS (level 1)
----------------------------------------------------

113.1.2 Forward propagation through CELLS (level 1)
----------------------------------------------------

113.1.2 Forward propagation through CELLS (level 1)
----------------------------------------------------

113.1.2 Forward propagation through CELLS (level 1)
----------------------------------------------------

113.1.2 Forward propagation through CELLS (level 1)
----------------------------------------------------

113.1.2 Forward propagation through CELLS (level 1)
----------------------------------------------------

113.1.2 Forward propagation through CELLS (level 1)
----------------------------------------------------

113.1.2 Forward propagation through CELLS (level 1)
----------------------------------------------------

113.1.2 Forward propagation through CELLS (level 1)
----------------------------------------------------

113.1.2 Forward propagation through CELLS (level 1)
----------------------------------------------------

114.1.1 Forward propagation on NET pins (level 1)
----------------------------------------------------
  Propagation of logic 'constant 1' from pin 'u_LOGIC_CENTER/LINK_LOGIC/U_SYNC_L0L1/U_L0_CIRC_DELAY_BUF/LTIEHI_2/TIE1' on net 'u_LOGIC_CENTER/LINK_LOGIC/U_SYNC_L0L1/U_L0_CIRC_DELAY_BUF/LTIEHI_2_NET':
    > pin 'u_LOGIC_CENTER/LINK_LOGIC/U_SYNC_L0L1/U_L0_CIRC_DELAY_BUF/L0_BUF6_reg_9_/D1' at logic 'constant 1'
    > pin 'u_LOGIC_CENTER/LINK_LOGIC/U_SYNC_L0L1/U_L0_CIRC_DELAY_BUF/L0_BUF5_reg_3_/D1' at logic 'constant 1'
    > pin 'u_LOGIC_CENTER/LINK_LOGIC/U_SYNC_L0L1/U_L0_CIRC_DELAY_BUF/L0_BUF0_reg_15_/D1' at logic 'constant 1'
    > pin 'u_LOGIC_CENTER/LINK_LOGIC/U_SYNC_L0L1/U_L0_CIRC_DELAY_BUF/L0_BUF5_reg_4_/D1' at logic 'constant 1'
    > pin 'u_LOGIC_CENTER/LINK_LOGIC/U_SYNC_L0L1/U_L0_CIRC_DELAY_BUF/L0_BUF6_reg_0_/D1' at logic 'constant 1'
    > pin 'u_LOGIC_CENTER/LINK_LOGIC/U_SYNC_L0L1/U_L0_CIRC_DELAY_BUF/L0_BUF6_reg_10_/D1' at logic 'constant 1'
    > pin 'u_LOGIC_CENTER/LINK_LOGIC/U_SYNC_L0L1/U_L0_CIRC_DELAY_BUF/L0_BUF5_reg_5_/D1' at logic 'constant 1'
    > pin 'u_LOGIC_CENTER/LINK_LOGIC/U_SYNC_L0L1/U_L0_CIRC_DELAY_BUF/L0_BUF6_reg_1_/D1' at logic 'constant 1'
    > pin 'u_LOGIC_CENTER/LINK_LOGIC/U_SYNC_L0L1/U_L0_CIRC_DELAY_BUF/L0_BUF6_reg_11_/D1' at logic 'constant 1'
    > pin 'u_LOGIC_CENTER/LINK_LOGIC/U_SYNC_L0L1/U_L0_CIRC_DELAY_BUF/L0_BUF5_reg_6_/D1' at logic 'constant 1'
    > pin 'u_LOGIC_CENTER/LINK_LOGIC/U_SYNC_L0L1/U_L0_CIRC_DELAY_BUF/L0_BUF6_reg_2_/D1' at logic 'constant 1'
    > pin 'u_LOGIC_CENTER/LINK_LOGIC/U_SYNC_L0L1/U_L0_CIRC_DELAY_BUF/L0_BUF6_reg_12_/D1' at logic 'constant 1'
    > pin 'u_LOGIC_CENTER/LINK_LOGIC/U_SYNC_L0L1/U_L0_CIRC_DELAY_BUF/L0_BUF5_reg_7_/D1' at logic 'constant 1'
    > pin 'u_LOGIC_CENTER/LINK_LOGIC/U_SYNC_L0L1/U_L0_CIRC_DELAY_BUF/L0_BUF3_reg_14_/D1' at logic 'constant 1'
    > pin 'u_LOGIC_CENTER/LINK_LOGIC/U_SYNC_L0L1/U_L0_CIRC_DELAY_BUF/L0_BUF6_reg_3_/D1' at logic 'constant 1'
    > pin 'u_LOGIC_CENTER/LINK_LOGIC/U_SYNC_L0L1/U_L0_CIRC_DELAY_BUF/L0_WR_SEL_reg_5_/D1' at logic 'constant 1'
    > pin 'u_LOGIC_CENTER/LINK_LOGIC/U_SYNC_L0L1/U_L0_CIRC_DELAY_BUF/L0_BUF3_reg_8_/D1' at logic 'constant 1'
    > pin 'u_LOGIC_CENTER/LINK_LOGIC/U_SYNC_L0L1/U_L0_CIRC_DELAY_BUF/L0_BUF6_reg_13_/D1' at logic 'constant 1'
    > pin 'u_LOGIC_CENTER/LINK_LOGIC/U_SYNC_L0L1/U_L0_CIRC_DELAY_BUF/L0_BUF5_reg_8_/D1' at logic 'constant 1'
    > pin 'u_LOGIC_CENTER/LINK_LOGIC/U_SYNC_L0L1/U_L0_CIRC_DELAY_BUF/L0_BUF6_reg_4_/D1' at logic 'constant 1'
    > pin 'u_LOGIC_CENTER/LINK_LOGIC/U_SYNC_L0L1/U_L0_CIRC_DELAY_BUF/L0_BUF6_reg_14_/D1' at logic 'constant 1'
    > pin 'u_LOGIC_CENTER/LINK_LOGIC/U_SYNC_L0L1/U_L0_CIRC_DELAY_BUF/L0_BUF3_reg_16_/D1' at logic 'constant 1'
    > pin 'u_LOGIC_CENTER/LINK_LOGIC/U_SYNC_L0L1/U_L0_CIRC_DELAY_BUF/L0_BUF6_reg_5_/D1' at logic 'constant 1'
    > pin 'u_LOGIC_CENTER/LINK_LOGIC/U_SYNC_L0L1/U_L0_CIRC_DELAY_BUF/L0_BUF6_reg_15_/D1' at logic 'constant 1'
    > pin 'u_LOGIC_CENTER/LINK_LOGIC/U_SYNC_L0L1/U_L0_CIRC_DELAY_BUF/L0_BUF6_reg_6_/D1' at logic 'constant 1'
    > pin 'u_LOGIC_CENTER/LINK_LOGIC/U_SYNC_L0L1/U_L0_CIRC_DELAY_BUF/L0_BUF6_reg_16_/D1' at logic 'constant 1'
    > pin 'u_LOGIC_CENTER/LINK_LOGIC/U_SYNC_L0L1/U_L0_CIRC_DELAY_BUF/L0_BUF6_reg_7_/D1' at logic 'constant 1'
    > pin 'u_LOGIC_CENTER/LINK_LOGIC/U_SYNC_L0L1/U_L0_CIRC_DELAY_BUF/L0_BUF_CNT_FIX_SEL_reg_3_/D1' at logic 'constant 1'
    > pin 'u_LOGIC_CENTER/LINK_LOGIC/U_SYNC_L0L1/U_L0_CIRC_DELAY_BUF/L0_BUF6_reg_17_/D1' at logic 'constant 1'
    > pin 'u_LOGIC_CENTER/LINK_LOGIC/U_SYNC_L0L1/U_L0_CIRC_DELAY_BUF/L0_BUF6_reg_8_/D1' at logic 'constant 1'

114.1.2 Forward propagation through CELLS (level 1)
----------------------------------------------------

114.1.2 Forward propagation through CELLS (level 1)
----------------------------------------------------

114.1.2 Forward propagation through CELLS (level 1)
----------------------------------------------------

114.1.2 Forward propagation through CELLS (level 1)
----------------------------------------------------

114.1.2 Forward propagation through CELLS (level 1)
----------------------------------------------------

114.1.2 Forward propagation through CELLS (level 1)
----------------------------------------------------

114.1.2 Forward propagation through CELLS (level 1)
----------------------------------------------------

114.1.2 Forward propagation through CELLS (level 1)
----------------------------------------------------

114.1.2 Forward propagation through CELLS (level 1)
----------------------------------------------------

114.1.2 Forward propagation through CELLS (level 1)
----------------------------------------------------

114.1.2 Forward propagation through CELLS (level 1)
----------------------------------------------------

114.1.2 Forward propagation through CELLS (level 1)
----------------------------------------------------

114.1.2 Forward propagation through CELLS (level 1)
----------------------------------------------------

114.1.2 Forward propagation through CELLS (level 1)
----------------------------------------------------

114.1.2 Forward propagation through CELLS (level 1)
----------------------------------------------------

114.1.2 Forward propagation through CELLS (level 1)
----------------------------------------------------

114.1.2 Forward propagation through CELLS (level 1)
----------------------------------------------------

114.1.2 Forward propagation through CELLS (level 1)
----------------------------------------------------

114.1.2 Forward propagation through CELLS (level 1)
----------------------------------------------------

114.1.2 Forward propagation through CELLS (level 1)
----------------------------------------------------

114.1.2 Forward propagation through CELLS (level 1)
----------------------------------------------------

114.1.2 Forward propagation through CELLS (level 1)
----------------------------------------------------

114.1.2 Forward propagation through CELLS (level 1)
----------------------------------------------------

114.1.2 Forward propagation through CELLS (level 1)
----------------------------------------------------

114.1.2 Forward propagation through CELLS (level 1)
----------------------------------------------------

114.1.2 Forward propagation through CELLS (level 1)
----------------------------------------------------

114.1.2 Forward propagation through CELLS (level 1)
----------------------------------------------------

114.1.2 Forward propagation through CELLS (level 1)
----------------------------------------------------

114.1.2 Forward propagation through CELLS (level 1)
----------------------------------------------------

114.1.2 Forward propagation through CELLS (level 1)
----------------------------------------------------

115.1.1 Forward propagation on NET pins (level 1)
----------------------------------------------------
  Propagation of logic 'constant 1' from pin 'u_LOGIC_CENTER/LINK_LOGIC/U_SYNC_L0L1/U_L0_CIRC_DELAY_BUF/LTIEHI_3/TIE1' on net 'u_LOGIC_CENTER/LINK_LOGIC/U_SYNC_L0L1/U_L0_CIRC_DELAY_BUF/LTIEHI_3_NET':
    > pin 'u_LOGIC_CENTER/LINK_LOGIC/U_SYNC_L0L1/U_L0_CIRC_DELAY_BUF/L0_BUF4_reg_13_/D1' at logic 'constant 1'
    > pin 'u_LOGIC_CENTER/LINK_LOGIC/U_SYNC_L0L1/U_L0_CIRC_DELAY_BUF/L0_BUF5_reg_14_/D1' at logic 'constant 1'
    > pin 'u_LOGIC_CENTER/LINK_LOGIC/U_SYNC_L0L1/U_L0_CIRC_DELAY_BUF/L0_BUF0_reg_14_/D1' at logic 'constant 1'
    > pin 'u_LOGIC_CENTER/LINK_LOGIC/U_SYNC_L0L1/U_L0_CIRC_DELAY_BUF/L0_BUF0_reg_8_/D1' at logic 'constant 1'
    > pin 'u_LOGIC_CENTER/LINK_LOGIC/U_SYNC_L0L1/U_L0_CIRC_DELAY_BUF/L0_BUF4_reg_7_/D1' at logic 'constant 1'
    > pin 'u_LOGIC_CENTER/LINK_LOGIC/U_SYNC_L0L1/U_L0_CIRC_DELAY_BUF/L0_BUF4_reg_14_/D1' at logic 'constant 1'
    > pin 'u_LOGIC_CENTER/LINK_LOGIC/U_SYNC_L0L1/U_L0_CIRC_DELAY_BUF/L0_BUF5_reg_15_/D1' at logic 'constant 1'
    > pin 'u_LOGIC_CENTER/LINK_LOGIC/U_SYNC_L0L1/U_L0_CIRC_DELAY_BUF/L0_BUF4_reg_8_/D1' at logic 'constant 1'
    > pin 'u_LOGIC_CENTER/LINK_LOGIC/U_SYNC_L0L1/U_L0_CIRC_DELAY_BUF/L0_BUF4_reg_15_/D1' at logic 'constant 1'
    > pin 'u_LOGIC_CENTER/LINK_LOGIC/U_SYNC_L0L1/U_L0_CIRC_DELAY_BUF/L0_WR_SEL_reg_3_/D1' at logic 'constant 1'
    > pin 'u_LOGIC_CENTER/LINK_LOGIC/U_SYNC_L0L1/U_L0_CIRC_DELAY_BUF/L0_BUF4_reg_16_/D1' at logic 'constant 1'
    > pin 'u_LOGIC_CENTER/LINK_LOGIC/U_SYNC_L0L1/U_L0_CIRC_DELAY_BUF/L0_BUF5_reg_17_/D1' at logic 'constant 1'
    > pin 'u_LOGIC_CENTER/LINK_LOGIC/U_SYNC_L0L1/U_L0_CIRC_DELAY_BUF/L0_BUF0_reg_17_/D1' at logic 'constant 1'
    > pin 'u_LOGIC_CENTER/LINK_LOGIC/U_SYNC_L0L1/U_L0_CIRC_DELAY_BUF/L0_BUF4_reg_0_/D1' at logic 'constant 1'
    > pin 'u_LOGIC_CENTER/LINK_LOGIC/U_SYNC_L0L1/U_L0_CIRC_DELAY_BUF/L0_WR_SEL_reg_4_/D1' at logic 'constant 1'
    > pin 'u_LOGIC_CENTER/LINK_LOGIC/U_SYNC_L0L1/U_L0_CIRC_DELAY_BUF/L0_BUF4_reg_17_/D1' at logic 'constant 1'
    > pin 'u_LOGIC_CENTER/LINK_LOGIC/U_SYNC_L0L1/U_L0_CIRC_DELAY_BUF/L0_BUF4_reg_1_/D1' at logic 'constant 1'
    > pin 'u_LOGIC_CENTER/LINK_LOGIC/U_SYNC_L0L1/U_L0_CIRC_DELAY_BUF/L0_BUF0_reg_3_/D1' at logic 'constant 1'
    > pin 'u_LOGIC_CENTER/LINK_LOGIC/U_SYNC_L0L1/U_L0_CIRC_DELAY_BUF/L0_BUF0_reg_4_/D1' at logic 'constant 1'
    > pin 'u_LOGIC_CENTER/LINK_LOGIC/U_SYNC_L0L1/U_L0_CIRC_DELAY_BUF/L0_BUF4_reg_3_/D1' at logic 'constant 1'
    > pin 'u_LOGIC_CENTER/LINK_LOGIC/U_SYNC_L0L1/U_L0_CIRC_DELAY_BUF/L0_BUF4_reg_10_/D1' at logic 'constant 1'
    > pin 'u_LOGIC_CENTER/LINK_LOGIC/U_SYNC_L0L1/U_L0_CIRC_DELAY_BUF/L0_BUF5_reg_11_/D1' at logic 'constant 1'
    > pin 'u_LOGIC_CENTER/LINK_LOGIC/U_SYNC_L0L1/U_L0_CIRC_DELAY_BUF/L0_BUF0_reg_5_/D1' at logic 'constant 1'
    > pin 'u_LOGIC_CENTER/LINK_LOGIC/U_SYNC_L0L1/U_L0_CIRC_DELAY_BUF/L0_BUF4_reg_4_/D1' at logic 'constant 1'
    > pin 'u_LOGIC_CENTER/LINK_LOGIC/U_SYNC_L0L1/U_L0_CIRC_DELAY_BUF/L0_BUF0_reg_6_/D1' at logic 'constant 1'
    > pin 'u_LOGIC_CENTER/LINK_LOGIC/U_SYNC_L0L1/U_L0_CIRC_DELAY_BUF/L0_BUF4_reg_5_/D1' at logic 'constant 1'
    > pin 'u_LOGIC_CENTER/LINK_LOGIC/U_SYNC_L0L1/U_L0_CIRC_DELAY_BUF/L0_BUF5_reg_13_/D1' at logic 'constant 1'
    > pin 'u_LOGIC_CENTER/LINK_LOGIC/U_SYNC_L0L1/U_L0_CIRC_DELAY_BUF/L0_BUF0_reg_13_/D1' at logic 'constant 1'
    > pin 'u_LOGIC_CENTER/LINK_LOGIC/U_SYNC_L0L1/U_L0_CIRC_DELAY_BUF/L0_BUF0_reg_7_/D1' at logic 'constant 1'
    > pin 'u_LOGIC_CENTER/LINK_LOGIC/U_SYNC_L0L1/U_L0_CIRC_DELAY_BUF/L0_BUF4_reg_6_/D1' at logic 'constant 1'

115.1.2 Forward propagation through CELLS (level 1)
----------------------------------------------------

115.1.2 Forward propagation through CELLS (level 1)
----------------------------------------------------

115.1.2 Forward propagation through CELLS (level 1)
----------------------------------------------------

115.1.2 Forward propagation through CELLS (level 1)
----------------------------------------------------

115.1.2 Forward propagation through CELLS (level 1)
----------------------------------------------------

115.1.2 Forward propagation through CELLS (level 1)
----------------------------------------------------

115.1.2 Forward propagation through CELLS (level 1)
----------------------------------------------------

115.1.2 Forward propagation through CELLS (level 1)
----------------------------------------------------

115.1.2 Forward propagation through CELLS (level 1)
----------------------------------------------------

115.1.2 Forward propagation through CELLS (level 1)
----------------------------------------------------

115.1.2 Forward propagation through CELLS (level 1)
----------------------------------------------------

115.1.2 Forward propagation through CELLS (level 1)
----------------------------------------------------

115.1.2 Forward propagation through CELLS (level 1)
----------------------------------------------------

115.1.2 Forward propagation through CELLS (level 1)
----------------------------------------------------

115.1.2 Forward propagation through CELLS (level 1)
----------------------------------------------------

115.1.2 Forward propagation through CELLS (level 1)
----------------------------------------------------

115.1.2 Forward propagation through CELLS (level 1)
----------------------------------------------------

115.1.2 Forward propagation through CELLS (level 1)
----------------------------------------------------

115.1.2 Forward propagation through CELLS (level 1)
----------------------------------------------------

115.1.2 Forward propagation through CELLS (level 1)
----------------------------------------------------

115.1.2 Forward propagation through CELLS (level 1)
----------------------------------------------------

115.1.2 Forward propagation through CELLS (level 1)
----------------------------------------------------

115.1.2 Forward propagation through CELLS (level 1)
----------------------------------------------------

115.1.2 Forward propagation through CELLS (level 1)
----------------------------------------------------

115.1.2 Forward propagation through CELLS (level 1)
----------------------------------------------------

115.1.2 Forward propagation through CELLS (level 1)
----------------------------------------------------

115.1.2 Forward propagation through CELLS (level 1)
----------------------------------------------------

115.1.2 Forward propagation through CELLS (level 1)
----------------------------------------------------

115.1.2 Forward propagation through CELLS (level 1)
----------------------------------------------------

115.1.2 Forward propagation through CELLS (level 1)
----------------------------------------------------

116.1.1 Forward propagation on NET pins (level 1)
----------------------------------------------------
  Propagation of logic 'constant 1' from pin 'u_LOGIC_CENTER/LINK_LOGIC/U_SYNC_L0L1/U_L0_CIRC_DELAY_BUF/LTIEHI_4/TIE1' on net 'u_LOGIC_CENTER/LINK_LOGIC/U_SYNC_L0L1/U_L0_CIRC_DELAY_BUF/LTIEHI_4_NET':
    > pin 'u_LOGIC_CENTER/LINK_LOGIC/U_SYNC_L0L1/U_L0_CIRC_DELAY_BUF/L0_BUF0_reg_9_/D1' at logic 'constant 1'
    > pin 'u_LOGIC_CENTER/LINK_LOGIC/U_SYNC_L0L1/U_L0_CIRC_DELAY_BUF/L0_BUF5_reg_16_/D1' at logic 'constant 1'
    > pin 'u_LOGIC_CENTER/LINK_LOGIC/U_SYNC_L0L1/U_L0_CIRC_DELAY_BUF/L0_BUF0_reg_16_/D1' at logic 'constant 1'
    > pin 'u_LOGIC_CENTER/LINK_LOGIC/U_SYNC_L0L1/U_L0_CIRC_DELAY_BUF/L0_BUF0_reg_0_/D1' at logic 'constant 1'
    > pin 'u_LOGIC_CENTER/LINK_LOGIC/U_SYNC_L0L1/U_L0_CIRC_DELAY_BUF/L0_BUF4_reg_9_/D1' at logic 'constant 1'
    > pin 'u_LOGIC_CENTER/LINK_LOGIC/U_SYNC_L0L1/U_L0_CIRC_DELAY_BUF/L0_BUF0_reg_1_/D1' at logic 'constant 1'
    > pin 'u_LOGIC_CENTER/LINK_LOGIC/U_SYNC_L0L1/U_L0_CIRC_DELAY_BUF/L0_BUF0_reg_2_/D1' at logic 'constant 1'
    > pin 'u_LOGIC_CENTER/LINK_LOGIC/U_SYNC_L0L1/U_L0_CIRC_DELAY_BUF/L0_BUF4_reg_2_/D1' at logic 'constant 1'
    > pin 'u_LOGIC_CENTER/LINK_LOGIC/U_SYNC_L0L1/U_L0_CIRC_DELAY_BUF/L0_BUF5_reg_10_/D1' at logic 'constant 1'
    > pin 'u_LOGIC_CENTER/LINK_LOGIC/U_SYNC_L0L1/U_L0_CIRC_DELAY_BUF/L0_BUF0_reg_10_/D1' at logic 'constant 1'
    > pin 'u_LOGIC_CENTER/LINK_LOGIC/U_SYNC_L0L1/U_L0_CIRC_DELAY_BUF/L0_BUF5_reg_9_/D1' at logic 'constant 1'
    > pin 'u_LOGIC_CENTER/LINK_LOGIC/U_SYNC_L0L1/U_L0_CIRC_DELAY_BUF/L0_BUF0_reg_11_/D1' at logic 'constant 1'
    > pin 'u_LOGIC_CENTER/LINK_LOGIC/U_SYNC_L0L1/U_L0_CIRC_DELAY_BUF/L0_BUF5_reg_0_/D1' at logic 'constant 1'
    > pin 'u_LOGIC_CENTER/LINK_LOGIC/U_SYNC_L0L1/U_L0_CIRC_DELAY_BUF/L0_BUF4_reg_11_/D1' at logic 'constant 1'
    > pin 'u_LOGIC_CENTER/LINK_LOGIC/U_SYNC_L0L1/U_L0_CIRC_DELAY_BUF/L0_BUF5_reg_12_/D1' at logic 'constant 1'
    > pin 'u_LOGIC_CENTER/LINK_LOGIC/U_SYNC_L0L1/U_L0_CIRC_DELAY_BUF/L0_BUF0_reg_12_/D1' at logic 'constant 1'
    > pin 'u_LOGIC_CENTER/LINK_LOGIC/U_SYNC_L0L1/U_L0_CIRC_DELAY_BUF/L0_BUF5_reg_1_/D1' at logic 'constant 1'
    > pin 'u_LOGIC_CENTER/LINK_LOGIC/U_SYNC_L0L1/U_L0_CIRC_DELAY_BUF/L0_BUF4_reg_12_/D1' at logic 'constant 1'
    > pin 'u_LOGIC_CENTER/LINK_LOGIC/U_SYNC_L0L1/U_L0_CIRC_DELAY_BUF/L0_BUF5_reg_2_/D1' at logic 'constant 1'

116.1.2 Forward propagation through CELLS (level 1)
----------------------------------------------------

116.1.2 Forward propagation through CELLS (level 1)
----------------------------------------------------

116.1.2 Forward propagation through CELLS (level 1)
----------------------------------------------------

116.1.2 Forward propagation through CELLS (level 1)
----------------------------------------------------

116.1.2 Forward propagation through CELLS (level 1)
----------------------------------------------------

116.1.2 Forward propagation through CELLS (level 1)
----------------------------------------------------

116.1.2 Forward propagation through CELLS (level 1)
----------------------------------------------------

116.1.2 Forward propagation through CELLS (level 1)
----------------------------------------------------

116.1.2 Forward propagation through CELLS (level 1)
----------------------------------------------------

116.1.2 Forward propagation through CELLS (level 1)
----------------------------------------------------

116.1.2 Forward propagation through CELLS (level 1)
----------------------------------------------------

116.1.2 Forward propagation through CELLS (level 1)
----------------------------------------------------

116.1.2 Forward propagation through CELLS (level 1)
----------------------------------------------------

116.1.2 Forward propagation through CELLS (level 1)
----------------------------------------------------

116.1.2 Forward propagation through CELLS (level 1)
----------------------------------------------------

116.1.2 Forward propagation through CELLS (level 1)
----------------------------------------------------

116.1.2 Forward propagation through CELLS (level 1)
----------------------------------------------------

116.1.2 Forward propagation through CELLS (level 1)
----------------------------------------------------

116.1.2 Forward propagation through CELLS (level 1)
----------------------------------------------------

117.1.1 Forward propagation on NET pins (level 1)
----------------------------------------------------
  Propagation of logic 'constant 0' from pin 'u_LOGIC_CENTER/LINK_LOGIC/U_SYNC_L0L1/U_L0_CIRC_DELAY_BUF/SNPS_CG_CELL_DCLK0_L0_BUF0_reg_0/LTIELO/TIE0' on net 'u_LOGIC_CENTER/LINK_LOGIC/U_SYNC_L0L1/U_L0_CIRC_DELAY_BUF/SNPS_CG_CELL_DCLK0_L0_BUF0_reg_0/LTIELO_NET':
    > pin 'u_LOGIC_CENTER/LINK_LOGIC/U_SYNC_L0L1/U_L0_CIRC_DELAY_BUF/SNPS_CG_CELL_DCLK0_L0_BUF0_reg_0/latch/TE' at logic 'constant 0'

117.1.2 Forward propagation through CELLS (level 1)
----------------------------------------------------

118.1.1 Forward propagation on NET pins (level 1)
----------------------------------------------------
  Propagation of logic 'constant 0' from pin 'u_LOGIC_CENTER/LINK_LOGIC/U_SYNC_L0L1/U_L0_CIRC_DELAY_BUF/SNPS_CG_CELL_DCLK0_L0_BUF5_reg_0/LTIELO/TIE0' on net 'u_LOGIC_CENTER/LINK_LOGIC/U_SYNC_L0L1/U_L0_CIRC_DELAY_BUF/SNPS_CG_CELL_DCLK0_L0_BUF5_reg_0/LTIELO_NET':
    > pin 'u_LOGIC_CENTER/LINK_LOGIC/U_SYNC_L0L1/U_L0_CIRC_DELAY_BUF/SNPS_CG_CELL_DCLK0_L0_BUF5_reg_0/latch/TE' at logic 'constant 0'

118.1.2 Forward propagation through CELLS (level 1)
----------------------------------------------------

119.1.1 Forward propagation on NET pins (level 1)
----------------------------------------------------
  Propagation of logic 'constant 1' from pin 'u_LOGIC_CENTER/LINK_LOGIC/U_SYNC_L0L1/U_L0_CIRC_DELAY_BUF/LTIEHI/TIE1' on net 'u_LOGIC_CENTER/LINK_LOGIC/U_SYNC_L0L1/U_L0_CIRC_DELAY_BUF/LTIEHI_NET':
    > pin 'u_LOGIC_CENTER/LINK_LOGIC/U_SYNC_L0L1/U_L0_CIRC_DELAY_BUF/L0_BUF2_reg_8_/D1' at logic 'constant 1'
    > pin 'u_LOGIC_CENTER/LINK_LOGIC/U_SYNC_L0L1/U_L0_CIRC_DELAY_BUF/L0_BUF1_reg_5_/D1' at logic 'constant 1'
    > pin 'u_LOGIC_CENTER/LINK_LOGIC/U_SYNC_L0L1/U_L0_CIRC_DELAY_BUF/L0_BUF_CNT_FIX_SEL_reg_6_/D1' at logic 'constant 1'
    > pin 'u_LOGIC_CENTER/LINK_LOGIC/U_SYNC_L0L1/U_L0_CIRC_DELAY_BUF/L0_BUF2_reg_10_/D1' at logic 'constant 1'
    > pin 'u_LOGIC_CENTER/LINK_LOGIC/U_SYNC_L0L1/U_L0_CIRC_DELAY_BUF/L0_BUF2_reg_9_/D1' at logic 'constant 1'
    > pin 'u_LOGIC_CENTER/LINK_LOGIC/U_SYNC_L0L1/U_L0_CIRC_DELAY_BUF/L0_BUF1_reg_10_/D1' at logic 'constant 1'
    > pin 'u_LOGIC_CENTER/LINK_LOGIC/U_SYNC_L0L1/U_L0_CIRC_DELAY_BUF/L0_BUF2_reg_11_/D1' at logic 'constant 1'
    > pin 'u_LOGIC_CENTER/LINK_LOGIC/U_SYNC_L0L1/U_L0_CIRC_DELAY_BUF/L0_BUF2_reg_0_/D1' at logic 'constant 1'
    > pin 'u_LOGIC_CENTER/LINK_LOGIC/U_SYNC_L0L1/U_L0_CIRC_DELAY_BUF/L0_BUF2_reg_12_/D1' at logic 'constant 1'
    > pin 'u_LOGIC_CENTER/LINK_LOGIC/U_SYNC_L0L1/U_L0_CIRC_DELAY_BUF/L0_BUF2_reg_1_/D1' at logic 'constant 1'
    > pin 'u_LOGIC_CENTER/LINK_LOGIC/U_SYNC_L0L1/U_L0_CIRC_DELAY_BUF/L0_BUF1_reg_12_/D1' at logic 'constant 1'
    > pin 'u_LOGIC_CENTER/LINK_LOGIC/U_SYNC_L0L1/U_L0_CIRC_DELAY_BUF/L0_BUF2_reg_2_/D1' at logic 'constant 1'
    > pin 'u_LOGIC_CENTER/LINK_LOGIC/U_SYNC_L0L1/U_L0_CIRC_DELAY_BUF/L0_BUF1_reg_13_/D1' at logic 'constant 1'
    > pin 'u_LOGIC_CENTER/LINK_LOGIC/U_SYNC_L0L1/U_L0_CIRC_DELAY_BUF/L0_BUF2_reg_14_/D1' at logic 'constant 1'
    > pin 'u_LOGIC_CENTER/LINK_LOGIC/U_SYNC_L0L1/U_L0_CIRC_DELAY_BUF/L0_BUF_CNT_FIX_SEL_reg_0_/D1' at logic 'constant 1'
    > pin 'u_LOGIC_CENTER/LINK_LOGIC/U_SYNC_L0L1/U_L0_CIRC_DELAY_BUF/L0_BUF2_reg_3_/D1' at logic 'constant 1'
    > pin 'u_LOGIC_CENTER/LINK_LOGIC/U_SYNC_L0L1/U_L0_CIRC_DELAY_BUF/L0_BUF2_reg_15_/D1' at logic 'constant 1'
    > pin 'u_LOGIC_CENTER/LINK_LOGIC/U_SYNC_L0L1/U_L0_CIRC_DELAY_BUF/L0_BUF_CNT_FIX_SEL_reg_1_/D1' at logic 'constant 1'
    > pin 'u_LOGIC_CENTER/LINK_LOGIC/U_SYNC_L0L1/U_L0_CIRC_DELAY_BUF/L0_BUF2_reg_4_/D1' at logic 'constant 1'
    > pin 'u_LOGIC_CENTER/LINK_LOGIC/U_SYNC_L0L1/U_L0_CIRC_DELAY_BUF/L0_BUF1_reg_1_/D1' at logic 'constant 1'
    > pin 'u_LOGIC_CENTER/LINK_LOGIC/U_SYNC_L0L1/U_L0_CIRC_DELAY_BUF/L0_BUF1_reg_15_/D1' at logic 'constant 1'
    > pin 'u_LOGIC_CENTER/LINK_LOGIC/U_SYNC_L0L1/U_L0_CIRC_DELAY_BUF/L0_BUF2_reg_16_/D1' at logic 'constant 1'
    > pin 'u_LOGIC_CENTER/LINK_LOGIC/U_SYNC_L0L1/U_L0_CIRC_DELAY_BUF/L0_BUF2_reg_5_/D1' at logic 'constant 1'
    > pin 'u_LOGIC_CENTER/LINK_LOGIC/U_SYNC_L0L1/U_L0_CIRC_DELAY_BUF/L0_BUF1_reg_2_/D1' at logic 'constant 1'
    > pin 'u_LOGIC_CENTER/LINK_LOGIC/U_SYNC_L0L1/U_L0_CIRC_DELAY_BUF/L0_BUF1_reg_16_/D1' at logic 'constant 1'
    > pin 'u_LOGIC_CENTER/LINK_LOGIC/U_SYNC_L0L1/U_L0_CIRC_DELAY_BUF/L0_BUF2_reg_17_/D1' at logic 'constant 1'
    > pin 'u_LOGIC_CENTER/LINK_LOGIC/U_SYNC_L0L1/U_L0_CIRC_DELAY_BUF/L0_BUF2_reg_6_/D1' at logic 'constant 1'
    > pin 'u_LOGIC_CENTER/LINK_LOGIC/U_SYNC_L0L1/U_L0_CIRC_DELAY_BUF/L0_BUF1_reg_3_/D1' at logic 'constant 1'
    > pin 'u_LOGIC_CENTER/LINK_LOGIC/U_SYNC_L0L1/U_L0_CIRC_DELAY_BUF/L0_BUF1_reg_17_/D1' at logic 'constant 1'
    > pin 'u_LOGIC_CENTER/LINK_LOGIC/U_SYNC_L0L1/U_L0_CIRC_DELAY_BUF/L0_BUF2_reg_7_/D1' at logic 'constant 1'

119.1.2 Forward propagation through CELLS (level 1)
----------------------------------------------------

119.1.2 Forward propagation through CELLS (level 1)
----------------------------------------------------

119.1.2 Forward propagation through CELLS (level 1)
----------------------------------------------------

119.1.2 Forward propagation through CELLS (level 1)
----------------------------------------------------

119.1.2 Forward propagation through CELLS (level 1)
----------------------------------------------------

119.1.2 Forward propagation through CELLS (level 1)
----------------------------------------------------

119.1.2 Forward propagation through CELLS (level 1)
----------------------------------------------------

119.1.2 Forward propagation through CELLS (level 1)
----------------------------------------------------

119.1.2 Forward propagation through CELLS (level 1)
----------------------------------------------------

119.1.2 Forward propagation through CELLS (level 1)
----------------------------------------------------

119.1.2 Forward propagation through CELLS (level 1)
----------------------------------------------------

119.1.2 Forward propagation through CELLS (level 1)
----------------------------------------------------

119.1.2 Forward propagation through CELLS (level 1)
----------------------------------------------------

119.1.2 Forward propagation through CELLS (level 1)
----------------------------------------------------

119.1.2 Forward propagation through CELLS (level 1)
----------------------------------------------------

119.1.2 Forward propagation through CELLS (level 1)
----------------------------------------------------

119.1.2 Forward propagation through CELLS (level 1)
----------------------------------------------------

119.1.2 Forward propagation through CELLS (level 1)
----------------------------------------------------

119.1.2 Forward propagation through CELLS (level 1)
----------------------------------------------------

119.1.2 Forward propagation through CELLS (level 1)
----------------------------------------------------

119.1.2 Forward propagation through CELLS (level 1)
----------------------------------------------------

119.1.2 Forward propagation through CELLS (level 1)
----------------------------------------------------

119.1.2 Forward propagation through CELLS (level 1)
----------------------------------------------------

119.1.2 Forward propagation through CELLS (level 1)
----------------------------------------------------

119.1.2 Forward propagation through CELLS (level 1)
----------------------------------------------------

119.1.2 Forward propagation through CELLS (level 1)
----------------------------------------------------

119.1.2 Forward propagation through CELLS (level 1)
----------------------------------------------------

119.1.2 Forward propagation through CELLS (level 1)
----------------------------------------------------

119.1.2 Forward propagation through CELLS (level 1)
----------------------------------------------------

119.1.2 Forward propagation through CELLS (level 1)
----------------------------------------------------

120.1.1 Forward propagation on NET pins (level 1)
----------------------------------------------------
  Propagation of logic 'constant 0' from pin 'u_LOGIC_CENTER/LINK_LOGIC/U_SYNC_L0L1/U_L0_CIRC_DELAY_BUF/SNPS_CG_CELL_DCLK0_L0_BUF1_reg_0/LTIELO/TIE0' on net 'u_LOGIC_CENTER/LINK_LOGIC/U_SYNC_L0L1/U_L0_CIRC_DELAY_BUF/SNPS_CG_CELL_DCLK0_L0_BUF1_reg_0/LTIELO_NET':
    > pin 'u_LOGIC_CENTER/LINK_LOGIC/U_SYNC_L0L1/U_L0_CIRC_DELAY_BUF/SNPS_CG_CELL_DCLK0_L0_BUF1_reg_0/latch/TE' at logic 'constant 0'

120.1.2 Forward propagation through CELLS (level 1)
----------------------------------------------------

121.1.1 Forward propagation on NET pins (level 1)
----------------------------------------------------
  Propagation of logic 'constant 0' from pin 'u_LOGIC_CENTER/LINK_LOGIC/U_SYNC_L0L1/U_L0_CIRC_DELAY_BUF/SNPS_CG_CELL_DCLK0_L0_BUF6_reg_0/LTIELO/TIE0' on net 'u_LOGIC_CENTER/LINK_LOGIC/U_SYNC_L0L1/U_L0_CIRC_DELAY_BUF/SNPS_CG_CELL_DCLK0_L0_BUF6_reg_0/LTIELO_NET':
    > pin 'u_LOGIC_CENTER/LINK_LOGIC/U_SYNC_L0L1/U_L0_CIRC_DELAY_BUF/SNPS_CG_CELL_DCLK0_L0_BUF6_reg_0/latch/TE' at logic 'constant 0'

121.1.2 Forward propagation through CELLS (level 1)
----------------------------------------------------

122.1.1 Forward propagation on NET pins (level 1)
----------------------------------------------------
  Propagation of logic 'constant 0' from pin 'u_LOGIC_CENTER/LINK_LOGIC/U_SYNC_L0L1/U_L0_CIRC_DELAY_BUF/SNPS_CG_CELL_DCLK0_L0_BUF2_reg_0/LTIELO/TIE0' on net 'u_LOGIC_CENTER/LINK_LOGIC/U_SYNC_L0L1/U_L0_CIRC_DELAY_BUF/SNPS_CG_CELL_DCLK0_L0_BUF2_reg_0/LTIELO_NET':
    > pin 'u_LOGIC_CENTER/LINK_LOGIC/U_SYNC_L0L1/U_L0_CIRC_DELAY_BUF/SNPS_CG_CELL_DCLK0_L0_BUF2_reg_0/latch/TE' at logic 'constant 0'

122.1.2 Forward propagation through CELLS (level 1)
----------------------------------------------------

123.1.1 Forward propagation on NET pins (level 1)
----------------------------------------------------
  Propagation of logic 'constant 0' from pin 'u_LOGIC_CENTER/LINK_LOGIC/U_SYNC_L0L1/U_L0_CIRC_DELAY_BUF/SNPS_CG_CELL_DCLK0_L0_BUF_CNT_SEL_reg_0/LTIELO/TIE0' on net 'u_LOGIC_CENTER/LINK_LOGIC/U_SYNC_L0L1/U_L0_CIRC_DELAY_BUF/SNPS_CG_CELL_DCLK0_L0_BUF_CNT_SEL_reg_0/LTIELO_NET':
    > pin 'u_LOGIC_CENTER/LINK_LOGIC/U_SYNC_L0L1/U_L0_CIRC_DELAY_BUF/SNPS_CG_CELL_DCLK0_L0_BUF_CNT_SEL_reg_0/latch/TE' at logic 'constant 0'

123.1.2 Forward propagation through CELLS (level 1)
----------------------------------------------------

124.1.1 Forward propagation on NET pins (level 1)
----------------------------------------------------
  Propagation of logic 'constant 0' from pin 'u_LOGIC_CENTER/LINK_LOGIC/U_SYNC_L0L1/U_L0_CIRC_DELAY_BUF/SNPS_CG_CELL_DCLK0_L0_BUF3_reg_0/LTIELO/TIE0' on net 'u_LOGIC_CENTER/LINK_LOGIC/U_SYNC_L0L1/U_L0_CIRC_DELAY_BUF/SNPS_CG_CELL_DCLK0_L0_BUF3_reg_0/LTIELO_NET':
    > pin 'u_LOGIC_CENTER/LINK_LOGIC/U_SYNC_L0L1/U_L0_CIRC_DELAY_BUF/SNPS_CG_CELL_DCLK0_L0_BUF3_reg_0/latch/TE' at logic 'constant 0'

124.1.2 Forward propagation through CELLS (level 1)
----------------------------------------------------

125.1.1 Forward propagation on NET pins (level 1)
----------------------------------------------------
  Propagation of logic 'constant 1' from pin 'u_LOGIC_CENTER/LINK_LOGIC/U_SYNC_L0L1/LTIEHI_1/TIE1' on net 'u_LOGIC_CENTER/LINK_LOGIC/U_SYNC_L0L1/LTIEHI_1_NET':
    > pin 'u_LOGIC_CENTER/LINK_LOGIC/U_SYNC_L0L1/L1_BUF1_SYNCED_reg_14_/D1' at logic 'constant 1'
    > pin 'u_LOGIC_CENTER/LINK_LOGIC/U_SYNC_L0L1/L1_BUF0_SYNCED_reg_15_/D1' at logic 'constant 1'
    > pin 'u_LOGIC_CENTER/LINK_LOGIC/U_SYNC_L0L1/L1_BUF2_ASYNC_reg_3_/D1' at logic 'constant 1'
    > pin 'u_LOGIC_CENTER/LINK_LOGIC/U_SYNC_L0L1/L1_BUF2_reg_3_/D1' at logic 'constant 1'
    > pin 'u_LOGIC_CENTER/LINK_LOGIC/U_SYNC_L0L1/L1_BUF0_reg_4_/D1' at logic 'constant 1'
    > pin 'u_LOGIC_CENTER/LINK_LOGIC/U_SYNC_L0L1/L1_BUF0_ASYNC_reg_8_/D1' at logic 'constant 1'
    > pin 'u_LOGIC_CENTER/LINK_LOGIC/U_SYNC_L0L1/L1_BUF2_reg_4_/D1' at logic 'constant 1'
    > pin 'u_LOGIC_CENTER/LINK_LOGIC/U_SYNC_L0L1/L1_BUF0_reg_5_/D1' at logic 'constant 1'
    > pin 'u_LOGIC_CENTER/LINK_LOGIC/U_SYNC_L0L1/L1_BUF2_SYNCED_reg_15_/D1' at logic 'constant 1'
    > pin 'u_LOGIC_CENTER/LINK_LOGIC/U_SYNC_L0L1/L1_BUF2_reg_5_/D1' at logic 'constant 1'
    > pin 'u_LOGIC_CENTER/LINK_LOGIC/U_SYNC_L0L1/L1_BUF0_reg_6_/D1' at logic 'constant 1'
    > pin 'u_LOGIC_CENTER/LINK_LOGIC/U_SYNC_L0L1/L1_BUF1_SYNCED_reg_3_/D1' at logic 'constant 1'
    > pin 'u_LOGIC_CENTER/LINK_LOGIC/U_SYNC_L0L1/L1_BUF2_reg_6_/D1' at logic 'constant 1'
    > pin 'u_LOGIC_CENTER/LINK_LOGIC/U_SYNC_L0L1/L1_BUF2_ASYNC_reg_7_/D1' at logic 'constant 1'
    > pin 'u_LOGIC_CENTER/LINK_LOGIC/U_SYNC_L0L1/L1_BUF2_reg_7_/D1' at logic 'constant 1'
    > pin 'u_LOGIC_CENTER/LINK_LOGIC/U_SYNC_L0L1/L1_BUF1_ASYNC_reg_3_/D1' at logic 'constant 1'
    > pin 'u_LOGIC_CENTER/LINK_LOGIC/U_SYNC_L0L1/L1_BUF0_reg_8_/D1' at logic 'constant 1'
    > pin 'u_LOGIC_CENTER/LINK_LOGIC/U_SYNC_L0L1/L1_BUF2_reg_15_/D1' at logic 'constant 1'
    > pin 'u_LOGIC_CENTER/LINK_LOGIC/U_SYNC_L0L1/L1_BUF2_ASYNC_reg_8_/D1' at logic 'constant 1'
    > pin 'u_LOGIC_CENTER/LINK_LOGIC/U_SYNC_L0L1/L1_BUF2_reg_8_/D1' at logic 'constant 1'
    > pin 'u_LOGIC_CENTER/LINK_LOGIC/U_SYNC_L0L1/L1_BUF0_ASYNC_reg_3_/D1' at logic 'constant 1'
    > pin 'u_LOGIC_CENTER/LINK_LOGIC/U_SYNC_L0L1/L1_BUF1_reg_7_/D1' at logic 'constant 1'
    > pin 'u_LOGIC_CENTER/LINK_LOGIC/U_SYNC_L0L1/L1_BUF2_ASYNC_reg_15_/D1' at logic 'constant 1'
    > pin 'u_LOGIC_CENTER/LINK_LOGIC/U_SYNC_L0L1/L1_BUF1_reg_8_/D1' at logic 'constant 1'
    > pin 'u_LOGIC_CENTER/LINK_LOGIC/U_SYNC_L0L1/L1_BUF1_ASYNC_reg_15_/D1' at logic 'constant 1'
    > pin 'u_LOGIC_CENTER/LINK_LOGIC/U_SYNC_L0L1/L1_BUF1_SYNCED_reg_13_/D1' at logic 'constant 1'
    > pin 'u_LOGIC_CENTER/LINK_LOGIC/U_SYNC_L0L1/L1_BUF0_reg_15_/D1' at logic 'constant 1'
    > pin 'u_LOGIC_CENTER/LINK_LOGIC/U_SYNC_L0L1/L1_BUF0_ASYNC_reg_15_/D1' at logic 'constant 1'
    > pin 'u_LOGIC_CENTER/LINK_LOGIC/U_SYNC_L0L1/L1_BUF0_reg_3_/D1' at logic 'constant 1'
    > pin 'u_LOGIC_CENTER/LINK_LOGIC/U_SYNC_L0L1/L1_BUF2_SYNCED_reg_13_/D1' at logic 'constant 1'

125.1.2 Forward propagation through CELLS (level 1)
----------------------------------------------------

125.1.2 Forward propagation through CELLS (level 1)
----------------------------------------------------

125.1.2 Forward propagation through CELLS (level 1)
----------------------------------------------------

125.1.2 Forward propagation through CELLS (level 1)
----------------------------------------------------

125.1.2 Forward propagation through CELLS (level 1)
----------------------------------------------------

125.1.2 Forward propagation through CELLS (level 1)
----------------------------------------------------

125.1.2 Forward propagation through CELLS (level 1)
----------------------------------------------------

125.1.2 Forward propagation through CELLS (level 1)
----------------------------------------------------

125.1.2 Forward propagation through CELLS (level 1)
----------------------------------------------------

125.1.2 Forward propagation through CELLS (level 1)
----------------------------------------------------

125.1.2 Forward propagation through CELLS (level 1)
----------------------------------------------------

125.1.2 Forward propagation through CELLS (level 1)
----------------------------------------------------

125.1.2 Forward propagation through CELLS (level 1)
----------------------------------------------------

125.1.2 Forward propagation through CELLS (level 1)
----------------------------------------------------

125.1.2 Forward propagation through CELLS (level 1)
----------------------------------------------------

125.1.2 Forward propagation through CELLS (level 1)
----------------------------------------------------

125.1.2 Forward propagation through CELLS (level 1)
----------------------------------------------------

125.1.2 Forward propagation through CELLS (level 1)
----------------------------------------------------

125.1.2 Forward propagation through CELLS (level 1)
----------------------------------------------------

125.1.2 Forward propagation through CELLS (level 1)
----------------------------------------------------

125.1.2 Forward propagation through CELLS (level 1)
----------------------------------------------------

125.1.2 Forward propagation through CELLS (level 1)
----------------------------------------------------

125.1.2 Forward propagation through CELLS (level 1)
----------------------------------------------------

125.1.2 Forward propagation through CELLS (level 1)
----------------------------------------------------

125.1.2 Forward propagation through CELLS (level 1)
----------------------------------------------------

125.1.2 Forward propagation through CELLS (level 1)
----------------------------------------------------

125.1.2 Forward propagation through CELLS (level 1)
----------------------------------------------------

125.1.2 Forward propagation through CELLS (level 1)
----------------------------------------------------

125.1.2 Forward propagation through CELLS (level 1)
----------------------------------------------------

125.1.2 Forward propagation through CELLS (level 1)
----------------------------------------------------

126.1.1 Forward propagation on NET pins (level 1)
----------------------------------------------------
  Propagation of logic 'constant 1' from pin 'u_LOGIC_CENTER/LINK_LOGIC/U_SYNC_L0L1/LTIEHI_2/TIE1' on net 'u_LOGIC_CENTER/LINK_LOGIC/U_SYNC_L0L1/LTIEHI_2_NET':
    > pin 'u_LOGIC_CENTER/LINK_LOGIC/U_SYNC_L0L1/L1_BUF1_ASYNC_reg_17_/D1' at logic 'constant 1'
    > pin 'u_LOGIC_CENTER/LINK_LOGIC/U_SYNC_L0L1/L1_BUF2_SYNCED_reg_14_/D1' at logic 'constant 1'
    > pin 'u_LOGIC_CENTER/LINK_LOGIC/U_SYNC_L0L1/L1_BUF1_reg_10_/D1' at logic 'constant 1'
    > pin 'u_LOGIC_CENTER/LINK_LOGIC/U_SYNC_L0L1/L1_BUF0_ASYNC_reg_17_/D1' at logic 'constant 1'
    > pin 'u_LOGIC_CENTER/LINK_LOGIC/U_SYNC_L0L1/L1_BUF0_reg_17_/D1' at logic 'constant 1'
    > pin 'u_LOGIC_CENTER/LINK_LOGIC/U_SYNC_L0L1/L1_BUF2_SYNCED_reg_16_/D1' at logic 'constant 1'
    > pin 'u_LOGIC_CENTER/LINK_LOGIC/U_SYNC_L0L1/L1_BUF1_SYNCED_reg_17_/D1' at logic 'constant 1'
    > pin 'u_LOGIC_CENTER/LINK_LOGIC/U_SYNC_L0L1/L1_BUF2_reg_13_/D1' at logic 'constant 1'
    > pin 'u_LOGIC_CENTER/LINK_LOGIC/U_SYNC_L0L1/L1_BUF0_reg_7_/D1' at logic 'constant 1'
    > pin 'u_LOGIC_CENTER/LINK_LOGIC/U_SYNC_L0L1/L1_BUF2_SYNCED_reg_17_/D1' at logic 'constant 1'
    > pin 'u_LOGIC_CENTER/LINK_LOGIC/U_SYNC_L0L1/L1_BUF1_reg_3_/D1' at logic 'constant 1'
    > pin 'u_LOGIC_CENTER/LINK_LOGIC/U_SYNC_L0L1/L1_BUF1_reg_13_/D1' at logic 'constant 1'
    > pin 'u_LOGIC_CENTER/LINK_LOGIC/U_SYNC_L0L1/L1_BUF2_reg_14_/D1' at logic 'constant 1'
    > pin 'u_LOGIC_CENTER/LINK_LOGIC/U_SYNC_L0L1/L1_BUF1_reg_4_/D1' at logic 'constant 1'
    > pin 'u_LOGIC_CENTER/LINK_LOGIC/U_SYNC_L0L1/L1_BUF1_reg_14_/D1' at logic 'constant 1'
    > pin 'u_LOGIC_CENTER/LINK_LOGIC/U_SYNC_L0L1/L1_BUF1_reg_5_/D1' at logic 'constant 1'
    > pin 'u_LOGIC_CENTER/LINK_LOGIC/U_SYNC_L0L1/L1_BUF1_reg_15_/D1' at logic 'constant 1'
    > pin 'u_LOGIC_CENTER/LINK_LOGIC/U_SYNC_L0L1/L1_BUF2_ASYNC_reg_13_/D1' at logic 'constant 1'
    > pin 'u_LOGIC_CENTER/LINK_LOGIC/U_SYNC_L0L1/L1_BUF1_reg_6_/D1' at logic 'constant 1'
    > pin 'u_LOGIC_CENTER/LINK_LOGIC/U_SYNC_L0L1/L1_BUF1_reg_16_/D1' at logic 'constant 1'
    > pin 'u_LOGIC_CENTER/LINK_LOGIC/U_SYNC_L0L1/L1_BUF1_ASYNC_reg_13_/D1' at logic 'constant 1'
    > pin 'u_LOGIC_CENTER/LINK_LOGIC/U_SYNC_L0L1/L1_BUF2_ASYNC_reg_14_/D1' at logic 'constant 1'
    > pin 'u_LOGIC_CENTER/LINK_LOGIC/U_SYNC_L0L1/L1_BUF0_ASYNC_reg_13_/D1' at logic 'constant 1'
    > pin 'u_LOGIC_CENTER/LINK_LOGIC/U_SYNC_L0L1/L1_BUF0_reg_13_/D1' at logic 'constant 1'
    > pin 'u_LOGIC_CENTER/LINK_LOGIC/U_SYNC_L0L1/L1_BUF1_reg_17_/D1' at logic 'constant 1'
    > pin 'u_LOGIC_CENTER/LINK_LOGIC/U_SYNC_L0L1/L1_BUF1_ASYNC_reg_14_/D1' at logic 'constant 1'
    > pin 'u_LOGIC_CENTER/LINK_LOGIC/U_SYNC_L0L1/L1_BUF0_SYNCED_reg_13_/D1' at logic 'constant 1'
    > pin 'u_LOGIC_CENTER/LINK_LOGIC/U_SYNC_L0L1/L1_BUF0_ASYNC_reg_14_/D1' at logic 'constant 1'
    > pin 'u_LOGIC_CENTER/LINK_LOGIC/U_SYNC_L0L1/L1_BUF0_reg_14_/D1' at logic 'constant 1'
    > pin 'u_LOGIC_CENTER/LINK_LOGIC/U_SYNC_L0L1/L1_BUF0_SYNCED_reg_14_/D1' at logic 'constant 1'

126.1.2 Forward propagation through CELLS (level 1)
----------------------------------------------------

126.1.2 Forward propagation through CELLS (level 1)
----------------------------------------------------

126.1.2 Forward propagation through CELLS (level 1)
----------------------------------------------------

126.1.2 Forward propagation through CELLS (level 1)
----------------------------------------------------

126.1.2 Forward propagation through CELLS (level 1)
----------------------------------------------------

126.1.2 Forward propagation through CELLS (level 1)
----------------------------------------------------

126.1.2 Forward propagation through CELLS (level 1)
----------------------------------------------------

126.1.2 Forward propagation through CELLS (level 1)
----------------------------------------------------

126.1.2 Forward propagation through CELLS (level 1)
----------------------------------------------------

126.1.2 Forward propagation through CELLS (level 1)
----------------------------------------------------

126.1.2 Forward propagation through CELLS (level 1)
----------------------------------------------------

126.1.2 Forward propagation through CELLS (level 1)
----------------------------------------------------

126.1.2 Forward propagation through CELLS (level 1)
----------------------------------------------------

126.1.2 Forward propagation through CELLS (level 1)
----------------------------------------------------

126.1.2 Forward propagation through CELLS (level 1)
----------------------------------------------------

126.1.2 Forward propagation through CELLS (level 1)
----------------------------------------------------

126.1.2 Forward propagation through CELLS (level 1)
----------------------------------------------------

126.1.2 Forward propagation through CELLS (level 1)
----------------------------------------------------

126.1.2 Forward propagation through CELLS (level 1)
----------------------------------------------------

126.1.2 Forward propagation through CELLS (level 1)
----------------------------------------------------

126.1.2 Forward propagation through CELLS (level 1)
----------------------------------------------------

126.1.2 Forward propagation through CELLS (level 1)
----------------------------------------------------

126.1.2 Forward propagation through CELLS (level 1)
----------------------------------------------------

126.1.2 Forward propagation through CELLS (level 1)
----------------------------------------------------

126.1.2 Forward propagation through CELLS (level 1)
----------------------------------------------------

126.1.2 Forward propagation through CELLS (level 1)
----------------------------------------------------

126.1.2 Forward propagation through CELLS (level 1)
----------------------------------------------------

126.1.2 Forward propagation through CELLS (level 1)
----------------------------------------------------

126.1.2 Forward propagation through CELLS (level 1)
----------------------------------------------------

126.1.2 Forward propagation through CELLS (level 1)
----------------------------------------------------

127.1.1 Forward propagation on NET pins (level 1)
----------------------------------------------------
  Propagation of logic 'constant 1' from pin 'u_LOGIC_CENTER/LINK_LOGIC/U_SYNC_L0L1/LTIEHI_3/TIE1' on net 'u_LOGIC_CENTER/LINK_LOGIC/U_SYNC_L0L1/LTIEHI_3_NET':
    > pin 'u_LOGIC_CENTER/LINK_LOGIC/U_SYNC_L0L1/L1_BUF2_ASYNC_reg_17_/D1' at logic 'constant 1'
    > pin 'u_LOGIC_CENTER/LINK_LOGIC/U_SYNC_L0L1/L1_BUF0_ASYNC_reg_16_/D1' at logic 'constant 1'
    > pin 'u_LOGIC_CENTER/LINK_LOGIC/U_SYNC_L0L1/L1_BUF0_reg_16_/D1' at logic 'constant 1'
    > pin 'u_LOGIC_CENTER/LINK_LOGIC/U_SYNC_L0L1/L1_BUF1_ASYNC_reg_9_/D1' at logic 'constant 1'
    > pin 'u_LOGIC_CENTER/LINK_LOGIC/U_SYNC_L0L1/L1_BUF1_reg_0_/D1' at logic 'constant 1'
    > pin 'u_LOGIC_CENTER/LINK_LOGIC/U_SYNC_L0L1/L1_BUF0_SYNCED_reg_16_/D1' at logic 'constant 1'
    > pin 'u_LOGIC_CENTER/LINK_LOGIC/U_SYNC_L0L1/L1_BUF2_SYNCED_reg_9_/D1' at logic 'constant 1'
    > pin 'u_LOGIC_CENTER/LINK_LOGIC/U_SYNC_L0L1/L1_BUF1_SYNCED_reg_1_/D1' at logic 'constant 1'
    > pin 'u_LOGIC_CENTER/LINK_LOGIC/U_SYNC_L0L1/L1_BUF_CNT_reg_1_/D1' at logic 'constant 1'
    > pin 'u_LOGIC_CENTER/LINK_LOGIC/U_SYNC_L0L1/L1_BUF1_reg_1_/D1' at logic 'constant 1'
    > pin 'u_LOGIC_CENTER/LINK_LOGIC/U_SYNC_L0L1/L1_BUF1_SYNCED_reg_16_/D1' at logic 'constant 1'
    > pin 'u_LOGIC_CENTER/LINK_LOGIC/U_SYNC_L0L1/L1_BUF1_reg_11_/D1' at logic 'constant 1'
    > pin 'u_LOGIC_CENTER/LINK_LOGIC/U_SYNC_L0L1/L1_BUF0_SYNCED_reg_17_/D1' at logic 'constant 1'
    > pin 'u_LOGIC_CENTER/LINK_LOGIC/U_SYNC_L0L1/L1_BUF0_ASYNC_reg_9_/D1' at logic 'constant 1'
    > pin 'u_LOGIC_CENTER/LINK_LOGIC/U_SYNC_L0L1/L1_BUF1_ASYNC_reg_1_/D1' at logic 'constant 1'
    > pin 'u_LOGIC_CENTER/LINK_LOGIC/U_SYNC_L0L1/L1_BUF1_reg_2_/D1' at logic 'constant 1'
    > pin 'u_LOGIC_CENTER/LINK_LOGIC/U_SYNC_L0L1/L1_BUF1_reg_12_/D1' at logic 'constant 1'
    > pin 'u_LOGIC_CENTER/LINK_LOGIC/U_SYNC_L0L1/L1_BUF0_reg_9_/D1' at logic 'constant 1'
    > pin 'u_LOGIC_CENTER/LINK_LOGIC/U_SYNC_L0L1/L1_BUF2_reg_16_/D1' at logic 'constant 1'
    > pin 'u_LOGIC_CENTER/LINK_LOGIC/U_SYNC_L0L1/L1_BUF2_ASYNC_reg_9_/D1' at logic 'constant 1'
    > pin 'u_LOGIC_CENTER/LINK_LOGIC/U_SYNC_L0L1/L1_BUF2_reg_9_/D1' at logic 'constant 1'
    > pin 'u_LOGIC_CENTER/LINK_LOGIC/U_SYNC_L0L1/L1_BUF2_reg_17_/D1' at logic 'constant 1'
    > pin 'u_LOGIC_CENTER/LINK_LOGIC/U_SYNC_L0L1/L1_BUF2_reg_0_/D1' at logic 'constant 1'
    > pin 'u_LOGIC_CENTER/LINK_LOGIC/U_SYNC_L0L1/L1_BUF2_reg_1_/D1' at logic 'constant 1'
    > pin 'u_LOGIC_CENTER/LINK_LOGIC/U_SYNC_L0L1/L1_BUF1_SYNCED_reg_9_/D1' at logic 'constant 1'
    > pin 'u_LOGIC_CENTER/LINK_LOGIC/U_SYNC_L0L1/L1_BUF2_ASYNC_reg_16_/D1' at logic 'constant 1'
    > pin 'u_LOGIC_CENTER/LINK_LOGIC/U_SYNC_L0L1/L1_BUF0_SYNCED_reg_9_/D1' at logic 'constant 1'
    > pin 'u_LOGIC_CENTER/LINK_LOGIC/U_SYNC_L0L1/L1_BUF1_reg_9_/D1' at logic 'constant 1'
    > pin 'u_LOGIC_CENTER/LINK_LOGIC/U_SYNC_L0L1/DATA_READ_CNT_L0_reg_1_/D1' at logic 'constant 1'
    > pin 'u_LOGIC_CENTER/LINK_LOGIC/U_SYNC_L0L1/L1_BUF1_ASYNC_reg_16_/D1' at logic 'constant 1'

127.1.2 Forward propagation through CELLS (level 1)
----------------------------------------------------

127.1.2 Forward propagation through CELLS (level 1)
----------------------------------------------------

127.1.2 Forward propagation through CELLS (level 1)
----------------------------------------------------

127.1.2 Forward propagation through CELLS (level 1)
----------------------------------------------------

127.1.2 Forward propagation through CELLS (level 1)
----------------------------------------------------

127.1.2 Forward propagation through CELLS (level 1)
----------------------------------------------------

127.1.2 Forward propagation through CELLS (level 1)
----------------------------------------------------

127.1.2 Forward propagation through CELLS (level 1)
----------------------------------------------------

127.1.2 Forward propagation through CELLS (level 1)
----------------------------------------------------

127.1.2 Forward propagation through CELLS (level 1)
----------------------------------------------------

127.1.2 Forward propagation through CELLS (level 1)
----------------------------------------------------

127.1.2 Forward propagation through CELLS (level 1)
----------------------------------------------------

127.1.2 Forward propagation through CELLS (level 1)
----------------------------------------------------

127.1.2 Forward propagation through CELLS (level 1)
----------------------------------------------------

127.1.2 Forward propagation through CELLS (level 1)
----------------------------------------------------

127.1.2 Forward propagation through CELLS (level 1)
----------------------------------------------------

127.1.2 Forward propagation through CELLS (level 1)
----------------------------------------------------

127.1.2 Forward propagation through CELLS (level 1)
----------------------------------------------------

127.1.2 Forward propagation through CELLS (level 1)
----------------------------------------------------

127.1.2 Forward propagation through CELLS (level 1)
----------------------------------------------------

127.1.2 Forward propagation through CELLS (level 1)
----------------------------------------------------

127.1.2 Forward propagation through CELLS (level 1)
----------------------------------------------------

127.1.2 Forward propagation through CELLS (level 1)
----------------------------------------------------

127.1.2 Forward propagation through CELLS (level 1)
----------------------------------------------------

127.1.2 Forward propagation through CELLS (level 1)
----------------------------------------------------

127.1.2 Forward propagation through CELLS (level 1)
----------------------------------------------------

127.1.2 Forward propagation through CELLS (level 1)
----------------------------------------------------

127.1.2 Forward propagation through CELLS (level 1)
----------------------------------------------------

127.1.2 Forward propagation through CELLS (level 1)
----------------------------------------------------

127.1.2 Forward propagation through CELLS (level 1)
----------------------------------------------------

128.1.1 Forward propagation on NET pins (level 1)
----------------------------------------------------
  Propagation of logic 'constant 1' from pin 'u_LOGIC_CENTER/LINK_LOGIC/U_SYNC_L0L1/LTIEHI_4/TIE1' on net 'u_LOGIC_CENTER/LINK_LOGIC/U_SYNC_L0L1/LTIEHI_4_NET':
    > pin 'u_LOGIC_CENTER/LINK_LOGIC/U_SYNC_L0L1/L1_BUF2_reg_10_/D1' at logic 'constant 1'
    > pin 'u_LOGIC_CENTER/LINK_LOGIC/U_SYNC_L0L1/L1_BUF2_reg_11_/D1' at logic 'constant 1'
    > pin 'u_LOGIC_CENTER/LINK_LOGIC/U_SYNC_L0L1/KEY_RST_18UI_L1_EXTEND_SYNCED_reg/D1' at logic 'constant 1'
    > pin 'u_LOGIC_CENTER/LINK_LOGIC/U_SYNC_L0L1/L1_BUF0_SYNCED_reg_1_/D1' at logic 'constant 1'
    > pin 'u_LOGIC_CENTER/LINK_LOGIC/U_SYNC_L0L1/L1_BUF2_reg_12_/D1' at logic 'constant 1'
    > pin 'u_LOGIC_CENTER/LINK_LOGIC/U_SYNC_L0L1/L1_BUF1_SYNCED_reg_2_/D1' at logic 'constant 1'
    > pin 'u_LOGIC_CENTER/LINK_LOGIC/U_SYNC_L0L1/KEY_RST_18UI_L1_EXTEND_ASYNC_reg/D1' at logic 'constant 1'
    > pin 'u_LOGIC_CENTER/LINK_LOGIC/U_SYNC_L0L1/L1_BUF0_SYNCED_reg_2_/D1' at logic 'constant 1'
    > pin 'u_LOGIC_CENTER/LINK_LOGIC/U_SYNC_L0L1/L1_BUF2_SYNCED_reg_1_/D1' at logic 'constant 1'
    > pin 'u_LOGIC_CENTER/LINK_LOGIC/U_SYNC_L0L1/L1_BUF1_ASYNC_reg_2_/D1' at logic 'constant 1'
    > pin 'u_LOGIC_CENTER/LINK_LOGIC/U_SYNC_L0L1/L1_BUF0_ASYNC_reg_1_/D1' at logic 'constant 1'
    > pin 'u_LOGIC_CENTER/LINK_LOGIC/U_SYNC_L0L1/L1_BUF2_ASYNC_reg_11_/D1' at logic 'constant 1'
    > pin 'u_LOGIC_CENTER/LINK_LOGIC/U_SYNC_L0L1/L1_BUF0_reg_10_/D1' at logic 'constant 1'
    > pin 'u_LOGIC_CENTER/LINK_LOGIC/U_SYNC_L0L1/L1_BUF1_ASYNC_reg_11_/D1' at logic 'constant 1'
    > pin 'u_LOGIC_CENTER/LINK_LOGIC/U_SYNC_L0L1/L1_BUF0_ASYNC_reg_2_/D1' at logic 'constant 1'
    > pin 'u_LOGIC_CENTER/LINK_LOGIC/U_SYNC_L0L1/L1_BUF2_ASYNC_reg_12_/D1' at logic 'constant 1'
    > pin 'u_LOGIC_CENTER/LINK_LOGIC/U_SYNC_L0L1/L1_BUF0_reg_11_/D1' at logic 'constant 1'
    > pin 'u_LOGIC_CENTER/LINK_LOGIC/U_SYNC_L0L1/L1_BUF0_ASYNC_reg_11_/D1' at logic 'constant 1'
    > pin 'u_LOGIC_CENTER/LINK_LOGIC/U_SYNC_L0L1/L1_BUF0_reg_12_/D1' at logic 'constant 1'
    > pin 'u_LOGIC_CENTER/LINK_LOGIC/U_SYNC_L0L1/L1_BUF0_reg_0_/D1' at logic 'constant 1'
    > pin 'u_LOGIC_CENTER/LINK_LOGIC/U_SYNC_L0L1/L1_BUF1_SYNCED_reg_11_/D1' at logic 'constant 1'
    > pin 'u_LOGIC_CENTER/LINK_LOGIC/U_SYNC_L0L1/L1_BUF2_ASYNC_reg_0_/D1' at logic 'constant 1'
    > pin 'u_LOGIC_CENTER/LINK_LOGIC/U_SYNC_L0L1/L1_BUF0_reg_1_/D1' at logic 'constant 1'
    > pin 'u_LOGIC_CENTER/LINK_LOGIC/U_SYNC_L0L1/L1_BUF2_ASYNC_reg_1_/D1' at logic 'constant 1'
    > pin 'u_LOGIC_CENTER/LINK_LOGIC/U_SYNC_L0L1/KEY_RST_18UI_L1_EXTEND_reg/D1' at logic 'constant 1'
    > pin 'u_LOGIC_CENTER/LINK_LOGIC/U_SYNC_L0L1/DATA_READ_CNT_L0_reg_0_/D1' at logic 'constant 1'
    > pin 'u_LOGIC_CENTER/LINK_LOGIC/U_SYNC_L0L1/L1_BUF0_reg_2_/D1' at logic 'constant 1'
    > pin 'u_LOGIC_CENTER/LINK_LOGIC/U_SYNC_L0L1/KEY_RST_18UI_L1_EXTEND_SYNCED_D1_reg/D1' at logic 'constant 1'
    > pin 'u_LOGIC_CENTER/LINK_LOGIC/U_SYNC_L0L1/L1_BUF2_ASYNC_reg_2_/D1' at logic 'constant 1'
    > pin 'u_LOGIC_CENTER/LINK_LOGIC/U_SYNC_L0L1/L1_BUF2_reg_2_/D1' at logic 'constant 1'

128.1.2 Forward propagation through CELLS (level 1)
----------------------------------------------------

128.1.2 Forward propagation through CELLS (level 1)
----------------------------------------------------

128.1.2 Forward propagation through CELLS (level 1)
----------------------------------------------------

128.1.2 Forward propagation through CELLS (level 1)
----------------------------------------------------

128.1.2 Forward propagation through CELLS (level 1)
----------------------------------------------------

128.1.2 Forward propagation through CELLS (level 1)
----------------------------------------------------

128.1.2 Forward propagation through CELLS (level 1)
----------------------------------------------------

128.1.2 Forward propagation through CELLS (level 1)
----------------------------------------------------

128.1.2 Forward propagation through CELLS (level 1)
----------------------------------------------------

128.1.2 Forward propagation through CELLS (level 1)
----------------------------------------------------

128.1.2 Forward propagation through CELLS (level 1)
----------------------------------------------------

128.1.2 Forward propagation through CELLS (level 1)
----------------------------------------------------

128.1.2 Forward propagation through CELLS (level 1)
----------------------------------------------------

128.1.2 Forward propagation through CELLS (level 1)
----------------------------------------------------

128.1.2 Forward propagation through CELLS (level 1)
----------------------------------------------------

128.1.2 Forward propagation through CELLS (level 1)
----------------------------------------------------

128.1.2 Forward propagation through CELLS (level 1)
----------------------------------------------------

128.1.2 Forward propagation through CELLS (level 1)
----------------------------------------------------

128.1.2 Forward propagation through CELLS (level 1)
----------------------------------------------------

128.1.2 Forward propagation through CELLS (level 1)
----------------------------------------------------

128.1.2 Forward propagation through CELLS (level 1)
----------------------------------------------------

128.1.2 Forward propagation through CELLS (level 1)
----------------------------------------------------

128.1.2 Forward propagation through CELLS (level 1)
----------------------------------------------------

128.1.2 Forward propagation through CELLS (level 1)
----------------------------------------------------

128.1.2 Forward propagation through CELLS (level 1)
----------------------------------------------------

128.1.2 Forward propagation through CELLS (level 1)
----------------------------------------------------

128.1.2 Forward propagation through CELLS (level 1)
----------------------------------------------------

128.1.2 Forward propagation through CELLS (level 1)
----------------------------------------------------

128.1.2 Forward propagation through CELLS (level 1)
----------------------------------------------------

128.1.2 Forward propagation through CELLS (level 1)
----------------------------------------------------

129.1.1 Forward propagation on NET pins (level 1)
----------------------------------------------------
  Propagation of logic 'constant 1' from pin 'u_LOGIC_CENTER/LINK_LOGIC/U_SYNC_L0L1/LTIEHI_5/TIE1' on net 'u_LOGIC_CENTER/LINK_LOGIC/U_SYNC_L0L1/LTIEHI_5_NET':
    > pin 'u_LOGIC_CENTER/LINK_LOGIC/U_SYNC_L0L1/L1_BUF1_SYNCED_reg_0_/D1' at logic 'constant 1'
    > pin 'u_LOGIC_CENTER/LINK_LOGIC/U_SYNC_L0L1/L1_BUF0_SYNCED_reg_0_/D1' at logic 'constant 1'
    > pin 'u_LOGIC_CENTER/LINK_LOGIC/U_SYNC_L0L1/L1_BUF1_ASYNC_reg_0_/D1' at logic 'constant 1'
    > pin 'u_LOGIC_CENTER/LINK_LOGIC/U_SYNC_L0L1/L1_BUF2_SYNCED_reg_0_/D1' at logic 'constant 1'
    > pin 'u_LOGIC_CENTER/LINK_LOGIC/U_SYNC_L0L1/L1_BUF0_ASYNC_reg_0_/D1' at logic 'constant 1'
    > pin 'u_LOGIC_CENTER/LINK_LOGIC/U_SYNC_L0L1/L1_BUF2_ASYNC_reg_10_/D1' at logic 'constant 1'
    > pin 'u_LOGIC_CENTER/LINK_LOGIC/U_SYNC_L0L1/L1_BUF1_ASYNC_reg_10_/D1' at logic 'constant 1'
    > pin 'u_LOGIC_CENTER/LINK_LOGIC/U_SYNC_L0L1/L1_BUF2_SYNCED_reg_2_/D1' at logic 'constant 1'
    > pin 'u_LOGIC_CENTER/LINK_LOGIC/U_SYNC_L0L1/L1_BUF0_ASYNC_reg_10_/D1' at logic 'constant 1'
    > pin 'u_LOGIC_CENTER/LINK_LOGIC/U_SYNC_L0L1/L1_BUF0_SYNCED_reg_10_/D1' at logic 'constant 1'
    > pin 'u_LOGIC_CENTER/LINK_LOGIC/U_SYNC_L0L1/L1_BUF1_ASYNC_reg_12_/D1' at logic 'constant 1'
    > pin 'u_LOGIC_CENTER/LINK_LOGIC/U_SYNC_L0L1/L1_BUF1_SYNCED_reg_10_/D1' at logic 'constant 1'
    > pin 'u_LOGIC_CENTER/LINK_LOGIC/U_SYNC_L0L1/L1_BUF0_SYNCED_reg_11_/D1' at logic 'constant 1'
    > pin 'u_LOGIC_CENTER/LINK_LOGIC/U_SYNC_L0L1/L1_BUF0_ASYNC_reg_12_/D1' at logic 'constant 1'
    > pin 'u_LOGIC_CENTER/LINK_LOGIC/U_SYNC_L0L1/L1_BUF2_SYNCED_reg_10_/D1' at logic 'constant 1'
    > pin 'u_LOGIC_CENTER/LINK_LOGIC/U_SYNC_L0L1/L1_BUF0_SYNCED_reg_12_/D1' at logic 'constant 1'
    > pin 'u_LOGIC_CENTER/LINK_LOGIC/U_SYNC_L0L1/L1_BUF2_SYNCED_reg_11_/D1' at logic 'constant 1'
    > pin 'u_LOGIC_CENTER/LINK_LOGIC/U_SYNC_L0L1/L1_BUF1_SYNCED_reg_12_/D1' at logic 'constant 1'
    > pin 'u_LOGIC_CENTER/LINK_LOGIC/U_SYNC_L0L1/L1_BUF2_SYNCED_reg_12_/D1' at logic 'constant 1'

129.1.2 Forward propagation through CELLS (level 1)
----------------------------------------------------

129.1.2 Forward propagation through CELLS (level 1)
----------------------------------------------------

129.1.2 Forward propagation through CELLS (level 1)
----------------------------------------------------

129.1.2 Forward propagation through CELLS (level 1)
----------------------------------------------------

129.1.2 Forward propagation through CELLS (level 1)
----------------------------------------------------

129.1.2 Forward propagation through CELLS (level 1)
----------------------------------------------------

129.1.2 Forward propagation through CELLS (level 1)
----------------------------------------------------

129.1.2 Forward propagation through CELLS (level 1)
----------------------------------------------------

129.1.2 Forward propagation through CELLS (level 1)
----------------------------------------------------

129.1.2 Forward propagation through CELLS (level 1)
----------------------------------------------------

129.1.2 Forward propagation through CELLS (level 1)
----------------------------------------------------

129.1.2 Forward propagation through CELLS (level 1)
----------------------------------------------------

129.1.2 Forward propagation through CELLS (level 1)
----------------------------------------------------

129.1.2 Forward propagation through CELLS (level 1)
----------------------------------------------------

129.1.2 Forward propagation through CELLS (level 1)
----------------------------------------------------

129.1.2 Forward propagation through CELLS (level 1)
----------------------------------------------------

129.1.2 Forward propagation through CELLS (level 1)
----------------------------------------------------

129.1.2 Forward propagation through CELLS (level 1)
----------------------------------------------------

129.1.2 Forward propagation through CELLS (level 1)
----------------------------------------------------

130.1.1 Forward propagation on NET pins (level 1)
----------------------------------------------------
  Propagation of logic 'constant 0' from pin 'u_LOGIC_CENTER/LINK_LOGIC/U_SYNC_L0L1/SNPS_CG_CELL_DCLK1_L1_BUF1_reg_0/LTIELO/TIE0' on net 'u_LOGIC_CENTER/LINK_LOGIC/U_SYNC_L0L1/SNPS_CG_CELL_DCLK1_L1_BUF1_reg_0/LTIELO_NET':
    > pin 'u_LOGIC_CENTER/LINK_LOGIC/U_SYNC_L0L1/SNPS_CG_CELL_DCLK1_L1_BUF1_reg_0/latch/TE' at logic 'constant 0'

130.1.2 Forward propagation through CELLS (level 1)
----------------------------------------------------

131.1.1 Forward propagation on NET pins (level 1)
----------------------------------------------------
  Propagation of logic 'constant 1' from pin 'u_LOGIC_CENTER/LINK_LOGIC/U_SYNC_L0L1/LTIEHI/TIE1' on net 'u_LOGIC_CENTER/LINK_LOGIC/U_SYNC_L0L1/LTIEHI_NET':
    > pin 'u_LOGIC_CENTER/LINK_LOGIC/U_SYNC_L0L1/L1_BUF2_SYNCED_reg_8_/D1' at logic 'constant 1'
    > pin 'u_LOGIC_CENTER/LINK_LOGIC/U_SYNC_L0L1/L1_BUF0_ASYNC_reg_7_/D1' at logic 'constant 1'
    > pin 'u_LOGIC_CENTER/LINK_LOGIC/U_SYNC_L0L1/L1_BUF1_SYNCED_reg_15_/D1' at logic 'constant 1'
    > pin 'u_LOGIC_CENTER/LINK_LOGIC/U_SYNC_L0L1/L1_BUF2_ASYNC_reg_4_/D1' at logic 'constant 1'
    > pin 'u_LOGIC_CENTER/LINK_LOGIC/U_SYNC_L0L1/L1_BUF2_ASYNC_reg_5_/D1' at logic 'constant 1'
    > pin 'u_LOGIC_CENTER/LINK_LOGIC/U_SYNC_L0L1/L1_BUF2_ASYNC_reg_6_/D1' at logic 'constant 1'
    > pin 'u_LOGIC_CENTER/LINK_LOGIC/U_SYNC_L0L1/L1_BUF0_SYNCED_reg_3_/D1' at logic 'constant 1'
    > pin 'u_LOGIC_CENTER/LINK_LOGIC/U_SYNC_L0L1/L1_BUF1_SYNCED_reg_4_/D1' at logic 'constant 1'
    > pin 'u_LOGIC_CENTER/LINK_LOGIC/U_SYNC_L0L1/L1_BUF0_SYNCED_reg_4_/D1' at logic 'constant 1'
    > pin 'u_LOGIC_CENTER/LINK_LOGIC/U_SYNC_L0L1/L1_BUF1_SYNCED_reg_5_/D1' at logic 'constant 1'
    > pin 'u_LOGIC_CENTER/LINK_LOGIC/U_SYNC_L0L1/L1_BUF2_SYNCED_reg_3_/D1' at logic 'constant 1'
    > pin 'u_LOGIC_CENTER/LINK_LOGIC/U_SYNC_L0L1/L1_BUF1_ASYNC_reg_4_/D1' at logic 'constant 1'
    > pin 'u_LOGIC_CENTER/LINK_LOGIC/U_SYNC_L0L1/L1_BUF0_SYNCED_reg_5_/D1' at logic 'constant 1'
    > pin 'u_LOGIC_CENTER/LINK_LOGIC/U_SYNC_L0L1/L1_BUF1_SYNCED_reg_6_/D1' at logic 'constant 1'
    > pin 'u_LOGIC_CENTER/LINK_LOGIC/U_SYNC_L0L1/L1_BUF2_SYNCED_reg_4_/D1' at logic 'constant 1'
    > pin 'u_LOGIC_CENTER/LINK_LOGIC/U_SYNC_L0L1/L1_BUF1_ASYNC_reg_5_/D1' at logic 'constant 1'
    > pin 'u_LOGIC_CENTER/LINK_LOGIC/U_SYNC_L0L1/L1_BUF0_SYNCED_reg_6_/D1' at logic 'constant 1'
    > pin 'u_LOGIC_CENTER/LINK_LOGIC/U_SYNC_L0L1/L1_BUF1_SYNCED_reg_7_/D1' at logic 'constant 1'
    > pin 'u_LOGIC_CENTER/LINK_LOGIC/U_SYNC_L0L1/L1_BUF2_SYNCED_reg_5_/D1' at logic 'constant 1'
    > pin 'u_LOGIC_CENTER/LINK_LOGIC/U_SYNC_L0L1/L1_BUF0_ASYNC_reg_4_/D1' at logic 'constant 1'
    > pin 'u_LOGIC_CENTER/LINK_LOGIC/U_SYNC_L0L1/L1_BUF1_ASYNC_reg_6_/D1' at logic 'constant 1'
    > pin 'u_LOGIC_CENTER/LINK_LOGIC/U_SYNC_L0L1/L1_BUF0_SYNCED_reg_7_/D1' at logic 'constant 1'
    > pin 'u_LOGIC_CENTER/LINK_LOGIC/U_SYNC_L0L1/L1_BUF1_SYNCED_reg_8_/D1' at logic 'constant 1'
    > pin 'u_LOGIC_CENTER/LINK_LOGIC/U_SYNC_L0L1/L1_BUF0_ASYNC_reg_5_/D1' at logic 'constant 1'
    > pin 'u_LOGIC_CENTER/LINK_LOGIC/U_SYNC_L0L1/L1_BUF2_SYNCED_reg_6_/D1' at logic 'constant 1'
    > pin 'u_LOGIC_CENTER/LINK_LOGIC/U_SYNC_L0L1/L1_BUF1_ASYNC_reg_7_/D1' at logic 'constant 1'
    > pin 'u_LOGIC_CENTER/LINK_LOGIC/U_SYNC_L0L1/L1_BUF0_SYNCED_reg_8_/D1' at logic 'constant 1'
    > pin 'u_LOGIC_CENTER/LINK_LOGIC/U_SYNC_L0L1/L1_BUF0_ASYNC_reg_6_/D1' at logic 'constant 1'
    > pin 'u_LOGIC_CENTER/LINK_LOGIC/U_SYNC_L0L1/L1_BUF2_SYNCED_reg_7_/D1' at logic 'constant 1'
    > pin 'u_LOGIC_CENTER/LINK_LOGIC/U_SYNC_L0L1/L1_BUF1_ASYNC_reg_8_/D1' at logic 'constant 1'

131.1.2 Forward propagation through CELLS (level 1)
----------------------------------------------------

131.1.2 Forward propagation through CELLS (level 1)
----------------------------------------------------

131.1.2 Forward propagation through CELLS (level 1)
----------------------------------------------------

131.1.2 Forward propagation through CELLS (level 1)
----------------------------------------------------

131.1.2 Forward propagation through CELLS (level 1)
----------------------------------------------------

131.1.2 Forward propagation through CELLS (level 1)
----------------------------------------------------

131.1.2 Forward propagation through CELLS (level 1)
----------------------------------------------------

131.1.2 Forward propagation through CELLS (level 1)
----------------------------------------------------

131.1.2 Forward propagation through CELLS (level 1)
----------------------------------------------------

131.1.2 Forward propagation through CELLS (level 1)
----------------------------------------------------

131.1.2 Forward propagation through CELLS (level 1)
----------------------------------------------------

131.1.2 Forward propagation through CELLS (level 1)
----------------------------------------------------

131.1.2 Forward propagation through CELLS (level 1)
----------------------------------------------------

131.1.2 Forward propagation through CELLS (level 1)
----------------------------------------------------

131.1.2 Forward propagation through CELLS (level 1)
----------------------------------------------------

131.1.2 Forward propagation through CELLS (level 1)
----------------------------------------------------

131.1.2 Forward propagation through CELLS (level 1)
----------------------------------------------------

131.1.2 Forward propagation through CELLS (level 1)
----------------------------------------------------

131.1.2 Forward propagation through CELLS (level 1)
----------------------------------------------------

131.1.2 Forward propagation through CELLS (level 1)
----------------------------------------------------

131.1.2 Forward propagation through CELLS (level 1)
----------------------------------------------------

131.1.2 Forward propagation through CELLS (level 1)
----------------------------------------------------

131.1.2 Forward propagation through CELLS (level 1)
----------------------------------------------------

131.1.2 Forward propagation through CELLS (level 1)
----------------------------------------------------

131.1.2 Forward propagation through CELLS (level 1)
----------------------------------------------------

131.1.2 Forward propagation through CELLS (level 1)
----------------------------------------------------

131.1.2 Forward propagation through CELLS (level 1)
----------------------------------------------------

131.1.2 Forward propagation through CELLS (level 1)
----------------------------------------------------

131.1.2 Forward propagation through CELLS (level 1)
----------------------------------------------------

131.1.2 Forward propagation through CELLS (level 1)
----------------------------------------------------

132.1.1 Forward propagation on NET pins (level 1)
----------------------------------------------------
  Propagation of logic 'constant 0' from pin 'u_LOGIC_CENTER/LINK_LOGIC/U_SYNC_L0L1/SNPS_CG_CELL_DCLK1_L1_BUF2_reg_0/LTIELO/TIE0' on net 'u_LOGIC_CENTER/LINK_LOGIC/U_SYNC_L0L1/SNPS_CG_CELL_DCLK1_L1_BUF2_reg_0/LTIELO_NET':
    > pin 'u_LOGIC_CENTER/LINK_LOGIC/U_SYNC_L0L1/SNPS_CG_CELL_DCLK1_L1_BUF2_reg_0/latch/TE' at logic 'constant 0'

132.1.2 Forward propagation through CELLS (level 1)
----------------------------------------------------

133.1.1 Forward propagation on NET pins (level 1)
----------------------------------------------------
  Propagation of logic 'constant 0' from pin 'u_LOGIC_CENTER/LINK_LOGIC/LC_CPUWR_HV2M23_VGMA/SNPS_CG_CELL_WCK1_A_R_REG_30_reg_0/LTIELO/TIE0' on net 'u_LOGIC_CENTER/LINK_LOGIC/LC_CPUWR_HV2M23_VGMA/SNPS_CG_CELL_WCK1_A_R_REG_30_reg_0/LTIELO_NET':
    > pin 'u_LOGIC_CENTER/LINK_LOGIC/LC_CPUWR_HV2M23_VGMA/SNPS_CG_CELL_WCK1_A_R_REG_30_reg_0/latch/TE' at logic 'constant 0'

133.1.2 Forward propagation through CELLS (level 1)
----------------------------------------------------

134.1.1 Forward propagation on NET pins (level 1)
----------------------------------------------------
  Propagation of logic 'constant 0' from pin 'u_LOGIC_CENTER/LINK_LOGIC/LC_CPUWR_HV2M23_VGMA/SNPS_CG_CELL_WCK1_A_R_REG_17_reg_0/LTIELO/TIE0' on net 'u_LOGIC_CENTER/LINK_LOGIC/LC_CPUWR_HV2M23_VGMA/SNPS_CG_CELL_WCK1_A_R_REG_17_reg_0/LTIELO_NET':
    > pin 'u_LOGIC_CENTER/LINK_LOGIC/LC_CPUWR_HV2M23_VGMA/SNPS_CG_CELL_WCK1_A_R_REG_17_reg_0/latch/TE' at logic 'constant 0'

134.1.2 Forward propagation through CELLS (level 1)
----------------------------------------------------

135.1.1 Forward propagation on NET pins (level 1)
----------------------------------------------------
  Propagation of logic 'constant 0' from pin 'u_LOGIC_CENTER/LINK_LOGIC/LC_CPUWR_HV2M23_VGMA/SNPS_CG_CELL_WCK1_A_R_REG_29_reg_0/LTIELO/TIE0' on net 'u_LOGIC_CENTER/LINK_LOGIC/LC_CPUWR_HV2M23_VGMA/SNPS_CG_CELL_WCK1_A_R_REG_29_reg_0/LTIELO_NET':
    > pin 'u_LOGIC_CENTER/LINK_LOGIC/LC_CPUWR_HV2M23_VGMA/SNPS_CG_CELL_WCK1_A_R_REG_29_reg_0/latch/TE' at logic 'constant 0'

135.1.2 Forward propagation through CELLS (level 1)
----------------------------------------------------

136.1.1 Forward propagation on NET pins (level 1)
----------------------------------------------------
  Propagation of logic 'constant 0' from pin 'u_LOGIC_CENTER/LINK_LOGIC/LC_CPUWR_HV2M23_VGMA/SNPS_CG_CELL_WCK1_A_R_REG_19_reg_0/LTIELO/TIE0' on net 'u_LOGIC_CENTER/LINK_LOGIC/LC_CPUWR_HV2M23_VGMA/SNPS_CG_CELL_WCK1_A_R_REG_19_reg_0/LTIELO_NET':
    > pin 'u_LOGIC_CENTER/LINK_LOGIC/LC_CPUWR_HV2M23_VGMA/SNPS_CG_CELL_WCK1_A_R_REG_19_reg_0/latch/TE' at logic 'constant 0'

136.1.2 Forward propagation through CELLS (level 1)
----------------------------------------------------

137.1.1 Forward propagation on NET pins (level 1)
----------------------------------------------------
  Propagation of logic 'constant 0' from pin 'u_LOGIC_CENTER/LINK_LOGIC/LC_CPUWR_HV2M23_VGMA/SNPS_CG_CELL_WCK1_A_R_REG_16_reg_0/LTIELO/TIE0' on net 'u_LOGIC_CENTER/LINK_LOGIC/LC_CPUWR_HV2M23_VGMA/SNPS_CG_CELL_WCK1_A_R_REG_16_reg_0/LTIELO_NET':
    > pin 'u_LOGIC_CENTER/LINK_LOGIC/LC_CPUWR_HV2M23_VGMA/SNPS_CG_CELL_WCK1_A_R_REG_16_reg_0/latch/TE' at logic 'constant 0'

137.1.2 Forward propagation through CELLS (level 1)
----------------------------------------------------

138.1.1 Forward propagation on NET pins (level 1)
----------------------------------------------------
  Propagation of logic 'constant 0' from pin 'u_LOGIC_CENTER/LINK_LOGIC/LC_CPUWR_HV2M23_VGMA/SNPS_CG_CELL_WCK1_A_R_REG_28_reg_0/LTIELO/TIE0' on net 'u_LOGIC_CENTER/LINK_LOGIC/LC_CPUWR_HV2M23_VGMA/SNPS_CG_CELL_WCK1_A_R_REG_28_reg_0/LTIELO_NET':
    > pin 'u_LOGIC_CENTER/LINK_LOGIC/LC_CPUWR_HV2M23_VGMA/SNPS_CG_CELL_WCK1_A_R_REG_28_reg_0/latch/TE' at logic 'constant 0'

138.1.2 Forward propagation through CELLS (level 1)
----------------------------------------------------

139.1.1 Forward propagation on NET pins (level 1)
----------------------------------------------------
  Propagation of logic 'constant 0' from pin 'u_LOGIC_CENTER/LINK_LOGIC/LC_CPUWR_HV2M23_VGMA/SNPS_CG_CELL_WCK1_A_R_REG_25_reg_0/LTIELO/TIE0' on net 'u_LOGIC_CENTER/LINK_LOGIC/LC_CPUWR_HV2M23_VGMA/SNPS_CG_CELL_WCK1_A_R_REG_25_reg_0/LTIELO_NET':
    > pin 'u_LOGIC_CENTER/LINK_LOGIC/LC_CPUWR_HV2M23_VGMA/SNPS_CG_CELL_WCK1_A_R_REG_25_reg_0/latch/TE' at logic 'constant 0'

139.1.2 Forward propagation through CELLS (level 1)
----------------------------------------------------

140.1.1 Forward propagation on NET pins (level 1)
----------------------------------------------------
  Propagation of logic 'constant 0' from pin 'u_LOGIC_CENTER/LINK_LOGIC/LC_CPUWR_HV2M23_VGMA/SNPS_CG_CELL_WCK1_A_R_REG_18_reg_0/LTIELO/TIE0' on net 'u_LOGIC_CENTER/LINK_LOGIC/LC_CPUWR_HV2M23_VGMA/SNPS_CG_CELL_WCK1_A_R_REG_18_reg_0/LTIELO_NET':
    > pin 'u_LOGIC_CENTER/LINK_LOGIC/LC_CPUWR_HV2M23_VGMA/SNPS_CG_CELL_WCK1_A_R_REG_18_reg_0/latch/TE' at logic 'constant 0'

140.1.2 Forward propagation through CELLS (level 1)
----------------------------------------------------

141.1.1 Forward propagation on NET pins (level 1)
----------------------------------------------------
  Propagation of logic 'constant 0' from pin 'u_LOGIC_CENTER/LINK_LOGIC/LC_CPUWR_HV2M23_VGMA/SNPS_CG_CELL_WCK1_A_R_REG_15_reg_0/LTIELO/TIE0' on net 'u_LOGIC_CENTER/LINK_LOGIC/LC_CPUWR_HV2M23_VGMA/SNPS_CG_CELL_WCK1_A_R_REG_15_reg_0/LTIELO_NET':
    > pin 'u_LOGIC_CENTER/LINK_LOGIC/LC_CPUWR_HV2M23_VGMA/SNPS_CG_CELL_WCK1_A_R_REG_15_reg_0/latch/TE' at logic 'constant 0'

141.1.2 Forward propagation through CELLS (level 1)
----------------------------------------------------

142.1.1 Forward propagation on NET pins (level 1)
----------------------------------------------------
  Propagation of logic 'constant 0' from pin 'u_LOGIC_CENTER/LINK_LOGIC/LC_CPUWR_HV2M23_VGMA/SNPS_CG_CELL_WCK1_A_R_REG_27_reg_0/LTIELO/TIE0' on net 'u_LOGIC_CENTER/LINK_LOGIC/LC_CPUWR_HV2M23_VGMA/SNPS_CG_CELL_WCK1_A_R_REG_27_reg_0/LTIELO_NET':
    > pin 'u_LOGIC_CENTER/LINK_LOGIC/LC_CPUWR_HV2M23_VGMA/SNPS_CG_CELL_WCK1_A_R_REG_27_reg_0/latch/TE' at logic 'constant 0'

142.1.2 Forward propagation through CELLS (level 1)
----------------------------------------------------

143.1.1 Forward propagation on NET pins (level 1)
----------------------------------------------------
  Propagation of logic 'constant 0' from pin 'u_LOGIC_CENTER/LINK_LOGIC/LC_CPUWR_HV2M23_VGMA/SNPS_CG_CELL_WCK1_A_R_REG_24_reg_0/LTIELO/TIE0' on net 'u_LOGIC_CENTER/LINK_LOGIC/LC_CPUWR_HV2M23_VGMA/SNPS_CG_CELL_WCK1_A_R_REG_24_reg_0/LTIELO_NET':
    > pin 'u_LOGIC_CENTER/LINK_LOGIC/LC_CPUWR_HV2M23_VGMA/SNPS_CG_CELL_WCK1_A_R_REG_24_reg_0/latch/TE' at logic 'constant 0'

143.1.2 Forward propagation through CELLS (level 1)
----------------------------------------------------

144.1.1 Forward propagation on NET pins (level 1)
----------------------------------------------------
  Propagation of logic 'constant 0' from pin 'u_LOGIC_CENTER/LINK_LOGIC/LC_CPUWR_HV2M23_VGMA/SNPS_CG_CELL_WCK1_A_R_REG_14_reg_0/LTIELO/TIE0' on net 'u_LOGIC_CENTER/LINK_LOGIC/LC_CPUWR_HV2M23_VGMA/SNPS_CG_CELL_WCK1_A_R_REG_14_reg_0/LTIELO_NET':
    > pin 'u_LOGIC_CENTER/LINK_LOGIC/LC_CPUWR_HV2M23_VGMA/SNPS_CG_CELL_WCK1_A_R_REG_14_reg_0/latch/TE' at logic 'constant 0'

144.1.2 Forward propagation through CELLS (level 1)
----------------------------------------------------

145.1.1 Forward propagation on NET pins (level 1)
----------------------------------------------------
  Propagation of logic 'constant 0' from pin 'u_LOGIC_CENTER/LINK_LOGIC/LC_CPUWR_HV2M23_VGMA/SNPS_CG_CELL_WCK1_A_R_REG_26_reg_0/LTIELO/TIE0' on net 'u_LOGIC_CENTER/LINK_LOGIC/LC_CPUWR_HV2M23_VGMA/SNPS_CG_CELL_WCK1_A_R_REG_26_reg_0/LTIELO_NET':
    > pin 'u_LOGIC_CENTER/LINK_LOGIC/LC_CPUWR_HV2M23_VGMA/SNPS_CG_CELL_WCK1_A_R_REG_26_reg_0/latch/TE' at logic 'constant 0'

145.1.2 Forward propagation through CELLS (level 1)
----------------------------------------------------

146.1.1 Forward propagation on NET pins (level 1)
----------------------------------------------------
  Propagation of logic 'constant 0' from pin 'u_LOGIC_CENTER/LINK_LOGIC/LC_CPUWR_HV2M23_VGMA/SNPS_CG_CELL_WCK1_A_R_REG_23_reg_0/LTIELO/TIE0' on net 'u_LOGIC_CENTER/LINK_LOGIC/LC_CPUWR_HV2M23_VGMA/SNPS_CG_CELL_WCK1_A_R_REG_23_reg_0/LTIELO_NET':
    > pin 'u_LOGIC_CENTER/LINK_LOGIC/LC_CPUWR_HV2M23_VGMA/SNPS_CG_CELL_WCK1_A_R_REG_23_reg_0/latch/TE' at logic 'constant 0'

146.1.2 Forward propagation through CELLS (level 1)
----------------------------------------------------

147.1.1 Forward propagation on NET pins (level 1)
----------------------------------------------------
  Propagation of logic 'constant 0' from pin 'u_LOGIC_CENTER/LINK_LOGIC/LC_CPUWR_HV2M23_VGMA/SNPS_CG_CELL_WCK1_A_R_REG_20_reg_0/LTIELO/TIE0' on net 'u_LOGIC_CENTER/LINK_LOGIC/LC_CPUWR_HV2M23_VGMA/SNPS_CG_CELL_WCK1_A_R_REG_20_reg_0/LTIELO_NET':
    > pin 'u_LOGIC_CENTER/LINK_LOGIC/LC_CPUWR_HV2M23_VGMA/SNPS_CG_CELL_WCK1_A_R_REG_20_reg_0/latch/TE' at logic 'constant 0'

147.1.2 Forward propagation through CELLS (level 1)
----------------------------------------------------

148.1.1 Forward propagation on NET pins (level 1)
----------------------------------------------------
  Propagation of logic 'constant 0' from pin 'u_LOGIC_CENTER/LINK_LOGIC/LC_CPUWR_HV2M23_VGMA/SNPS_CG_CELL_WCK1_A_R_REG_13_reg_0/LTIELO/TIE0' on net 'u_LOGIC_CENTER/LINK_LOGIC/LC_CPUWR_HV2M23_VGMA/SNPS_CG_CELL_WCK1_A_R_REG_13_reg_0/LTIELO_NET':
    > pin 'u_LOGIC_CENTER/LINK_LOGIC/LC_CPUWR_HV2M23_VGMA/SNPS_CG_CELL_WCK1_A_R_REG_13_reg_0/latch/TE' at logic 'constant 0'

148.1.2 Forward propagation through CELLS (level 1)
----------------------------------------------------

149.1.1 Forward propagation on NET pins (level 1)
----------------------------------------------------
  Propagation of logic 'constant 0' from pin 'u_LOGIC_CENTER/LINK_LOGIC/LC_CPUWR_HV2M23_VGMA/SNPS_CG_CELL_WCK1_A_R_REG_22_reg_0/LTIELO/TIE0' on net 'u_LOGIC_CENTER/LINK_LOGIC/LC_CPUWR_HV2M23_VGMA/SNPS_CG_CELL_WCK1_A_R_REG_22_reg_0/LTIELO_NET':
    > pin 'u_LOGIC_CENTER/LINK_LOGIC/LC_CPUWR_HV2M23_VGMA/SNPS_CG_CELL_WCK1_A_R_REG_22_reg_0/latch/TE' at logic 'constant 0'

149.1.2 Forward propagation through CELLS (level 1)
----------------------------------------------------

150.1.1 Forward propagation on NET pins (level 1)
----------------------------------------------------
  Propagation of logic 'constant 0' from pin 'u_LOGIC_CENTER/LINK_LOGIC/LC_CPUWR_HV2M23_VGMA/SNPS_CG_CELL_WCK1_A_R_REG_21_reg_0/LTIELO/TIE0' on net 'u_LOGIC_CENTER/LINK_LOGIC/LC_CPUWR_HV2M23_VGMA/SNPS_CG_CELL_WCK1_A_R_REG_21_reg_0/LTIELO_NET':
    > pin 'u_LOGIC_CENTER/LINK_LOGIC/LC_CPUWR_HV2M23_VGMA/SNPS_CG_CELL_WCK1_A_R_REG_21_reg_0/latch/TE' at logic 'constant 0'

150.1.2 Forward propagation through CELLS (level 1)
----------------------------------------------------

151.1.1 Forward propagation on NET pins (level 1)
----------------------------------------------------
  Propagation of logic 'constant 0' from pin 'u_LOGIC_CENTER/CENTER1/TOTAL_DTCTL/DTCTL_L0/SNPS_CG_CELL_DTCLK_CH_CNT_pre_reg_0/LTIELO/TIE0' on net 'u_LOGIC_CENTER/CENTER1/TOTAL_DTCTL/DTCTL_L0/SNPS_CG_CELL_DTCLK_CH_CNT_pre_reg_0/LTIELO_NET':
    > pin 'u_LOGIC_CENTER/CENTER1/TOTAL_DTCTL/DTCTL_L0/SNPS_CG_CELL_DTCLK_CH_CNT_pre_reg_0/latch/TE' at logic 'constant 0'

151.1.2 Forward propagation through CELLS (level 1)
----------------------------------------------------

152.1.1 Forward propagation on NET pins (level 1)
----------------------------------------------------
  Propagation of logic 'constant 1' from pin 'u_LOGIC_CENTER/CENTER1/TOTAL_DTCTL/DTCTL_L0/LTIEHI/TIE1' on net 'u_LOGIC_CENTER/CENTER1/TOTAL_DTCTL/DTCTL_L0/LTIEHI_NET':
    > pin 'u_LOGIC_CENTER/CENTER1/TOTAL_DTCTL/DTCTL_L0/LS_DLY1_reg/D1' at logic 'constant 1'
    > pin 'u_LOGIC_CENTER/CENTER1/TOTAL_DTCTL/DTCTL_L0/PIX_CNT_reg/D' at logic 'constant 1'

152.1.2 Forward propagation through CELLS (level 1)
----------------------------------------------------

152.1.2 Forward propagation through CELLS (level 1)
----------------------------------------------------

153.1.1 Forward propagation on NET pins (level 1)
----------------------------------------------------
  Propagation of logic 'constant 0' from pin 'u_LOGIC_CENTER/CENTER1/TOTAL_DTCTL/DTCTL_L0/CG_CELL_DTCLK/LTIELO/TIE0' on net 'u_LOGIC_CENTER/CENTER1/TOTAL_DTCTL/DTCTL_L0/CG_CELL_DTCLK/LTIELO_NET':
    > pin 'u_LOGIC_CENTER/CENTER1/TOTAL_DTCTL/DTCTL_L0/CG_CELL_DTCLK/CG_CELL/TE' at logic 'constant 0'

153.1.2 Forward propagation through CELLS (level 1)
----------------------------------------------------

154.1.1 Forward propagation on NET pins (level 1)
----------------------------------------------------
  Propagation of logic 'constant 0' from pin 'u_LOGIC_CENTER/CENTER1/TOTAL_DTCTL/DTCTL_L0/CG_CELL_DTCLK_1P/LTIELO/TIE0' on net 'u_LOGIC_CENTER/CENTER1/TOTAL_DTCTL/DTCTL_L0/CG_CELL_DTCLK_1P/LTIELO_NET':
    > pin 'u_LOGIC_CENTER/CENTER1/TOTAL_DTCTL/DTCTL_L0/CG_CELL_DTCLK_1P/CG_CELL/TE' at logic 'constant 0'

154.1.2 Forward propagation through CELLS (level 1)
----------------------------------------------------

155.1.1 Forward propagation on NET pins (level 1)
----------------------------------------------------
  Propagation of logic 'constant 1' from pin 'u_LOGIC_CENTER/CENTER1/TOTAL_DTCTL/DTCTL_L1/LTIEHI/TIE1' on net 'u_LOGIC_CENTER/CENTER1/TOTAL_DTCTL/DTCTL_L1/LTIEHI_NET':
    > pin 'u_LOGIC_CENTER/CENTER1/TOTAL_DTCTL/DTCTL_L1/DTCLK_EN_reg/D1' at logic 'constant 1'
    > pin 'u_LOGIC_CENTER/CENTER1/TOTAL_DTCTL/DTCTL_L1/CH_CNT_pre_reg_6_/D1' at logic 'constant 1'
    > pin 'u_LOGIC_CENTER/CENTER1/TOTAL_DTCTL/DTCTL_L1/START_R_DLY0_reg/D1' at logic 'constant 1'
    > pin 'u_LOGIC_CENTER/CENTER1/TOTAL_DTCTL/DTCTL_L1/SL_DLY3_reg/D1' at logic 'constant 1'
    > pin 'u_LOGIC_CENTER/CENTER1/TOTAL_DTCTL/DTCTL_L1/SL_DLY_reg/D1' at logic 'constant 1'
    > pin 'u_LOGIC_CENTER/CENTER1/TOTAL_DTCTL/DTCTL_L1/CH_CNT_pre_reg_7_/D1' at logic 'constant 1'
    > pin 'u_LOGIC_CENTER/CENTER1/TOTAL_DTCTL/DTCTL_L1/SR_reg/D1' at logic 'constant 1'
    > pin 'u_LOGIC_CENTER/CENTER1/TOTAL_DTCTL/DTCTL_L1/LS_DLY1_reg/D1' at logic 'constant 1'
    > pin 'u_LOGIC_CENTER/CENTER1/TOTAL_DTCTL/DTCTL_L1/CH_CNT_pre_reg_8_/D1' at logic 'constant 1'
    > pin 'u_LOGIC_CENTER/CENTER1/TOTAL_DTCTL/DTCTL_L1/SR_DLY2_reg/D1' at logic 'constant 1'
    > pin 'u_LOGIC_CENTER/CENTER1/TOTAL_DTCTL/DTCTL_L1/CH_CNT_pre_reg_9_/D1' at logic 'constant 1'
    > pin 'u_LOGIC_CENTER/CENTER1/TOTAL_DTCTL/DTCTL_L1/SL_reg/D1' at logic 'constant 1'
    > pin 'u_LOGIC_CENTER/CENTER1/TOTAL_DTCTL/DTCTL_L1/SL_DLY1_reg/D1' at logic 'constant 1'
    > pin 'u_LOGIC_CENTER/CENTER1/TOTAL_DTCTL/DTCTL_L1/CH_CNT_pre_reg_0_/D1' at logic 'constant 1'
    > pin 'u_LOGIC_CENTER/CENTER1/TOTAL_DTCTL/DTCTL_L1/CH_CNT_pre_reg_1_/D1' at logic 'constant 1'
    > pin 'u_LOGIC_CENTER/CENTER1/TOTAL_DTCTL/DTCTL_L1/SR_DLY3_reg/D1' at logic 'constant 1'
    > pin 'u_LOGIC_CENTER/CENTER1/TOTAL_DTCTL/DTCTL_L1/START_L_DLY0_reg/D1' at logic 'constant 1'
    > pin 'u_LOGIC_CENTER/CENTER1/TOTAL_DTCTL/DTCTL_L1/LS_DLY_reg/D1' at logic 'constant 1'
    > pin 'u_LOGIC_CENTER/CENTER1/TOTAL_DTCTL/DTCTL_L1/CH_CNT_pre_reg_2_/D1' at logic 'constant 1'
    > pin 'u_LOGIC_CENTER/CENTER1/TOTAL_DTCTL/DTCTL_L1/SR_DLY_reg/D1' at logic 'constant 1'
    > pin 'u_LOGIC_CENTER/CENTER1/TOTAL_DTCTL/DTCTL_L1/CH_CNT_pre_reg_3_/D1' at logic 'constant 1'
    > pin 'u_LOGIC_CENTER/CENTER1/TOTAL_DTCTL/DTCTL_L1/SL_DLY2_reg/D1' at logic 'constant 1'
    > pin 'u_LOGIC_CENTER/CENTER1/TOTAL_DTCTL/DTCTL_L1/CH_CNT_pre_reg_4_/D1' at logic 'constant 1'
    > pin 'u_LOGIC_CENTER/CENTER1/TOTAL_DTCTL/DTCTL_L1/SR_DLY1_reg/D1' at logic 'constant 1'
    > pin 'u_LOGIC_CENTER/CENTER1/TOTAL_DTCTL/DTCTL_L1/CH_CNT_pre_reg_5_/D1' at logic 'constant 1'

155.1.2 Forward propagation through CELLS (level 1)
----------------------------------------------------

155.1.2 Forward propagation through CELLS (level 1)
----------------------------------------------------

155.1.2 Forward propagation through CELLS (level 1)
----------------------------------------------------

155.1.2 Forward propagation through CELLS (level 1)
----------------------------------------------------

155.1.2 Forward propagation through CELLS (level 1)
----------------------------------------------------

155.1.2 Forward propagation through CELLS (level 1)
----------------------------------------------------

155.1.2 Forward propagation through CELLS (level 1)
----------------------------------------------------

155.1.2 Forward propagation through CELLS (level 1)
----------------------------------------------------

155.1.2 Forward propagation through CELLS (level 1)
----------------------------------------------------

155.1.2 Forward propagation through CELLS (level 1)
----------------------------------------------------

155.1.2 Forward propagation through CELLS (level 1)
----------------------------------------------------

155.1.2 Forward propagation through CELLS (level 1)
----------------------------------------------------

155.1.2 Forward propagation through CELLS (level 1)
----------------------------------------------------

155.1.2 Forward propagation through CELLS (level 1)
----------------------------------------------------

155.1.2 Forward propagation through CELLS (level 1)
----------------------------------------------------

155.1.2 Forward propagation through CELLS (level 1)
----------------------------------------------------

155.1.2 Forward propagation through CELLS (level 1)
----------------------------------------------------

155.1.2 Forward propagation through CELLS (level 1)
----------------------------------------------------

155.1.2 Forward propagation through CELLS (level 1)
----------------------------------------------------

155.1.2 Forward propagation through CELLS (level 1)
----------------------------------------------------

155.1.2 Forward propagation through CELLS (level 1)
----------------------------------------------------

155.1.2 Forward propagation through CELLS (level 1)
----------------------------------------------------

155.1.2 Forward propagation through CELLS (level 1)
----------------------------------------------------

155.1.2 Forward propagation through CELLS (level 1)
----------------------------------------------------

155.1.2 Forward propagation through CELLS (level 1)
----------------------------------------------------

156.1.1 Forward propagation on NET pins (level 1)
----------------------------------------------------
  Propagation of logic 'constant 0' from pin 'u_LOGIC_CENTER/CENTER1/TOTAL_DTCTL/DTCTL_L1/CG_CELL_DTCLK/LTIELO/TIE0' on net 'u_LOGIC_CENTER/CENTER1/TOTAL_DTCTL/DTCTL_L1/CG_CELL_DTCLK/LTIELO_NET':
    > pin 'u_LOGIC_CENTER/CENTER1/TOTAL_DTCTL/DTCTL_L1/CG_CELL_DTCLK/CG_CELL/TE' at logic 'constant 0'

156.1.2 Forward propagation through CELLS (level 1)
----------------------------------------------------

157.1.1 Forward propagation on NET pins (level 1)
----------------------------------------------------
  Propagation of logic 'constant 1' from pin 'u_LOGIC_CENTER/CENTER1/DRD_OD/LTIEHI/TIE1' on net 'u_LOGIC_CENTER/CENTER1/DRD_OD/LTIEHI_NET':
    > pin 'u_LOGIC_CENTER/CENTER1/DRD_OD/DATAI_L1_OD_WEIGHT_d1_reg_15_/D1' at logic 'constant 1'
    > pin 'u_LOGIC_CENTER/CENTER1/DRD_OD/DATAI_L1_OD_WEIGHT_d1_reg_16_/D1' at logic 'constant 1'
    > pin 'u_LOGIC_CENTER/CENTER1/DRD_OD/DATAI_L1_OD_pre_reg_16_/D1' at logic 'constant 1'
    > pin 'u_LOGIC_CENTER/CENTER1/DRD_OD/DATAI_L1_OD_pre_reg_0_/D1' at logic 'constant 1'
    > pin 'u_LOGIC_CENTER/CENTER1/DRD_OD/DATAI_L1_OD_WEIGHT_d1_reg_17_/D1' at logic 'constant 1'
    > pin 'u_LOGIC_CENTER/CENTER1/DRD_OD/DATAI_L1_OD_pre_reg_1_/D1' at logic 'constant 1'
    > pin 'u_LOGIC_CENTER/CENTER1/DRD_OD/DATAI_L1_OD_WEIGHT_d1_reg_18_/D1' at logic 'constant 1'
    > pin 'u_LOGIC_CENTER/CENTER1/DRD_OD/DATAI_L1_OD_pre_reg_18_/D1' at logic 'constant 1'
    > pin 'u_LOGIC_CENTER/CENTER1/DRD_OD/DATAI_L1_OD_WEIGHT_d1_reg_19_/D1' at logic 'constant 1'
    > pin 'u_LOGIC_CENTER/CENTER1/DRD_OD/DATAI_L1_OD_pre_reg_19_/D1' at logic 'constant 1'
    > pin 'u_LOGIC_CENTER/CENTER1/DRD_OD/DATAI_L1_OD_pre_reg_3_/D1' at logic 'constant 1'
    > pin 'u_LOGIC_CENTER/CENTER1/DRD_OD/DATAI_L1_OD_WEIGHT_d1_reg_20_/D1' at logic 'constant 1'
    > pin 'u_LOGIC_CENTER/CENTER1/DRD_OD/DATAI_L1_OD_pre_reg_4_/D1' at logic 'constant 1'
    > pin 'u_LOGIC_CENTER/CENTER1/DRD_OD/DATAI_L1_OD_pre_reg_20_/D1' at logic 'constant 1'
    > pin 'u_LOGIC_CENTER/CENTER1/DRD_OD/DATAI_L1_OD_WEIGHT_d1_reg_1_/D1' at logic 'constant 1'
    > pin 'u_LOGIC_CENTER/CENTER1/DRD_OD/DATAI_L1_OD_WEIGHT_d1_reg_21_/D1' at logic 'constant 1'
    > pin 'u_LOGIC_CENTER/CENTER1/DRD_OD/DATAI_L1_OD_pre_reg_5_/D1' at logic 'constant 1'
    > pin 'u_LOGIC_CENTER/CENTER1/DRD_OD/DATAI_L1_OD_pre_reg_21_/D1' at logic 'constant 1'
    > pin 'u_LOGIC_CENTER/CENTER1/DRD_OD/DATAI_L1_OD_WEIGHT_d1_reg_2_/D1' at logic 'constant 1'
    > pin 'u_LOGIC_CENTER/CENTER1/DRD_OD/DATAI_L1_OD_WEIGHT_d1_reg_22_/D1' at logic 'constant 1'
    > pin 'u_LOGIC_CENTER/CENTER1/DRD_OD/DATAI_L1_OD_WEIGHT_d1_reg_3_/D1' at logic 'constant 1'
    > pin 'u_LOGIC_CENTER/CENTER1/DRD_OD/DATAI_L1_OD_pre_reg_7_/D1' at logic 'constant 1'
    > pin 'u_LOGIC_CENTER/CENTER1/DRD_OD/DATAI_L1_OD_WEIGHT_d1_reg_4_/D1' at logic 'constant 1'
    > pin 'u_LOGIC_CENTER/CENTER1/DRD_OD/DATAI_L1_OD_WEIGHT_d1_reg_5_/D1' at logic 'constant 1'
    > pin 'u_LOGIC_CENTER/CENTER1/DRD_OD/DATAI_L1_OD_WEIGHT_d1_reg_8_/D1' at logic 'constant 1'
    > pin 'u_LOGIC_CENTER/CENTER1/DRD_OD/DATAI_L1_OD_WEIGHT_d1_reg_9_/D1' at logic 'constant 1'
    > pin 'u_LOGIC_CENTER/CENTER1/DRD_OD/DATAI_L1_OD_WEIGHT_d1_reg_10_/D1' at logic 'constant 1'
    > pin 'u_LOGIC_CENTER/CENTER1/DRD_OD/DATAI_L1_OD_WEIGHT_d1_reg_11_/D1' at logic 'constant 1'
    > pin 'u_LOGIC_CENTER/CENTER1/DRD_OD/DATAI_L1_OD_WEIGHT_d1_reg_12_/D1' at logic 'constant 1'
    > pin 'u_LOGIC_CENTER/CENTER1/DRD_OD/DATAI_L1_OD_WEIGHT_d1_reg_13_/D1' at logic 'constant 1'

157.1.2 Forward propagation through CELLS (level 1)
----------------------------------------------------

157.1.2 Forward propagation through CELLS (level 1)
----------------------------------------------------

157.1.2 Forward propagation through CELLS (level 1)
----------------------------------------------------

157.1.2 Forward propagation through CELLS (level 1)
----------------------------------------------------

157.1.2 Forward propagation through CELLS (level 1)
----------------------------------------------------

157.1.2 Forward propagation through CELLS (level 1)
----------------------------------------------------

157.1.2 Forward propagation through CELLS (level 1)
----------------------------------------------------

157.1.2 Forward propagation through CELLS (level 1)
----------------------------------------------------

157.1.2 Forward propagation through CELLS (level 1)
----------------------------------------------------

157.1.2 Forward propagation through CELLS (level 1)
----------------------------------------------------

157.1.2 Forward propagation through CELLS (level 1)
----------------------------------------------------

157.1.2 Forward propagation through CELLS (level 1)
----------------------------------------------------

157.1.2 Forward propagation through CELLS (level 1)
----------------------------------------------------

157.1.2 Forward propagation through CELLS (level 1)
----------------------------------------------------

157.1.2 Forward propagation through CELLS (level 1)
----------------------------------------------------

157.1.2 Forward propagation through CELLS (level 1)
----------------------------------------------------

157.1.2 Forward propagation through CELLS (level 1)
----------------------------------------------------

157.1.2 Forward propagation through CELLS (level 1)
----------------------------------------------------

157.1.2 Forward propagation through CELLS (level 1)
----------------------------------------------------

157.1.2 Forward propagation through CELLS (level 1)
----------------------------------------------------

157.1.2 Forward propagation through CELLS (level 1)
----------------------------------------------------

157.1.2 Forward propagation through CELLS (level 1)
----------------------------------------------------

157.1.2 Forward propagation through CELLS (level 1)
----------------------------------------------------

157.1.2 Forward propagation through CELLS (level 1)
----------------------------------------------------

157.1.2 Forward propagation through CELLS (level 1)
----------------------------------------------------

157.1.2 Forward propagation through CELLS (level 1)
----------------------------------------------------

157.1.2 Forward propagation through CELLS (level 1)
----------------------------------------------------

157.1.2 Forward propagation through CELLS (level 1)
----------------------------------------------------

157.1.2 Forward propagation through CELLS (level 1)
----------------------------------------------------

157.1.2 Forward propagation through CELLS (level 1)
----------------------------------------------------

158.1.1 Forward propagation on NET pins (level 1)
----------------------------------------------------
  Propagation of logic 'constant 0' from pin 'u_LOGIC_CENTER/CENTER1/DRD_OD/DRD_OD_ADD_WEIGHT/SNPS_CG_CELL_CLK_L0_line_cnt_od_reg_0/LTIELO/TIE0' on net 'u_LOGIC_CENTER/CENTER1/DRD_OD/DRD_OD_ADD_WEIGHT/SNPS_CG_CELL_CLK_L0_line_cnt_od_reg_0/LTIELO_NET':
    > pin 'u_LOGIC_CENTER/CENTER1/DRD_OD/DRD_OD_ADD_WEIGHT/SNPS_CG_CELL_CLK_L0_line_cnt_od_reg_0/latch/TE' at logic 'constant 0'

158.1.2 Forward propagation through CELLS (level 1)
----------------------------------------------------

159.1.1 Forward propagation on NET pins (level 1)
----------------------------------------------------
  Propagation of logic 'constant 0' from pin 'u_LOGIC_CENTER/CENTER1/DRD_OD/DRD_OD_ADD_WEIGHT/SNPS_CG_CELL_CLK_L0_shift_sel_od_reg_0/LTIELO/TIE0' on net 'u_LOGIC_CENTER/CENTER1/DRD_OD/DRD_OD_ADD_WEIGHT/SNPS_CG_CELL_CLK_L0_shift_sel_od_reg_0/LTIELO_NET':
    > pin 'u_LOGIC_CENTER/CENTER1/DRD_OD/DRD_OD_ADD_WEIGHT/SNPS_CG_CELL_CLK_L0_shift_sel_od_reg_0/latch/TE' at logic 'constant 0'

159.1.2 Forward propagation through CELLS (level 1)
----------------------------------------------------

160.1.1 Forward propagation on NET pins (level 1)
----------------------------------------------------
  Propagation of logic 'constant 1' from pin 'u_LOGIC_CENTER/CENTER1/DRD_OD/LTIEHI_1/TIE1' on net 'u_LOGIC_CENTER/CENTER1/DRD_OD/LTIEHI_1_NET':
    > pin 'u_LOGIC_CENTER/CENTER1/DRD_OD/DATAI_L1_OD_WEIGHT_d1_reg_14_/D1' at logic 'constant 1'
    > pin 'u_LOGIC_CENTER/CENTER1/DRD_OD/DATAI_L1_OD_pre_reg_15_/D1' at logic 'constant 1'
    > pin 'u_LOGIC_CENTER/CENTER1/DRD_OD/DATAI_L1_OD_pre_reg_2_/D1' at logic 'constant 1'
    > pin 'u_LOGIC_CENTER/CENTER1/DRD_OD/DATAI_L1_OD_WEIGHT_d1_reg_0_/D1' at logic 'constant 1'
    > pin 'u_LOGIC_CENTER/CENTER1/DRD_OD/DATAI_L1_OD_pre_reg_6_/D1' at logic 'constant 1'
    > pin 'u_LOGIC_CENTER/CENTER1/DRD_OD/DATAI_L1_OD_WEIGHT_d1_reg_23_/D1' at logic 'constant 1'
    > pin 'u_LOGIC_CENTER/CENTER1/DRD_OD/DATAI_L1_OD_pre_reg_8_/D1' at logic 'constant 1'
    > pin 'u_LOGIC_CENTER/CENTER1/DRD_OD/DATAI_L1_OD_pre_reg_9_/D1' at logic 'constant 1'
    > pin 'u_LOGIC_CENTER/CENTER1/DRD_OD/DATAI_L1_OD_WEIGHT_d1_reg_6_/D1' at logic 'constant 1'
    > pin 'u_LOGIC_CENTER/CENTER1/DRD_OD/DATAI_L1_OD_WEIGHT_d1_reg_7_/D1' at logic 'constant 1'
    > pin 'u_LOGIC_CENTER/CENTER1/DRD_OD/DATAI_L1_OD_pre_reg_10_/D1' at logic 'constant 1'
    > pin 'u_LOGIC_CENTER/CENTER1/DRD_OD/DATAI_L1_OD_pre_reg_11_/D1' at logic 'constant 1'
    > pin 'u_LOGIC_CENTER/CENTER1/DRD_OD/DATAI_L1_OD_pre_reg_12_/D1' at logic 'constant 1'
    > pin 'u_LOGIC_CENTER/CENTER1/DRD_OD/DATAI_L1_OD_pre_reg_13_/D1' at logic 'constant 1'

160.1.2 Forward propagation through CELLS (level 1)
----------------------------------------------------

160.1.2 Forward propagation through CELLS (level 1)
----------------------------------------------------

160.1.2 Forward propagation through CELLS (level 1)
----------------------------------------------------

160.1.2 Forward propagation through CELLS (level 1)
----------------------------------------------------

160.1.2 Forward propagation through CELLS (level 1)
----------------------------------------------------

160.1.2 Forward propagation through CELLS (level 1)
----------------------------------------------------

160.1.2 Forward propagation through CELLS (level 1)
----------------------------------------------------

160.1.2 Forward propagation through CELLS (level 1)
----------------------------------------------------

160.1.2 Forward propagation through CELLS (level 1)
----------------------------------------------------

160.1.2 Forward propagation through CELLS (level 1)
----------------------------------------------------

160.1.2 Forward propagation through CELLS (level 1)
----------------------------------------------------

160.1.2 Forward propagation through CELLS (level 1)
----------------------------------------------------

160.1.2 Forward propagation through CELLS (level 1)
----------------------------------------------------

160.1.2 Forward propagation through CELLS (level 1)
----------------------------------------------------

161.1.1 Forward propagation on NET pins (level 1)
----------------------------------------------------
  Propagation of logic 'constant 1' from pin 'u_LOGIC_CENTER/CENTER1/DRD_OD/LTIEHI_2/TIE1' on net 'u_LOGIC_CENTER/CENTER1/DRD_OD/LTIEHI_2_NET':
    > pin 'u_LOGIC_CENTER/CENTER1/DRD_OD/DATAI_L1_OD_pre_reg_17_/D1' at logic 'constant 1'
    > pin 'u_LOGIC_CENTER/CENTER1/DRD_OD/DATAI_L1_OD_pre_reg_22_/D1' at logic 'constant 1'
    > pin 'u_LOGIC_CENTER/CENTER1/DRD_OD/DATAI_L1_OD_pre_reg_23_/D1' at logic 'constant 1'

161.1.2 Forward propagation through CELLS (level 1)
----------------------------------------------------

161.1.2 Forward propagation through CELLS (level 1)
----------------------------------------------------

161.1.2 Forward propagation through CELLS (level 1)
----------------------------------------------------

162.1.1 Forward propagation on NET pins (level 1)
----------------------------------------------------
  Propagation of logic 'constant 1' from pin 'u_LOGIC_CENTER/CENTER1/DRD_OD/LTIEHI_3/TIE1' on net 'u_LOGIC_CENTER/CENTER1/DRD_OD/LTIEHI_3_NET':
    > pin 'u_LOGIC_CENTER/CENTER1/DRD_OD/DATAI_L1_OD_pre_reg_14_/D1' at logic 'constant 1'

162.1.2 Forward propagation through CELLS (level 1)
----------------------------------------------------

163.1.1 Forward propagation on NET pins (level 1)
----------------------------------------------------
  Propagation of logic 'constant 0' from pin 'u_LOGIC_CENTER/CENTER1/DRD_OD/CG_CELL_CLK_L0_OD_WG/LTIELO/TIE0' on net 'u_LOGIC_CENTER/CENTER1/DRD_OD/CG_CELL_CLK_L0_OD_WG/LTIELO_NET':
    > pin 'u_LOGIC_CENTER/CENTER1/DRD_OD/CG_CELL_CLK_L0_OD_WG/CG_CELL/TE' at logic 'constant 0'

163.1.2 Forward propagation through CELLS (level 1)
----------------------------------------------------

164.1.1 Forward propagation on NET pins (level 1)
----------------------------------------------------
  Propagation of logic 'constant 0' from pin 'u_LOGIC_CENTER/CENTER1/DRD_OD/SNPS_CG_CELL_DTCLK_L1_DATAI_L1_OD_WEIGHT_d1_reg_0/LTIELO/TIE0' on net 'u_LOGIC_CENTER/CENTER1/DRD_OD/SNPS_CG_CELL_DTCLK_L1_DATAI_L1_OD_WEIGHT_d1_reg_0/LTIELO_NET':
    > pin 'u_LOGIC_CENTER/CENTER1/DRD_OD/SNPS_CG_CELL_DTCLK_L1_DATAI_L1_OD_WEIGHT_d1_reg_0/latch/TE' at logic 'constant 0'

164.1.2 Forward propagation through CELLS (level 1)
----------------------------------------------------

165.1.1 Forward propagation on NET pins (level 1)
----------------------------------------------------
  Propagation of logic 'constant 0' from pin 'u_LOGIC_CENTER/CENTER1/DRD_OD/SNPS_CG_CELL_DTCLK_L0_DATAI_L0_OD_WEIGHT_d1_reg_0/LTIELO/TIE0' on net 'u_LOGIC_CENTER/CENTER1/DRD_OD/SNPS_CG_CELL_DTCLK_L0_DATAI_L0_OD_WEIGHT_d1_reg_0/LTIELO_NET':
    > pin 'u_LOGIC_CENTER/CENTER1/DRD_OD/SNPS_CG_CELL_DTCLK_L0_DATAI_L0_OD_WEIGHT_d1_reg_0/latch/TE' at logic 'constant 0'

165.1.2 Forward propagation through CELLS (level 1)
----------------------------------------------------

166.1.1 Forward propagation on NET pins (level 1)
----------------------------------------------------
  Propagation of logic 'constant 0' from pin 'u_LOGIC_CENTER/CENTER1/ANCTL/SNPS_CG_CELL_CLK_OD_time_cnt_reg_0/LTIELO/TIE0' on net 'u_LOGIC_CENTER/CENTER1/ANCTL/SNPS_CG_CELL_CLK_OD_time_cnt_reg_0/LTIELO_NET':
    > pin 'u_LOGIC_CENTER/CENTER1/ANCTL/SNPS_CG_CELL_CLK_OD_time_cnt_reg_0/latch/TE' at logic 'constant 0'

166.1.2 Forward propagation through CELLS (level 1)
----------------------------------------------------

167.1.1 Forward propagation on NET pins (level 1)
----------------------------------------------------
  Propagation of logic 'constant 0' from pin 'u_LOGIC_CENTER/CENTER1/ANCTL/LTIELO/TIE0' on net 'u_LOGIC_CENTER/CENTER1/ANCTL/LTIELO_NET':
    > pin 'u_LOGIC_CENTER/CENTER1/ANCTL/CS_START_reg_0_/D' at logic 'constant 0'
    > pin 'u_LOGIC_CENTER/CENTER1/ANCTL/CS_START_1d_reg/D' at logic 'constant 0'

167.1.2 Forward propagation through CELLS (level 1)
----------------------------------------------------

167.1.2 Forward propagation through CELLS (level 1)
----------------------------------------------------

168.1.1 Forward propagation on NET pins (level 1)
----------------------------------------------------
  Propagation of logic 'constant 1' from pin 'u_LOGIC_CENTER/CENTER1/ANCTL/LTIEHI_1/TIE1' on net 'u_LOGIC_CENTER/CENTER1/ANCTL/LTIEHI_1_NET':
    > pin 'u_LOGIC_CENTER/CENTER1/ANCTL/STB_C_DLY_reg_2_/D1' at logic 'constant 1'
    > pin 'u_LOGIC_CENTER/CENTER1/ANCTL/STB_C_DLY_reg_3_/D1' at logic 'constant 1'
    > pin 'u_LOGIC_CENTER/CENTER1/ANCTL/STB_C_DLY_reg_1_/D1' at logic 'constant 1'

168.1.2 Forward propagation through CELLS (level 1)
----------------------------------------------------

168.1.2 Forward propagation through CELLS (level 1)
----------------------------------------------------

168.1.2 Forward propagation through CELLS (level 1)
----------------------------------------------------

169.1.1 Forward propagation on NET pins (level 1)
----------------------------------------------------
  Propagation of logic 'constant 1' from pin 'u_LOGIC_CENTER/CENTER1/ANCTL/LTIEHI/TIE1' on net 'u_LOGIC_CENTER/CENTER1/ANCTL/LTIEHI_NET':
    > pin 'u_LOGIC_CENTER/CENTER1/ANCTL/L_CNT_reg_1_/D1' at logic 'constant 1'
    > pin 'u_LOGIC_CENTER/CENTER1/ANCTL/OD_time_cnt_reg_5_/D1' at logic 'constant 1'
    > pin 'u_LOGIC_CENTER/CENTER1/ANCTL/WAKE_TP_reg/D' at logic 'constant 1'
    > pin 'u_LOGIC_CENTER/CENTER1/ANCTL/OD_time_cnt_reg_3_/D1' at logic 'constant 1'
    > pin 'u_LOGIC_CENTER/CENTER1/ANCTL/LOD_LR_reg/D1' at logic 'constant 1'
    > pin 'u_LOGIC_CENTER/CENTER1/ANCTL/STB_C_DLY_reg_0_/D1' at logic 'constant 1'
    > pin 'u_LOGIC_CENTER/CENTER1/ANCTL/L_CNT_reg_2_/D1' at logic 'constant 1'
    > pin 'u_LOGIC_CENTER/CENTER1/ANCTL/OD_time_cnt_reg_6_/D1' at logic 'constant 1'
    > pin 'u_LOGIC_CENTER/CENTER1/ANCTL/OD_time_cnt_reg_1_/D1' at logic 'constant 1'
    > pin 'u_LOGIC_CENTER/CENTER1/ANCTL/L_CNT_reg_0_/D1' at logic 'constant 1'
    > pin 'u_LOGIC_CENTER/CENTER1/ANCTL/OD_time_cnt_reg_4_/D1' at logic 'constant 1'
    > pin 'u_LOGIC_CENTER/CENTER1/ANCTL/STB_B_d1_reg/D1' at logic 'constant 1'
    > pin 'u_LOGIC_CENTER/CENTER1/ANCTL/OD_time_cnt_reg_7_/D1' at logic 'constant 1'
    > pin 'u_LOGIC_CENTER/CENTER1/ANCTL/F_CNT_reg_1_/D1' at logic 'constant 1'
    > pin 'u_LOGIC_CENTER/CENTER1/ANCTL/POL1_SYNC_reg_1_/D1' at logic 'constant 1'
    > pin 'u_LOGIC_CENTER/CENTER1/ANCTL/OD_time_cnt_reg_2_/D1' at logic 'constant 1'

169.1.2 Forward propagation through CELLS (level 1)
----------------------------------------------------

169.1.2 Forward propagation through CELLS (level 1)
----------------------------------------------------

169.1.2 Forward propagation through CELLS (level 1)
----------------------------------------------------

169.1.2 Forward propagation through CELLS (level 1)
----------------------------------------------------

169.1.2 Forward propagation through CELLS (level 1)
----------------------------------------------------

169.1.2 Forward propagation through CELLS (level 1)
----------------------------------------------------

169.1.2 Forward propagation through CELLS (level 1)
----------------------------------------------------

169.1.2 Forward propagation through CELLS (level 1)
----------------------------------------------------

169.1.2 Forward propagation through CELLS (level 1)
----------------------------------------------------

169.1.2 Forward propagation through CELLS (level 1)
----------------------------------------------------

169.1.2 Forward propagation through CELLS (level 1)
----------------------------------------------------

169.1.2 Forward propagation through CELLS (level 1)
----------------------------------------------------

169.1.2 Forward propagation through CELLS (level 1)
----------------------------------------------------

169.1.2 Forward propagation through CELLS (level 1)
----------------------------------------------------

169.1.2 Forward propagation through CELLS (level 1)
----------------------------------------------------

169.1.2 Forward propagation through CELLS (level 1)
----------------------------------------------------

170.1.1 Forward propagation on NET pins (level 1)
----------------------------------------------------
  Propagation of logic '1' from pin 'DPSEL_I' on net 'DPSEL_I':
    > pin 'C_5__IOBUF/I' at logic '1'

170.1.2 Forward propagation through CELLS (level 1)
----------------------------------------------------
  Cell 'C_5__IOBUF' (libcell 'CLKBUFX8AS9') :
    input pin 'C_5__IOBUF/I' at logic '1'
    > output pin 'C_5__IOBUF/O' at logic '1'

170.2.1 Forward propagation on NET pins (level 2)
----------------------------------------------------
  Propagation of logic '1' from pin 'C_5__IOBUF/O' on net 'N_5__IOBUF':
    > pin 'u_LOGIC_CENTER/CLKGEN_U1/CKMUX_DCLK1/S' at logic '1'
    > pin 'u_LOGIC_CENTER/CLKGEN_U1/U1/I1' at logic '1'
    > pin 'u_LOGIC_CENTER/PLACE_FE_OFC226_N_5__IOBUF/I' at logic '1'
    > pin 'u_LOGIC_CENTER/LINK_LOGIC/CSPI_CMD_ALIGN_L1/iSP_UTC_DET_L1/U154/I2' at logic '1'
    > pin 'u_LOGIC_CENTER/LINK_LOGIC/CSPI_CMD_ALIGN_L1/iSP_UTC_DET_L1/U59/I1' at logic '1'
    > pin 'u_LOGIC_CENTER/LINK_LOGIC/U8/A1' at logic '1'
    > pin 'u_LOGIC_CENTER/LINK_LOGIC/RSTN_POFF_CTL/U12/I1' at logic '1'
    > pin 'u_LOGIC_CENTER/CENTER1/DRD_OD/U285/B2B' at logic '1'
    > pin 'u_LOGIC_CENTER/CENTER1/DRD_OD/U289/B2B' at logic '1'
    > pin 'u_LOGIC_CENTER/CENTER1/DRD_OD/U292/S' at logic '1'
    > pin 'u_LOGIC_CENTER/CENTER1/DRD_OD/U295/S' at logic '1'
    > pin 'u_LOGIC_CENTER/CENTER1/DRD_OD/U298/S' at logic '1'
    > pin 'u_LOGIC_CENTER/CENTER1/DRD_OD/U301/S' at logic '1'
    > pin 'u_LOGIC_CENTER/CENTER1/DRD_OD/U304/S' at logic '1'
    > pin 'u_LOGIC_CENTER/CENTER1/DRD_OD/U310/B2B' at logic '1'
    > pin 'u_LOGIC_CENTER/CENTER1/DRD_OD/U312/B2B' at logic '1'
    > pin 'u_LOGIC_CENTER/CENTER1/DRD_OD/U314/B2B' at logic '1'
    > pin 'u_LOGIC_CENTER/CENTER1/DRD_OD/U316/B2B' at logic '1'
    > pin 'u_LOGIC_CENTER/CENTER1/DRD_OD/U318/B2B' at logic '1'
    > pin 'u_LOGIC_CENTER/CENTER1/DRD_OD/U320/B2B' at logic '1'
    > pin 'u_LOGIC_CENTER/CENTER1/DRD_OD/U321/B2B' at logic '1'
    > pin 'u_LOGIC_CENTER/CENTER1/DRD_OD/U322/B2B' at logic '1'
    > pin 'u_LOGIC_CENTER/CENTER1/DRD_OD/U323/B2B' at logic '1'
    > pin 'u_LOGIC_CENTER/CENTER1/DRD_OD/U324/B2B' at logic '1'
    > pin 'u_LOGIC_CENTER/CENTER1/DRD_OD/U325/B2B' at logic '1'
    > pin 'u_LOGIC_CENTER/CENTER1/DRD_OD/U326/B2B' at logic '1'
    > pin 'u_LOGIC_CENTER/CENTER1/DRD_OD/U327/B2B' at logic '1'
    > pin 'u_LOGIC_CENTER/CENTER1/DRD_OD/U328/B2B' at logic '1'
    > pin 'u_LOGIC_CENTER/CENTER1/DRD_OD/U342/B2B' at logic '1'
    > pin 'u_LOGIC_CENTER/CENTER1/DRD_OD/U410/I2' at logic '1'
    > pin 'u_LOGIC_CENTER/CENTER1/DRD_OD/U257/S' at logic '1'
    > pin 'u_LOGIC_CENTER/CENTER1/DRD_OD/U258/S' at logic '1'
    > pin 'u_LOGIC_CENTER/CENTER1/DRD_OD/U259/S' at logic '1'

170.2.2 Forward propagation through CELLS (level 2)
----------------------------------------------------

170.2.2 Forward propagation through CELLS (level 2)
----------------------------------------------------

170.2.2 Forward propagation through CELLS (level 2)
----------------------------------------------------
  Cell 'u_LOGIC_CENTER/PLACE_FE_OFC226_N_5__IOBUF' (libcell 'INVX05AS9') :
    input pin 'u_LOGIC_CENTER/PLACE_FE_OFC226_N_5__IOBUF/I' at logic '1'
    > output pin 'u_LOGIC_CENTER/PLACE_FE_OFC226_N_5__IOBUF/O' at logic '0'

170.3.1 Forward propagation on NET pins (level 3)
----------------------------------------------------
  Propagation of logic '0' from pin 'u_LOGIC_CENTER/PLACE_FE_OFC226_N_5__IOBUF/O' on net 'u_LOGIC_CENTER/FE_OFN205_N_5__IOBUF':
    > pin 'u_LOGIC_CENTER/PLACE_FE_OFC228_N_5__IOBUF/I' at logic '0'
    > pin 'u_LOGIC_CENTER/CENTER1/DRD_OD/PLACE_FE_OFC229_N_5__IOBUF/I' at logic '0'

170.3.2 Forward propagation through CELLS (level 3)
----------------------------------------------------
  Cell 'u_LOGIC_CENTER/PLACE_FE_OFC228_N_5__IOBUF' (libcell 'CLKINVX6AS9') :
    input pin 'u_LOGIC_CENTER/PLACE_FE_OFC228_N_5__IOBUF/I' at logic '0'
    > output pin 'u_LOGIC_CENTER/PLACE_FE_OFC228_N_5__IOBUF/O' at logic '1'

170.4.1 Forward propagation on NET pins (level 4)
----------------------------------------------------
  Propagation of logic '1' from pin 'u_LOGIC_CENTER/PLACE_FE_OFC228_N_5__IOBUF/O' on net 'u_LOGIC_CENTER/FE_OFN207_N_5__IOBUF':
    > pin 'u_LOGIC_CENTER/CLKGEN_U0/U6/I1' at logic '1'
    > pin 'u_LOGIC_CENTER/CLKGEN_U0/U8/A1' at logic '1'
    > pin 'u_LOGIC_CENTER/PLACE_FE_DBTC0_N_5__IOBUF/I' at logic '1'
    > pin 'u_LOGIC_CENTER/INBUF_U0/U2/B2' at logic '1'
    > pin 'u_LOGIC_CENTER/PAD_OBUF/U4/I1' at logic '1'
    > pin 'u_LOGIC_CENTER/LINK_LOGIC/CSPI_CMD_ALIGN_L0/iSP_UTC_DET_L0/U153/I2' at logic '1'
    > pin 'u_LOGIC_CENTER/LINK_LOGIC/CSPI_CMD_ALIGN_L0/iSP_UTC_DET_L0/U57/I1' at logic '1'
    > pin 'u_LOGIC_CENTER/LINK_LOGIC/CSPI_WD_BWDBL_POST/U24/B1' at logic '1'
    > pin 'u_LOGIC_CENTER/LINK_LOGIC/LC_CSPIF_L0/U300/I1' at logic '1'
    > pin 'u_LOGIC_CENTER/LINK_LOGIC/LC_CSPIF_L0/U302/I1' at logic '1'
    > pin 'u_LOGIC_CENTER/LINK_LOGIC/CSPI_WD_BWDBL/U24/B1' at logic '1'
    > pin 'u_LOGIC_CENTER/LINK_LOGIC/U_SYNC_L0L1/U_L0_CIRC_DELAY_BUF/U151/B1B' at logic '1'
    > pin 'u_LOGIC_CENTER/LINK_LOGIC/U_SYNC_L0L1/U_L0_CIRC_DELAY_BUF/U51/A1' at logic '1'
    > pin 'u_LOGIC_CENTER/LINK_LOGIC/U_SYNC_L0L1/U_L0_CIRC_DELAY_BUF/U158/B1B' at logic '1'
    > pin 'u_LOGIC_CENTER/LINK_LOGIC/U_SYNC_L0L1/U_L0_CIRC_DELAY_BUF/U58/A1' at logic '1'
    > pin 'u_LOGIC_CENTER/LINK_LOGIC/U_SYNC_L0L1/U_L0_CIRC_DELAY_BUF/U165/B1B' at logic '1'
    > pin 'u_LOGIC_CENTER/LINK_LOGIC/U_SYNC_L0L1/U_L0_CIRC_DELAY_BUF/U64/A1' at logic '1'
    > pin 'u_LOGIC_CENTER/LINK_LOGIC/U_SYNC_L0L1/U_L0_CIRC_DELAY_BUF/U67/B1B' at logic '1'
    > pin 'u_LOGIC_CENTER/LINK_LOGIC/U_SYNC_L0L1/U_L0_CIRC_DELAY_BUF/U172/B1B' at logic '1'
    > pin 'u_LOGIC_CENTER/LINK_LOGIC/U_SYNC_L0L1/U_L0_CIRC_DELAY_BUF/U74/B1B' at logic '1'
    > pin 'u_LOGIC_CENTER/LINK_LOGIC/U_SYNC_L0L1/U_L0_CIRC_DELAY_BUF/U179/B1B' at logic '1'
    > pin 'u_LOGIC_CENTER/LINK_LOGIC/U_SYNC_L0L1/U_L0_CIRC_DELAY_BUF/U81/B1B' at logic '1'
    > pin 'u_LOGIC_CENTER/LINK_LOGIC/U_SYNC_L0L1/U_L0_CIRC_DELAY_BUF/U88/B1B' at logic '1'
    > pin 'u_LOGIC_CENTER/LINK_LOGIC/U_SYNC_L0L1/U_L0_CIRC_DELAY_BUF/U95/B1B' at logic '1'
    > pin 'u_LOGIC_CENTER/LINK_LOGIC/U_SYNC_L0L1/U_L0_CIRC_DELAY_BUF/U102/B1B' at logic '1'
    > pin 'u_LOGIC_CENTER/LINK_LOGIC/U_SYNC_L0L1/U_L0_CIRC_DELAY_BUF/U109/B1B' at logic '1'
    > pin 'u_LOGIC_CENTER/LINK_LOGIC/U_SYNC_L0L1/U_L0_CIRC_DELAY_BUF/U116/B1B' at logic '1'
    > pin 'u_LOGIC_CENTER/LINK_LOGIC/U_SYNC_L0L1/U_L0_CIRC_DELAY_BUF/U123/B1B' at logic '1'
    > pin 'u_LOGIC_CENTER/LINK_LOGIC/U_SYNC_L0L1/U_L0_CIRC_DELAY_BUF/U26/A1' at logic '1'
    > pin 'u_LOGIC_CENTER/LINK_LOGIC/U_SYNC_L0L1/U_L0_CIRC_DELAY_BUF/U27/B1B' at logic '1'
    > pin 'u_LOGIC_CENTER/LINK_LOGIC/U_SYNC_L0L1/U_L0_CIRC_DELAY_BUF/U130/B1B' at logic '1'
    > pin 'u_LOGIC_CENTER/LINK_LOGIC/U_SYNC_L0L1/U_L0_CIRC_DELAY_BUF/U33/A1' at logic '1'
    > pin 'u_LOGIC_CENTER/LINK_LOGIC/U_SYNC_L0L1/U_L0_CIRC_DELAY_BUF/U137/B1B' at logic '1'
    > pin 'u_LOGIC_CENTER/LINK_LOGIC/U_SYNC_L0L1/U_L0_CIRC_DELAY_BUF/U40/A1' at logic '1'
    > pin 'u_LOGIC_CENTER/LINK_LOGIC/U_SYNC_L0L1/U_L0_CIRC_DELAY_BUF/U144/B1B' at logic '1'
    > pin 'u_LOGIC_CENTER/LINK_LOGIC/U_SYNC_L0L1/U_L0_CIRC_DELAY_BUF/U46/A1' at logic '1'
    > pin 'u_LOGIC_CENTER/LINK_LOGIC/U_SYNC_L0L1/U34/I1' at logic '1'
    > pin 'u_LOGIC_CENTER/CENTER1/TOTAL_DTCTL/DTCTL_L0/U298/B3' at logic '1'
    > pin 'u_LOGIC_CENTER/CENTER1/TOTAL_DTCTL/DTCTL_L0/U110/I2' at logic '1'
    > pin 'u_LOGIC_CENTER/CENTER1/TOTAL_DTCTL/DTCTL_L0/U111/I2' at logic '1'
    > pin 'u_LOGIC_CENTER/CENTER1/TOTAL_DTCTL/DTCTL_L0/U115/I1' at logic '1'
    > pin 'u_LOGIC_CENTER/CENTER1/TOTAL_DTCTL/DTCTL_L0/U196/I2' at logic '1'
    > pin 'u_LOGIC_CENTER/CENTER1/TOTAL_DTCTL/DTCTL_L0/U254/I2' at logic '1'
    > pin 'u_LOGIC_CENTER/CENTER1/TOTAL_DTCTL/DTCTL_L1/U54/I2' at logic '1'
    > pin 'u_LOGIC_CENTER/CENTER1/TOTAL_DTCTL/DTCTL_L1/U67/I2' at logic '1'
    > pin 'u_LOGIC_CENTER/CENTER1/TOTAL_DTCTL/DTCTL_L1/U68/I1' at logic '1'
    > pin 'u_LOGIC_CENTER/CENTER1/TOTAL_DTCTL/DTCTL_L1/U83/I2' at logic '1'
    > pin 'u_LOGIC_CENTER/CENTER1/TOTAL_DTCTL/DTCTL_L1/U116/B2' at logic '1'
    > pin 'u_LOGIC_CENTER/CENTER1/DRD_OD/U294/B2B' at logic '1'
    > pin 'u_LOGIC_CENTER/CENTER1/DRD_OD/U300/B2B' at logic '1'
    > pin 'u_LOGIC_CENTER/CENTER1/DRD_OD/U303/B2B' at logic '1'
    > pin 'u_LOGIC_CENTER/CENTER1/DRD_OD/U308/B2B' at logic '1'
    > pin 'u_LOGIC_CENTER/CENTER1/DRD_OD/U338/B2B' at logic '1'
    > pin 'u_LOGIC_CENTER/CENTER1/DRD_OD/U340/B2B' at logic '1'
    > pin 'u_LOGIC_CENTER/CENTER1/DRD_OD/U170/I2' at logic '1'

170.4.2 Forward propagation through CELLS (level 4)
----------------------------------------------------

170.4.2 Forward propagation through CELLS (level 4)
----------------------------------------------------

170.4.2 Forward propagation through CELLS (level 4)
----------------------------------------------------
  Cell 'u_LOGIC_CENTER/PLACE_FE_DBTC0_N_5__IOBUF' (libcell 'INVX03AS9') :
    input pin 'u_LOGIC_CENTER/PLACE_FE_DBTC0_N_5__IOBUF/I' at logic '1'
    > output pin 'u_LOGIC_CENTER/PLACE_FE_DBTC0_N_5__IOBUF/O' at logic '0'

170.5.1 Forward propagation on NET pins (level 5)
----------------------------------------------------
  Propagation of logic '0' from pin 'u_LOGIC_CENTER/PLACE_FE_DBTC0_N_5__IOBUF/O' on net 'u_LOGIC_CENTER/I_DP_SEL':
    > pin 'u_LOGIC_CENTER/PLACE_FE_OFC682_I_DP_SEL/I' at logic '0'

170.5.2 Forward propagation through CELLS (level 5)
----------------------------------------------------
  Cell 'u_LOGIC_CENTER/PLACE_FE_OFC682_I_DP_SEL' (libcell 'BUFX6AS9') :
    input pin 'u_LOGIC_CENTER/PLACE_FE_OFC682_I_DP_SEL/I' at logic '0'
    > output pin 'u_LOGIC_CENTER/PLACE_FE_OFC682_I_DP_SEL/O' at logic '0'

170.6.1 Forward propagation on NET pins (level 6)
----------------------------------------------------
  Propagation of logic '0' from pin 'u_LOGIC_CENTER/PLACE_FE_OFC682_I_DP_SEL/O' on net 'u_LOGIC_CENTER/FE_OFN683_n':
    > pin 'u_LOGIC_CENTER/CLKGEN_U0/DIODE_51/ANT' at logic '0'
    > pin 'u_LOGIC_CENTER/CLKGEN_U0/U4/B2' at logic '0'
    > pin 'u_LOGIC_CENTER/CLKGEN_U0/U8/B1' at logic '0'
    > pin 'u_LOGIC_CENTER/LINK_LOGIC/U3/S' at logic '0'
    > pin 'u_LOGIC_CENTER/LINK_LOGIC/CSPI_CMD_ALIGN_L0/iSP_UTC_DET_L0/U60/I1' at logic '0'
    > pin 'u_LOGIC_CENTER/LINK_LOGIC/CSPI_CMD_ALIGN_L0/iSP_UTC_DET_L0/U22/I2' at logic '0'
    > pin 'u_LOGIC_CENTER/LINK_LOGIC/LC_CSPIF_L0/U599/I2' at logic '0'
    > pin 'u_LOGIC_CENTER/LINK_LOGIC/LC_CSPIF_L0/U271/I2' at logic '0'
    > pin 'u_LOGIC_CENTER/LINK_LOGIC/U_SYNC_L0L1/U36/B2' at logic '0'
    > pin 'u_LOGIC_CENTER/LINK_LOGIC/U_SYNC_L0L1/U37/B2' at logic '0'
    > pin 'u_LOGIC_CENTER/LINK_LOGIC/U_SYNC_L0L1/U38/B2' at logic '0'
    > pin 'u_LOGIC_CENTER/LINK_LOGIC/U_SYNC_L0L1/U39/B2' at logic '0'
    > pin 'u_LOGIC_CENTER/LINK_LOGIC/U_SYNC_L0L1/U40/B2' at logic '0'
    > pin 'u_LOGIC_CENTER/LINK_LOGIC/U_SYNC_L0L1/U41/B2B' at logic '0'
    > pin 'u_LOGIC_CENTER/CENTER1/TOTAL_DTCTL/DTCTL_L0/U113/I1' at logic '0'
    > pin 'u_LOGIC_CENTER/CENTER1/TOTAL_DTCTL/DTCTL_L0/U80/I1' at logic '0'
    > pin 'u_LOGIC_CENTER/CENTER1/TOTAL_DTCTL/DTCTL_L0/U86/I2' at logic '0'
    > pin 'u_LOGIC_CENTER/CENTER1/TOTAL_DTCTL/DTCTL_L0/DPLC_PRE_REV/U5/I2' at logic '0'
    > pin 'u_LOGIC_CENTER/CENTER1/TOTAL_DTCTL/DTCTL_L0/U255/S' at logic '0'
    > pin 'u_LOGIC_CENTER/CENTER1/TOTAL_DTCTL/DTCTL_L1/U62/I1' at logic '0'
    > pin 'u_LOGIC_CENTER/CENTER1/TOTAL_DTCTL/DTCTL_L1/U66/I1' at logic '0'
    > pin 'u_LOGIC_CENTER/CENTER1/TOTAL_DTCTL/DTCTL_COMB/U9/I1' at logic '0'
    > pin 'u_LOGIC_CENTER/CENTER1/DRD_OD/U29/S' at logic '0'
    > pin 'u_LOGIC_CENTER/CENTER1/DRD_OD/U282/I2' at logic '0'
    > pin 'u_LOGIC_CENTER/CENTER1/DRD_OD/U30/S' at logic '0'
    > pin 'u_LOGIC_CENTER/CENTER1/DRD_OD/U31/S' at logic '0'
    > pin 'u_LOGIC_CENTER/CENTER1/DRD_OD/U286/I2' at logic '0'
    > pin 'u_LOGIC_CENTER/CENTER1/DRD_OD/U32/S' at logic '0'
    > pin 'u_LOGIC_CENTER/CENTER1/DRD_OD/U290/I2' at logic '0'
    > pin 'u_LOGIC_CENTER/CENTER1/DRD_OD/U293/I2' at logic '0'
    > pin 'u_LOGIC_CENTER/CENTER1/DRD_OD/U296/I2' at logic '0'
    > pin 'u_LOGIC_CENTER/CENTER1/DRD_OD/U299/I2' at logic '0'
    > pin 'u_LOGIC_CENTER/CENTER1/DRD_OD/U45/S' at logic '0'
    > pin 'u_LOGIC_CENTER/CENTER1/DRD_OD/U46/S' at logic '0'
    > pin 'u_LOGIC_CENTER/CENTER1/DRD_OD/U54/S' at logic '0'
    > pin 'u_LOGIC_CENTER/CENTER1/DRD_OD/U55/S' at logic '0'
    > pin 'u_LOGIC_CENTER/CENTER1/DRD_OD/U302/I2' at logic '0'
    > pin 'u_LOGIC_CENTER/CENTER1/DRD_OD/U305/I2' at logic '0'
    > pin 'u_LOGIC_CENTER/CENTER1/DRD_OD/U117/I2' at logic '0'
    > pin 'u_LOGIC_CENTER/CENTER1/DRD_OD/U119/I2' at logic '0'
    > pin 'u_LOGIC_CENTER/CENTER1/DRD_OD/U329/S' at logic '0'
    > pin 'u_LOGIC_CENTER/CENTER1/DRD_OD/U330/S' at logic '0'
    > pin 'u_LOGIC_CENTER/CENTER1/DRD_OD/U331/S' at logic '0'
    > pin 'u_LOGIC_CENTER/CENTER1/DRD_OD/U332/S' at logic '0'
    > pin 'u_LOGIC_CENTER/CENTER1/DRD_OD/U333/S' at logic '0'
    > pin 'u_LOGIC_CENTER/CENTER1/DRD_OD/U334/S' at logic '0'
    > pin 'u_LOGIC_CENTER/CENTER1/DRD_OD/U335/S' at logic '0'
    > pin 'u_LOGIC_CENTER/CENTER1/DRD_OD/U336/S' at logic '0'
    > pin 'u_LOGIC_CENTER/CENTER1/DRD_OD/U168/I2' at logic '0'
    > pin 'u_LOGIC_CENTER/CENTER1/DRD_OD/SNPS_CG_CELL_DTCLK_L0_DATAI_L0_OD_WEIGHT_d1_reg_0/latch/E' at logic '0'
    > pin 'u_LOGIC_CENTER/PLACE_FE_OFC380_I_DP_SEL/I' at logic '0'

170.6.2 Forward propagation through CELLS (level 6)
----------------------------------------------------

170.6.2 Forward propagation through CELLS (level 6)
----------------------------------------------------

170.6.2 Forward propagation through CELLS (level 6)
----------------------------------------------------

170.6.2 Forward propagation through CELLS (level 6)
----------------------------------------------------

170.6.2 Forward propagation through CELLS (level 6)
----------------------------------------------------

170.6.2 Forward propagation through CELLS (level 6)
----------------------------------------------------
  Cell 'u_LOGIC_CENTER/LINK_LOGIC/CSPI_CMD_ALIGN_L0/iSP_UTC_DET_L0/U22' (libcell 'NAND2X05AS9') :
    input pin 'u_LOGIC_CENTER/LINK_LOGIC/CSPI_CMD_ALIGN_L0/iSP_UTC_DET_L0/U22/I2' at logic '0'
    > output pin 'u_LOGIC_CENTER/LINK_LOGIC/CSPI_CMD_ALIGN_L0/iSP_UTC_DET_L0/U22/O' at logic '1'

170.7.1 Forward propagation on NET pins (level 7)
----------------------------------------------------
  Propagation of logic '1' from pin 'u_LOGIC_CENTER/LINK_LOGIC/CSPI_CMD_ALIGN_L0/iSP_UTC_DET_L0/U22/O' on net 'u_LOGIC_CENTER/LINK_LOGIC/CSPI_CMD_ALIGN_L0/iSP_UTC_DET_L0/n132':
    > pin 'u_LOGIC_CENTER/LINK_LOGIC/CSPI_CMD_ALIGN_L0/iSP_UTC_DET_L0/U152/I0' at logic '1'
    > pin 'u_LOGIC_CENTER/LINK_LOGIC/CSPI_CMD_ALIGN_L0/iSP_UTC_DET_L0/U155/C2' at logic '1'
    > pin 'u_LOGIC_CENTER/LINK_LOGIC/CSPI_CMD_ALIGN_L0/iSP_UTC_DET_L0/U10/I' at logic '1'

170.7.2 Forward propagation through CELLS (level 7)
----------------------------------------------------

170.7.2 Forward propagation through CELLS (level 7)
----------------------------------------------------

170.7.2 Forward propagation through CELLS (level 7)
----------------------------------------------------
  Cell 'u_LOGIC_CENTER/LINK_LOGIC/CSPI_CMD_ALIGN_L0/iSP_UTC_DET_L0/U10' (libcell 'INVX03AS9') :
    input pin 'u_LOGIC_CENTER/LINK_LOGIC/CSPI_CMD_ALIGN_L0/iSP_UTC_DET_L0/U10/I' at logic '1'
    > output pin 'u_LOGIC_CENTER/LINK_LOGIC/CSPI_CMD_ALIGN_L0/iSP_UTC_DET_L0/U10/O' at logic '0'

170.8.1 Forward propagation on NET pins (level 8)
----------------------------------------------------
  Propagation of logic '0' from pin 'u_LOGIC_CENTER/LINK_LOGIC/CSPI_CMD_ALIGN_L0/iSP_UTC_DET_L0/U10/O' on net 'u_LOGIC_CENTER/LINK_LOGIC/CSPI_CMD_ALIGN_L0/iSP_UTC_DET_L0/n21':
    > pin 'u_LOGIC_CENTER/LINK_LOGIC/CSPI_CMD_ALIGN_L0/iSP_UTC_DET_L0/U23/B2B' at logic '0'

170.8.2 Forward propagation through CELLS (level 8)
----------------------------------------------------

170.6.2 Forward propagation through CELLS (level 6)
----------------------------------------------------

170.6.2 Forward propagation through CELLS (level 6)
----------------------------------------------------
  Cell 'u_LOGIC_CENTER/LINK_LOGIC/LC_CSPIF_L0/U271' (libcell 'NAND2X05AS9') :
    input pin 'u_LOGIC_CENTER/LINK_LOGIC/LC_CSPIF_L0/U271/I2' at logic '0'
    > output pin 'u_LOGIC_CENTER/LINK_LOGIC/LC_CSPIF_L0/U271/O' at logic '1'

170.7.1 Forward propagation on NET pins (level 7)
----------------------------------------------------
  Propagation of logic '1' from pin 'u_LOGIC_CENTER/LINK_LOGIC/LC_CSPIF_L0/U271/O' on net 'u_LOGIC_CENTER/LINK_LOGIC/LC_CSPIF_L0/n368':
    > pin 'u_LOGIC_CENTER/LINK_LOGIC/LC_CSPIF_L0/U47/I' at logic '1'
    > pin 'u_LOGIC_CENTER/LINK_LOGIC/LC_CSPIF_L0/U604/I1' at logic '1'
    > pin 'u_LOGIC_CENTER/LINK_LOGIC/LC_CSPIF_L0/U272/I1' at logic '1'

170.7.2 Forward propagation through CELLS (level 7)
----------------------------------------------------
  Cell 'u_LOGIC_CENTER/LINK_LOGIC/LC_CSPIF_L0/U47' (libcell 'INVX03AS9') :
    input pin 'u_LOGIC_CENTER/LINK_LOGIC/LC_CSPIF_L0/U47/I' at logic '1'
    > output pin 'u_LOGIC_CENTER/LINK_LOGIC/LC_CSPIF_L0/U47/O' at logic '0'

170.8.1 Forward propagation on NET pins (level 8)
----------------------------------------------------
  Propagation of logic '0' from pin 'u_LOGIC_CENTER/LINK_LOGIC/LC_CSPIF_L0/U47/O' on net 'u_LOGIC_CENTER/LINK_LOGIC/LC_CSPIF_L0/n136':
    > pin 'u_LOGIC_CENTER/LINK_LOGIC/LC_CSPIF_L0/U298/B2B' at logic '0'

170.8.2 Forward propagation through CELLS (level 8)
----------------------------------------------------

170.7.2 Forward propagation through CELLS (level 7)
----------------------------------------------------

170.7.2 Forward propagation through CELLS (level 7)
----------------------------------------------------

170.6.2 Forward propagation through CELLS (level 6)
----------------------------------------------------

170.6.2 Forward propagation through CELLS (level 6)
----------------------------------------------------

170.6.2 Forward propagation through CELLS (level 6)
----------------------------------------------------

170.6.2 Forward propagation through CELLS (level 6)
----------------------------------------------------

170.6.2 Forward propagation through CELLS (level 6)
----------------------------------------------------

170.6.2 Forward propagation through CELLS (level 6)
----------------------------------------------------

170.6.2 Forward propagation through CELLS (level 6)
----------------------------------------------------

170.6.2 Forward propagation through CELLS (level 6)
----------------------------------------------------

170.6.2 Forward propagation through CELLS (level 6)
----------------------------------------------------

170.6.2 Forward propagation through CELLS (level 6)
----------------------------------------------------

170.6.2 Forward propagation through CELLS (level 6)
----------------------------------------------------

170.6.2 Forward propagation through CELLS (level 6)
----------------------------------------------------

170.6.2 Forward propagation through CELLS (level 6)
----------------------------------------------------

170.6.2 Forward propagation through CELLS (level 6)
----------------------------------------------------
  Cell 'u_LOGIC_CENTER/CENTER1/TOTAL_DTCTL/DTCTL_COMB/U9' (libcell 'AND2B1X2AS9') :
    input pin 'u_LOGIC_CENTER/CENTER1/TOTAL_DTCTL/DTCTL_COMB/U9/I1' at logic '0'
    > output pin 'u_LOGIC_CENTER/CENTER1/TOTAL_DTCTL/DTCTL_COMB/U9/O' at logic '0'

170.7.1 Forward propagation on NET pins (level 7)
----------------------------------------------------
  Propagation of logic '0' from pin 'u_LOGIC_CENTER/CENTER1/TOTAL_DTCTL/DTCTL_COMB/U9/O' on net 'u_LOGIC_CENTER/CENTER1/TOTAL_DTCTL/DTCTL_COMB/n69':
    > pin 'u_LOGIC_CENTER/CENTER1/TOTAL_DTCTL/DTCTL_COMB/DIODE_27/ANT' at logic '0'
    > pin 'u_LOGIC_CENTER/CENTER1/TOTAL_DTCTL/DTCTL_COMB/U3/I' at logic '0'
    > pin 'u_LOGIC_CENTER/CENTER1/TOTAL_DTCTL/DTCTL_COMB/U12/I1' at logic '0'
    > pin 'u_LOGIC_CENTER/CENTER1/TOTAL_DTCTL/DTCTL_COMB/U14/I1' at logic '0'
    > pin 'u_LOGIC_CENTER/CENTER1/TOTAL_DTCTL/DTCTL_COMB/U15/A1' at logic '0'
    > pin 'u_LOGIC_CENTER/CENTER1/TOTAL_DTCTL/DTCTL_COMB/U176/A1' at logic '0'
    > pin 'u_LOGIC_CENTER/CENTER1/TOTAL_DTCTL/DTCTL_COMB/U23/A1' at logic '0'

170.7.2 Forward propagation through CELLS (level 7)
----------------------------------------------------

170.7.2 Forward propagation through CELLS (level 7)
----------------------------------------------------
  Cell 'u_LOGIC_CENTER/CENTER1/TOTAL_DTCTL/DTCTL_COMB/U3' (libcell 'INVX05AS9') :
    input pin 'u_LOGIC_CENTER/CENTER1/TOTAL_DTCTL/DTCTL_COMB/U3/I' at logic '0'
    > output pin 'u_LOGIC_CENTER/CENTER1/TOTAL_DTCTL/DTCTL_COMB/U3/O' at logic '1'

170.8.1 Forward propagation on NET pins (level 8)
----------------------------------------------------
  Propagation of logic '1' from pin 'u_LOGIC_CENTER/CENTER1/TOTAL_DTCTL/DTCTL_COMB/U3/O' on net 'u_LOGIC_CENTER/CENTER1/TOTAL_DTCTL/DTCTL_COMB/n4':
    > pin 'u_LOGIC_CENTER/CENTER1/TOTAL_DTCTL/DTCTL_COMB/U16/B1' at logic '1'
    > pin 'u_LOGIC_CENTER/CENTER1/TOTAL_DTCTL/DTCTL_COMB/U27/A1' at logic '1'

170.8.2 Forward propagation through CELLS (level 8)
----------------------------------------------------

170.8.2 Forward propagation through CELLS (level 8)
----------------------------------------------------

170.7.2 Forward propagation through CELLS (level 7)
----------------------------------------------------

170.7.2 Forward propagation through CELLS (level 7)
----------------------------------------------------

170.7.2 Forward propagation through CELLS (level 7)
----------------------------------------------------
  Cell 'u_LOGIC_CENTER/CENTER1/TOTAL_DTCTL/DTCTL_COMB/U15' (libcell 'OA122X05AS9') :
    input pin 'u_LOGIC_CENTER/CENTER1/TOTAL_DTCTL/DTCTL_COMB/U15/A1' at logic '0'
    > output pin 'u_LOGIC_CENTER/CENTER1/TOTAL_DTCTL/DTCTL_COMB/U15/O' at logic '0'

170.8.1 Forward propagation on NET pins (level 8)
----------------------------------------------------
  Propagation of logic '0' from pin 'u_LOGIC_CENTER/CENTER1/TOTAL_DTCTL/DTCTL_COMB/U15/O' on net 'u_LOGIC_CENTER/CENTER1/TOTAL_DTCTL/DTCTL_COMB/n7':
    > pin 'u_LOGIC_CENTER/CENTER1/TOTAL_DTCTL/DTCTL_COMB/U17/I1' at logic '0'
    > pin 'u_LOGIC_CENTER/CENTER1/TOTAL_DTCTL/DTCTL_COMB/U19/I1' at logic '0'

170.8.2 Forward propagation through CELLS (level 8)
----------------------------------------------------

170.8.2 Forward propagation through CELLS (level 8)
----------------------------------------------------

170.7.2 Forward propagation through CELLS (level 7)
----------------------------------------------------

170.7.2 Forward propagation through CELLS (level 7)
----------------------------------------------------

170.6.2 Forward propagation through CELLS (level 6)
----------------------------------------------------

170.6.2 Forward propagation through CELLS (level 6)
----------------------------------------------------
  Cell 'u_LOGIC_CENTER/CENTER1/DRD_OD/U282' (libcell 'NAND2X05AS9') :
    input pin 'u_LOGIC_CENTER/CENTER1/DRD_OD/U282/I2' at logic '0'
    > output pin 'u_LOGIC_CENTER/CENTER1/DRD_OD/U282/O' at logic '1'

170.7.1 Forward propagation on NET pins (level 7)
----------------------------------------------------
  Propagation of logic '1' from pin 'u_LOGIC_CENTER/CENTER1/DRD_OD/U282/O' on net 'u_LOGIC_CENTER/CENTER1/DRD_OD/n169':
    > pin 'u_LOGIC_CENTER/CENTER1/DRD_OD/U283/A1' at logic '1'
    > pin 'u_LOGIC_CENTER/CENTER1/DRD_OD/POSTROUTE_FE_PHC103_n169/I' at logic '1'

170.7.2 Forward propagation through CELLS (level 7)
----------------------------------------------------

170.7.2 Forward propagation through CELLS (level 7)
----------------------------------------------------
  Cell 'u_LOGIC_CENTER/CENTER1/DRD_OD/POSTROUTE_FE_PHC103_n169' (libcell 'BUFX03AS9') :
    input pin 'u_LOGIC_CENTER/CENTER1/DRD_OD/POSTROUTE_FE_PHC103_n169/I' at logic '1'
    > output pin 'u_LOGIC_CENTER/CENTER1/DRD_OD/POSTROUTE_FE_PHC103_n169/O' at logic '1'

170.8.1 Forward propagation on NET pins (level 8)
----------------------------------------------------
  Propagation of logic '1' from pin 'u_LOGIC_CENTER/CENTER1/DRD_OD/POSTROUTE_FE_PHC103_n169/O' on net 'u_LOGIC_CENTER/CENTER1/DRD_OD/FE_PHN103_n169':
    > pin 'u_LOGIC_CENTER/CENTER1/DRD_OD/POSTROUTE_FE_PHC164_n169/I' at logic '1'

170.8.2 Forward propagation through CELLS (level 8)
----------------------------------------------------
  Cell 'u_LOGIC_CENTER/CENTER1/DRD_OD/POSTROUTE_FE_PHC164_n169' (libcell 'BUFX03AS9') :
    input pin 'u_LOGIC_CENTER/CENTER1/DRD_OD/POSTROUTE_FE_PHC164_n169/I' at logic '1'
    > output pin 'u_LOGIC_CENTER/CENTER1/DRD_OD/POSTROUTE_FE_PHC164_n169/O' at logic '1'

170.9.1 Forward propagation on NET pins (level 9)
----------------------------------------------------
  Propagation of logic '1' from pin 'u_LOGIC_CENTER/CENTER1/DRD_OD/POSTROUTE_FE_PHC164_n169/O' on net 'u_LOGIC_CENTER/CENTER1/DRD_OD/FE_PHN164_n169':
    > pin 'u_LOGIC_CENTER/CENTER1/DRD_OD/U308/A1' at logic '1'

170.9.2 Forward propagation through CELLS (level 9)
----------------------------------------------------

170.6.2 Forward propagation through CELLS (level 6)
----------------------------------------------------

170.6.2 Forward propagation through CELLS (level 6)
----------------------------------------------------

170.6.2 Forward propagation through CELLS (level 6)
----------------------------------------------------
  Cell 'u_LOGIC_CENTER/CENTER1/DRD_OD/U286' (libcell 'NAND2X05AS9') :
    input pin 'u_LOGIC_CENTER/CENTER1/DRD_OD/U286/I2' at logic '0'
    > output pin 'u_LOGIC_CENTER/CENTER1/DRD_OD/U286/O' at logic '1'

170.7.1 Forward propagation on NET pins (level 7)
----------------------------------------------------
  Propagation of logic '1' from pin 'u_LOGIC_CENTER/CENTER1/DRD_OD/U286/O' on net 'u_LOGIC_CENTER/CENTER1/DRD_OD/n168':
    > pin 'u_LOGIC_CENTER/CENTER1/DRD_OD/U287/A1' at logic '1'
    > pin 'u_LOGIC_CENTER/CENTER1/DRD_OD/POSTROUTE_FE_PHC109_n168/I' at logic '1'

170.7.2 Forward propagation through CELLS (level 7)
----------------------------------------------------

170.7.2 Forward propagation through CELLS (level 7)
----------------------------------------------------
  Cell 'u_LOGIC_CENTER/CENTER1/DRD_OD/POSTROUTE_FE_PHC109_n168' (libcell 'BUFX03AS9') :
    input pin 'u_LOGIC_CENTER/CENTER1/DRD_OD/POSTROUTE_FE_PHC109_n168/I' at logic '1'
    > output pin 'u_LOGIC_CENTER/CENTER1/DRD_OD/POSTROUTE_FE_PHC109_n168/O' at logic '1'

170.8.1 Forward propagation on NET pins (level 8)
----------------------------------------------------
  Propagation of logic '1' from pin 'u_LOGIC_CENTER/CENTER1/DRD_OD/POSTROUTE_FE_PHC109_n168/O' on net 'u_LOGIC_CENTER/CENTER1/DRD_OD/FE_PHN109_n168':
    > pin 'u_LOGIC_CENTER/CENTER1/DRD_OD/U307/A1' at logic '1'

170.8.2 Forward propagation through CELLS (level 8)
----------------------------------------------------

170.6.2 Forward propagation through CELLS (level 6)
----------------------------------------------------

170.6.2 Forward propagation through CELLS (level 6)
----------------------------------------------------
  Cell 'u_LOGIC_CENTER/CENTER1/DRD_OD/U290' (libcell 'NAND2X05AS9') :
    input pin 'u_LOGIC_CENTER/CENTER1/DRD_OD/U290/I2' at logic '0'
    > output pin 'u_LOGIC_CENTER/CENTER1/DRD_OD/U290/O' at logic '1'

170.7.1 Forward propagation on NET pins (level 7)
----------------------------------------------------
  Propagation of logic '1' from pin 'u_LOGIC_CENTER/CENTER1/DRD_OD/U290/O' on net 'u_LOGIC_CENTER/CENTER1/DRD_OD/n194':
    > pin 'u_LOGIC_CENTER/CENTER1/DRD_OD/POSTROUTE_FE_PHC92_n194/I' at logic '1'
    > pin 'u_LOGIC_CENTER/CENTER1/DRD_OD/U337/A1' at logic '1'

170.7.2 Forward propagation through CELLS (level 7)
----------------------------------------------------
  Cell 'u_LOGIC_CENTER/CENTER1/DRD_OD/POSTROUTE_FE_PHC92_n194' (libcell 'BUFX03AS9') :
    input pin 'u_LOGIC_CENTER/CENTER1/DRD_OD/POSTROUTE_FE_PHC92_n194/I' at logic '1'
    > output pin 'u_LOGIC_CENTER/CENTER1/DRD_OD/POSTROUTE_FE_PHC92_n194/O' at logic '1'

170.8.1 Forward propagation on NET pins (level 8)
----------------------------------------------------
  Propagation of logic '1' from pin 'u_LOGIC_CENTER/CENTER1/DRD_OD/POSTROUTE_FE_PHC92_n194/O' on net 'u_LOGIC_CENTER/CENTER1/DRD_OD/FE_PHN92_n194':
    > pin 'u_LOGIC_CENTER/CENTER1/DRD_OD/POSTROUTE_FE_PHC159_n194/I' at logic '1'

170.8.2 Forward propagation through CELLS (level 8)
----------------------------------------------------
  Cell 'u_LOGIC_CENTER/CENTER1/DRD_OD/POSTROUTE_FE_PHC159_n194' (libcell 'BUFX03AS9') :
    input pin 'u_LOGIC_CENTER/CENTER1/DRD_OD/POSTROUTE_FE_PHC159_n194/I' at logic '1'
    > output pin 'u_LOGIC_CENTER/CENTER1/DRD_OD/POSTROUTE_FE_PHC159_n194/O' at logic '1'

170.9.1 Forward propagation on NET pins (level 9)
----------------------------------------------------
  Propagation of logic '1' from pin 'u_LOGIC_CENTER/CENTER1/DRD_OD/POSTROUTE_FE_PHC159_n194/O' on net 'u_LOGIC_CENTER/CENTER1/DRD_OD/FE_PHN159_n194':
    > pin 'u_LOGIC_CENTER/CENTER1/DRD_OD/U291/A1' at logic '1'

170.9.2 Forward propagation through CELLS (level 9)
----------------------------------------------------

170.7.2 Forward propagation through CELLS (level 7)
----------------------------------------------------

170.6.2 Forward propagation through CELLS (level 6)
----------------------------------------------------
  Cell 'u_LOGIC_CENTER/CENTER1/DRD_OD/U293' (libcell 'NAND2X05AS9') :
    input pin 'u_LOGIC_CENTER/CENTER1/DRD_OD/U293/I2' at logic '0'
    > output pin 'u_LOGIC_CENTER/CENTER1/DRD_OD/U293/O' at logic '1'

170.7.1 Forward propagation on NET pins (level 7)
----------------------------------------------------
  Propagation of logic '1' from pin 'u_LOGIC_CENTER/CENTER1/DRD_OD/U293/O' on net 'u_LOGIC_CENTER/CENTER1/DRD_OD/n195':
    > pin 'u_LOGIC_CENTER/CENTER1/DRD_OD/U338/A1' at logic '1'
    > pin 'u_LOGIC_CENTER/CENTER1/DRD_OD/POSTROUTE_FE_PHC108_n195/I' at logic '1'

170.7.2 Forward propagation through CELLS (level 7)
----------------------------------------------------

170.7.2 Forward propagation through CELLS (level 7)
----------------------------------------------------
  Cell 'u_LOGIC_CENTER/CENTER1/DRD_OD/POSTROUTE_FE_PHC108_n195' (libcell 'BUFX03AS9') :
    input pin 'u_LOGIC_CENTER/CENTER1/DRD_OD/POSTROUTE_FE_PHC108_n195/I' at logic '1'
    > output pin 'u_LOGIC_CENTER/CENTER1/DRD_OD/POSTROUTE_FE_PHC108_n195/O' at logic '1'

170.8.1 Forward propagation on NET pins (level 8)
----------------------------------------------------
  Propagation of logic '1' from pin 'u_LOGIC_CENTER/CENTER1/DRD_OD/POSTROUTE_FE_PHC108_n195/O' on net 'u_LOGIC_CENTER/CENTER1/DRD_OD/FE_PHN108_n195':
    > pin 'u_LOGIC_CENTER/CENTER1/DRD_OD/U294/A1' at logic '1'

170.8.2 Forward propagation through CELLS (level 8)
----------------------------------------------------

170.6.2 Forward propagation through CELLS (level 6)
----------------------------------------------------
  Cell 'u_LOGIC_CENTER/CENTER1/DRD_OD/U296' (libcell 'NAND2X05AS9') :
    input pin 'u_LOGIC_CENTER/CENTER1/DRD_OD/U296/I2' at logic '0'
    > output pin 'u_LOGIC_CENTER/CENTER1/DRD_OD/U296/O' at logic '1'

170.7.1 Forward propagation on NET pins (level 7)
----------------------------------------------------
  Propagation of logic '1' from pin 'u_LOGIC_CENTER/CENTER1/DRD_OD/U296/O' on net 'u_LOGIC_CENTER/CENTER1/DRD_OD/n196':
    > pin 'u_LOGIC_CENTER/CENTER1/DRD_OD/POSTROUTE_FE_PHC101_n196/I' at logic '1'
    > pin 'u_LOGIC_CENTER/CENTER1/DRD_OD/U339/A1' at logic '1'

170.7.2 Forward propagation through CELLS (level 7)
----------------------------------------------------
  Cell 'u_LOGIC_CENTER/CENTER1/DRD_OD/POSTROUTE_FE_PHC101_n196' (libcell 'BUFX03AS9') :
    input pin 'u_LOGIC_CENTER/CENTER1/DRD_OD/POSTROUTE_FE_PHC101_n196/I' at logic '1'
    > output pin 'u_LOGIC_CENTER/CENTER1/DRD_OD/POSTROUTE_FE_PHC101_n196/O' at logic '1'

170.8.1 Forward propagation on NET pins (level 8)
----------------------------------------------------
  Propagation of logic '1' from pin 'u_LOGIC_CENTER/CENTER1/DRD_OD/POSTROUTE_FE_PHC101_n196/O' on net 'u_LOGIC_CENTER/CENTER1/DRD_OD/FE_PHN101_n196':
    > pin 'u_LOGIC_CENTER/CENTER1/DRD_OD/POSTROUTE_FE_PHC161_n196/I' at logic '1'

170.8.2 Forward propagation through CELLS (level 8)
----------------------------------------------------
  Cell 'u_LOGIC_CENTER/CENTER1/DRD_OD/POSTROUTE_FE_PHC161_n196' (libcell 'BUFX03AS9') :
    input pin 'u_LOGIC_CENTER/CENTER1/DRD_OD/POSTROUTE_FE_PHC161_n196/I' at logic '1'
    > output pin 'u_LOGIC_CENTER/CENTER1/DRD_OD/POSTROUTE_FE_PHC161_n196/O' at logic '1'

170.9.1 Forward propagation on NET pins (level 9)
----------------------------------------------------
  Propagation of logic '1' from pin 'u_LOGIC_CENTER/CENTER1/DRD_OD/POSTROUTE_FE_PHC161_n196/O' on net 'u_LOGIC_CENTER/CENTER1/DRD_OD/FE_PHN161_n196':
    > pin 'u_LOGIC_CENTER/CENTER1/DRD_OD/U297/A1' at logic '1'

170.9.2 Forward propagation through CELLS (level 9)
----------------------------------------------------

170.7.2 Forward propagation through CELLS (level 7)
----------------------------------------------------

170.6.2 Forward propagation through CELLS (level 6)
----------------------------------------------------
  Cell 'u_LOGIC_CENTER/CENTER1/DRD_OD/U299' (libcell 'NAND2X05AS9') :
    input pin 'u_LOGIC_CENTER/CENTER1/DRD_OD/U299/I2' at logic '0'
    > output pin 'u_LOGIC_CENTER/CENTER1/DRD_OD/U299/O' at logic '1'

170.7.1 Forward propagation on NET pins (level 7)
----------------------------------------------------
  Propagation of logic '1' from pin 'u_LOGIC_CENTER/CENTER1/DRD_OD/U299/O' on net 'u_LOGIC_CENTER/CENTER1/DRD_OD/n197':
    > pin 'u_LOGIC_CENTER/CENTER1/DRD_OD/U340/A1' at logic '1'
    > pin 'u_LOGIC_CENTER/CENTER1/DRD_OD/POSTROUTE_FE_PHC110_n197/I' at logic '1'

170.7.2 Forward propagation through CELLS (level 7)
----------------------------------------------------

170.7.2 Forward propagation through CELLS (level 7)
----------------------------------------------------
  Cell 'u_LOGIC_CENTER/CENTER1/DRD_OD/POSTROUTE_FE_PHC110_n197' (libcell 'BUFX03AS9') :
    input pin 'u_LOGIC_CENTER/CENTER1/DRD_OD/POSTROUTE_FE_PHC110_n197/I' at logic '1'
    > output pin 'u_LOGIC_CENTER/CENTER1/DRD_OD/POSTROUTE_FE_PHC110_n197/O' at logic '1'

170.8.1 Forward propagation on NET pins (level 8)
----------------------------------------------------
  Propagation of logic '1' from pin 'u_LOGIC_CENTER/CENTER1/DRD_OD/POSTROUTE_FE_PHC110_n197/O' on net 'u_LOGIC_CENTER/CENTER1/DRD_OD/FE_PHN110_n197':
    > pin 'u_LOGIC_CENTER/CENTER1/DRD_OD/U300/A1' at logic '1'

170.8.2 Forward propagation through CELLS (level 8)
----------------------------------------------------

170.6.2 Forward propagation through CELLS (level 6)
----------------------------------------------------

170.6.2 Forward propagation through CELLS (level 6)
----------------------------------------------------

170.6.2 Forward propagation through CELLS (level 6)
----------------------------------------------------

170.6.2 Forward propagation through CELLS (level 6)
----------------------------------------------------

170.6.2 Forward propagation through CELLS (level 6)
----------------------------------------------------
  Cell 'u_LOGIC_CENTER/CENTER1/DRD_OD/U302' (libcell 'NAND2X05AS9') :
    input pin 'u_LOGIC_CENTER/CENTER1/DRD_OD/U302/I2' at logic '0'
    > output pin 'u_LOGIC_CENTER/CENTER1/DRD_OD/U302/O' at logic '1'

170.7.1 Forward propagation on NET pins (level 7)
----------------------------------------------------
  Propagation of logic '1' from pin 'u_LOGIC_CENTER/CENTER1/DRD_OD/U302/O' on net 'u_LOGIC_CENTER/CENTER1/DRD_OD/n198':
    > pin 'u_LOGIC_CENTER/CENTER1/DRD_OD/U341/A1' at logic '1'
    > pin 'u_LOGIC_CENTER/CENTER1/DRD_OD/POSTROUTE_FE_PHC102_n198/I' at logic '1'

170.7.2 Forward propagation through CELLS (level 7)
----------------------------------------------------

170.7.2 Forward propagation through CELLS (level 7)
----------------------------------------------------
  Cell 'u_LOGIC_CENTER/CENTER1/DRD_OD/POSTROUTE_FE_PHC102_n198' (libcell 'BUFX03AS9') :
    input pin 'u_LOGIC_CENTER/CENTER1/DRD_OD/POSTROUTE_FE_PHC102_n198/I' at logic '1'
    > output pin 'u_LOGIC_CENTER/CENTER1/DRD_OD/POSTROUTE_FE_PHC102_n198/O' at logic '1'

170.8.1 Forward propagation on NET pins (level 8)
----------------------------------------------------
  Propagation of logic '1' from pin 'u_LOGIC_CENTER/CENTER1/DRD_OD/POSTROUTE_FE_PHC102_n198/O' on net 'u_LOGIC_CENTER/CENTER1/DRD_OD/FE_PHN102_n198':
    > pin 'u_LOGIC_CENTER/CENTER1/DRD_OD/U303/A1' at logic '1'

170.8.2 Forward propagation through CELLS (level 8)
----------------------------------------------------

170.6.2 Forward propagation through CELLS (level 6)
----------------------------------------------------
  Cell 'u_LOGIC_CENTER/CENTER1/DRD_OD/U305' (libcell 'NAND2X05AS9') :
    input pin 'u_LOGIC_CENTER/CENTER1/DRD_OD/U305/I2' at logic '0'
    > output pin 'u_LOGIC_CENTER/CENTER1/DRD_OD/U305/O' at logic '1'

170.7.1 Forward propagation on NET pins (level 7)
----------------------------------------------------
  Propagation of logic '1' from pin 'u_LOGIC_CENTER/CENTER1/DRD_OD/U305/O' on net 'u_LOGIC_CENTER/CENTER1/DRD_OD/n199':
    > pin 'u_LOGIC_CENTER/CENTER1/DRD_OD/U342/A1' at logic '1'
    > pin 'u_LOGIC_CENTER/CENTER1/DRD_OD/POSTROUTE_FE_PHC105_n199/I' at logic '1'

170.7.2 Forward propagation through CELLS (level 7)
----------------------------------------------------

170.7.2 Forward propagation through CELLS (level 7)
----------------------------------------------------
  Cell 'u_LOGIC_CENTER/CENTER1/DRD_OD/POSTROUTE_FE_PHC105_n199' (libcell 'BUFX03AS9') :
    input pin 'u_LOGIC_CENTER/CENTER1/DRD_OD/POSTROUTE_FE_PHC105_n199/I' at logic '1'
    > output pin 'u_LOGIC_CENTER/CENTER1/DRD_OD/POSTROUTE_FE_PHC105_n199/O' at logic '1'

170.8.1 Forward propagation on NET pins (level 8)
----------------------------------------------------
  Propagation of logic '1' from pin 'u_LOGIC_CENTER/CENTER1/DRD_OD/POSTROUTE_FE_PHC105_n199/O' on net 'u_LOGIC_CENTER/CENTER1/DRD_OD/FE_PHN105_n199':
    > pin 'u_LOGIC_CENTER/CENTER1/DRD_OD/POSTROUTE_FE_PHC165_n199/I' at logic '1'

170.8.2 Forward propagation through CELLS (level 8)
----------------------------------------------------
  Cell 'u_LOGIC_CENTER/CENTER1/DRD_OD/POSTROUTE_FE_PHC165_n199' (libcell 'BUFX03AS9') :
    input pin 'u_LOGIC_CENTER/CENTER1/DRD_OD/POSTROUTE_FE_PHC165_n199/I' at logic '1'
    > output pin 'u_LOGIC_CENTER/CENTER1/DRD_OD/POSTROUTE_FE_PHC165_n199/O' at logic '1'

170.9.1 Forward propagation on NET pins (level 9)
----------------------------------------------------
  Propagation of logic '1' from pin 'u_LOGIC_CENTER/CENTER1/DRD_OD/POSTROUTE_FE_PHC165_n199/O' on net 'u_LOGIC_CENTER/CENTER1/DRD_OD/FE_PHN165_n199':
    > pin 'u_LOGIC_CENTER/CENTER1/DRD_OD/U306/A1' at logic '1'

170.9.2 Forward propagation through CELLS (level 9)
----------------------------------------------------

170.6.2 Forward propagation through CELLS (level 6)
----------------------------------------------------
  Cell 'u_LOGIC_CENTER/CENTER1/DRD_OD/U117' (libcell 'CLKNAND2X1AS9') :
    input pin 'u_LOGIC_CENTER/CENTER1/DRD_OD/U117/I2' at logic '0'
    > output pin 'u_LOGIC_CENTER/CENTER1/DRD_OD/U117/O' at logic '1'

170.7.1 Forward propagation on NET pins (level 7)
----------------------------------------------------
  Propagation of logic '1' from pin 'u_LOGIC_CENTER/CENTER1/DRD_OD/U117/O' on net 'u_LOGIC_CENTER/CENTER1/DRD_OD/n39':
    > pin 'u_LOGIC_CENTER/CENTER1/DRD_OD/U100/I1' at logic '1'
    > pin 'u_LOGIC_CENTER/CENTER1/DRD_OD/U101/I0' at logic '1'
    > pin 'u_LOGIC_CENTER/CENTER1/DRD_OD/U121/I' at logic '1'
    > pin 'u_LOGIC_CENTER/CENTER1/DRD_OD/U171/I0' at logic '1'

170.7.2 Forward propagation through CELLS (level 7)
----------------------------------------------------

170.7.2 Forward propagation through CELLS (level 7)
----------------------------------------------------

170.7.2 Forward propagation through CELLS (level 7)
----------------------------------------------------
  Cell 'u_LOGIC_CENTER/CENTER1/DRD_OD/U121' (libcell 'INVX03AS9') :
    input pin 'u_LOGIC_CENTER/CENTER1/DRD_OD/U121/I' at logic '1'
    > output pin 'u_LOGIC_CENTER/CENTER1/DRD_OD/U121/O' at logic '0'

170.8.1 Forward propagation on NET pins (level 8)
----------------------------------------------------
  Propagation of logic '0' from pin 'u_LOGIC_CENTER/CENTER1/DRD_OD/U121/O' on net 'u_LOGIC_CENTER/CENTER1/DRD_OD/n7':
    > pin 'u_LOGIC_CENTER/CENTER1/DRD_OD/U122/I1' at logic '0'

170.8.2 Forward propagation through CELLS (level 8)
----------------------------------------------------

170.7.2 Forward propagation through CELLS (level 7)
----------------------------------------------------

170.6.2 Forward propagation through CELLS (level 6)
----------------------------------------------------
  Cell 'u_LOGIC_CENTER/CENTER1/DRD_OD/U119' (libcell 'NAND2X05AS9') :
    input pin 'u_LOGIC_CENTER/CENTER1/DRD_OD/U119/I2' at logic '0'
    > output pin 'u_LOGIC_CENTER/CENTER1/DRD_OD/U119/O' at logic '1'

170.7.1 Forward propagation on NET pins (level 7)
----------------------------------------------------
  Propagation of logic '1' from pin 'u_LOGIC_CENTER/CENTER1/DRD_OD/U119/O' on net 'u_LOGIC_CENTER/CENTER1/DRD_OD/n40':
    > pin 'u_LOGIC_CENTER/CENTER1/DRD_OD/U100/I0' at logic '1'
    > pin 'u_LOGIC_CENTER/CENTER1/DRD_OD/U101/I1' at logic '1'
    > pin 'u_LOGIC_CENTER/CENTER1/DRD_OD/U120/I' at logic '1'
    > pin 'u_LOGIC_CENTER/CENTER1/DRD_OD/U171/I1' at logic '1'

170.7.2 Forward propagation through CELLS (level 7)
----------------------------------------------------
  Cell 'u_LOGIC_CENTER/CENTER1/DRD_OD/U100' (libcell 'MUX2BX1AS9') :
    input pin 'u_LOGIC_CENTER/CENTER1/DRD_OD/U100/I0' at logic '1'
    input pin 'u_LOGIC_CENTER/CENTER1/DRD_OD/U100/I1' at logic '1'
    > output pin 'u_LOGIC_CENTER/CENTER1/DRD_OD/U100/OB' at logic '0'

170.8.1 Forward propagation on NET pins (level 8)
----------------------------------------------------
  Propagation of logic '0' from pin 'u_LOGIC_CENTER/CENTER1/DRD_OD/U100/OB' on net 'u_LOGIC_CENTER/CENTER1/DRD_OD/n223':
    > pin 'u_LOGIC_CENTER/CENTER1/DRD_OD/PLACE_FE_OFC477_n223/I' at logic '0'
    > pin 'u_LOGIC_CENTER/CENTER1/DRD_OD/U172/B1' at logic '0'
    > pin 'u_LOGIC_CENTER/CENTER1/DRD_OD/U174/B1' at logic '0'
    > pin 'u_LOGIC_CENTER/CENTER1/DRD_OD/U178/B1' at logic '0'
    > pin 'u_LOGIC_CENTER/CENTER1/DRD_OD/U207/B1' at logic '0'
    > pin 'u_LOGIC_CENTER/CENTER1/DRD_OD/U215/B1' at logic '0'
    > pin 'u_LOGIC_CENTER/CENTER1/DRD_OD/U224/B1' at logic '0'

170.8.2 Forward propagation through CELLS (level 8)
----------------------------------------------------
  Cell 'u_LOGIC_CENTER/CENTER1/DRD_OD/PLACE_FE_OFC477_n223' (libcell 'CLKBUFX1AS9') :
    input pin 'u_LOGIC_CENTER/CENTER1/DRD_OD/PLACE_FE_OFC477_n223/I' at logic '0'
    > output pin 'u_LOGIC_CENTER/CENTER1/DRD_OD/PLACE_FE_OFC477_n223/O' at logic '0'

170.9.1 Forward propagation on NET pins (level 9)
----------------------------------------------------
  Propagation of logic '0' from pin 'u_LOGIC_CENTER/CENTER1/DRD_OD/PLACE_FE_OFC477_n223/O' on net 'u_LOGIC_CENTER/CENTER1/DRD_OD/FE_OFN462_n223':
    > pin 'u_LOGIC_CENTER/CENTER1/DRD_OD/U360/B1' at logic '0'
    > pin 'u_LOGIC_CENTER/CENTER1/DRD_OD/U176/B1' at logic '0'
    > pin 'u_LOGIC_CENTER/CENTER1/DRD_OD/U180/B1' at logic '0'
    > pin 'u_LOGIC_CENTER/CENTER1/DRD_OD/U199/B1' at logic '0'
    > pin 'u_LOGIC_CENTER/CENTER1/DRD_OD/U203/B1' at logic '0'
    > pin 'u_LOGIC_CENTER/CENTER1/DRD_OD/U211/B1' at logic '0'
    > pin 'u_LOGIC_CENTER/CENTER1/DRD_OD/U219/B1' at logic '0'
    > pin 'u_LOGIC_CENTER/CENTER1/DRD_OD/U222/B1' at logic '0'
    > pin 'u_LOGIC_CENTER/CENTER1/DRD_OD/U236/B1' at logic '0'
    > pin 'u_LOGIC_CENTER/CENTER1/DRD_OD/U239/B1' at logic '0'
    > pin 'u_LOGIC_CENTER/CENTER1/DRD_OD/U242/B1' at logic '0'
    > pin 'u_LOGIC_CENTER/CENTER1/DRD_OD/U245/B1' at logic '0'
    > pin 'u_LOGIC_CENTER/CENTER1/DRD_OD/U248/B1' at logic '0'
    > pin 'u_LOGIC_CENTER/CENTER1/DRD_OD/U251/B1' at logic '0'
    > pin 'u_LOGIC_CENTER/CENTER1/DRD_OD/U254/B1' at logic '0'
    > pin 'u_LOGIC_CENTER/CENTER1/DRD_OD/U261/B1' at logic '0'
    > pin 'u_LOGIC_CENTER/CENTER1/DRD_OD/U264/B1' at logic '0'
    > pin 'u_LOGIC_CENTER/CENTER1/DRD_OD/U276/B1' at logic '0'

170.9.2 Forward propagation through CELLS (level 9)
----------------------------------------------------

170.9.2 Forward propagation through CELLS (level 9)
----------------------------------------------------

170.9.2 Forward propagation through CELLS (level 9)
----------------------------------------------------

170.9.2 Forward propagation through CELLS (level 9)
----------------------------------------------------

170.9.2 Forward propagation through CELLS (level 9)
----------------------------------------------------

170.9.2 Forward propagation through CELLS (level 9)
----------------------------------------------------

170.9.2 Forward propagation through CELLS (level 9)
----------------------------------------------------

170.9.2 Forward propagation through CELLS (level 9)
----------------------------------------------------

170.9.2 Forward propagation through CELLS (level 9)
----------------------------------------------------

170.9.2 Forward propagation through CELLS (level 9)
----------------------------------------------------

170.9.2 Forward propagation through CELLS (level 9)
----------------------------------------------------

170.9.2 Forward propagation through CELLS (level 9)
----------------------------------------------------

170.9.2 Forward propagation through CELLS (level 9)
----------------------------------------------------

170.9.2 Forward propagation through CELLS (level 9)
----------------------------------------------------

170.9.2 Forward propagation through CELLS (level 9)
----------------------------------------------------

170.9.2 Forward propagation through CELLS (level 9)
----------------------------------------------------

170.9.2 Forward propagation through CELLS (level 9)
----------------------------------------------------

170.9.2 Forward propagation through CELLS (level 9)
----------------------------------------------------

170.8.2 Forward propagation through CELLS (level 8)
----------------------------------------------------

170.8.2 Forward propagation through CELLS (level 8)
----------------------------------------------------

170.8.2 Forward propagation through CELLS (level 8)
----------------------------------------------------

170.8.2 Forward propagation through CELLS (level 8)
----------------------------------------------------

170.8.2 Forward propagation through CELLS (level 8)
----------------------------------------------------

170.8.2 Forward propagation through CELLS (level 8)
----------------------------------------------------

170.7.2 Forward propagation through CELLS (level 7)
----------------------------------------------------
  Cell 'u_LOGIC_CENTER/CENTER1/DRD_OD/U101' (libcell 'MUX2BX3AS9') :
    input pin 'u_LOGIC_CENTER/CENTER1/DRD_OD/U101/I0' at logic '1'
    input pin 'u_LOGIC_CENTER/CENTER1/DRD_OD/U101/I1' at logic '1'
    > output pin 'u_LOGIC_CENTER/CENTER1/DRD_OD/U101/OB' at logic '0'

170.8.1 Forward propagation on NET pins (level 8)
----------------------------------------------------
  Propagation of logic '0' from pin 'u_LOGIC_CENTER/CENTER1/DRD_OD/U101/OB' on net 'u_LOGIC_CENTER/CENTER1/DRD_OD/n217':
    > pin 'u_LOGIC_CENTER/CENTER1/DRD_OD/U125/A2' at logic '0'
    > pin 'u_LOGIC_CENTER/CENTER1/DRD_OD/U128/A2' at logic '0'
    > pin 'u_LOGIC_CENTER/CENTER1/DRD_OD/U131/A2' at logic '0'
    > pin 'u_LOGIC_CENTER/CENTER1/DRD_OD/U135/A2' at logic '0'
    > pin 'u_LOGIC_CENTER/CENTER1/DRD_OD/U139/A2' at logic '0'
    > pin 'u_LOGIC_CENTER/CENTER1/DRD_OD/U144/A2' at logic '0'
    > pin 'u_LOGIC_CENTER/CENTER1/DRD_OD/U149/A2' at logic '0'
    > pin 'u_LOGIC_CENTER/CENTER1/DRD_OD/U344/A2' at logic '0'
    > pin 'u_LOGIC_CENTER/CENTER1/DRD_OD/U154/A2' at logic '0'
    > pin 'u_LOGIC_CENTER/CENTER1/DRD_OD/U348/A2' at logic '0'
    > pin 'u_LOGIC_CENTER/CENTER1/DRD_OD/U159/A2' at logic '0'
    > pin 'u_LOGIC_CENTER/CENTER1/DRD_OD/U352/A2' at logic '0'
    > pin 'u_LOGIC_CENTER/CENTER1/DRD_OD/U164/A2' at logic '0'
    > pin 'u_LOGIC_CENTER/CENTER1/DRD_OD/U356/A2' at logic '0'
    > pin 'u_LOGIC_CENTER/CENTER1/DRD_OD/U184/A2' at logic '0'
    > pin 'u_LOGIC_CENTER/CENTER1/DRD_OD/U189/A2' at logic '0'
    > pin 'u_LOGIC_CENTER/CENTER1/DRD_OD/U194/A2' at logic '0'
    > pin 'u_LOGIC_CENTER/CENTER1/DRD_OD/U227/A2' at logic '0'
    > pin 'u_LOGIC_CENTER/CENTER1/DRD_OD/U229/A2' at logic '0'
    > pin 'u_LOGIC_CENTER/CENTER1/DRD_OD/U231/A2' at logic '0'
    > pin 'u_LOGIC_CENTER/CENTER1/DRD_OD/U233/A2' at logic '0'
    > pin 'u_LOGIC_CENTER/CENTER1/DRD_OD/U269/A2' at logic '0'
    > pin 'u_LOGIC_CENTER/CENTER1/DRD_OD/U273/A2' at logic '0'
    > pin 'u_LOGIC_CENTER/CENTER1/DRD_OD/U279/A2' at logic '0'

170.8.2 Forward propagation through CELLS (level 8)
----------------------------------------------------

170.8.2 Forward propagation through CELLS (level 8)
----------------------------------------------------

170.8.2 Forward propagation through CELLS (level 8)
----------------------------------------------------

170.8.2 Forward propagation through CELLS (level 8)
----------------------------------------------------

170.8.2 Forward propagation through CELLS (level 8)
----------------------------------------------------

170.8.2 Forward propagation through CELLS (level 8)
----------------------------------------------------

170.8.2 Forward propagation through CELLS (level 8)
----------------------------------------------------

170.8.2 Forward propagation through CELLS (level 8)
----------------------------------------------------

170.8.2 Forward propagation through CELLS (level 8)
----------------------------------------------------

170.8.2 Forward propagation through CELLS (level 8)
----------------------------------------------------

170.8.2 Forward propagation through CELLS (level 8)
----------------------------------------------------

170.8.2 Forward propagation through CELLS (level 8)
----------------------------------------------------

170.8.2 Forward propagation through CELLS (level 8)
----------------------------------------------------

170.8.2 Forward propagation through CELLS (level 8)
----------------------------------------------------

170.8.2 Forward propagation through CELLS (level 8)
----------------------------------------------------

170.8.2 Forward propagation through CELLS (level 8)
----------------------------------------------------

170.8.2 Forward propagation through CELLS (level 8)
----------------------------------------------------

170.8.2 Forward propagation through CELLS (level 8)
----------------------------------------------------

170.8.2 Forward propagation through CELLS (level 8)
----------------------------------------------------

170.8.2 Forward propagation through CELLS (level 8)
----------------------------------------------------

170.8.2 Forward propagation through CELLS (level 8)
----------------------------------------------------

170.8.2 Forward propagation through CELLS (level 8)
----------------------------------------------------

170.8.2 Forward propagation through CELLS (level 8)
----------------------------------------------------

170.8.2 Forward propagation through CELLS (level 8)
----------------------------------------------------

170.7.2 Forward propagation through CELLS (level 7)
----------------------------------------------------
  Cell 'u_LOGIC_CENTER/CENTER1/DRD_OD/U120' (libcell 'INVX03AS9') :
    input pin 'u_LOGIC_CENTER/CENTER1/DRD_OD/U120/I' at logic '1'
    > output pin 'u_LOGIC_CENTER/CENTER1/DRD_OD/U120/O' at logic '0'

170.8.1 Forward propagation on NET pins (level 8)
----------------------------------------------------
  Propagation of logic '0' from pin 'u_LOGIC_CENTER/CENTER1/DRD_OD/U120/O' on net 'u_LOGIC_CENTER/CENTER1/DRD_OD/n8':
    > pin 'u_LOGIC_CENTER/CENTER1/DRD_OD/U122/I0' at logic '0'

170.8.2 Forward propagation through CELLS (level 8)
----------------------------------------------------
  Cell 'u_LOGIC_CENTER/CENTER1/DRD_OD/U122' (libcell 'MUX2BX1AS9') :
    input pin 'u_LOGIC_CENTER/CENTER1/DRD_OD/U122/I0' at logic '0'
    input pin 'u_LOGIC_CENTER/CENTER1/DRD_OD/U122/I1' at logic '0'
    > output pin 'u_LOGIC_CENTER/CENTER1/DRD_OD/U122/OB' at logic '1'

170.9.1 Forward propagation on NET pins (level 9)
----------------------------------------------------
  Propagation of logic '1' from pin 'u_LOGIC_CENTER/CENTER1/DRD_OD/U122/OB' on net 'u_LOGIC_CENTER/CENTER1/DRD_OD/n216':
    > pin 'u_LOGIC_CENTER/CENTER1/DRD_OD/PLACE_FE_OFC417_n216/I' at logic '1'

170.9.2 Forward propagation through CELLS (level 9)
----------------------------------------------------
  Cell 'u_LOGIC_CENTER/CENTER1/DRD_OD/PLACE_FE_OFC417_n216' (libcell 'CLKBUFX3AS9') :
    input pin 'u_LOGIC_CENTER/CENTER1/DRD_OD/PLACE_FE_OFC417_n216/I' at logic '1'
    > output pin 'u_LOGIC_CENTER/CENTER1/DRD_OD/PLACE_FE_OFC417_n216/O' at logic '1'

170.10.1 Forward propagation on NET pins (level 10)
----------------------------------------------------
  Propagation of logic '1' from pin 'u_LOGIC_CENTER/CENTER1/DRD_OD/PLACE_FE_OFC417_n216/O' on net 'u_LOGIC_CENTER/CENTER1/DRD_OD/FE_OFN398_n216':
    > pin 'u_LOGIC_CENTER/CENTER1/DRD_OD/U125/B1B' at logic '1'
    > pin 'u_LOGIC_CENTER/CENTER1/DRD_OD/U128/B1B' at logic '1'
    > pin 'u_LOGIC_CENTER/CENTER1/DRD_OD/U131/B1B' at logic '1'
    > pin 'u_LOGIC_CENTER/CENTER1/DRD_OD/U135/B1B' at logic '1'
    > pin 'u_LOGIC_CENTER/CENTER1/DRD_OD/U139/B1B' at logic '1'
    > pin 'u_LOGIC_CENTER/CENTER1/DRD_OD/U144/B1B' at logic '1'
    > pin 'u_LOGIC_CENTER/CENTER1/DRD_OD/U149/B1B' at logic '1'
    > pin 'u_LOGIC_CENTER/CENTER1/DRD_OD/U344/B1B' at logic '1'
    > pin 'u_LOGIC_CENTER/CENTER1/DRD_OD/U154/B1B' at logic '1'
    > pin 'u_LOGIC_CENTER/CENTER1/DRD_OD/U159/B1B' at logic '1'
    > pin 'u_LOGIC_CENTER/CENTER1/DRD_OD/U352/B1B' at logic '1'
    > pin 'u_LOGIC_CENTER/CENTER1/DRD_OD/U164/B1B' at logic '1'
    > pin 'u_LOGIC_CENTER/CENTER1/DRD_OD/U356/B1B' at logic '1'
    > pin 'u_LOGIC_CENTER/CENTER1/DRD_OD/U184/B1B' at logic '1'
    > pin 'u_LOGIC_CENTER/CENTER1/DRD_OD/U189/B1B' at logic '1'
    > pin 'u_LOGIC_CENTER/CENTER1/DRD_OD/U194/B1B' at logic '1'
    > pin 'u_LOGIC_CENTER/CENTER1/DRD_OD/U227/B1B' at logic '1'
    > pin 'u_LOGIC_CENTER/CENTER1/DRD_OD/U231/B1B' at logic '1'
    > pin 'u_LOGIC_CENTER/CENTER1/DRD_OD/U233/B1B' at logic '1'
    > pin 'u_LOGIC_CENTER/CENTER1/DRD_OD/PLACE_FE_OFC418_n216/I' at logic '1'
    > pin 'u_LOGIC_CENTER/CENTER1/DRD_OD/U269/B1B' at logic '1'
    > pin 'u_LOGIC_CENTER/CENTER1/DRD_OD/U273/B1B' at logic '1'
    > pin 'u_LOGIC_CENTER/CENTER1/DRD_OD/U279/B1B' at logic '1'

170.10.2 Forward propagation through CELLS (level 10)
----------------------------------------------------
  Cell 'u_LOGIC_CENTER/CENTER1/DRD_OD/U125' (libcell 'AOI22B2X1AS9') :
    input pin 'u_LOGIC_CENTER/CENTER1/DRD_OD/U125/A2' at logic '0'
    input pin 'u_LOGIC_CENTER/CENTER1/DRD_OD/U125/B1B' at logic '1'
    > output pin 'u_LOGIC_CENTER/CENTER1/DRD_OD/U125/O' at logic '1'

170.11.1 Forward propagation on NET pins (level 11)
----------------------------------------------------
  Propagation of logic '1' from pin 'u_LOGIC_CENTER/CENTER1/DRD_OD/U125/O' on net 'u_LOGIC_CENTER/CENTER1/DRD_OD/n9':
    > pin 'u_LOGIC_CENTER/CENTER1/DRD_OD/U126/B1B' at logic '1'

170.11.2 Forward propagation through CELLS (level 11)
----------------------------------------------------

170.10.2 Forward propagation through CELLS (level 10)
----------------------------------------------------
  Cell 'u_LOGIC_CENTER/CENTER1/DRD_OD/U128' (libcell 'AOI22B2X1AS9') :
    input pin 'u_LOGIC_CENTER/CENTER1/DRD_OD/U128/A2' at logic '0'
    input pin 'u_LOGIC_CENTER/CENTER1/DRD_OD/U128/B1B' at logic '1'
    > output pin 'u_LOGIC_CENTER/CENTER1/DRD_OD/U128/O' at logic '1'

170.11.1 Forward propagation on NET pins (level 11)
----------------------------------------------------
  Propagation of logic '1' from pin 'u_LOGIC_CENTER/CENTER1/DRD_OD/U128/O' on net 'u_LOGIC_CENTER/CENTER1/DRD_OD/n12':
    > pin 'u_LOGIC_CENTER/CENTER1/DRD_OD/U129/B1B' at logic '1'

170.11.2 Forward propagation through CELLS (level 11)
----------------------------------------------------

170.10.2 Forward propagation through CELLS (level 10)
----------------------------------------------------
  Cell 'u_LOGIC_CENTER/CENTER1/DRD_OD/U131' (libcell 'AOI22B2X1AS9') :
    input pin 'u_LOGIC_CENTER/CENTER1/DRD_OD/U131/A2' at logic '0'
    input pin 'u_LOGIC_CENTER/CENTER1/DRD_OD/U131/B1B' at logic '1'
    > output pin 'u_LOGIC_CENTER/CENTER1/DRD_OD/U131/O' at logic '1'

170.11.1 Forward propagation on NET pins (level 11)
----------------------------------------------------
  Propagation of logic '1' from pin 'u_LOGIC_CENTER/CENTER1/DRD_OD/U131/O' on net 'u_LOGIC_CENTER/CENTER1/DRD_OD/n15':
    > pin 'u_LOGIC_CENTER/CENTER1/DRD_OD/U132/B1B' at logic '1'

170.11.2 Forward propagation through CELLS (level 11)
----------------------------------------------------

170.10.2 Forward propagation through CELLS (level 10)
----------------------------------------------------
  Cell 'u_LOGIC_CENTER/CENTER1/DRD_OD/U135' (libcell 'AOI22B2X1AS9') :
    input pin 'u_LOGIC_CENTER/CENTER1/DRD_OD/U135/A2' at logic '0'
    input pin 'u_LOGIC_CENTER/CENTER1/DRD_OD/U135/B1B' at logic '1'
    > output pin 'u_LOGIC_CENTER/CENTER1/DRD_OD/U135/O' at logic '1'

170.11.1 Forward propagation on NET pins (level 11)
----------------------------------------------------
  Propagation of logic '1' from pin 'u_LOGIC_CENTER/CENTER1/DRD_OD/U135/O' on net 'u_LOGIC_CENTER/CENTER1/DRD_OD/n17':
    > pin 'u_LOGIC_CENTER/CENTER1/DRD_OD/U136/B1B' at logic '1'

170.11.2 Forward propagation through CELLS (level 11)
----------------------------------------------------

170.10.2 Forward propagation through CELLS (level 10)
----------------------------------------------------
  Cell 'u_LOGIC_CENTER/CENTER1/DRD_OD/U139' (libcell 'AOI22B2X1AS9') :
    input pin 'u_LOGIC_CENTER/CENTER1/DRD_OD/U139/A2' at logic '0'
    input pin 'u_LOGIC_CENTER/CENTER1/DRD_OD/U139/B1B' at logic '1'
    > output pin 'u_LOGIC_CENTER/CENTER1/DRD_OD/U139/O' at logic '1'

170.11.1 Forward propagation on NET pins (level 11)
----------------------------------------------------
  Propagation of logic '1' from pin 'u_LOGIC_CENTER/CENTER1/DRD_OD/U139/O' on net 'u_LOGIC_CENTER/CENTER1/DRD_OD/n20':
    > pin 'u_LOGIC_CENTER/CENTER1/DRD_OD/U140/B1B' at logic '1'

170.11.2 Forward propagation through CELLS (level 11)
----------------------------------------------------

170.10.2 Forward propagation through CELLS (level 10)
----------------------------------------------------
  Cell 'u_LOGIC_CENTER/CENTER1/DRD_OD/U144' (libcell 'AOI22B2X1AS9') :
    input pin 'u_LOGIC_CENTER/CENTER1/DRD_OD/U144/A2' at logic '0'
    input pin 'u_LOGIC_CENTER/CENTER1/DRD_OD/U144/B1B' at logic '1'
    > output pin 'u_LOGIC_CENTER/CENTER1/DRD_OD/U144/O' at logic '1'

170.11.1 Forward propagation on NET pins (level 11)
----------------------------------------------------
  Propagation of logic '1' from pin 'u_LOGIC_CENTER/CENTER1/DRD_OD/U144/O' on net 'u_LOGIC_CENTER/CENTER1/DRD_OD/n23':
    > pin 'u_LOGIC_CENTER/CENTER1/DRD_OD/U145/B1B' at logic '1'

170.11.2 Forward propagation through CELLS (level 11)
----------------------------------------------------

170.10.2 Forward propagation through CELLS (level 10)
----------------------------------------------------
  Cell 'u_LOGIC_CENTER/CENTER1/DRD_OD/U149' (libcell 'AOI22B2X1AS9') :
    input pin 'u_LOGIC_CENTER/CENTER1/DRD_OD/U149/A2' at logic '0'
    input pin 'u_LOGIC_CENTER/CENTER1/DRD_OD/U149/B1B' at logic '1'
    > output pin 'u_LOGIC_CENTER/CENTER1/DRD_OD/U149/O' at logic '1'

170.11.1 Forward propagation on NET pins (level 11)
----------------------------------------------------
  Propagation of logic '1' from pin 'u_LOGIC_CENTER/CENTER1/DRD_OD/U149/O' on net 'u_LOGIC_CENTER/CENTER1/DRD_OD/n26':
    > pin 'u_LOGIC_CENTER/CENTER1/DRD_OD/U150/B1B' at logic '1'

170.11.2 Forward propagation through CELLS (level 11)
----------------------------------------------------

170.10.2 Forward propagation through CELLS (level 10)
----------------------------------------------------
  Cell 'u_LOGIC_CENTER/CENTER1/DRD_OD/U344' (libcell 'AOI22B2X1AS9') :
    input pin 'u_LOGIC_CENTER/CENTER1/DRD_OD/U344/A2' at logic '0'
    input pin 'u_LOGIC_CENTER/CENTER1/DRD_OD/U344/B1B' at logic '1'
    > output pin 'u_LOGIC_CENTER/CENTER1/DRD_OD/U344/O' at logic '1'

170.11.1 Forward propagation on NET pins (level 11)
----------------------------------------------------
  Propagation of logic '1' from pin 'u_LOGIC_CENTER/CENTER1/DRD_OD/U344/O' on net 'u_LOGIC_CENTER/CENTER1/DRD_OD/n203':
    > pin 'u_LOGIC_CENTER/CENTER1/DRD_OD/U345/B1B' at logic '1'

170.11.2 Forward propagation through CELLS (level 11)
----------------------------------------------------

170.10.2 Forward propagation through CELLS (level 10)
----------------------------------------------------
  Cell 'u_LOGIC_CENTER/CENTER1/DRD_OD/U154' (libcell 'AOI22B2X1AS9') :
    input pin 'u_LOGIC_CENTER/CENTER1/DRD_OD/U154/A2' at logic '0'
    input pin 'u_LOGIC_CENTER/CENTER1/DRD_OD/U154/B1B' at logic '1'
    > output pin 'u_LOGIC_CENTER/CENTER1/DRD_OD/U154/O' at logic '1'

170.11.1 Forward propagation on NET pins (level 11)
----------------------------------------------------
  Propagation of logic '1' from pin 'u_LOGIC_CENTER/CENTER1/DRD_OD/U154/O' on net 'u_LOGIC_CENTER/CENTER1/DRD_OD/n29':
    > pin 'u_LOGIC_CENTER/CENTER1/DRD_OD/U155/B1B' at logic '1'

170.11.2 Forward propagation through CELLS (level 11)
----------------------------------------------------

170.10.2 Forward propagation through CELLS (level 10)
----------------------------------------------------
  Cell 'u_LOGIC_CENTER/CENTER1/DRD_OD/U159' (libcell 'AOI22B2X1AS9') :
    input pin 'u_LOGIC_CENTER/CENTER1/DRD_OD/U159/A2' at logic '0'
    input pin 'u_LOGIC_CENTER/CENTER1/DRD_OD/U159/B1B' at logic '1'
    > output pin 'u_LOGIC_CENTER/CENTER1/DRD_OD/U159/O' at logic '1'

170.11.1 Forward propagation on NET pins (level 11)
----------------------------------------------------
  Propagation of logic '1' from pin 'u_LOGIC_CENTER/CENTER1/DRD_OD/U159/O' on net 'u_LOGIC_CENTER/CENTER1/DRD_OD/n32':
    > pin 'u_LOGIC_CENTER/CENTER1/DRD_OD/U160/B1B' at logic '1'

170.11.2 Forward propagation through CELLS (level 11)
----------------------------------------------------

170.10.2 Forward propagation through CELLS (level 10)
----------------------------------------------------
  Cell 'u_LOGIC_CENTER/CENTER1/DRD_OD/U352' (libcell 'AOI22B2X1AS9') :
    input pin 'u_LOGIC_CENTER/CENTER1/DRD_OD/U352/A2' at logic '0'
    input pin 'u_LOGIC_CENTER/CENTER1/DRD_OD/U352/B1B' at logic '1'
    > output pin 'u_LOGIC_CENTER/CENTER1/DRD_OD/U352/O' at logic '1'

170.11.1 Forward propagation on NET pins (level 11)
----------------------------------------------------
  Propagation of logic '1' from pin 'u_LOGIC_CENTER/CENTER1/DRD_OD/U352/O' on net 'u_LOGIC_CENTER/CENTER1/DRD_OD/n211':
    > pin 'u_LOGIC_CENTER/CENTER1/DRD_OD/U353/B1B' at logic '1'

170.11.2 Forward propagation through CELLS (level 11)
----------------------------------------------------

170.10.2 Forward propagation through CELLS (level 10)
----------------------------------------------------
  Cell 'u_LOGIC_CENTER/CENTER1/DRD_OD/U164' (libcell 'AOI22B2X1AS9') :
    input pin 'u_LOGIC_CENTER/CENTER1/DRD_OD/U164/A2' at logic '0'
    input pin 'u_LOGIC_CENTER/CENTER1/DRD_OD/U164/B1B' at logic '1'
    > output pin 'u_LOGIC_CENTER/CENTER1/DRD_OD/U164/O' at logic '1'

170.11.1 Forward propagation on NET pins (level 11)
----------------------------------------------------
  Propagation of logic '1' from pin 'u_LOGIC_CENTER/CENTER1/DRD_OD/U164/O' on net 'u_LOGIC_CENTER/CENTER1/DRD_OD/n35':
    > pin 'u_LOGIC_CENTER/CENTER1/DRD_OD/U165/B1B' at logic '1'

170.11.2 Forward propagation through CELLS (level 11)
----------------------------------------------------

170.10.2 Forward propagation through CELLS (level 10)
----------------------------------------------------
  Cell 'u_LOGIC_CENTER/CENTER1/DRD_OD/U356' (libcell 'AOI22B2X1AS9') :
    input pin 'u_LOGIC_CENTER/CENTER1/DRD_OD/U356/A2' at logic '0'
    input pin 'u_LOGIC_CENTER/CENTER1/DRD_OD/U356/B1B' at logic '1'
    > output pin 'u_LOGIC_CENTER/CENTER1/DRD_OD/U356/O' at logic '1'

170.11.1 Forward propagation on NET pins (level 11)
----------------------------------------------------
  Propagation of logic '1' from pin 'u_LOGIC_CENTER/CENTER1/DRD_OD/U356/O' on net 'u_LOGIC_CENTER/CENTER1/DRD_OD/n218':
    > pin 'u_LOGIC_CENTER/CENTER1/DRD_OD/U357/B1B' at logic '1'

170.11.2 Forward propagation through CELLS (level 11)
----------------------------------------------------

170.10.2 Forward propagation through CELLS (level 10)
----------------------------------------------------
  Cell 'u_LOGIC_CENTER/CENTER1/DRD_OD/U184' (libcell 'AOI22B2X1AS9') :
    input pin 'u_LOGIC_CENTER/CENTER1/DRD_OD/U184/A2' at logic '0'
    input pin 'u_LOGIC_CENTER/CENTER1/DRD_OD/U184/B1B' at logic '1'
    > output pin 'u_LOGIC_CENTER/CENTER1/DRD_OD/U184/O' at logic '1'

170.11.1 Forward propagation on NET pins (level 11)
----------------------------------------------------
  Propagation of logic '1' from pin 'u_LOGIC_CENTER/CENTER1/DRD_OD/U184/O' on net 'u_LOGIC_CENTER/CENTER1/DRD_OD/n56':
    > pin 'u_LOGIC_CENTER/CENTER1/DRD_OD/U185/B1B' at logic '1'

170.11.2 Forward propagation through CELLS (level 11)
----------------------------------------------------

170.10.2 Forward propagation through CELLS (level 10)
----------------------------------------------------
  Cell 'u_LOGIC_CENTER/CENTER1/DRD_OD/U189' (libcell 'AOI22B2X1AS9') :
    input pin 'u_LOGIC_CENTER/CENTER1/DRD_OD/U189/A2' at logic '0'
    input pin 'u_LOGIC_CENTER/CENTER1/DRD_OD/U189/B1B' at logic '1'
    > output pin 'u_LOGIC_CENTER/CENTER1/DRD_OD/U189/O' at logic '1'

170.11.1 Forward propagation on NET pins (level 11)
----------------------------------------------------
  Propagation of logic '1' from pin 'u_LOGIC_CENTER/CENTER1/DRD_OD/U189/O' on net 'u_LOGIC_CENTER/CENTER1/DRD_OD/n59':
    > pin 'u_LOGIC_CENTER/CENTER1/DRD_OD/U190/B1B' at logic '1'

170.11.2 Forward propagation through CELLS (level 11)
----------------------------------------------------

170.10.2 Forward propagation through CELLS (level 10)
----------------------------------------------------
  Cell 'u_LOGIC_CENTER/CENTER1/DRD_OD/U194' (libcell 'AOI22B2X1AS9') :
    input pin 'u_LOGIC_CENTER/CENTER1/DRD_OD/U194/A2' at logic '0'
    input pin 'u_LOGIC_CENTER/CENTER1/DRD_OD/U194/B1B' at logic '1'
    > output pin 'u_LOGIC_CENTER/CENTER1/DRD_OD/U194/O' at logic '1'

170.11.1 Forward propagation on NET pins (level 11)
----------------------------------------------------
  Propagation of logic '1' from pin 'u_LOGIC_CENTER/CENTER1/DRD_OD/U194/O' on net 'u_LOGIC_CENTER/CENTER1/DRD_OD/n62':
    > pin 'u_LOGIC_CENTER/CENTER1/DRD_OD/U195/B1B' at logic '1'

170.11.2 Forward propagation through CELLS (level 11)
----------------------------------------------------

170.10.2 Forward propagation through CELLS (level 10)
----------------------------------------------------
  Cell 'u_LOGIC_CENTER/CENTER1/DRD_OD/U227' (libcell 'AOI22B2X1AS9') :
    input pin 'u_LOGIC_CENTER/CENTER1/DRD_OD/U227/A2' at logic '0'
    input pin 'u_LOGIC_CENTER/CENTER1/DRD_OD/U227/B1B' at logic '1'
    > output pin 'u_LOGIC_CENTER/CENTER1/DRD_OD/U227/O' at logic '1'

170.11.1 Forward propagation on NET pins (level 11)
----------------------------------------------------
  Propagation of logic '1' from pin 'u_LOGIC_CENTER/CENTER1/DRD_OD/U227/O' on net 'u_LOGIC_CENTER/CENTER1/DRD_OD/n96':
    > pin 'u_LOGIC_CENTER/CENTER1/DRD_OD/U228/B1B' at logic '1'

170.11.2 Forward propagation through CELLS (level 11)
----------------------------------------------------

170.10.2 Forward propagation through CELLS (level 10)
----------------------------------------------------
  Cell 'u_LOGIC_CENTER/CENTER1/DRD_OD/U231' (libcell 'AOI22B2X1AS9') :
    input pin 'u_LOGIC_CENTER/CENTER1/DRD_OD/U231/A2' at logic '0'
    input pin 'u_LOGIC_CENTER/CENTER1/DRD_OD/U231/B1B' at logic '1'
    > output pin 'u_LOGIC_CENTER/CENTER1/DRD_OD/U231/O' at logic '1'

170.11.1 Forward propagation on NET pins (level 11)
----------------------------------------------------
  Propagation of logic '1' from pin 'u_LOGIC_CENTER/CENTER1/DRD_OD/U231/O' on net 'u_LOGIC_CENTER/CENTER1/DRD_OD/n101':
    > pin 'u_LOGIC_CENTER/CENTER1/DRD_OD/U232/B1B' at logic '1'

170.11.2 Forward propagation through CELLS (level 11)
----------------------------------------------------

170.10.2 Forward propagation through CELLS (level 10)
----------------------------------------------------
  Cell 'u_LOGIC_CENTER/CENTER1/DRD_OD/U233' (libcell 'AOI22B2X1AS9') :
    input pin 'u_LOGIC_CENTER/CENTER1/DRD_OD/U233/A2' at logic '0'
    input pin 'u_LOGIC_CENTER/CENTER1/DRD_OD/U233/B1B' at logic '1'
    > output pin 'u_LOGIC_CENTER/CENTER1/DRD_OD/U233/O' at logic '1'

170.11.1 Forward propagation on NET pins (level 11)
----------------------------------------------------
  Propagation of logic '1' from pin 'u_LOGIC_CENTER/CENTER1/DRD_OD/U233/O' on net 'u_LOGIC_CENTER/CENTER1/DRD_OD/n104':
    > pin 'u_LOGIC_CENTER/CENTER1/DRD_OD/U234/B1B' at logic '1'

170.11.2 Forward propagation through CELLS (level 11)
----------------------------------------------------

170.10.2 Forward propagation through CELLS (level 10)
----------------------------------------------------
  Cell 'u_LOGIC_CENTER/CENTER1/DRD_OD/PLACE_FE_OFC418_n216' (libcell 'CLKBUFX1AS9') :
    input pin 'u_LOGIC_CENTER/CENTER1/DRD_OD/PLACE_FE_OFC418_n216/I' at logic '1'
    > output pin 'u_LOGIC_CENTER/CENTER1/DRD_OD/PLACE_FE_OFC418_n216/O' at logic '1'

170.11.1 Forward propagation on NET pins (level 11)
----------------------------------------------------
  Propagation of logic '1' from pin 'u_LOGIC_CENTER/CENTER1/DRD_OD/PLACE_FE_OFC418_n216/O' on net 'u_LOGIC_CENTER/CENTER1/DRD_OD/FE_OFN399_n216':
    > pin 'u_LOGIC_CENTER/CENTER1/DRD_OD/U348/B1B' at logic '1'
    > pin 'u_LOGIC_CENTER/CENTER1/DRD_OD/U229/B1B' at logic '1'

170.11.2 Forward propagation through CELLS (level 11)
----------------------------------------------------
  Cell 'u_LOGIC_CENTER/CENTER1/DRD_OD/U348' (libcell 'AOI22B2X1AS9') :
    input pin 'u_LOGIC_CENTER/CENTER1/DRD_OD/U348/A2' at logic '0'
    input pin 'u_LOGIC_CENTER/CENTER1/DRD_OD/U348/B1B' at logic '1'
    > output pin 'u_LOGIC_CENTER/CENTER1/DRD_OD/U348/O' at logic '1'

170.12.1 Forward propagation on NET pins (level 12)
----------------------------------------------------
  Propagation of logic '1' from pin 'u_LOGIC_CENTER/CENTER1/DRD_OD/U348/O' on net 'u_LOGIC_CENTER/CENTER1/DRD_OD/n207':
    > pin 'u_LOGIC_CENTER/CENTER1/DRD_OD/U349/B1B' at logic '1'

170.12.2 Forward propagation through CELLS (level 12)
----------------------------------------------------

170.11.2 Forward propagation through CELLS (level 11)
----------------------------------------------------
  Cell 'u_LOGIC_CENTER/CENTER1/DRD_OD/U229' (libcell 'AOI22B2X1AS9') :
    input pin 'u_LOGIC_CENTER/CENTER1/DRD_OD/U229/A2' at logic '0'
    input pin 'u_LOGIC_CENTER/CENTER1/DRD_OD/U229/B1B' at logic '1'
    > output pin 'u_LOGIC_CENTER/CENTER1/DRD_OD/U229/O' at logic '1'

170.12.1 Forward propagation on NET pins (level 12)
----------------------------------------------------
  Propagation of logic '1' from pin 'u_LOGIC_CENTER/CENTER1/DRD_OD/U229/O' on net 'u_LOGIC_CENTER/CENTER1/DRD_OD/n99':
    > pin 'u_LOGIC_CENTER/CENTER1/DRD_OD/U230/B1B' at logic '1'

170.12.2 Forward propagation through CELLS (level 12)
----------------------------------------------------

170.10.2 Forward propagation through CELLS (level 10)
----------------------------------------------------
  Cell 'u_LOGIC_CENTER/CENTER1/DRD_OD/U269' (libcell 'AOI22B2X1AS9') :
    input pin 'u_LOGIC_CENTER/CENTER1/DRD_OD/U269/A2' at logic '0'
    input pin 'u_LOGIC_CENTER/CENTER1/DRD_OD/U269/B1B' at logic '1'
    > output pin 'u_LOGIC_CENTER/CENTER1/DRD_OD/U269/O' at logic '1'

170.11.1 Forward propagation on NET pins (level 11)
----------------------------------------------------
  Propagation of logic '1' from pin 'u_LOGIC_CENTER/CENTER1/DRD_OD/U269/O' on net 'u_LOGIC_CENTER/CENTER1/DRD_OD/n144':
    > pin 'u_LOGIC_CENTER/CENTER1/DRD_OD/U270/B1B' at logic '1'

170.11.2 Forward propagation through CELLS (level 11)
----------------------------------------------------

170.10.2 Forward propagation through CELLS (level 10)
----------------------------------------------------
  Cell 'u_LOGIC_CENTER/CENTER1/DRD_OD/U273' (libcell 'AOI22B2X1AS9') :
    input pin 'u_LOGIC_CENTER/CENTER1/DRD_OD/U273/A2' at logic '0'
    input pin 'u_LOGIC_CENTER/CENTER1/DRD_OD/U273/B1B' at logic '1'
    > output pin 'u_LOGIC_CENTER/CENTER1/DRD_OD/U273/O' at logic '1'

170.11.1 Forward propagation on NET pins (level 11)
----------------------------------------------------
  Propagation of logic '1' from pin 'u_LOGIC_CENTER/CENTER1/DRD_OD/U273/O' on net 'u_LOGIC_CENTER/CENTER1/DRD_OD/n148':
    > pin 'u_LOGIC_CENTER/CENTER1/DRD_OD/U274/B1B' at logic '1'

170.11.2 Forward propagation through CELLS (level 11)
----------------------------------------------------

170.10.2 Forward propagation through CELLS (level 10)
----------------------------------------------------
  Cell 'u_LOGIC_CENTER/CENTER1/DRD_OD/U279' (libcell 'AOI22B2X1AS9') :
    input pin 'u_LOGIC_CENTER/CENTER1/DRD_OD/U279/A2' at logic '0'
    input pin 'u_LOGIC_CENTER/CENTER1/DRD_OD/U279/B1B' at logic '1'
    > output pin 'u_LOGIC_CENTER/CENTER1/DRD_OD/U279/O' at logic '1'

170.11.1 Forward propagation on NET pins (level 11)
----------------------------------------------------
  Propagation of logic '1' from pin 'u_LOGIC_CENTER/CENTER1/DRD_OD/U279/O' on net 'u_LOGIC_CENTER/CENTER1/DRD_OD/n157':
    > pin 'u_LOGIC_CENTER/CENTER1/DRD_OD/U280/B1B' at logic '1'

170.11.2 Forward propagation through CELLS (level 11)
----------------------------------------------------

170.7.2 Forward propagation through CELLS (level 7)
----------------------------------------------------
  Cell 'u_LOGIC_CENTER/CENTER1/DRD_OD/U171' (libcell 'MUX2BX1AS9') :
    input pin 'u_LOGIC_CENTER/CENTER1/DRD_OD/U171/I0' at logic '1'
    input pin 'u_LOGIC_CENTER/CENTER1/DRD_OD/U171/I1' at logic '1'
    > output pin 'u_LOGIC_CENTER/CENTER1/DRD_OD/U171/OB' at logic '0'

170.8.1 Forward propagation on NET pins (level 8)
----------------------------------------------------
  Propagation of logic '0' from pin 'u_LOGIC_CENTER/CENTER1/DRD_OD/U171/OB' on net 'u_LOGIC_CENTER/CENTER1/DRD_OD/n92':
    > pin 'u_LOGIC_CENTER/CENTER1/DRD_OD/U172/A1' at logic '0'
    > pin 'u_LOGIC_CENTER/CENTER1/DRD_OD/U174/A1' at logic '0'
    > pin 'u_LOGIC_CENTER/CENTER1/DRD_OD/U178/A1' at logic '0'
    > pin 'u_LOGIC_CENTER/CENTER1/DRD_OD/U207/A1' at logic '0'
    > pin 'u_LOGIC_CENTER/CENTER1/DRD_OD/U215/A1' at logic '0'
    > pin 'u_LOGIC_CENTER/CENTER1/DRD_OD/U224/A1' at logic '0'
    > pin 'u_LOGIC_CENTER/CENTER1/DRD_OD/PLACE_FE_OFC471_n92/I' at logic '0'

170.8.2 Forward propagation through CELLS (level 8)
----------------------------------------------------
  Cell 'u_LOGIC_CENTER/CENTER1/DRD_OD/U172' (libcell 'AO22X05AS9') :
    input pin 'u_LOGIC_CENTER/CENTER1/DRD_OD/U172/A1' at logic '0'
    input pin 'u_LOGIC_CENTER/CENTER1/DRD_OD/U172/B1' at logic '0'
    > output pin 'u_LOGIC_CENTER/CENTER1/DRD_OD/U172/O' at logic '0'

170.9.1 Forward propagation on NET pins (level 9)
----------------------------------------------------
  Propagation of logic '0' from pin 'u_LOGIC_CENTER/CENTER1/DRD_OD/U172/O' on net 'u_LOGIC_CENTER/CENTER1/DRD_OD/n41':
    > pin 'u_LOGIC_CENTER/CENTER1/DRD_OD/U173/A1' at logic '0'

170.9.2 Forward propagation through CELLS (level 9)
----------------------------------------------------

170.8.2 Forward propagation through CELLS (level 8)
----------------------------------------------------
  Cell 'u_LOGIC_CENTER/CENTER1/DRD_OD/U174' (libcell 'AO22X05AS9') :
    input pin 'u_LOGIC_CENTER/CENTER1/DRD_OD/U174/A1' at logic '0'
    input pin 'u_LOGIC_CENTER/CENTER1/DRD_OD/U174/B1' at logic '0'
    > output pin 'u_LOGIC_CENTER/CENTER1/DRD_OD/U174/O' at logic '0'

170.9.1 Forward propagation on NET pins (level 9)
----------------------------------------------------
  Propagation of logic '0' from pin 'u_LOGIC_CENTER/CENTER1/DRD_OD/U174/O' on net 'u_LOGIC_CENTER/CENTER1/DRD_OD/n44':
    > pin 'u_LOGIC_CENTER/CENTER1/DRD_OD/U175/A1' at logic '0'

170.9.2 Forward propagation through CELLS (level 9)
----------------------------------------------------

170.8.2 Forward propagation through CELLS (level 8)
----------------------------------------------------
  Cell 'u_LOGIC_CENTER/CENTER1/DRD_OD/U178' (libcell 'AO22X05AS9') :
    input pin 'u_LOGIC_CENTER/CENTER1/DRD_OD/U178/A1' at logic '0'
    input pin 'u_LOGIC_CENTER/CENTER1/DRD_OD/U178/B1' at logic '0'
    > output pin 'u_LOGIC_CENTER/CENTER1/DRD_OD/U178/O' at logic '0'

170.9.1 Forward propagation on NET pins (level 9)
----------------------------------------------------
  Propagation of logic '0' from pin 'u_LOGIC_CENTER/CENTER1/DRD_OD/U178/O' on net 'u_LOGIC_CENTER/CENTER1/DRD_OD/n50':
    > pin 'u_LOGIC_CENTER/CENTER1/DRD_OD/U179/A1' at logic '0'

170.9.2 Forward propagation through CELLS (level 9)
----------------------------------------------------

170.8.2 Forward propagation through CELLS (level 8)
----------------------------------------------------
  Cell 'u_LOGIC_CENTER/CENTER1/DRD_OD/U207' (libcell 'AO22X05AS9') :
    input pin 'u_LOGIC_CENTER/CENTER1/DRD_OD/U207/A1' at logic '0'
    input pin 'u_LOGIC_CENTER/CENTER1/DRD_OD/U207/B1' at logic '0'
    > output pin 'u_LOGIC_CENTER/CENTER1/DRD_OD/U207/O' at logic '0'

170.9.1 Forward propagation on NET pins (level 9)
----------------------------------------------------
  Propagation of logic '0' from pin 'u_LOGIC_CENTER/CENTER1/DRD_OD/U207/O' on net 'u_LOGIC_CENTER/CENTER1/DRD_OD/n73':
    > pin 'u_LOGIC_CENTER/CENTER1/DRD_OD/U208/A1' at logic '0'

170.9.2 Forward propagation through CELLS (level 9)
----------------------------------------------------

170.8.2 Forward propagation through CELLS (level 8)
----------------------------------------------------
  Cell 'u_LOGIC_CENTER/CENTER1/DRD_OD/U215' (libcell 'AO22X05AS9') :
    input pin 'u_LOGIC_CENTER/CENTER1/DRD_OD/U215/A1' at logic '0'
    input pin 'u_LOGIC_CENTER/CENTER1/DRD_OD/U215/B1' at logic '0'
    > output pin 'u_LOGIC_CENTER/CENTER1/DRD_OD/U215/O' at logic '0'

170.9.1 Forward propagation on NET pins (level 9)
----------------------------------------------------
  Propagation of logic '0' from pin 'u_LOGIC_CENTER/CENTER1/DRD_OD/U215/O' on net 'u_LOGIC_CENTER/CENTER1/DRD_OD/n81':
    > pin 'u_LOGIC_CENTER/CENTER1/DRD_OD/U216/A1' at logic '0'

170.9.2 Forward propagation through CELLS (level 9)
----------------------------------------------------

170.8.2 Forward propagation through CELLS (level 8)
----------------------------------------------------
  Cell 'u_LOGIC_CENTER/CENTER1/DRD_OD/U224' (libcell 'AO22X05AS9') :
    input pin 'u_LOGIC_CENTER/CENTER1/DRD_OD/U224/A1' at logic '0'
    input pin 'u_LOGIC_CENTER/CENTER1/DRD_OD/U224/B1' at logic '0'
    > output pin 'u_LOGIC_CENTER/CENTER1/DRD_OD/U224/O' at logic '0'

170.9.1 Forward propagation on NET pins (level 9)
----------------------------------------------------
  Propagation of logic '0' from pin 'u_LOGIC_CENTER/CENTER1/DRD_OD/U224/O' on net 'u_LOGIC_CENTER/CENTER1/DRD_OD/n93':
    > pin 'u_LOGIC_CENTER/CENTER1/DRD_OD/U225/A1' at logic '0'

170.9.2 Forward propagation through CELLS (level 9)
----------------------------------------------------

170.8.2 Forward propagation through CELLS (level 8)
----------------------------------------------------
  Cell 'u_LOGIC_CENTER/CENTER1/DRD_OD/PLACE_FE_OFC471_n92' (libcell 'CLKBUFX1AS9') :
    input pin 'u_LOGIC_CENTER/CENTER1/DRD_OD/PLACE_FE_OFC471_n92/I' at logic '0'
    > output pin 'u_LOGIC_CENTER/CENTER1/DRD_OD/PLACE_FE_OFC471_n92/O' at logic '0'

170.9.1 Forward propagation on NET pins (level 9)
----------------------------------------------------
  Propagation of logic '0' from pin 'u_LOGIC_CENTER/CENTER1/DRD_OD/PLACE_FE_OFC471_n92/O' on net 'u_LOGIC_CENTER/CENTER1/DRD_OD/FE_OFN456_n92':
    > pin 'u_LOGIC_CENTER/CENTER1/DRD_OD/U360/A1' at logic '0'
    > pin 'u_LOGIC_CENTER/CENTER1/DRD_OD/U176/A1' at logic '0'
    > pin 'u_LOGIC_CENTER/CENTER1/DRD_OD/U180/A1' at logic '0'
    > pin 'u_LOGIC_CENTER/CENTER1/DRD_OD/U199/A1' at logic '0'
    > pin 'u_LOGIC_CENTER/CENTER1/DRD_OD/U203/A1' at logic '0'
    > pin 'u_LOGIC_CENTER/CENTER1/DRD_OD/U211/A1' at logic '0'
    > pin 'u_LOGIC_CENTER/CENTER1/DRD_OD/U219/A1' at logic '0'
    > pin 'u_LOGIC_CENTER/CENTER1/DRD_OD/U222/A1' at logic '0'
    > pin 'u_LOGIC_CENTER/CENTER1/DRD_OD/U236/A1' at logic '0'
    > pin 'u_LOGIC_CENTER/CENTER1/DRD_OD/U239/A1' at logic '0'
    > pin 'u_LOGIC_CENTER/CENTER1/DRD_OD/U242/A1' at logic '0'
    > pin 'u_LOGIC_CENTER/CENTER1/DRD_OD/U245/A1' at logic '0'
    > pin 'u_LOGIC_CENTER/CENTER1/DRD_OD/U248/A1' at logic '0'
    > pin 'u_LOGIC_CENTER/CENTER1/DRD_OD/U251/A1' at logic '0'
    > pin 'u_LOGIC_CENTER/CENTER1/DRD_OD/U254/A1' at logic '0'
    > pin 'u_LOGIC_CENTER/CENTER1/DRD_OD/U261/A1' at logic '0'
    > pin 'u_LOGIC_CENTER/CENTER1/DRD_OD/U264/A1' at logic '0'
    > pin 'u_LOGIC_CENTER/CENTER1/DRD_OD/U276/A1' at logic '0'

170.9.2 Forward propagation through CELLS (level 9)
----------------------------------------------------
  Cell 'u_LOGIC_CENTER/CENTER1/DRD_OD/U360' (libcell 'AO22X05AS9') :
    input pin 'u_LOGIC_CENTER/CENTER1/DRD_OD/U360/A1' at logic '0'
    input pin 'u_LOGIC_CENTER/CENTER1/DRD_OD/U360/B1' at logic '0'
    > output pin 'u_LOGIC_CENTER/CENTER1/DRD_OD/U360/O' at logic '0'

170.10.1 Forward propagation on NET pins (level 10)
----------------------------------------------------
  Propagation of logic '0' from pin 'u_LOGIC_CENTER/CENTER1/DRD_OD/U360/O' on net 'u_LOGIC_CENTER/CENTER1/DRD_OD/n225':
    > pin 'u_LOGIC_CENTER/CENTER1/DRD_OD/U361/A1' at logic '0'

170.10.2 Forward propagation through CELLS (level 10)
----------------------------------------------------

170.9.2 Forward propagation through CELLS (level 9)
----------------------------------------------------
  Cell 'u_LOGIC_CENTER/CENTER1/DRD_OD/U176' (libcell 'AO22X05AS9') :
    input pin 'u_LOGIC_CENTER/CENTER1/DRD_OD/U176/A1' at logic '0'
    input pin 'u_LOGIC_CENTER/CENTER1/DRD_OD/U176/B1' at logic '0'
    > output pin 'u_LOGIC_CENTER/CENTER1/DRD_OD/U176/O' at logic '0'

170.10.1 Forward propagation on NET pins (level 10)
----------------------------------------------------
  Propagation of logic '0' from pin 'u_LOGIC_CENTER/CENTER1/DRD_OD/U176/O' on net 'u_LOGIC_CENTER/CENTER1/DRD_OD/n47':
    > pin 'u_LOGIC_CENTER/CENTER1/DRD_OD/U177/A1' at logic '0'

170.10.2 Forward propagation through CELLS (level 10)
----------------------------------------------------

170.9.2 Forward propagation through CELLS (level 9)
----------------------------------------------------
  Cell 'u_LOGIC_CENTER/CENTER1/DRD_OD/U180' (libcell 'AO22X05AS9') :
    input pin 'u_LOGIC_CENTER/CENTER1/DRD_OD/U180/A1' at logic '0'
    input pin 'u_LOGIC_CENTER/CENTER1/DRD_OD/U180/B1' at logic '0'
    > output pin 'u_LOGIC_CENTER/CENTER1/DRD_OD/U180/O' at logic '0'

170.10.1 Forward propagation on NET pins (level 10)
----------------------------------------------------
  Propagation of logic '0' from pin 'u_LOGIC_CENTER/CENTER1/DRD_OD/U180/O' on net 'u_LOGIC_CENTER/CENTER1/DRD_OD/n53':
    > pin 'u_LOGIC_CENTER/CENTER1/DRD_OD/U181/A1' at logic '0'

170.10.2 Forward propagation through CELLS (level 10)
----------------------------------------------------

170.9.2 Forward propagation through CELLS (level 9)
----------------------------------------------------
  Cell 'u_LOGIC_CENTER/CENTER1/DRD_OD/U199' (libcell 'AO22X05AS9') :
    input pin 'u_LOGIC_CENTER/CENTER1/DRD_OD/U199/A1' at logic '0'
    input pin 'u_LOGIC_CENTER/CENTER1/DRD_OD/U199/B1' at logic '0'
    > output pin 'u_LOGIC_CENTER/CENTER1/DRD_OD/U199/O' at logic '0'

170.10.1 Forward propagation on NET pins (level 10)
----------------------------------------------------
  Propagation of logic '0' from pin 'u_LOGIC_CENTER/CENTER1/DRD_OD/U199/O' on net 'u_LOGIC_CENTER/CENTER1/DRD_OD/n65':
    > pin 'u_LOGIC_CENTER/CENTER1/DRD_OD/U200/A1' at logic '0'

170.10.2 Forward propagation through CELLS (level 10)
----------------------------------------------------

170.9.2 Forward propagation through CELLS (level 9)
----------------------------------------------------
  Cell 'u_LOGIC_CENTER/CENTER1/DRD_OD/U203' (libcell 'AO22X05AS9') :
    input pin 'u_LOGIC_CENTER/CENTER1/DRD_OD/U203/A1' at logic '0'
    input pin 'u_LOGIC_CENTER/CENTER1/DRD_OD/U203/B1' at logic '0'
    > output pin 'u_LOGIC_CENTER/CENTER1/DRD_OD/U203/O' at logic '0'

170.10.1 Forward propagation on NET pins (level 10)
----------------------------------------------------
  Propagation of logic '0' from pin 'u_LOGIC_CENTER/CENTER1/DRD_OD/U203/O' on net 'u_LOGIC_CENTER/CENTER1/DRD_OD/n69':
    > pin 'u_LOGIC_CENTER/CENTER1/DRD_OD/U204/A1' at logic '0'

170.10.2 Forward propagation through CELLS (level 10)
----------------------------------------------------

170.9.2 Forward propagation through CELLS (level 9)
----------------------------------------------------
  Cell 'u_LOGIC_CENTER/CENTER1/DRD_OD/U211' (libcell 'AO22X05AS9') :
    input pin 'u_LOGIC_CENTER/CENTER1/DRD_OD/U211/A1' at logic '0'
    input pin 'u_LOGIC_CENTER/CENTER1/DRD_OD/U211/B1' at logic '0'
    > output pin 'u_LOGIC_CENTER/CENTER1/DRD_OD/U211/O' at logic '0'

170.10.1 Forward propagation on NET pins (level 10)
----------------------------------------------------
  Propagation of logic '0' from pin 'u_LOGIC_CENTER/CENTER1/DRD_OD/U211/O' on net 'u_LOGIC_CENTER/CENTER1/DRD_OD/n77':
    > pin 'u_LOGIC_CENTER/CENTER1/DRD_OD/U212/A1' at logic '0'

170.10.2 Forward propagation through CELLS (level 10)
----------------------------------------------------

170.9.2 Forward propagation through CELLS (level 9)
----------------------------------------------------
  Cell 'u_LOGIC_CENTER/CENTER1/DRD_OD/U219' (libcell 'AO22X05AS9') :
    input pin 'u_LOGIC_CENTER/CENTER1/DRD_OD/U219/A1' at logic '0'
    input pin 'u_LOGIC_CENTER/CENTER1/DRD_OD/U219/B1' at logic '0'
    > output pin 'u_LOGIC_CENTER/CENTER1/DRD_OD/U219/O' at logic '0'

170.10.1 Forward propagation on NET pins (level 10)
----------------------------------------------------
  Propagation of logic '0' from pin 'u_LOGIC_CENTER/CENTER1/DRD_OD/U219/O' on net 'u_LOGIC_CENTER/CENTER1/DRD_OD/n85':
    > pin 'u_LOGIC_CENTER/CENTER1/DRD_OD/U220/A1' at logic '0'

170.10.2 Forward propagation through CELLS (level 10)
----------------------------------------------------

170.9.2 Forward propagation through CELLS (level 9)
----------------------------------------------------
  Cell 'u_LOGIC_CENTER/CENTER1/DRD_OD/U222' (libcell 'AO22X05AS9') :
    input pin 'u_LOGIC_CENTER/CENTER1/DRD_OD/U222/A1' at logic '0'
    input pin 'u_LOGIC_CENTER/CENTER1/DRD_OD/U222/B1' at logic '0'
    > output pin 'u_LOGIC_CENTER/CENTER1/DRD_OD/U222/O' at logic '0'

170.10.1 Forward propagation on NET pins (level 10)
----------------------------------------------------
  Propagation of logic '0' from pin 'u_LOGIC_CENTER/CENTER1/DRD_OD/U222/O' on net 'u_LOGIC_CENTER/CENTER1/DRD_OD/n89':
    > pin 'u_LOGIC_CENTER/CENTER1/DRD_OD/U223/A1' at logic '0'

170.10.2 Forward propagation through CELLS (level 10)
----------------------------------------------------

170.9.2 Forward propagation through CELLS (level 9)
----------------------------------------------------
  Cell 'u_LOGIC_CENTER/CENTER1/DRD_OD/U236' (libcell 'AO22X05AS9') :
    input pin 'u_LOGIC_CENTER/CENTER1/DRD_OD/U236/A1' at logic '0'
    input pin 'u_LOGIC_CENTER/CENTER1/DRD_OD/U236/B1' at logic '0'
    > output pin 'u_LOGIC_CENTER/CENTER1/DRD_OD/U236/O' at logic '0'

170.10.1 Forward propagation on NET pins (level 10)
----------------------------------------------------
  Propagation of logic '0' from pin 'u_LOGIC_CENTER/CENTER1/DRD_OD/U236/O' on net 'u_LOGIC_CENTER/CENTER1/DRD_OD/n107':
    > pin 'u_LOGIC_CENTER/CENTER1/DRD_OD/U237/A1' at logic '0'

170.10.2 Forward propagation through CELLS (level 10)
----------------------------------------------------

170.9.2 Forward propagation through CELLS (level 9)
----------------------------------------------------
  Cell 'u_LOGIC_CENTER/CENTER1/DRD_OD/U239' (libcell 'AO22X05AS9') :
    input pin 'u_LOGIC_CENTER/CENTER1/DRD_OD/U239/A1' at logic '0'
    input pin 'u_LOGIC_CENTER/CENTER1/DRD_OD/U239/B1' at logic '0'
    > output pin 'u_LOGIC_CENTER/CENTER1/DRD_OD/U239/O' at logic '0'

170.10.1 Forward propagation on NET pins (level 10)
----------------------------------------------------
  Propagation of logic '0' from pin 'u_LOGIC_CENTER/CENTER1/DRD_OD/U239/O' on net 'u_LOGIC_CENTER/CENTER1/DRD_OD/n111':
    > pin 'u_LOGIC_CENTER/CENTER1/DRD_OD/U240/A1' at logic '0'

170.10.2 Forward propagation through CELLS (level 10)
----------------------------------------------------

170.9.2 Forward propagation through CELLS (level 9)
----------------------------------------------------
  Cell 'u_LOGIC_CENTER/CENTER1/DRD_OD/U242' (libcell 'AO22X05AS9') :
    input pin 'u_LOGIC_CENTER/CENTER1/DRD_OD/U242/A1' at logic '0'
    input pin 'u_LOGIC_CENTER/CENTER1/DRD_OD/U242/B1' at logic '0'
    > output pin 'u_LOGIC_CENTER/CENTER1/DRD_OD/U242/O' at logic '0'

170.10.1 Forward propagation on NET pins (level 10)
----------------------------------------------------
  Propagation of logic '0' from pin 'u_LOGIC_CENTER/CENTER1/DRD_OD/U242/O' on net 'u_LOGIC_CENTER/CENTER1/DRD_OD/n115':
    > pin 'u_LOGIC_CENTER/CENTER1/DRD_OD/U243/A1' at logic '0'

170.10.2 Forward propagation through CELLS (level 10)
----------------------------------------------------

170.9.2 Forward propagation through CELLS (level 9)
----------------------------------------------------
  Cell 'u_LOGIC_CENTER/CENTER1/DRD_OD/U245' (libcell 'AO22X05AS9') :
    input pin 'u_LOGIC_CENTER/CENTER1/DRD_OD/U245/A1' at logic '0'
    input pin 'u_LOGIC_CENTER/CENTER1/DRD_OD/U245/B1' at logic '0'
    > output pin 'u_LOGIC_CENTER/CENTER1/DRD_OD/U245/O' at logic '0'

170.10.1 Forward propagation on NET pins (level 10)
----------------------------------------------------
  Propagation of logic '0' from pin 'u_LOGIC_CENTER/CENTER1/DRD_OD/U245/O' on net 'u_LOGIC_CENTER/CENTER1/DRD_OD/n119':
    > pin 'u_LOGIC_CENTER/CENTER1/DRD_OD/U246/A1' at logic '0'

170.10.2 Forward propagation through CELLS (level 10)
----------------------------------------------------

170.9.2 Forward propagation through CELLS (level 9)
----------------------------------------------------
  Cell 'u_LOGIC_CENTER/CENTER1/DRD_OD/U248' (libcell 'AO22X05AS9') :
    input pin 'u_LOGIC_CENTER/CENTER1/DRD_OD/U248/A1' at logic '0'
    input pin 'u_LOGIC_CENTER/CENTER1/DRD_OD/U248/B1' at logic '0'
    > output pin 'u_LOGIC_CENTER/CENTER1/DRD_OD/U248/O' at logic '0'

170.10.1 Forward propagation on NET pins (level 10)
----------------------------------------------------
  Propagation of logic '0' from pin 'u_LOGIC_CENTER/CENTER1/DRD_OD/U248/O' on net 'u_LOGIC_CENTER/CENTER1/DRD_OD/n123':
    > pin 'u_LOGIC_CENTER/CENTER1/DRD_OD/U249/A1' at logic '0'

170.10.2 Forward propagation through CELLS (level 10)
----------------------------------------------------

170.9.2 Forward propagation through CELLS (level 9)
----------------------------------------------------
  Cell 'u_LOGIC_CENTER/CENTER1/DRD_OD/U251' (libcell 'AO22X05AS9') :
    input pin 'u_LOGIC_CENTER/CENTER1/DRD_OD/U251/A1' at logic '0'
    input pin 'u_LOGIC_CENTER/CENTER1/DRD_OD/U251/B1' at logic '0'
    > output pin 'u_LOGIC_CENTER/CENTER1/DRD_OD/U251/O' at logic '0'

170.10.1 Forward propagation on NET pins (level 10)
----------------------------------------------------
  Propagation of logic '0' from pin 'u_LOGIC_CENTER/CENTER1/DRD_OD/U251/O' on net 'u_LOGIC_CENTER/CENTER1/DRD_OD/n127':
    > pin 'u_LOGIC_CENTER/CENTER1/DRD_OD/U252/A1' at logic '0'

170.10.2 Forward propagation through CELLS (level 10)
----------------------------------------------------

170.9.2 Forward propagation through CELLS (level 9)
----------------------------------------------------
  Cell 'u_LOGIC_CENTER/CENTER1/DRD_OD/U254' (libcell 'AO22X05AS9') :
    input pin 'u_LOGIC_CENTER/CENTER1/DRD_OD/U254/A1' at logic '0'
    input pin 'u_LOGIC_CENTER/CENTER1/DRD_OD/U254/B1' at logic '0'
    > output pin 'u_LOGIC_CENTER/CENTER1/DRD_OD/U254/O' at logic '0'

170.10.1 Forward propagation on NET pins (level 10)
----------------------------------------------------
  Propagation of logic '0' from pin 'u_LOGIC_CENTER/CENTER1/DRD_OD/U254/O' on net 'u_LOGIC_CENTER/CENTER1/DRD_OD/n131':
    > pin 'u_LOGIC_CENTER/CENTER1/DRD_OD/U255/A1' at logic '0'

170.10.2 Forward propagation through CELLS (level 10)
----------------------------------------------------

170.9.2 Forward propagation through CELLS (level 9)
----------------------------------------------------
  Cell 'u_LOGIC_CENTER/CENTER1/DRD_OD/U261' (libcell 'AO22X05AS9') :
    input pin 'u_LOGIC_CENTER/CENTER1/DRD_OD/U261/A1' at logic '0'
    input pin 'u_LOGIC_CENTER/CENTER1/DRD_OD/U261/B1' at logic '0'
    > output pin 'u_LOGIC_CENTER/CENTER1/DRD_OD/U261/O' at logic '0'

170.10.1 Forward propagation on NET pins (level 10)
----------------------------------------------------
  Propagation of logic '0' from pin 'u_LOGIC_CENTER/CENTER1/DRD_OD/U261/O' on net 'u_LOGIC_CENTER/CENTER1/DRD_OD/n137':
    > pin 'u_LOGIC_CENTER/CENTER1/DRD_OD/U262/A1' at logic '0'

170.10.2 Forward propagation through CELLS (level 10)
----------------------------------------------------

170.9.2 Forward propagation through CELLS (level 9)
----------------------------------------------------
  Cell 'u_LOGIC_CENTER/CENTER1/DRD_OD/U264' (libcell 'AO22X05AS9') :
    input pin 'u_LOGIC_CENTER/CENTER1/DRD_OD/U264/A1' at logic '0'
    input pin 'u_LOGIC_CENTER/CENTER1/DRD_OD/U264/B1' at logic '0'
    > output pin 'u_LOGIC_CENTER/CENTER1/DRD_OD/U264/O' at logic '0'

170.10.1 Forward propagation on NET pins (level 10)
----------------------------------------------------
  Propagation of logic '0' from pin 'u_LOGIC_CENTER/CENTER1/DRD_OD/U264/O' on net 'u_LOGIC_CENTER/CENTER1/DRD_OD/n140':
    > pin 'u_LOGIC_CENTER/CENTER1/DRD_OD/U265/A1' at logic '0'

170.10.2 Forward propagation through CELLS (level 10)
----------------------------------------------------

170.9.2 Forward propagation through CELLS (level 9)
----------------------------------------------------
  Cell 'u_LOGIC_CENTER/CENTER1/DRD_OD/U276' (libcell 'AO22X05AS9') :
    input pin 'u_LOGIC_CENTER/CENTER1/DRD_OD/U276/A1' at logic '0'
    input pin 'u_LOGIC_CENTER/CENTER1/DRD_OD/U276/B1' at logic '0'
    > output pin 'u_LOGIC_CENTER/CENTER1/DRD_OD/U276/O' at logic '0'

170.10.1 Forward propagation on NET pins (level 10)
----------------------------------------------------
  Propagation of logic '0' from pin 'u_LOGIC_CENTER/CENTER1/DRD_OD/U276/O' on net 'u_LOGIC_CENTER/CENTER1/DRD_OD/n152':
    > pin 'u_LOGIC_CENTER/CENTER1/DRD_OD/U277/A1' at logic '0'

170.10.2 Forward propagation through CELLS (level 10)
----------------------------------------------------

170.6.2 Forward propagation through CELLS (level 6)
----------------------------------------------------

170.6.2 Forward propagation through CELLS (level 6)
----------------------------------------------------

170.6.2 Forward propagation through CELLS (level 6)
----------------------------------------------------

170.6.2 Forward propagation through CELLS (level 6)
----------------------------------------------------

170.6.2 Forward propagation through CELLS (level 6)
----------------------------------------------------

170.6.2 Forward propagation through CELLS (level 6)
----------------------------------------------------

170.6.2 Forward propagation through CELLS (level 6)
----------------------------------------------------

170.6.2 Forward propagation through CELLS (level 6)
----------------------------------------------------

170.6.2 Forward propagation through CELLS (level 6)
----------------------------------------------------

170.6.2 Forward propagation through CELLS (level 6)
----------------------------------------------------

170.6.2 Forward propagation through CELLS (level 6)
----------------------------------------------------
  Cell 'u_LOGIC_CENTER/PLACE_FE_OFC380_I_DP_SEL' (libcell 'BUFX03AS9') :
    input pin 'u_LOGIC_CENTER/PLACE_FE_OFC380_I_DP_SEL/I' at logic '0'
    > output pin 'u_LOGIC_CENTER/PLACE_FE_OFC380_I_DP_SEL/O' at logic '0'

170.7.1 Forward propagation on NET pins (level 7)
----------------------------------------------------
  Propagation of logic '0' from pin 'u_LOGIC_CENTER/PLACE_FE_OFC380_I_DP_SEL/O' on net 'u_LOGIC_CENTER/FE_OFN361_I_DP_SEL':
    > pin 'u_LOGIC_CENTER/PLACE_FE_OFC685_I_DP_SEL/I' at logic '0'

170.7.2 Forward propagation through CELLS (level 7)
----------------------------------------------------
  Cell 'u_LOGIC_CENTER/PLACE_FE_OFC685_I_DP_SEL' (libcell 'CLKBUFX4AS9') :
    input pin 'u_LOGIC_CENTER/PLACE_FE_OFC685_I_DP_SEL/I' at logic '0'
    > output pin 'u_LOGIC_CENTER/PLACE_FE_OFC685_I_DP_SEL/O' at logic '0'

170.8.1 Forward propagation on NET pins (level 8)
----------------------------------------------------
  Propagation of logic '0' from pin 'u_LOGIC_CENTER/PLACE_FE_OFC685_I_DP_SEL/O' on net 'u_LOGIC_CENTER/FE_OFN686_n':
    > pin 'u_LOGIC_CENTER/LINK_LOGIC/CSPI_CMD_ALIGN_L1/iSP_UTC_DET_L1/PLACE_FE_OFC762_n/I' at logic '0'
    > pin 'u_LOGIC_CENTER/LINK_LOGIC/U8/B1' at logic '0'
    > pin 'u_LOGIC_CENTER/CENTER1/DRD_OD/U284/I2' at logic '0'
    > pin 'u_LOGIC_CENTER/CENTER1/DRD_OD/U288/I2' at logic '0'
    > pin 'u_LOGIC_CENTER/CENTER1/DRD_OD/U112/I2' at logic '0'
    > pin 'u_LOGIC_CENTER/CENTER1/DRD_OD/U309/I2' at logic '0'
    > pin 'u_LOGIC_CENTER/CENTER1/DRD_OD/U311/I2' at logic '0'
    > pin 'u_LOGIC_CENTER/CENTER1/DRD_OD/U313/I2' at logic '0'
    > pin 'u_LOGIC_CENTER/CENTER1/DRD_OD/U315/I2' at logic '0'
    > pin 'u_LOGIC_CENTER/CENTER1/DRD_OD/U317/I2' at logic '0'
    > pin 'u_LOGIC_CENTER/CENTER1/DRD_OD/U319/I2' at logic '0'
    > pin 'u_LOGIC_CENTER/CENTER1/DRD_OD/U76/S' at logic '0'
    > pin 'u_LOGIC_CENTER/CENTER1/DRD_OD/U77/S' at logic '0'
    > pin 'u_LOGIC_CENTER/CENTER1/DRD_OD/U78/S' at logic '0'
    > pin 'u_LOGIC_CENTER/CENTER1/DRD_OD/U79/S' at logic '0'
    > pin 'u_LOGIC_CENTER/CENTER1/DRD_OD/U80/S' at logic '0'
    > pin 'u_LOGIC_CENTER/CENTER1/DRD_OD/U81/S' at logic '0'
    > pin 'u_LOGIC_CENTER/CENTER1/DRD_OD/U82/S' at logic '0'
    > pin 'u_LOGIC_CENTER/CENTER1/DRD_OD/U83/S' at logic '0'
    > pin 'u_LOGIC_CENTER/CENTER1/DRD_OD/U84/S' at logic '0'
    > pin 'u_LOGIC_CENTER/CENTER1/DRD_OD/U85/S' at logic '0'
    > pin 'u_LOGIC_CENTER/CENTER1/DRD_OD/U86/S' at logic '0'
    > pin 'u_LOGIC_CENTER/CENTER1/DRD_OD/U87/S' at logic '0'
    > pin 'u_LOGIC_CENTER/CENTER1/DRD_OD/U88/S' at logic '0'
    > pin 'u_LOGIC_CENTER/CENTER1/DRD_OD/U89/S' at logic '0'
    > pin 'u_LOGIC_CENTER/CENTER1/DRD_OD/U90/S' at logic '0'
    > pin 'u_LOGIC_CENTER/CENTER1/DRD_OD/U91/S' at logic '0'
    > pin 'u_LOGIC_CENTER/CENTER1/DRD_OD/U92/S' at logic '0'
    > pin 'u_LOGIC_CENTER/CENTER1/DRD_OD/U93/S' at logic '0'
    > pin 'u_LOGIC_CENTER/CENTER1/DRD_OD/U94/S' at logic '0'
    > pin 'u_LOGIC_CENTER/CENTER1/DRD_OD/U95/S' at logic '0'
    > pin 'u_LOGIC_CENTER/CENTER1/DRD_OD/U96/S' at logic '0'
    > pin 'u_LOGIC_CENTER/CENTER1/DRD_OD/U97/S' at logic '0'
    > pin 'u_LOGIC_CENTER/CENTER1/DRD_OD/U98/S' at logic '0'
    > pin 'u_LOGIC_CENTER/CENTER1/DRD_OD/U99/S' at logic '0'
    > pin 'u_LOGIC_CENTER/CENTER1/DRD_OD/SNPS_CG_CELL_DTCLK_L1_DATAI_L1_OD_WEIGHT_d1_reg_0/latch/E' at logic '0'

170.8.2 Forward propagation through CELLS (level 8)
----------------------------------------------------
  Cell 'u_LOGIC_CENTER/LINK_LOGIC/CSPI_CMD_ALIGN_L1/iSP_UTC_DET_L1/PLACE_FE_OFC762_n' (libcell 'INVX05AS9') :
    input pin 'u_LOGIC_CENTER/LINK_LOGIC/CSPI_CMD_ALIGN_L1/iSP_UTC_DET_L1/PLACE_FE_OFC762_n/I' at logic '0'
    > output pin 'u_LOGIC_CENTER/LINK_LOGIC/CSPI_CMD_ALIGN_L1/iSP_UTC_DET_L1/PLACE_FE_OFC762_n/O' at logic '1'

170.9.1 Forward propagation on NET pins (level 9)
----------------------------------------------------
  Propagation of logic '1' from pin 'u_LOGIC_CENTER/LINK_LOGIC/CSPI_CMD_ALIGN_L1/iSP_UTC_DET_L1/PLACE_FE_OFC762_n/O' on net 'u_LOGIC_CENTER/LINK_LOGIC/CSPI_CMD_ALIGN_L1/iSP_UTC_DET_L1/FE_OFN740_n':
    > pin 'u_LOGIC_CENTER/LINK_LOGIC/CSPI_CMD_ALIGN_L1/iSP_UTC_DET_L1/PLACE_FE_OFC763_n/I' at logic '1'

170.9.2 Forward propagation through CELLS (level 9)
----------------------------------------------------
  Cell 'u_LOGIC_CENTER/LINK_LOGIC/CSPI_CMD_ALIGN_L1/iSP_UTC_DET_L1/PLACE_FE_OFC763_n' (libcell 'INVX05AS9') :
    input pin 'u_LOGIC_CENTER/LINK_LOGIC/CSPI_CMD_ALIGN_L1/iSP_UTC_DET_L1/PLACE_FE_OFC763_n/I' at logic '1'
    > output pin 'u_LOGIC_CENTER/LINK_LOGIC/CSPI_CMD_ALIGN_L1/iSP_UTC_DET_L1/PLACE_FE_OFC763_n/O' at logic '0'

170.10.1 Forward propagation on NET pins (level 10)
----------------------------------------------------
  Propagation of logic '0' from pin 'u_LOGIC_CENTER/LINK_LOGIC/CSPI_CMD_ALIGN_L1/iSP_UTC_DET_L1/PLACE_FE_OFC763_n/O' on net 'u_LOGIC_CENTER/LINK_LOGIC/CSPI_CMD_ALIGN_L1/iSP_UTC_DET_L1/FE_OFN741_n':
    > pin 'u_LOGIC_CENTER/LINK_LOGIC/CSPI_CMD_ALIGN_L1/iSP_UTC_DET_L1/U62/I1' at logic '0'
    > pin 'u_LOGIC_CENTER/LINK_LOGIC/CSPI_CMD_ALIGN_L1/iSP_UTC_DET_L1/U23/I2' at logic '0'

170.10.2 Forward propagation through CELLS (level 10)
----------------------------------------------------

170.10.2 Forward propagation through CELLS (level 10)
----------------------------------------------------
  Cell 'u_LOGIC_CENTER/LINK_LOGIC/CSPI_CMD_ALIGN_L1/iSP_UTC_DET_L1/U23' (libcell 'NAND2X05AS9') :
    input pin 'u_LOGIC_CENTER/LINK_LOGIC/CSPI_CMD_ALIGN_L1/iSP_UTC_DET_L1/U23/I2' at logic '0'
    > output pin 'u_LOGIC_CENTER/LINK_LOGIC/CSPI_CMD_ALIGN_L1/iSP_UTC_DET_L1/U23/O' at logic '1'

170.11.1 Forward propagation on NET pins (level 11)
----------------------------------------------------
  Propagation of logic '1' from pin 'u_LOGIC_CENTER/LINK_LOGIC/CSPI_CMD_ALIGN_L1/iSP_UTC_DET_L1/U23/O' on net 'u_LOGIC_CENTER/LINK_LOGIC/CSPI_CMD_ALIGN_L1/iSP_UTC_DET_L1/n132':
    > pin 'u_LOGIC_CENTER/LINK_LOGIC/CSPI_CMD_ALIGN_L1/iSP_UTC_DET_L1/U153/I0' at logic '1'
    > pin 'u_LOGIC_CENTER/LINK_LOGIC/CSPI_CMD_ALIGN_L1/iSP_UTC_DET_L1/U156/C2' at logic '1'
    > pin 'u_LOGIC_CENTER/LINK_LOGIC/CSPI_CMD_ALIGN_L1/iSP_UTC_DET_L1/U24/I' at logic '1'

170.11.2 Forward propagation through CELLS (level 11)
----------------------------------------------------

170.11.2 Forward propagation through CELLS (level 11)
----------------------------------------------------

170.11.2 Forward propagation through CELLS (level 11)
----------------------------------------------------
  Cell 'u_LOGIC_CENTER/LINK_LOGIC/CSPI_CMD_ALIGN_L1/iSP_UTC_DET_L1/U24' (libcell 'INVX03AS9') :
    input pin 'u_LOGIC_CENTER/LINK_LOGIC/CSPI_CMD_ALIGN_L1/iSP_UTC_DET_L1/U24/I' at logic '1'
    > output pin 'u_LOGIC_CENTER/LINK_LOGIC/CSPI_CMD_ALIGN_L1/iSP_UTC_DET_L1/U24/O' at logic '0'

170.12.1 Forward propagation on NET pins (level 12)
----------------------------------------------------
  Propagation of logic '0' from pin 'u_LOGIC_CENTER/LINK_LOGIC/CSPI_CMD_ALIGN_L1/iSP_UTC_DET_L1/U24/O' on net 'u_LOGIC_CENTER/LINK_LOGIC/CSPI_CMD_ALIGN_L1/iSP_UTC_DET_L1/n21':
    > pin 'u_LOGIC_CENTER/LINK_LOGIC/CSPI_CMD_ALIGN_L1/iSP_UTC_DET_L1/U25/B2B' at logic '0'

170.12.2 Forward propagation through CELLS (level 12)
----------------------------------------------------

170.8.2 Forward propagation through CELLS (level 8)
----------------------------------------------------

170.8.2 Forward propagation through CELLS (level 8)
----------------------------------------------------
  Cell 'u_LOGIC_CENTER/CENTER1/DRD_OD/U284' (libcell 'NAND2X05AS9') :
    input pin 'u_LOGIC_CENTER/CENTER1/DRD_OD/U284/I2' at logic '0'
    > output pin 'u_LOGIC_CENTER/CENTER1/DRD_OD/U284/O' at logic '1'

170.9.1 Forward propagation on NET pins (level 9)
----------------------------------------------------
  Propagation of logic '1' from pin 'u_LOGIC_CENTER/CENTER1/DRD_OD/U284/O' on net 'u_LOGIC_CENTER/CENTER1/DRD_OD/n177':
    > pin 'u_LOGIC_CENTER/CENTER1/DRD_OD/U285/A1' at logic '1'
    > pin 'u_LOGIC_CENTER/CENTER1/DRD_OD/POSTROUTE_FE_PHC116_n177/I' at logic '1'

170.9.2 Forward propagation through CELLS (level 9)
----------------------------------------------------

170.9.2 Forward propagation through CELLS (level 9)
----------------------------------------------------
  Cell 'u_LOGIC_CENTER/CENTER1/DRD_OD/POSTROUTE_FE_PHC116_n177' (libcell 'BUFX03AS9') :
    input pin 'u_LOGIC_CENTER/CENTER1/DRD_OD/POSTROUTE_FE_PHC116_n177/I' at logic '1'
    > output pin 'u_LOGIC_CENTER/CENTER1/DRD_OD/POSTROUTE_FE_PHC116_n177/O' at logic '1'

170.10.1 Forward propagation on NET pins (level 10)
----------------------------------------------------
  Propagation of logic '1' from pin 'u_LOGIC_CENTER/CENTER1/DRD_OD/POSTROUTE_FE_PHC116_n177/O' on net 'u_LOGIC_CENTER/CENTER1/DRD_OD/FE_PHN116_n177':
    > pin 'u_LOGIC_CENTER/CENTER1/DRD_OD/U328/A1' at logic '1'

170.10.2 Forward propagation through CELLS (level 10)
----------------------------------------------------

170.8.2 Forward propagation through CELLS (level 8)
----------------------------------------------------
  Cell 'u_LOGIC_CENTER/CENTER1/DRD_OD/U288' (libcell 'NAND2X05AS9') :
    input pin 'u_LOGIC_CENTER/CENTER1/DRD_OD/U288/I2' at logic '0'
    > output pin 'u_LOGIC_CENTER/CENTER1/DRD_OD/U288/O' at logic '1'

170.9.1 Forward propagation on NET pins (level 9)
----------------------------------------------------
  Propagation of logic '1' from pin 'u_LOGIC_CENTER/CENTER1/DRD_OD/U288/O' on net 'u_LOGIC_CENTER/CENTER1/DRD_OD/n176':
    > pin 'u_LOGIC_CENTER/CENTER1/DRD_OD/U289/A1' at logic '1'
    > pin 'u_LOGIC_CENTER/CENTER1/DRD_OD/POSTROUTE_FE_PHC113_n176/I' at logic '1'

170.9.2 Forward propagation through CELLS (level 9)
----------------------------------------------------

170.9.2 Forward propagation through CELLS (level 9)
----------------------------------------------------
  Cell 'u_LOGIC_CENTER/CENTER1/DRD_OD/POSTROUTE_FE_PHC113_n176' (libcell 'BUFX03AS9') :
    input pin 'u_LOGIC_CENTER/CENTER1/DRD_OD/POSTROUTE_FE_PHC113_n176/I' at logic '1'
    > output pin 'u_LOGIC_CENTER/CENTER1/DRD_OD/POSTROUTE_FE_PHC113_n176/O' at logic '1'

170.10.1 Forward propagation on NET pins (level 10)
----------------------------------------------------
  Propagation of logic '1' from pin 'u_LOGIC_CENTER/CENTER1/DRD_OD/POSTROUTE_FE_PHC113_n176/O' on net 'u_LOGIC_CENTER/CENTER1/DRD_OD/FE_PHN113_n176':
    > pin 'u_LOGIC_CENTER/CENTER1/DRD_OD/POSTROUTE_FE_PHC163_n176/I' at logic '1'

170.10.2 Forward propagation through CELLS (level 10)
----------------------------------------------------
  Cell 'u_LOGIC_CENTER/CENTER1/DRD_OD/POSTROUTE_FE_PHC163_n176' (libcell 'BUFX03AS9') :
    input pin 'u_LOGIC_CENTER/CENTER1/DRD_OD/POSTROUTE_FE_PHC163_n176/I' at logic '1'
    > output pin 'u_LOGIC_CENTER/CENTER1/DRD_OD/POSTROUTE_FE_PHC163_n176/O' at logic '1'

170.11.1 Forward propagation on NET pins (level 11)
----------------------------------------------------
  Propagation of logic '1' from pin 'u_LOGIC_CENTER/CENTER1/DRD_OD/POSTROUTE_FE_PHC163_n176/O' on net 'u_LOGIC_CENTER/CENTER1/DRD_OD/FE_PHN163_n176':
    > pin 'u_LOGIC_CENTER/CENTER1/DRD_OD/U327/A1' at logic '1'

170.11.2 Forward propagation through CELLS (level 11)
----------------------------------------------------

170.8.2 Forward propagation through CELLS (level 8)
----------------------------------------------------

170.8.2 Forward propagation through CELLS (level 8)
----------------------------------------------------
  Cell 'u_LOGIC_CENTER/CENTER1/DRD_OD/U309' (libcell 'NAND2X05AS9') :
    input pin 'u_LOGIC_CENTER/CENTER1/DRD_OD/U309/I2' at logic '0'
    > output pin 'u_LOGIC_CENTER/CENTER1/DRD_OD/U309/O' at logic '1'

170.9.1 Forward propagation on NET pins (level 9)
----------------------------------------------------
  Propagation of logic '1' from pin 'u_LOGIC_CENTER/CENTER1/DRD_OD/U309/O' on net 'u_LOGIC_CENTER/CENTER1/DRD_OD/n170':
    > pin 'u_LOGIC_CENTER/CENTER1/DRD_OD/U310/A1' at logic '1'
    > pin 'u_LOGIC_CENTER/CENTER1/DRD_OD/POSTROUTE_FE_PHC112_n170/I' at logic '1'

170.9.2 Forward propagation through CELLS (level 9)
----------------------------------------------------

170.9.2 Forward propagation through CELLS (level 9)
----------------------------------------------------
  Cell 'u_LOGIC_CENTER/CENTER1/DRD_OD/POSTROUTE_FE_PHC112_n170' (libcell 'BUFX03AS9') :
    input pin 'u_LOGIC_CENTER/CENTER1/DRD_OD/POSTROUTE_FE_PHC112_n170/I' at logic '1'
    > output pin 'u_LOGIC_CENTER/CENTER1/DRD_OD/POSTROUTE_FE_PHC112_n170/O' at logic '1'

170.10.1 Forward propagation on NET pins (level 10)
----------------------------------------------------
  Propagation of logic '1' from pin 'u_LOGIC_CENTER/CENTER1/DRD_OD/POSTROUTE_FE_PHC112_n170/O' on net 'u_LOGIC_CENTER/CENTER1/DRD_OD/FE_PHN112_n170':
    > pin 'u_LOGIC_CENTER/CENTER1/DRD_OD/U321/A1' at logic '1'

170.10.2 Forward propagation through CELLS (level 10)
----------------------------------------------------

170.8.2 Forward propagation through CELLS (level 8)
----------------------------------------------------
  Cell 'u_LOGIC_CENTER/CENTER1/DRD_OD/U311' (libcell 'NAND2X05AS9') :
    input pin 'u_LOGIC_CENTER/CENTER1/DRD_OD/U311/I2' at logic '0'
    > output pin 'u_LOGIC_CENTER/CENTER1/DRD_OD/U311/O' at logic '1'

170.9.1 Forward propagation on NET pins (level 9)
----------------------------------------------------
  Propagation of logic '1' from pin 'u_LOGIC_CENTER/CENTER1/DRD_OD/U311/O' on net 'u_LOGIC_CENTER/CENTER1/DRD_OD/n171':
    > pin 'u_LOGIC_CENTER/CENTER1/DRD_OD/POSTROUTE_FE_PHC120_n171/I' at logic '1'
    > pin 'u_LOGIC_CENTER/CENTER1/DRD_OD/U312/A1' at logic '1'

170.9.2 Forward propagation through CELLS (level 9)
----------------------------------------------------
  Cell 'u_LOGIC_CENTER/CENTER1/DRD_OD/POSTROUTE_FE_PHC120_n171' (libcell 'BUFX03AS9') :
    input pin 'u_LOGIC_CENTER/CENTER1/DRD_OD/POSTROUTE_FE_PHC120_n171/I' at logic '1'
    > output pin 'u_LOGIC_CENTER/CENTER1/DRD_OD/POSTROUTE_FE_PHC120_n171/O' at logic '1'

170.10.1 Forward propagation on NET pins (level 10)
----------------------------------------------------
  Propagation of logic '1' from pin 'u_LOGIC_CENTER/CENTER1/DRD_OD/POSTROUTE_FE_PHC120_n171/O' on net 'u_LOGIC_CENTER/CENTER1/DRD_OD/FE_PHN120_n171':
    > pin 'u_LOGIC_CENTER/CENTER1/DRD_OD/U322/A1' at logic '1'

170.10.2 Forward propagation through CELLS (level 10)
----------------------------------------------------

170.9.2 Forward propagation through CELLS (level 9)
----------------------------------------------------

170.8.2 Forward propagation through CELLS (level 8)
----------------------------------------------------
  Cell 'u_LOGIC_CENTER/CENTER1/DRD_OD/U313' (libcell 'NAND2X05AS9') :
    input pin 'u_LOGIC_CENTER/CENTER1/DRD_OD/U313/I2' at logic '0'
    > output pin 'u_LOGIC_CENTER/CENTER1/DRD_OD/U313/O' at logic '1'

170.9.1 Forward propagation on NET pins (level 9)
----------------------------------------------------
  Propagation of logic '1' from pin 'u_LOGIC_CENTER/CENTER1/DRD_OD/U313/O' on net 'u_LOGIC_CENTER/CENTER1/DRD_OD/n172':
    > pin 'u_LOGIC_CENTER/CENTER1/DRD_OD/U314/A1' at logic '1'
    > pin 'u_LOGIC_CENTER/CENTER1/DRD_OD/POSTROUTE_FE_PHC119_n172/I' at logic '1'

170.9.2 Forward propagation through CELLS (level 9)
----------------------------------------------------

170.9.2 Forward propagation through CELLS (level 9)
----------------------------------------------------
  Cell 'u_LOGIC_CENTER/CENTER1/DRD_OD/POSTROUTE_FE_PHC119_n172' (libcell 'BUFX03AS9') :
    input pin 'u_LOGIC_CENTER/CENTER1/DRD_OD/POSTROUTE_FE_PHC119_n172/I' at logic '1'
    > output pin 'u_LOGIC_CENTER/CENTER1/DRD_OD/POSTROUTE_FE_PHC119_n172/O' at logic '1'

170.10.1 Forward propagation on NET pins (level 10)
----------------------------------------------------
  Propagation of logic '1' from pin 'u_LOGIC_CENTER/CENTER1/DRD_OD/POSTROUTE_FE_PHC119_n172/O' on net 'u_LOGIC_CENTER/CENTER1/DRD_OD/FE_PHN119_n172':
    > pin 'u_LOGIC_CENTER/CENTER1/DRD_OD/U323/A1' at logic '1'

170.10.2 Forward propagation through CELLS (level 10)
----------------------------------------------------

170.8.2 Forward propagation through CELLS (level 8)
----------------------------------------------------
  Cell 'u_LOGIC_CENTER/CENTER1/DRD_OD/U315' (libcell 'NAND2X05AS9') :
    input pin 'u_LOGIC_CENTER/CENTER1/DRD_OD/U315/I2' at logic '0'
    > output pin 'u_LOGIC_CENTER/CENTER1/DRD_OD/U315/O' at logic '1'

170.9.1 Forward propagation on NET pins (level 9)
----------------------------------------------------
  Propagation of logic '1' from pin 'u_LOGIC_CENTER/CENTER1/DRD_OD/U315/O' on net 'u_LOGIC_CENTER/CENTER1/DRD_OD/n173':
    > pin 'u_LOGIC_CENTER/CENTER1/DRD_OD/U316/A1' at logic '1'
    > pin 'u_LOGIC_CENTER/CENTER1/DRD_OD/POSTROUTE_FE_PHC115_n173/I' at logic '1'

170.9.2 Forward propagation through CELLS (level 9)
----------------------------------------------------

170.9.2 Forward propagation through CELLS (level 9)
----------------------------------------------------
  Cell 'u_LOGIC_CENTER/CENTER1/DRD_OD/POSTROUTE_FE_PHC115_n173' (libcell 'BUFX03AS9') :
    input pin 'u_LOGIC_CENTER/CENTER1/DRD_OD/POSTROUTE_FE_PHC115_n173/I' at logic '1'
    > output pin 'u_LOGIC_CENTER/CENTER1/DRD_OD/POSTROUTE_FE_PHC115_n173/O' at logic '1'

170.10.1 Forward propagation on NET pins (level 10)
----------------------------------------------------
  Propagation of logic '1' from pin 'u_LOGIC_CENTER/CENTER1/DRD_OD/POSTROUTE_FE_PHC115_n173/O' on net 'u_LOGIC_CENTER/CENTER1/DRD_OD/FE_PHN115_n173':
    > pin 'u_LOGIC_CENTER/CENTER1/DRD_OD/U324/A1' at logic '1'

170.10.2 Forward propagation through CELLS (level 10)
----------------------------------------------------

170.8.2 Forward propagation through CELLS (level 8)
----------------------------------------------------
  Cell 'u_LOGIC_CENTER/CENTER1/DRD_OD/U317' (libcell 'NAND2X05AS9') :
    input pin 'u_LOGIC_CENTER/CENTER1/DRD_OD/U317/I2' at logic '0'
    > output pin 'u_LOGIC_CENTER/CENTER1/DRD_OD/U317/O' at logic '1'

170.9.1 Forward propagation on NET pins (level 9)
----------------------------------------------------
  Propagation of logic '1' from pin 'u_LOGIC_CENTER/CENTER1/DRD_OD/U317/O' on net 'u_LOGIC_CENTER/CENTER1/DRD_OD/n174':
    > pin 'u_LOGIC_CENTER/CENTER1/DRD_OD/U318/A1' at logic '1'
    > pin 'u_LOGIC_CENTER/CENTER1/DRD_OD/POSTROUTE_FE_PHC118_n174/I' at logic '1'

170.9.2 Forward propagation through CELLS (level 9)
----------------------------------------------------

170.9.2 Forward propagation through CELLS (level 9)
----------------------------------------------------
  Cell 'u_LOGIC_CENTER/CENTER1/DRD_OD/POSTROUTE_FE_PHC118_n174' (libcell 'BUFX03AS9') :
    input pin 'u_LOGIC_CENTER/CENTER1/DRD_OD/POSTROUTE_FE_PHC118_n174/I' at logic '1'
    > output pin 'u_LOGIC_CENTER/CENTER1/DRD_OD/POSTROUTE_FE_PHC118_n174/O' at logic '1'

170.10.1 Forward propagation on NET pins (level 10)
----------------------------------------------------
  Propagation of logic '1' from pin 'u_LOGIC_CENTER/CENTER1/DRD_OD/POSTROUTE_FE_PHC118_n174/O' on net 'u_LOGIC_CENTER/CENTER1/DRD_OD/FE_PHN118_n174':
    > pin 'u_LOGIC_CENTER/CENTER1/DRD_OD/U325/A1' at logic '1'

170.10.2 Forward propagation through CELLS (level 10)
----------------------------------------------------

170.8.2 Forward propagation through CELLS (level 8)
----------------------------------------------------
  Cell 'u_LOGIC_CENTER/CENTER1/DRD_OD/U319' (libcell 'NAND2X05AS9') :
    input pin 'u_LOGIC_CENTER/CENTER1/DRD_OD/U319/I2' at logic '0'
    > output pin 'u_LOGIC_CENTER/CENTER1/DRD_OD/U319/O' at logic '1'

170.9.1 Forward propagation on NET pins (level 9)
----------------------------------------------------
  Propagation of logic '1' from pin 'u_LOGIC_CENTER/CENTER1/DRD_OD/U319/O' on net 'u_LOGIC_CENTER/CENTER1/DRD_OD/n175':
    > pin 'u_LOGIC_CENTER/CENTER1/DRD_OD/POSTROUTE_FE_PHC121_n175/I' at logic '1'
    > pin 'u_LOGIC_CENTER/CENTER1/DRD_OD/U320/A1' at logic '1'

170.9.2 Forward propagation through CELLS (level 9)
----------------------------------------------------
  Cell 'u_LOGIC_CENTER/CENTER1/DRD_OD/POSTROUTE_FE_PHC121_n175' (libcell 'BUFX03AS9') :
    input pin 'u_LOGIC_CENTER/CENTER1/DRD_OD/POSTROUTE_FE_PHC121_n175/I' at logic '1'
    > output pin 'u_LOGIC_CENTER/CENTER1/DRD_OD/POSTROUTE_FE_PHC121_n175/O' at logic '1'

170.10.1 Forward propagation on NET pins (level 10)
----------------------------------------------------
  Propagation of logic '1' from pin 'u_LOGIC_CENTER/CENTER1/DRD_OD/POSTROUTE_FE_PHC121_n175/O' on net 'u_LOGIC_CENTER/CENTER1/DRD_OD/FE_PHN121_n175':
    > pin 'u_LOGIC_CENTER/CENTER1/DRD_OD/U326/A1' at logic '1'

170.10.2 Forward propagation through CELLS (level 10)
----------------------------------------------------

170.9.2 Forward propagation through CELLS (level 9)
----------------------------------------------------

170.8.2 Forward propagation through CELLS (level 8)
----------------------------------------------------

170.8.2 Forward propagation through CELLS (level 8)
----------------------------------------------------

170.8.2 Forward propagation through CELLS (level 8)
----------------------------------------------------

170.8.2 Forward propagation through CELLS (level 8)
----------------------------------------------------

170.8.2 Forward propagation through CELLS (level 8)
----------------------------------------------------

170.8.2 Forward propagation through CELLS (level 8)
----------------------------------------------------

170.8.2 Forward propagation through CELLS (level 8)
----------------------------------------------------

170.8.2 Forward propagation through CELLS (level 8)
----------------------------------------------------

170.8.2 Forward propagation through CELLS (level 8)
----------------------------------------------------

170.8.2 Forward propagation through CELLS (level 8)
----------------------------------------------------

170.8.2 Forward propagation through CELLS (level 8)
----------------------------------------------------

170.8.2 Forward propagation through CELLS (level 8)
----------------------------------------------------

170.8.2 Forward propagation through CELLS (level 8)
----------------------------------------------------

170.8.2 Forward propagation through CELLS (level 8)
----------------------------------------------------

170.8.2 Forward propagation through CELLS (level 8)
----------------------------------------------------

170.8.2 Forward propagation through CELLS (level 8)
----------------------------------------------------

170.8.2 Forward propagation through CELLS (level 8)
----------------------------------------------------

170.8.2 Forward propagation through CELLS (level 8)
----------------------------------------------------

170.8.2 Forward propagation through CELLS (level 8)
----------------------------------------------------

170.8.2 Forward propagation through CELLS (level 8)
----------------------------------------------------

170.8.2 Forward propagation through CELLS (level 8)
----------------------------------------------------

170.8.2 Forward propagation through CELLS (level 8)
----------------------------------------------------

170.8.2 Forward propagation through CELLS (level 8)
----------------------------------------------------

170.8.2 Forward propagation through CELLS (level 8)
----------------------------------------------------

170.8.2 Forward propagation through CELLS (level 8)
----------------------------------------------------

170.4.2 Forward propagation through CELLS (level 4)
----------------------------------------------------
  Cell 'u_LOGIC_CENTER/INBUF_U0/U2' (libcell 'AND2B1X1AS9') :
    input pin 'u_LOGIC_CENTER/INBUF_U0/U2/B2' at logic '1'
    > output pin 'u_LOGIC_CENTER/INBUF_U0/U2/O' at logic '0'

170.5.1 Forward propagation on NET pins (level 5)
----------------------------------------------------
  Propagation of logic '0' from pin 'u_LOGIC_CENTER/INBUF_U0/U2/O' on net 'u_LOGIC_CENTER/INBUF_U0/I_RSTN_1P':
    > pin 'u_LOGIC_CENTER/CENTER1/TOTAL_DTCTL/DTCTL_L0/DTCLK_1P_ORG_reg/RB' at logic '0'

170.5.2 Forward propagation through CELLS (level 5)
----------------------------------------------------

170.4.2 Forward propagation through CELLS (level 4)
----------------------------------------------------

170.4.2 Forward propagation through CELLS (level 4)
----------------------------------------------------

170.4.2 Forward propagation through CELLS (level 4)
----------------------------------------------------
  Cell 'u_LOGIC_CENTER/LINK_LOGIC/CSPI_CMD_ALIGN_L0/iSP_UTC_DET_L0/U57' (libcell 'NOR2X05AS9') :
    input pin 'u_LOGIC_CENTER/LINK_LOGIC/CSPI_CMD_ALIGN_L0/iSP_UTC_DET_L0/U57/I1' at logic '1'
    > output pin 'u_LOGIC_CENTER/LINK_LOGIC/CSPI_CMD_ALIGN_L0/iSP_UTC_DET_L0/U57/O' at logic '0'

170.5.1 Forward propagation on NET pins (level 5)
----------------------------------------------------
  Propagation of logic '0' from pin 'u_LOGIC_CENTER/LINK_LOGIC/CSPI_CMD_ALIGN_L0/iSP_UTC_DET_L0/U57/O' on net 'u_LOGIC_CENTER/LINK_LOGIC/CSPI_CMD_ALIGN_L0/iSP_UTC_DET_L0/n74':
    > pin 'u_LOGIC_CENTER/LINK_LOGIC/CSPI_CMD_ALIGN_L0/iSP_UTC_DET_L0/PLACE_FE_OFC402_n74/I' at logic '0'

170.5.2 Forward propagation through CELLS (level 5)
----------------------------------------------------
  Cell 'u_LOGIC_CENTER/LINK_LOGIC/CSPI_CMD_ALIGN_L0/iSP_UTC_DET_L0/PLACE_FE_OFC402_n74' (libcell 'CLKBUFX1AS9') :
    input pin 'u_LOGIC_CENTER/LINK_LOGIC/CSPI_CMD_ALIGN_L0/iSP_UTC_DET_L0/PLACE_FE_OFC402_n74/I' at logic '0'
    > output pin 'u_LOGIC_CENTER/LINK_LOGIC/CSPI_CMD_ALIGN_L0/iSP_UTC_DET_L0/PLACE_FE_OFC402_n74/O' at logic '0'

170.6.1 Forward propagation on NET pins (level 6)
----------------------------------------------------
  Propagation of logic '0' from pin 'u_LOGIC_CENTER/LINK_LOGIC/CSPI_CMD_ALIGN_L0/iSP_UTC_DET_L0/PLACE_FE_OFC402_n74/O' on net 'u_LOGIC_CENTER/LINK_LOGIC/CSPI_CMD_ALIGN_L0/iSP_UTC_DET_L0/FE_OFN383_n74':
    > pin 'u_LOGIC_CENTER/LINK_LOGIC/CSPI_CMD_ALIGN_L0/iSP_UTC_DET_L0/U80/B2' at logic '0'
    > pin 'u_LOGIC_CENTER/LINK_LOGIC/CSPI_CMD_ALIGN_L0/iSP_UTC_DET_L0/U84/C1' at logic '0'
    > pin 'u_LOGIC_CENTER/LINK_LOGIC/CSPI_CMD_ALIGN_L0/iSP_UTC_DET_L0/U88/A1' at logic '0'
    > pin 'u_LOGIC_CENTER/LINK_LOGIC/CSPI_CMD_ALIGN_L0/iSP_UTC_DET_L0/U92/A1' at logic '0'
    > pin 'u_LOGIC_CENTER/LINK_LOGIC/CSPI_CMD_ALIGN_L0/iSP_UTC_DET_L0/U99/C1' at logic '0'
    > pin 'u_LOGIC_CENTER/LINK_LOGIC/CSPI_CMD_ALIGN_L0/iSP_UTC_DET_L0/U103/A1' at logic '0'
    > pin 'u_LOGIC_CENTER/LINK_LOGIC/CSPI_CMD_ALIGN_L0/iSP_UTC_DET_L0/U58/B2' at logic '0'
    > pin 'u_LOGIC_CENTER/LINK_LOGIC/CSPI_CMD_ALIGN_L0/iSP_UTC_DET_L0/U61/I1' at logic '0'
    > pin 'u_LOGIC_CENTER/LINK_LOGIC/CSPI_CMD_ALIGN_L0/iSP_UTC_DET_L0/U68/B1B' at logic '0'
    > pin 'u_LOGIC_CENTER/LINK_LOGIC/CSPI_CMD_ALIGN_L0/iSP_UTC_DET_L0/U77/A1' at logic '0'

170.6.2 Forward propagation through CELLS (level 6)
----------------------------------------------------

170.6.2 Forward propagation through CELLS (level 6)
----------------------------------------------------

170.6.2 Forward propagation through CELLS (level 6)
----------------------------------------------------

170.6.2 Forward propagation through CELLS (level 6)
----------------------------------------------------

170.6.2 Forward propagation through CELLS (level 6)
----------------------------------------------------

170.6.2 Forward propagation through CELLS (level 6)
----------------------------------------------------

170.6.2 Forward propagation through CELLS (level 6)
----------------------------------------------------

170.6.2 Forward propagation through CELLS (level 6)
----------------------------------------------------

170.6.2 Forward propagation through CELLS (level 6)
----------------------------------------------------

170.6.2 Forward propagation through CELLS (level 6)
----------------------------------------------------

170.4.2 Forward propagation through CELLS (level 4)
----------------------------------------------------

170.4.2 Forward propagation through CELLS (level 4)
----------------------------------------------------
  Cell 'u_LOGIC_CENTER/LINK_LOGIC/LC_CSPIF_L0/U300' (libcell 'NOR2X05AS9') :
    input pin 'u_LOGIC_CENTER/LINK_LOGIC/LC_CSPIF_L0/U300/I1' at logic '1'
    > output pin 'u_LOGIC_CENTER/LINK_LOGIC/LC_CSPIF_L0/U300/O' at logic '0'

170.5.1 Forward propagation on NET pins (level 5)
----------------------------------------------------
  Propagation of logic '0' from pin 'u_LOGIC_CENTER/LINK_LOGIC/LC_CSPIF_L0/U300/O' on net 'u_LOGIC_CENTER/LINK_LOGIC/LC_CSPIF_L0/n423':
    > pin 'u_LOGIC_CENTER/LINK_LOGIC/LC_CSPIF_L0/PLACE_FE_OFC414_n423/I' at logic '0'

170.5.2 Forward propagation through CELLS (level 5)
----------------------------------------------------
  Cell 'u_LOGIC_CENTER/LINK_LOGIC/LC_CSPIF_L0/PLACE_FE_OFC414_n423' (libcell 'CLKBUFX1AS9') :
    input pin 'u_LOGIC_CENTER/LINK_LOGIC/LC_CSPIF_L0/PLACE_FE_OFC414_n423/I' at logic '0'
    > output pin 'u_LOGIC_CENTER/LINK_LOGIC/LC_CSPIF_L0/PLACE_FE_OFC414_n423/O' at logic '0'

170.6.1 Forward propagation on NET pins (level 6)
----------------------------------------------------
  Propagation of logic '0' from pin 'u_LOGIC_CENTER/LINK_LOGIC/LC_CSPIF_L0/PLACE_FE_OFC414_n423/O' on net 'u_LOGIC_CENTER/LINK_LOGIC/LC_CSPIF_L0/FE_OFN395_n423':
    > pin 'u_LOGIC_CENTER/LINK_LOGIC/LC_CSPIF_L0/U301/B2' at logic '0'
    > pin 'u_LOGIC_CENTER/LINK_LOGIC/LC_CSPIF_L0/U303/I1' at logic '0'
    > pin 'u_LOGIC_CENTER/LINK_LOGIC/LC_CSPIF_L0/U310/B1B' at logic '0'
    > pin 'u_LOGIC_CENTER/LINK_LOGIC/LC_CSPIF_L0/U317/A1' at logic '0'
    > pin 'u_LOGIC_CENTER/LINK_LOGIC/LC_CSPIF_L0/U321/C2' at logic '0'
    > pin 'u_LOGIC_CENTER/LINK_LOGIC/LC_CSPIF_L0/U323/I' at logic '0'
    > pin 'u_LOGIC_CENTER/LINK_LOGIC/LC_CSPIF_L0/U359/I1' at logic '0'
    > pin 'u_LOGIC_CENTER/LINK_LOGIC/LC_CSPIF_L0/U619/B1' at logic '0'

170.6.2 Forward propagation through CELLS (level 6)
----------------------------------------------------

170.6.2 Forward propagation through CELLS (level 6)
----------------------------------------------------

170.6.2 Forward propagation through CELLS (level 6)
----------------------------------------------------

170.6.2 Forward propagation through CELLS (level 6)
----------------------------------------------------

170.6.2 Forward propagation through CELLS (level 6)
----------------------------------------------------

170.6.2 Forward propagation through CELLS (level 6)
----------------------------------------------------
  Cell 'u_LOGIC_CENTER/LINK_LOGIC/LC_CSPIF_L0/U323' (libcell 'INVX05AS9') :
    input pin 'u_LOGIC_CENTER/LINK_LOGIC/LC_CSPIF_L0/U323/I' at logic '0'
    > output pin 'u_LOGIC_CENTER/LINK_LOGIC/LC_CSPIF_L0/U323/O' at logic '1'

170.7.1 Forward propagation on NET pins (level 7)
----------------------------------------------------
  Propagation of logic '1' from pin 'u_LOGIC_CENTER/LINK_LOGIC/LC_CSPIF_L0/U323/O' on net 'u_LOGIC_CENTER/LINK_LOGIC/LC_CSPIF_L0/n425':
    > pin 'u_LOGIC_CENTER/LINK_LOGIC/LC_CSPIF_L0/U324/B2B' at logic '1'
    > pin 'u_LOGIC_CENTER/LINK_LOGIC/LC_CSPIF_L0/U338/I2' at logic '1'
    > pin 'u_LOGIC_CENTER/LINK_LOGIC/LC_CSPIF_L0/U342/I2' at logic '1'
    > pin 'u_LOGIC_CENTER/LINK_LOGIC/LC_CSPIF_L0/U350/I1' at logic '1'
    > pin 'u_LOGIC_CENTER/LINK_LOGIC/LC_CSPIF_L0/U619/A1' at logic '1'

170.7.2 Forward propagation through CELLS (level 7)
----------------------------------------------------

170.7.2 Forward propagation through CELLS (level 7)
----------------------------------------------------
  Cell 'u_LOGIC_CENTER/LINK_LOGIC/LC_CSPIF_L0/U338' (libcell 'NOR2X05AS9') :
    input pin 'u_LOGIC_CENTER/LINK_LOGIC/LC_CSPIF_L0/U338/I2' at logic '1'
    > output pin 'u_LOGIC_CENTER/LINK_LOGIC/LC_CSPIF_L0/U338/O' at logic '0'

170.8.1 Forward propagation on NET pins (level 8)
----------------------------------------------------
  Propagation of logic '0' from pin 'u_LOGIC_CENTER/LINK_LOGIC/LC_CSPIF_L0/U338/O' on net 'u_LOGIC_CENTER/LINK_LOGIC/LC_CSPIF_L0/n418':
    > pin 'u_LOGIC_CENTER/LINK_LOGIC/LC_CSPIF_L0/U339/B1' at logic '0'
    > pin 'u_LOGIC_CENTER/LINK_LOGIC/LC_CSPIF_L0/U616/B1' at logic '0'

170.8.2 Forward propagation through CELLS (level 8)
----------------------------------------------------

170.8.2 Forward propagation through CELLS (level 8)
----------------------------------------------------

170.7.2 Forward propagation through CELLS (level 7)
----------------------------------------------------
  Cell 'u_LOGIC_CENTER/LINK_LOGIC/LC_CSPIF_L0/U342' (libcell 'NOR2X05AS9') :
    input pin 'u_LOGIC_CENTER/LINK_LOGIC/LC_CSPIF_L0/U342/I2' at logic '1'
    > output pin 'u_LOGIC_CENTER/LINK_LOGIC/LC_CSPIF_L0/U342/O' at logic '0'

170.8.1 Forward propagation on NET pins (level 8)
----------------------------------------------------
  Propagation of logic '0' from pin 'u_LOGIC_CENTER/LINK_LOGIC/LC_CSPIF_L0/U342/O' on net 'u_LOGIC_CENTER/LINK_LOGIC/LC_CSPIF_L0/n439':
    > pin 'u_LOGIC_CENTER/LINK_LOGIC/LC_CSPIF_L0/U345/A1' at logic '0'
    > pin 'u_LOGIC_CENTER/LINK_LOGIC/LC_CSPIF_L0/U627/B1' at logic '0'

170.8.2 Forward propagation through CELLS (level 8)
----------------------------------------------------

170.8.2 Forward propagation through CELLS (level 8)
----------------------------------------------------

170.7.2 Forward propagation through CELLS (level 7)
----------------------------------------------------
  Cell 'u_LOGIC_CENTER/LINK_LOGIC/LC_CSPIF_L0/U350' (libcell 'NOR2X05AS9') :
    input pin 'u_LOGIC_CENTER/LINK_LOGIC/LC_CSPIF_L0/U350/I1' at logic '1'
    > output pin 'u_LOGIC_CENTER/LINK_LOGIC/LC_CSPIF_L0/U350/O' at logic '0'

170.8.1 Forward propagation on NET pins (level 8)
----------------------------------------------------
  Propagation of logic '0' from pin 'u_LOGIC_CENTER/LINK_LOGIC/LC_CSPIF_L0/U350/O' on net 'u_LOGIC_CENTER/LINK_LOGIC/LC_CSPIF_L0/n445':
    > pin 'u_LOGIC_CENTER/LINK_LOGIC/LC_CSPIF_L0/U353/B3' at logic '0'
    > pin 'u_LOGIC_CENTER/LINK_LOGIC/LC_CSPIF_L0/U629/A1' at logic '0'

170.8.2 Forward propagation through CELLS (level 8)
----------------------------------------------------

170.8.2 Forward propagation through CELLS (level 8)
----------------------------------------------------

170.7.2 Forward propagation through CELLS (level 7)
----------------------------------------------------

170.6.2 Forward propagation through CELLS (level 6)
----------------------------------------------------
  Cell 'u_LOGIC_CENTER/LINK_LOGIC/LC_CSPIF_L0/U359' (libcell 'NAND2X05AS9') :
    input pin 'u_LOGIC_CENTER/LINK_LOGIC/LC_CSPIF_L0/U359/I1' at logic '0'
    > output pin 'u_LOGIC_CENTER/LINK_LOGIC/LC_CSPIF_L0/U359/O' at logic '1'

170.7.1 Forward propagation on NET pins (level 7)
----------------------------------------------------
  Propagation of logic '1' from pin 'u_LOGIC_CENTER/LINK_LOGIC/LC_CSPIF_L0/U359/O' on net 'u_LOGIC_CENTER/LINK_LOGIC/LC_CSPIF_L0/n414':
    > pin 'u_LOGIC_CENTER/LINK_LOGIC/LC_CSPIF_L0/U360/I' at logic '1'
    > pin 'u_LOGIC_CENTER/LINK_LOGIC/LC_CSPIF_L0/U11/I2' at logic '1'

170.7.2 Forward propagation through CELLS (level 7)
----------------------------------------------------
  Cell 'u_LOGIC_CENTER/LINK_LOGIC/LC_CSPIF_L0/U360' (libcell 'INVX03AS9') :
    input pin 'u_LOGIC_CENTER/LINK_LOGIC/LC_CSPIF_L0/U360/I' at logic '1'
    > output pin 'u_LOGIC_CENTER/LINK_LOGIC/LC_CSPIF_L0/U360/O' at logic '0'

170.8.1 Forward propagation on NET pins (level 8)
----------------------------------------------------
  Propagation of logic '0' from pin 'u_LOGIC_CENTER/LINK_LOGIC/LC_CSPIF_L0/U360/O' on net 'u_LOGIC_CENTER/LINK_LOGIC/LC_CSPIF_L0/n167':
    > pin 'u_LOGIC_CENTER/LINK_LOGIC/LC_CSPIF_L0/U361/B1' at logic '0'

170.8.2 Forward propagation through CELLS (level 8)
----------------------------------------------------

170.7.2 Forward propagation through CELLS (level 7)
----------------------------------------------------

170.6.2 Forward propagation through CELLS (level 6)
----------------------------------------------------

170.4.2 Forward propagation through CELLS (level 4)
----------------------------------------------------

170.4.2 Forward propagation through CELLS (level 4)
----------------------------------------------------

170.4.2 Forward propagation through CELLS (level 4)
----------------------------------------------------

170.4.2 Forward propagation through CELLS (level 4)
----------------------------------------------------

170.4.2 Forward propagation through CELLS (level 4)
----------------------------------------------------

170.4.2 Forward propagation through CELLS (level 4)
----------------------------------------------------

170.4.2 Forward propagation through CELLS (level 4)
----------------------------------------------------

170.4.2 Forward propagation through CELLS (level 4)
----------------------------------------------------

170.4.2 Forward propagation through CELLS (level 4)
----------------------------------------------------

170.4.2 Forward propagation through CELLS (level 4)
----------------------------------------------------

170.4.2 Forward propagation through CELLS (level 4)
----------------------------------------------------

170.4.2 Forward propagation through CELLS (level 4)
----------------------------------------------------

170.4.2 Forward propagation through CELLS (level 4)
----------------------------------------------------

170.4.2 Forward propagation through CELLS (level 4)
----------------------------------------------------

170.4.2 Forward propagation through CELLS (level 4)
----------------------------------------------------

170.4.2 Forward propagation through CELLS (level 4)
----------------------------------------------------

170.4.2 Forward propagation through CELLS (level 4)
----------------------------------------------------

170.4.2 Forward propagation through CELLS (level 4)
----------------------------------------------------

170.4.2 Forward propagation through CELLS (level 4)
----------------------------------------------------

170.4.2 Forward propagation through CELLS (level 4)
----------------------------------------------------

170.4.2 Forward propagation through CELLS (level 4)
----------------------------------------------------

170.4.2 Forward propagation through CELLS (level 4)
----------------------------------------------------

170.4.2 Forward propagation through CELLS (level 4)
----------------------------------------------------

170.4.2 Forward propagation through CELLS (level 4)
----------------------------------------------------

170.4.2 Forward propagation through CELLS (level 4)
----------------------------------------------------

170.4.2 Forward propagation through CELLS (level 4)
----------------------------------------------------

170.4.2 Forward propagation through CELLS (level 4)
----------------------------------------------------

170.4.2 Forward propagation through CELLS (level 4)
----------------------------------------------------

170.4.2 Forward propagation through CELLS (level 4)
----------------------------------------------------

170.4.2 Forward propagation through CELLS (level 4)
----------------------------------------------------

170.4.2 Forward propagation through CELLS (level 4)
----------------------------------------------------
  Cell 'u_LOGIC_CENTER/CENTER1/TOTAL_DTCTL/DTCTL_L0/U111' (libcell 'NOR2X05AS9') :
    input pin 'u_LOGIC_CENTER/CENTER1/TOTAL_DTCTL/DTCTL_L0/U111/I2' at logic '1'
    > output pin 'u_LOGIC_CENTER/CENTER1/TOTAL_DTCTL/DTCTL_L0/U111/O' at logic '0'

170.5.1 Forward propagation on NET pins (level 5)
----------------------------------------------------
  Propagation of logic '0' from pin 'u_LOGIC_CENTER/CENTER1/TOTAL_DTCTL/DTCTL_L0/U111/O' on net 'u_LOGIC_CENTER/CENTER1/TOTAL_DTCTL/DTCTL_L0/n143':
    > pin 'u_LOGIC_CENTER/CENTER1/TOTAL_DTCTL/DTCTL_L0/PLACE_FE_OFC429_n143/I' at logic '0'

170.5.2 Forward propagation through CELLS (level 5)
----------------------------------------------------
  Cell 'u_LOGIC_CENTER/CENTER1/TOTAL_DTCTL/DTCTL_L0/PLACE_FE_OFC429_n143' (libcell 'CLKBUFX1AS9') :
    input pin 'u_LOGIC_CENTER/CENTER1/TOTAL_DTCTL/DTCTL_L0/PLACE_FE_OFC429_n143/I' at logic '0'
    > output pin 'u_LOGIC_CENTER/CENTER1/TOTAL_DTCTL/DTCTL_L0/PLACE_FE_OFC429_n143/O' at logic '0'

170.6.1 Forward propagation on NET pins (level 6)
----------------------------------------------------
  Propagation of logic '0' from pin 'u_LOGIC_CENTER/CENTER1/TOTAL_DTCTL/DTCTL_L0/PLACE_FE_OFC429_n143/O' on net 'u_LOGIC_CENTER/CENTER1/TOTAL_DTCTL/DTCTL_L0/FE_OFN411_n143':
    > pin 'u_LOGIC_CENTER/CENTER1/TOTAL_DTCTL/DTCTL_L0/U40/B1' at logic '0'
    > pin 'u_LOGIC_CENTER/CENTER1/TOTAL_DTCTL/DTCTL_L0/U76/I' at logic '0'
    > pin 'u_LOGIC_CENTER/CENTER1/TOTAL_DTCTL/DTCTL_L0/U77/I2' at logic '0'
    > pin 'u_LOGIC_CENTER/CENTER1/TOTAL_DTCTL/DTCTL_L0/U78/I2' at logic '0'
    > pin 'u_LOGIC_CENTER/CENTER1/TOTAL_DTCTL/DTCTL_L0/U79/I2' at logic '0'
    > pin 'u_LOGIC_CENTER/CENTER1/TOTAL_DTCTL/DTCTL_L0/U142/I2' at logic '0'
    > pin 'u_LOGIC_CENTER/CENTER1/TOTAL_DTCTL/DTCTL_L0/U154/I2' at logic '0'
    > pin 'u_LOGIC_CENTER/CENTER1/TOTAL_DTCTL/DTCTL_L0/U173/B2B' at logic '0'

170.6.2 Forward propagation through CELLS (level 6)
----------------------------------------------------

170.6.2 Forward propagation through CELLS (level 6)
----------------------------------------------------
  Cell 'u_LOGIC_CENTER/CENTER1/TOTAL_DTCTL/DTCTL_L0/U76' (libcell 'INVX05AS9') :
    input pin 'u_LOGIC_CENTER/CENTER1/TOTAL_DTCTL/DTCTL_L0/U76/I' at logic '0'
    > output pin 'u_LOGIC_CENTER/CENTER1/TOTAL_DTCTL/DTCTL_L0/U76/O' at logic '1'

170.7.1 Forward propagation on NET pins (level 7)
----------------------------------------------------
  Propagation of logic '1' from pin 'u_LOGIC_CENTER/CENTER1/TOTAL_DTCTL/DTCTL_L0/U76/O' on net 'u_LOGIC_CENTER/CENTER1/TOTAL_DTCTL/DTCTL_L0/n28':
    > pin 'u_LOGIC_CENTER/CENTER1/TOTAL_DTCTL/DTCTL_L0/U117/C2' at logic '1'
    > pin 'u_LOGIC_CENTER/CENTER1/TOTAL_DTCTL/DTCTL_L0/U83/B2' at logic '1'

170.7.2 Forward propagation through CELLS (level 7)
----------------------------------------------------

170.7.2 Forward propagation through CELLS (level 7)
----------------------------------------------------
  Cell 'u_LOGIC_CENTER/CENTER1/TOTAL_DTCTL/DTCTL_L0/U83' (libcell 'AND2B1X2AS9') :
    input pin 'u_LOGIC_CENTER/CENTER1/TOTAL_DTCTL/DTCTL_L0/U83/B2' at logic '1'
    > output pin 'u_LOGIC_CENTER/CENTER1/TOTAL_DTCTL/DTCTL_L0/U83/O' at logic '0'

170.8.1 Forward propagation on NET pins (level 8)
----------------------------------------------------
  Propagation of logic '0' from pin 'u_LOGIC_CENTER/CENTER1/TOTAL_DTCTL/DTCTL_L0/U83/O' on net 'u_LOGIC_CENTER/CENTER1/TOTAL_DTCTL/DTCTL_L0/n34':
    > pin 'u_LOGIC_CENTER/CENTER1/TOTAL_DTCTL/DTCTL_L0/U26/I1' at logic '0'

170.8.2 Forward propagation through CELLS (level 8)
----------------------------------------------------

170.6.2 Forward propagation through CELLS (level 6)
----------------------------------------------------
  Cell 'u_LOGIC_CENTER/CENTER1/TOTAL_DTCTL/DTCTL_L0/U77' (libcell 'CLKNAND2X1AS9') :
    input pin 'u_LOGIC_CENTER/CENTER1/TOTAL_DTCTL/DTCTL_L0/U77/I2' at logic '0'
    > output pin 'u_LOGIC_CENTER/CENTER1/TOTAL_DTCTL/DTCTL_L0/U77/O' at logic '1'

170.7.1 Forward propagation on NET pins (level 7)
----------------------------------------------------
  Propagation of logic '1' from pin 'u_LOGIC_CENTER/CENTER1/TOTAL_DTCTL/DTCTL_L0/U77/O' on net 'u_LOGIC_CENTER/CENTER1/TOTAL_DTCTL/DTCTL_L0/n49':
    > pin 'u_LOGIC_CENTER/CENTER1/TOTAL_DTCTL/DTCTL_L0/PLACE_FE_RC_19_0/A1' at logic '1'

170.7.2 Forward propagation through CELLS (level 7)
----------------------------------------------------

170.6.2 Forward propagation through CELLS (level 6)
----------------------------------------------------
  Cell 'u_LOGIC_CENTER/CENTER1/TOTAL_DTCTL/DTCTL_L0/U78' (libcell 'NAND2X1AS9') :
    input pin 'u_LOGIC_CENTER/CENTER1/TOTAL_DTCTL/DTCTL_L0/U78/I2' at logic '0'
    > output pin 'u_LOGIC_CENTER/CENTER1/TOTAL_DTCTL/DTCTL_L0/U78/O' at logic '1'

170.7.1 Forward propagation on NET pins (level 7)
----------------------------------------------------
  Propagation of logic '1' from pin 'u_LOGIC_CENTER/CENTER1/TOTAL_DTCTL/DTCTL_L0/U78/O' on net 'u_LOGIC_CENTER/CENTER1/TOTAL_DTCTL/DTCTL_L0/n66':
    > pin 'u_LOGIC_CENTER/CENTER1/TOTAL_DTCTL/DTCTL_L0/U54/I1' at logic '1'

170.7.2 Forward propagation through CELLS (level 7)
----------------------------------------------------

170.6.2 Forward propagation through CELLS (level 6)
----------------------------------------------------
  Cell 'u_LOGIC_CENTER/CENTER1/TOTAL_DTCTL/DTCTL_L0/U79' (libcell 'CLKNAND2X1AS9') :
    input pin 'u_LOGIC_CENTER/CENTER1/TOTAL_DTCTL/DTCTL_L0/U79/I2' at logic '0'
    > output pin 'u_LOGIC_CENTER/CENTER1/TOTAL_DTCTL/DTCTL_L0/U79/O' at logic '1'

170.7.1 Forward propagation on NET pins (level 7)
----------------------------------------------------
  Propagation of logic '1' from pin 'u_LOGIC_CENTER/CENTER1/TOTAL_DTCTL/DTCTL_L0/U79/O' on net 'u_LOGIC_CENTER/CENTER1/TOTAL_DTCTL/DTCTL_L0/n149':
    > pin 'u_LOGIC_CENTER/CENTER1/TOTAL_DTCTL/DTCTL_L0/U182/I1' at logic '1'

170.7.2 Forward propagation through CELLS (level 7)
----------------------------------------------------

170.6.2 Forward propagation through CELLS (level 6)
----------------------------------------------------
  Cell 'u_LOGIC_CENTER/CENTER1/TOTAL_DTCTL/DTCTL_L0/U142' (libcell 'NAND2X05AS9') :
    input pin 'u_LOGIC_CENTER/CENTER1/TOTAL_DTCTL/DTCTL_L0/U142/I2' at logic '0'
    > output pin 'u_LOGIC_CENTER/CENTER1/TOTAL_DTCTL/DTCTL_L0/U142/O' at logic '1'

170.7.1 Forward propagation on NET pins (level 7)
----------------------------------------------------
  Propagation of logic '1' from pin 'u_LOGIC_CENTER/CENTER1/TOTAL_DTCTL/DTCTL_L0/U142/O' on net 'u_LOGIC_CENTER/CENTER1/TOTAL_DTCTL/DTCTL_L0/n98':
    > pin 'u_LOGIC_CENTER/CENTER1/TOTAL_DTCTL/DTCTL_L0/U146/I2' at logic '1'

170.7.2 Forward propagation through CELLS (level 7)
----------------------------------------------------

170.6.2 Forward propagation through CELLS (level 6)
----------------------------------------------------
  Cell 'u_LOGIC_CENTER/CENTER1/TOTAL_DTCTL/DTCTL_L0/U154' (libcell 'NAND2X05AS9') :
    input pin 'u_LOGIC_CENTER/CENTER1/TOTAL_DTCTL/DTCTL_L0/U154/I2' at logic '0'
    > output pin 'u_LOGIC_CENTER/CENTER1/TOTAL_DTCTL/DTCTL_L0/U154/O' at logic '1'

170.7.1 Forward propagation on NET pins (level 7)
----------------------------------------------------
  Propagation of logic '1' from pin 'u_LOGIC_CENTER/CENTER1/TOTAL_DTCTL/DTCTL_L0/U154/O' on net 'u_LOGIC_CENTER/CENTER1/TOTAL_DTCTL/DTCTL_L0/n112':
    > pin 'u_LOGIC_CENTER/CENTER1/TOTAL_DTCTL/DTCTL_L0/U160/I2' at logic '1'

170.7.2 Forward propagation through CELLS (level 7)
----------------------------------------------------

170.6.2 Forward propagation through CELLS (level 6)
----------------------------------------------------

170.4.2 Forward propagation through CELLS (level 4)
----------------------------------------------------
  Cell 'u_LOGIC_CENTER/CENTER1/TOTAL_DTCTL/DTCTL_L0/U115' (libcell 'NOR2X05AS9') :
    input pin 'u_LOGIC_CENTER/CENTER1/TOTAL_DTCTL/DTCTL_L0/U115/I1' at logic '1'
    > output pin 'u_LOGIC_CENTER/CENTER1/TOTAL_DTCTL/DTCTL_L0/U115/O' at logic '0'

170.5.1 Forward propagation on NET pins (level 5)
----------------------------------------------------
  Propagation of logic '0' from pin 'u_LOGIC_CENTER/CENTER1/TOTAL_DTCTL/DTCTL_L0/U115/O' on net 'u_LOGIC_CENTER/CENTER1/TOTAL_DTCTL/DTCTL_L0/n145':
    > pin 'u_LOGIC_CENTER/CENTER1/TOTAL_DTCTL/DTCTL_L0/PLACE_FE_OFC430_n145/I' at logic '0'

170.5.2 Forward propagation through CELLS (level 5)
----------------------------------------------------
  Cell 'u_LOGIC_CENTER/CENTER1/TOTAL_DTCTL/DTCTL_L0/PLACE_FE_OFC430_n145' (libcell 'CLKBUFX1AS9') :
    input pin 'u_LOGIC_CENTER/CENTER1/TOTAL_DTCTL/DTCTL_L0/PLACE_FE_OFC430_n145/I' at logic '0'
    > output pin 'u_LOGIC_CENTER/CENTER1/TOTAL_DTCTL/DTCTL_L0/PLACE_FE_OFC430_n145/O' at logic '0'

170.6.1 Forward propagation on NET pins (level 6)
----------------------------------------------------
  Propagation of logic '0' from pin 'u_LOGIC_CENTER/CENTER1/TOTAL_DTCTL/DTCTL_L0/PLACE_FE_OFC430_n145/O' on net 'u_LOGIC_CENTER/CENTER1/TOTAL_DTCTL/DTCTL_L0/FE_OFN412_n145':
    > pin 'u_LOGIC_CENTER/CENTER1/TOTAL_DTCTL/DTCTL_L0/U116/I2' at logic '0'
    > pin 'u_LOGIC_CENTER/CENTER1/TOTAL_DTCTL/DTCTL_L0/U120/I2' at logic '0'
    > pin 'u_LOGIC_CENTER/CENTER1/TOTAL_DTCTL/DTCTL_L0/U132/A1' at logic '0'
    > pin 'u_LOGIC_CENTER/CENTER1/TOTAL_DTCTL/DTCTL_L0/U145/I2' at logic '0'
    > pin 'u_LOGIC_CENTER/CENTER1/TOTAL_DTCTL/DTCTL_L0/U158/I2' at logic '0'
    > pin 'u_LOGIC_CENTER/CENTER1/TOTAL_DTCTL/DTCTL_L0/U165/I2' at logic '0'
    > pin 'u_LOGIC_CENTER/CENTER1/TOTAL_DTCTL/DTCTL_L0/U170/I2' at logic '0'
    > pin 'u_LOGIC_CENTER/CENTER1/TOTAL_DTCTL/DTCTL_L0/U172/I2' at logic '0'
    > pin 'u_LOGIC_CENTER/CENTER1/TOTAL_DTCTL/DTCTL_L0/U180/I2' at logic '0'

170.6.2 Forward propagation through CELLS (level 6)
----------------------------------------------------
  Cell 'u_LOGIC_CENTER/CENTER1/TOTAL_DTCTL/DTCTL_L0/U116' (libcell 'NAND2X05AS9') :
    input pin 'u_LOGIC_CENTER/CENTER1/TOTAL_DTCTL/DTCTL_L0/U116/I2' at logic '0'
    > output pin 'u_LOGIC_CENTER/CENTER1/TOTAL_DTCTL/DTCTL_L0/U116/O' at logic '1'

170.7.1 Forward propagation on NET pins (level 7)
----------------------------------------------------
  Propagation of logic '1' from pin 'u_LOGIC_CENTER/CENTER1/TOTAL_DTCTL/DTCTL_L0/U116/O' on net 'u_LOGIC_CENTER/CENTER1/TOTAL_DTCTL/DTCTL_L0/n57':
    > pin 'u_LOGIC_CENTER/CENTER1/TOTAL_DTCTL/DTCTL_L0/U117/B1' at logic '1'

170.7.2 Forward propagation through CELLS (level 7)
----------------------------------------------------

170.6.2 Forward propagation through CELLS (level 6)
----------------------------------------------------
  Cell 'u_LOGIC_CENTER/CENTER1/TOTAL_DTCTL/DTCTL_L0/U120' (libcell 'NAND2X05AS9') :
    input pin 'u_LOGIC_CENTER/CENTER1/TOTAL_DTCTL/DTCTL_L0/U120/I2' at logic '0'
    > output pin 'u_LOGIC_CENTER/CENTER1/TOTAL_DTCTL/DTCTL_L0/U120/O' at logic '1'

170.7.1 Forward propagation on NET pins (level 7)
----------------------------------------------------
  Propagation of logic '1' from pin 'u_LOGIC_CENTER/CENTER1/TOTAL_DTCTL/DTCTL_L0/U120/O' on net 'u_LOGIC_CENTER/CENTER1/TOTAL_DTCTL/DTCTL_L0/n64':
    > pin 'u_LOGIC_CENTER/CENTER1/TOTAL_DTCTL/DTCTL_L0/U27/I1' at logic '1'

170.7.2 Forward propagation through CELLS (level 7)
----------------------------------------------------

170.6.2 Forward propagation through CELLS (level 6)
----------------------------------------------------

170.6.2 Forward propagation through CELLS (level 6)
----------------------------------------------------
  Cell 'u_LOGIC_CENTER/CENTER1/TOTAL_DTCTL/DTCTL_L0/U145' (libcell 'NAND2X05AS9') :
    input pin 'u_LOGIC_CENTER/CENTER1/TOTAL_DTCTL/DTCTL_L0/U145/I2' at logic '0'
    > output pin 'u_LOGIC_CENTER/CENTER1/TOTAL_DTCTL/DTCTL_L0/U145/O' at logic '1'

170.7.1 Forward propagation on NET pins (level 7)
----------------------------------------------------
  Propagation of logic '1' from pin 'u_LOGIC_CENTER/CENTER1/TOTAL_DTCTL/DTCTL_L0/U145/O' on net 'u_LOGIC_CENTER/CENTER1/TOTAL_DTCTL/DTCTL_L0/n95':
    > pin 'u_LOGIC_CENTER/CENTER1/TOTAL_DTCTL/DTCTL_L0/U146/I4' at logic '1'

170.7.2 Forward propagation through CELLS (level 7)
----------------------------------------------------

170.6.2 Forward propagation through CELLS (level 6)
----------------------------------------------------
  Cell 'u_LOGIC_CENTER/CENTER1/TOTAL_DTCTL/DTCTL_L0/U158' (libcell 'NAND2X05AS9') :
    input pin 'u_LOGIC_CENTER/CENTER1/TOTAL_DTCTL/DTCTL_L0/U158/I2' at logic '0'
    > output pin 'u_LOGIC_CENTER/CENTER1/TOTAL_DTCTL/DTCTL_L0/U158/O' at logic '1'

170.7.1 Forward propagation on NET pins (level 7)
----------------------------------------------------
  Propagation of logic '1' from pin 'u_LOGIC_CENTER/CENTER1/TOTAL_DTCTL/DTCTL_L0/U158/O' on net 'u_LOGIC_CENTER/CENTER1/TOTAL_DTCTL/DTCTL_L0/n110':
    > pin 'u_LOGIC_CENTER/CENTER1/TOTAL_DTCTL/DTCTL_L0/U160/I3' at logic '1'

170.7.2 Forward propagation through CELLS (level 7)
----------------------------------------------------

170.6.2 Forward propagation through CELLS (level 6)
----------------------------------------------------
  Cell 'u_LOGIC_CENTER/CENTER1/TOTAL_DTCTL/DTCTL_L0/U165' (libcell 'NAND2X05AS9') :
    input pin 'u_LOGIC_CENTER/CENTER1/TOTAL_DTCTL/DTCTL_L0/U165/I2' at logic '0'
    > output pin 'u_LOGIC_CENTER/CENTER1/TOTAL_DTCTL/DTCTL_L0/U165/O' at logic '1'

170.7.1 Forward propagation on NET pins (level 7)
----------------------------------------------------
  Propagation of logic '1' from pin 'u_LOGIC_CENTER/CENTER1/TOTAL_DTCTL/DTCTL_L0/U165/O' on net 'u_LOGIC_CENTER/CENTER1/TOTAL_DTCTL/DTCTL_L0/n120':
    > pin 'u_LOGIC_CENTER/CENTER1/TOTAL_DTCTL/DTCTL_L0/U167/I1' at logic '1'

170.7.2 Forward propagation through CELLS (level 7)
----------------------------------------------------

170.6.2 Forward propagation through CELLS (level 6)
----------------------------------------------------
  Cell 'u_LOGIC_CENTER/CENTER1/TOTAL_DTCTL/DTCTL_L0/U170' (libcell 'NAND2X05AS9') :
    input pin 'u_LOGIC_CENTER/CENTER1/TOTAL_DTCTL/DTCTL_L0/U170/I2' at logic '0'
    > output pin 'u_LOGIC_CENTER/CENTER1/TOTAL_DTCTL/DTCTL_L0/U170/O' at logic '1'

170.7.1 Forward propagation on NET pins (level 7)
----------------------------------------------------
  Propagation of logic '1' from pin 'u_LOGIC_CENTER/CENTER1/TOTAL_DTCTL/DTCTL_L0/U170/O' on net 'u_LOGIC_CENTER/CENTER1/TOTAL_DTCTL/DTCTL_L0/n126':
    > pin 'u_LOGIC_CENTER/CENTER1/TOTAL_DTCTL/DTCTL_L0/U71/I2' at logic '1'

170.7.2 Forward propagation through CELLS (level 7)
----------------------------------------------------

170.6.2 Forward propagation through CELLS (level 6)
----------------------------------------------------
  Cell 'u_LOGIC_CENTER/CENTER1/TOTAL_DTCTL/DTCTL_L0/U172' (libcell 'NAND2X05AS9') :
    input pin 'u_LOGIC_CENTER/CENTER1/TOTAL_DTCTL/DTCTL_L0/U172/I2' at logic '0'
    > output pin 'u_LOGIC_CENTER/CENTER1/TOTAL_DTCTL/DTCTL_L0/U172/O' at logic '1'

170.7.1 Forward propagation on NET pins (level 7)
----------------------------------------------------
  Propagation of logic '1' from pin 'u_LOGIC_CENTER/CENTER1/TOTAL_DTCTL/DTCTL_L0/U172/O' on net 'u_LOGIC_CENTER/CENTER1/TOTAL_DTCTL/DTCTL_L0/n132':
    > pin 'u_LOGIC_CENTER/CENTER1/TOTAL_DTCTL/DTCTL_L0/U173/A1' at logic '1'

170.7.2 Forward propagation through CELLS (level 7)
----------------------------------------------------
  Cell 'u_LOGIC_CENTER/CENTER1/TOTAL_DTCTL/DTCTL_L0/U173' (libcell 'OAI12B2X1AS9') :
    input pin 'u_LOGIC_CENTER/CENTER1/TOTAL_DTCTL/DTCTL_L0/U173/B2B' at logic '0'
    input pin 'u_LOGIC_CENTER/CENTER1/TOTAL_DTCTL/DTCTL_L0/U173/A1' at logic '1'
    > output pin 'u_LOGIC_CENTER/CENTER1/TOTAL_DTCTL/DTCTL_L0/U173/O' at logic '0'

170.8.1 Forward propagation on NET pins (level 8)
----------------------------------------------------
  Propagation of logic '0' from pin 'u_LOGIC_CENTER/CENTER1/TOTAL_DTCTL/DTCTL_L0/U173/O' on net 'u_LOGIC_CENTER/CENTER1/TOTAL_DTCTL/DTCTL_L0/n135':
    > pin 'u_LOGIC_CENTER/CENTER1/TOTAL_DTCTL/DTCTL_L0/U34/I1' at logic '0'

170.8.2 Forward propagation through CELLS (level 8)
----------------------------------------------------

170.6.2 Forward propagation through CELLS (level 6)
----------------------------------------------------
  Cell 'u_LOGIC_CENTER/CENTER1/TOTAL_DTCTL/DTCTL_L0/U180' (libcell 'NAND2X05AS9') :
    input pin 'u_LOGIC_CENTER/CENTER1/TOTAL_DTCTL/DTCTL_L0/U180/I2' at logic '0'
    > output pin 'u_LOGIC_CENTER/CENTER1/TOTAL_DTCTL/DTCTL_L0/U180/O' at logic '1'

170.7.1 Forward propagation on NET pins (level 7)
----------------------------------------------------
  Propagation of logic '1' from pin 'u_LOGIC_CENTER/CENTER1/TOTAL_DTCTL/DTCTL_L0/U180/O' on net 'u_LOGIC_CENTER/CENTER1/TOTAL_DTCTL/DTCTL_L0/n146':
    > pin 'u_LOGIC_CENTER/CENTER1/TOTAL_DTCTL/DTCTL_L0/U181/I2' at logic '1'

170.7.2 Forward propagation through CELLS (level 7)
----------------------------------------------------

170.4.2 Forward propagation through CELLS (level 4)
----------------------------------------------------
  Cell 'u_LOGIC_CENTER/CENTER1/TOTAL_DTCTL/DTCTL_L0/U196' (libcell 'NOR2X1AS9') :
    input pin 'u_LOGIC_CENTER/CENTER1/TOTAL_DTCTL/DTCTL_L0/U196/I2' at logic '1'
    > output pin 'u_LOGIC_CENTER/CENTER1/TOTAL_DTCTL/DTCTL_L0/U196/O' at logic '0'

170.5.1 Forward propagation on NET pins (level 5)
----------------------------------------------------
  Propagation of logic '0' from pin 'u_LOGIC_CENTER/CENTER1/TOTAL_DTCTL/DTCTL_L0/U196/O' on net 'u_LOGIC_CENTER/CENTER1/TOTAL_DTCTL/DTCTL_L0/n248':
    > pin 'u_LOGIC_CENTER/CENTER1/TOTAL_DTCTL/DTCTL_L0/U296/A1' at logic '0'
    > pin 'u_LOGIC_CENTER/CENTER1/TOTAL_DTCTL/DTCTL_L0/U299/I2' at logic '0'
    > pin 'u_LOGIC_CENTER/CENTER1/TOTAL_DTCTL/DTCTL_L0/U197/I2' at logic '0'

170.5.2 Forward propagation through CELLS (level 5)
----------------------------------------------------

170.5.2 Forward propagation through CELLS (level 5)
----------------------------------------------------

170.5.2 Forward propagation through CELLS (level 5)
----------------------------------------------------

170.4.2 Forward propagation through CELLS (level 4)
----------------------------------------------------

170.4.2 Forward propagation through CELLS (level 4)
----------------------------------------------------
  Cell 'u_LOGIC_CENTER/CENTER1/TOTAL_DTCTL/DTCTL_L1/U54' (libcell 'NOR2X05AS9') :
    input pin 'u_LOGIC_CENTER/CENTER1/TOTAL_DTCTL/DTCTL_L1/U54/I2' at logic '1'
    > output pin 'u_LOGIC_CENTER/CENTER1/TOTAL_DTCTL/DTCTL_L1/U54/O' at logic '0'

170.5.1 Forward propagation on NET pins (level 5)
----------------------------------------------------
  Propagation of logic '0' from pin 'u_LOGIC_CENTER/CENTER1/TOTAL_DTCTL/DTCTL_L1/U54/O' on net 'u_LOGIC_CENTER/CENTER1/TOTAL_DTCTL/DTCTL_L1/n227':
    > pin 'u_LOGIC_CENTER/CENTER1/TOTAL_DTCTL/DTCTL_L1/U59/A1' at logic '0'
    > pin 'u_LOGIC_CENTER/CENTER1/TOTAL_DTCTL/DTCTL_L1/U85/I' at logic '0'
    > pin 'u_LOGIC_CENTER/CENTER1/TOTAL_DTCTL/DTCTL_L1/U238/B1' at logic '0'

170.5.2 Forward propagation through CELLS (level 5)
----------------------------------------------------

170.5.2 Forward propagation through CELLS (level 5)
----------------------------------------------------
  Cell 'u_LOGIC_CENTER/CENTER1/TOTAL_DTCTL/DTCTL_L1/U85' (libcell 'INVX03AS9') :
    input pin 'u_LOGIC_CENTER/CENTER1/TOTAL_DTCTL/DTCTL_L1/U85/I' at logic '0'
    > output pin 'u_LOGIC_CENTER/CENTER1/TOTAL_DTCTL/DTCTL_L1/U85/O' at logic '1'

170.6.1 Forward propagation on NET pins (level 6)
----------------------------------------------------
  Propagation of logic '1' from pin 'u_LOGIC_CENTER/CENTER1/TOTAL_DTCTL/DTCTL_L1/U85/O' on net 'u_LOGIC_CENTER/CENTER1/TOTAL_DTCTL/DTCTL_L1/n39':
    > pin 'u_LOGIC_CENTER/CENTER1/TOTAL_DTCTL/DTCTL_L1/U86/I1' at logic '1'

170.6.2 Forward propagation through CELLS (level 6)
----------------------------------------------------

170.5.2 Forward propagation through CELLS (level 5)
----------------------------------------------------

170.4.2 Forward propagation through CELLS (level 4)
----------------------------------------------------

170.4.2 Forward propagation through CELLS (level 4)
----------------------------------------------------
  Cell 'u_LOGIC_CENTER/CENTER1/TOTAL_DTCTL/DTCTL_L1/U68' (libcell 'CLKOR2X1AS9') :
    input pin 'u_LOGIC_CENTER/CENTER1/TOTAL_DTCTL/DTCTL_L1/U68/I1' at logic '1'
    > output pin 'u_LOGIC_CENTER/CENTER1/TOTAL_DTCTL/DTCTL_L1/U68/O' at logic '1'

170.5.1 Forward propagation on NET pins (level 5)
----------------------------------------------------
  Propagation of logic '1' from pin 'u_LOGIC_CENTER/CENTER1/TOTAL_DTCTL/DTCTL_L1/U68/O' on net 'u_LOGIC_CENTER/CENTER1/TOTAL_DTCTL/DTCTL_L1/n52':
    > pin 'u_LOGIC_CENTER/CENTER1/TOTAL_DTCTL/DTCTL_L1/U69/I2' at logic '1'
    > pin 'u_LOGIC_CENTER/CENTER1/TOTAL_DTCTL/DTCTL_L1/U100/I2' at logic '1'

170.5.2 Forward propagation through CELLS (level 5)
----------------------------------------------------

170.5.2 Forward propagation through CELLS (level 5)
----------------------------------------------------

170.4.2 Forward propagation through CELLS (level 4)
----------------------------------------------------
  Cell 'u_LOGIC_CENTER/CENTER1/TOTAL_DTCTL/DTCTL_L1/U83' (libcell 'NOR2X05AS9') :
    input pin 'u_LOGIC_CENTER/CENTER1/TOTAL_DTCTL/DTCTL_L1/U83/I2' at logic '1'
    > output pin 'u_LOGIC_CENTER/CENTER1/TOTAL_DTCTL/DTCTL_L1/U83/O' at logic '0'

170.5.1 Forward propagation on NET pins (level 5)
----------------------------------------------------
  Propagation of logic '0' from pin 'u_LOGIC_CENTER/CENTER1/TOTAL_DTCTL/DTCTL_L1/U83/O' on net 'u_LOGIC_CENTER/CENTER1/TOTAL_DTCTL/DTCTL_L1/n73':
    > pin 'u_LOGIC_CENTER/CENTER1/TOTAL_DTCTL/DTCTL_L1/PLACE_FE_OFC435_n73/I' at logic '0'

170.5.2 Forward propagation through CELLS (level 5)
----------------------------------------------------
  Cell 'u_LOGIC_CENTER/CENTER1/TOTAL_DTCTL/DTCTL_L1/PLACE_FE_OFC435_n73' (libcell 'CLKBUFX1AS9') :
    input pin 'u_LOGIC_CENTER/CENTER1/TOTAL_DTCTL/DTCTL_L1/PLACE_FE_OFC435_n73/I' at logic '0'
    > output pin 'u_LOGIC_CENTER/CENTER1/TOTAL_DTCTL/DTCTL_L1/PLACE_FE_OFC435_n73/O' at logic '0'

170.6.1 Forward propagation on NET pins (level 6)
----------------------------------------------------
  Propagation of logic '0' from pin 'u_LOGIC_CENTER/CENTER1/TOTAL_DTCTL/DTCTL_L1/PLACE_FE_OFC435_n73/O' on net 'u_LOGIC_CENTER/CENTER1/TOTAL_DTCTL/DTCTL_L1/FE_OFN417_n73':
    > pin 'u_LOGIC_CENTER/CENTER1/TOTAL_DTCTL/DTCTL_L1/U88/I2' at logic '0'
    > pin 'u_LOGIC_CENTER/CENTER1/TOTAL_DTCTL/DTCTL_L1/U97/B2' at logic '0'
    > pin 'u_LOGIC_CENTER/CENTER1/TOTAL_DTCTL/DTCTL_L1/U5/B2' at logic '0'
    > pin 'u_LOGIC_CENTER/CENTER1/TOTAL_DTCTL/DTCTL_L1/U6/B2' at logic '0'
    > pin 'u_LOGIC_CENTER/CENTER1/TOTAL_DTCTL/DTCTL_L1/U8/A1' at logic '0'
    > pin 'u_LOGIC_CENTER/CENTER1/TOTAL_DTCTL/DTCTL_L1/U102/B2' at logic '0'
    > pin 'u_LOGIC_CENTER/CENTER1/TOTAL_DTCTL/DTCTL_L1/U108/B2' at logic '0'
    > pin 'u_LOGIC_CENTER/CENTER1/TOTAL_DTCTL/DTCTL_L1/U36/B2' at logic '0'

170.6.2 Forward propagation through CELLS (level 6)
----------------------------------------------------
  Cell 'u_LOGIC_CENTER/CENTER1/TOTAL_DTCTL/DTCTL_L1/U88' (libcell 'NAND2X05AS9') :
    input pin 'u_LOGIC_CENTER/CENTER1/TOTAL_DTCTL/DTCTL_L1/U88/I2' at logic '0'
    > output pin 'u_LOGIC_CENTER/CENTER1/TOTAL_DTCTL/DTCTL_L1/U88/O' at logic '1'

170.7.1 Forward propagation on NET pins (level 7)
----------------------------------------------------
  Propagation of logic '1' from pin 'u_LOGIC_CENTER/CENTER1/TOTAL_DTCTL/DTCTL_L1/U88/O' on net 'u_LOGIC_CENTER/CENTER1/TOTAL_DTCTL/DTCTL_L1/n40':
    > pin 'u_LOGIC_CENTER/CENTER1/TOTAL_DTCTL/DTCTL_L1/U89/I2' at logic '1'

170.7.2 Forward propagation through CELLS (level 7)
----------------------------------------------------

170.6.2 Forward propagation through CELLS (level 6)
----------------------------------------------------

170.6.2 Forward propagation through CELLS (level 6)
----------------------------------------------------

170.6.2 Forward propagation through CELLS (level 6)
----------------------------------------------------

170.6.2 Forward propagation through CELLS (level 6)
----------------------------------------------------

170.6.2 Forward propagation through CELLS (level 6)
----------------------------------------------------

170.6.2 Forward propagation through CELLS (level 6)
----------------------------------------------------

170.6.2 Forward propagation through CELLS (level 6)
----------------------------------------------------

170.4.2 Forward propagation through CELLS (level 4)
----------------------------------------------------

170.4.2 Forward propagation through CELLS (level 4)
----------------------------------------------------

170.4.2 Forward propagation through CELLS (level 4)
----------------------------------------------------

170.4.2 Forward propagation through CELLS (level 4)
----------------------------------------------------

170.4.2 Forward propagation through CELLS (level 4)
----------------------------------------------------

170.4.2 Forward propagation through CELLS (level 4)
----------------------------------------------------

170.4.2 Forward propagation through CELLS (level 4)
----------------------------------------------------

170.4.2 Forward propagation through CELLS (level 4)
----------------------------------------------------

170.3.2 Forward propagation through CELLS (level 3)
----------------------------------------------------
  Cell 'u_LOGIC_CENTER/CENTER1/DRD_OD/PLACE_FE_OFC229_N_5__IOBUF' (libcell 'CLKINVX1AS9') :
    input pin 'u_LOGIC_CENTER/CENTER1/DRD_OD/PLACE_FE_OFC229_N_5__IOBUF/I' at logic '0'
    > output pin 'u_LOGIC_CENTER/CENTER1/DRD_OD/PLACE_FE_OFC229_N_5__IOBUF/O' at logic '1'

170.4.1 Forward propagation on NET pins (level 4)
----------------------------------------------------
  Propagation of logic '1' from pin 'u_LOGIC_CENTER/CENTER1/DRD_OD/PLACE_FE_OFC229_N_5__IOBUF/O' on net 'u_LOGIC_CENTER/CENTER1/DRD_OD/FE_OFN208_N_5__IOBUF':
    > pin 'u_LOGIC_CENTER/CENTER1/DRD_OD/U283/B2B' at logic '1'
    > pin 'u_LOGIC_CENTER/CENTER1/DRD_OD/U287/B2B' at logic '1'
    > pin 'u_LOGIC_CENTER/CENTER1/DRD_OD/U291/B2B' at logic '1'
    > pin 'u_LOGIC_CENTER/CENTER1/DRD_OD/U297/B2B' at logic '1'
    > pin 'u_LOGIC_CENTER/CENTER1/DRD_OD/U306/B2B' at logic '1'
    > pin 'u_LOGIC_CENTER/CENTER1/DRD_OD/U307/B2B' at logic '1'
    > pin 'u_LOGIC_CENTER/CENTER1/DRD_OD/U337/B2B' at logic '1'
    > pin 'u_LOGIC_CENTER/CENTER1/DRD_OD/U339/B2B' at logic '1'
    > pin 'u_LOGIC_CENTER/CENTER1/DRD_OD/U341/B2B' at logic '1'

170.4.2 Forward propagation through CELLS (level 4)
----------------------------------------------------

170.4.2 Forward propagation through CELLS (level 4)
----------------------------------------------------

170.4.2 Forward propagation through CELLS (level 4)
----------------------------------------------------

170.4.2 Forward propagation through CELLS (level 4)
----------------------------------------------------

170.4.2 Forward propagation through CELLS (level 4)
----------------------------------------------------

170.4.2 Forward propagation through CELLS (level 4)
----------------------------------------------------

170.4.2 Forward propagation through CELLS (level 4)
----------------------------------------------------

170.4.2 Forward propagation through CELLS (level 4)
----------------------------------------------------

170.4.2 Forward propagation through CELLS (level 4)
----------------------------------------------------

170.2.2 Forward propagation through CELLS (level 2)
----------------------------------------------------

170.2.2 Forward propagation through CELLS (level 2)
----------------------------------------------------
  Cell 'u_LOGIC_CENTER/LINK_LOGIC/CSPI_CMD_ALIGN_L1/iSP_UTC_DET_L1/U59' (libcell 'NOR2X05AS9') :
    input pin 'u_LOGIC_CENTER/LINK_LOGIC/CSPI_CMD_ALIGN_L1/iSP_UTC_DET_L1/U59/I1' at logic '1'
    > output pin 'u_LOGIC_CENTER/LINK_LOGIC/CSPI_CMD_ALIGN_L1/iSP_UTC_DET_L1/U59/O' at logic '0'

170.3.1 Forward propagation on NET pins (level 3)
----------------------------------------------------
  Propagation of logic '0' from pin 'u_LOGIC_CENTER/LINK_LOGIC/CSPI_CMD_ALIGN_L1/iSP_UTC_DET_L1/U59/O' on net 'u_LOGIC_CENTER/LINK_LOGIC/CSPI_CMD_ALIGN_L1/iSP_UTC_DET_L1/n74':
    > pin 'u_LOGIC_CENTER/LINK_LOGIC/CSPI_CMD_ALIGN_L1/iSP_UTC_DET_L1/PLACE_FE_OFC407_n74/I' at logic '0'

170.3.2 Forward propagation through CELLS (level 3)
----------------------------------------------------
  Cell 'u_LOGIC_CENTER/LINK_LOGIC/CSPI_CMD_ALIGN_L1/iSP_UTC_DET_L1/PLACE_FE_OFC407_n74' (libcell 'CLKBUFX1AS9') :
    input pin 'u_LOGIC_CENTER/LINK_LOGIC/CSPI_CMD_ALIGN_L1/iSP_UTC_DET_L1/PLACE_FE_OFC407_n74/I' at logic '0'
    > output pin 'u_LOGIC_CENTER/LINK_LOGIC/CSPI_CMD_ALIGN_L1/iSP_UTC_DET_L1/PLACE_FE_OFC407_n74/O' at logic '0'

170.4.1 Forward propagation on NET pins (level 4)
----------------------------------------------------
  Propagation of logic '0' from pin 'u_LOGIC_CENTER/LINK_LOGIC/CSPI_CMD_ALIGN_L1/iSP_UTC_DET_L1/PLACE_FE_OFC407_n74/O' on net 'u_LOGIC_CENTER/LINK_LOGIC/CSPI_CMD_ALIGN_L1/iSP_UTC_DET_L1/FE_OFN388_n74':
    > pin 'u_LOGIC_CENTER/LINK_LOGIC/CSPI_CMD_ALIGN_L1/iSP_UTC_DET_L1/U81/B2' at logic '0'
    > pin 'u_LOGIC_CENTER/LINK_LOGIC/CSPI_CMD_ALIGN_L1/iSP_UTC_DET_L1/U85/C1' at logic '0'
    > pin 'u_LOGIC_CENTER/LINK_LOGIC/CSPI_CMD_ALIGN_L1/iSP_UTC_DET_L1/U89/A1' at logic '0'
    > pin 'u_LOGIC_CENTER/LINK_LOGIC/CSPI_CMD_ALIGN_L1/iSP_UTC_DET_L1/U93/A1' at logic '0'
    > pin 'u_LOGIC_CENTER/LINK_LOGIC/CSPI_CMD_ALIGN_L1/iSP_UTC_DET_L1/U100/C1' at logic '0'
    > pin 'u_LOGIC_CENTER/LINK_LOGIC/CSPI_CMD_ALIGN_L1/iSP_UTC_DET_L1/U104/A1' at logic '0'
    > pin 'u_LOGIC_CENTER/LINK_LOGIC/CSPI_CMD_ALIGN_L1/iSP_UTC_DET_L1/U60/B2' at logic '0'
    > pin 'u_LOGIC_CENTER/LINK_LOGIC/CSPI_CMD_ALIGN_L1/iSP_UTC_DET_L1/U63/I1' at logic '0'
    > pin 'u_LOGIC_CENTER/LINK_LOGIC/CSPI_CMD_ALIGN_L1/iSP_UTC_DET_L1/U70/B1B' at logic '0'
    > pin 'u_LOGIC_CENTER/LINK_LOGIC/CSPI_CMD_ALIGN_L1/iSP_UTC_DET_L1/U78/A1' at logic '0'

170.4.2 Forward propagation through CELLS (level 4)
----------------------------------------------------

170.4.2 Forward propagation through CELLS (level 4)
----------------------------------------------------

170.4.2 Forward propagation through CELLS (level 4)
----------------------------------------------------

170.4.2 Forward propagation through CELLS (level 4)
----------------------------------------------------

170.4.2 Forward propagation through CELLS (level 4)
----------------------------------------------------

170.4.2 Forward propagation through CELLS (level 4)
----------------------------------------------------

170.4.2 Forward propagation through CELLS (level 4)
----------------------------------------------------

170.4.2 Forward propagation through CELLS (level 4)
----------------------------------------------------

170.4.2 Forward propagation through CELLS (level 4)
----------------------------------------------------

170.4.2 Forward propagation through CELLS (level 4)
----------------------------------------------------

170.2.2 Forward propagation through CELLS (level 2)
----------------------------------------------------

170.2.2 Forward propagation through CELLS (level 2)
----------------------------------------------------

170.2.2 Forward propagation through CELLS (level 2)
----------------------------------------------------

170.2.2 Forward propagation through CELLS (level 2)
----------------------------------------------------

170.2.2 Forward propagation through CELLS (level 2)
----------------------------------------------------

170.2.2 Forward propagation through CELLS (level 2)
----------------------------------------------------

170.2.2 Forward propagation through CELLS (level 2)
----------------------------------------------------

170.2.2 Forward propagation through CELLS (level 2)
----------------------------------------------------

170.2.2 Forward propagation through CELLS (level 2)
----------------------------------------------------

170.2.2 Forward propagation through CELLS (level 2)
----------------------------------------------------

170.2.2 Forward propagation through CELLS (level 2)
----------------------------------------------------

170.2.2 Forward propagation through CELLS (level 2)
----------------------------------------------------

170.2.2 Forward propagation through CELLS (level 2)
----------------------------------------------------

170.2.2 Forward propagation through CELLS (level 2)
----------------------------------------------------

170.2.2 Forward propagation through CELLS (level 2)
----------------------------------------------------

170.2.2 Forward propagation through CELLS (level 2)
----------------------------------------------------

170.2.2 Forward propagation through CELLS (level 2)
----------------------------------------------------

170.2.2 Forward propagation through CELLS (level 2)
----------------------------------------------------

170.2.2 Forward propagation through CELLS (level 2)
----------------------------------------------------

170.2.2 Forward propagation through CELLS (level 2)
----------------------------------------------------

170.2.2 Forward propagation through CELLS (level 2)
----------------------------------------------------

170.2.2 Forward propagation through CELLS (level 2)
----------------------------------------------------

170.2.2 Forward propagation through CELLS (level 2)
----------------------------------------------------

170.2.2 Forward propagation through CELLS (level 2)
----------------------------------------------------

170.2.2 Forward propagation through CELLS (level 2)
----------------------------------------------------

170.2.2 Forward propagation through CELLS (level 2)
----------------------------------------------------

170.2.2 Forward propagation through CELLS (level 2)
----------------------------------------------------

170.2.2 Forward propagation through CELLS (level 2)
----------------------------------------------------

171. End of Constant Propagation
-------------------------------
